date,pv
1996-01-01,1000000.0
1996-01-02,1000000.0
1996-01-03,1000000.0
1996-01-04,1000000.0
1996-01-05,1000000.0
1996-01-08,1000000.0
1996-01-09,1000000.0
1996-01-10,1000000.0
1996-01-11,1000000.0
1996-01-12,1000000.0
1996-01-15,1000000.0
1996-01-16,1000000.0
1996-01-17,999950.01998002
1996-01-18,999973.7851994408
1996-01-19,1000139.7510222669
1996-01-22,999506.2487537614
1996-01-23,999051.4313544673
1996-01-24,998653.1853931934
1996-01-25,998274.9589964979
1996-01-26,998225.0389165778
1996-01-29,997100.8432670814
1996-01-30,997355.1996547328
1996-01-31,996895.1135483246
1996-02-01,996063.398238582
1996-02-02,1000053.4459478364
1996-02-05,1014214.0616287665
1996-02-06,1013813.9223122708
1996-02-07,1009912.1007569977
1996-02-08,1026738.5305148084
1996-02-09,1052736.3833997531
1996-02-12,1053460.0949286097
1996-02-13,1059683.2822920664
1996-02-14,1077576.7589840065
1996-02-15,1077235.393640059
1996-02-16,1069185.89989679
1996-02-19,1067196.5734244578
1996-02-20,1062054.957127957
1996-02-21,1062054.957127957
1996-02-22,1071784.5591419323
1996-02-23,1073114.625030954
1996-02-26,1075236.702587428
1996-02-27,1073708.2146024497
1996-02-28,1072828.1622116636
1996-02-29,1056334.131733282
1996-03-01,1059583.2595298237
1996-03-04,1061282.455927832
1996-03-05,1061282.455927832
1996-03-06,1061506.202474109
1996-03-07,1060152.3469753833
1996-03-08,1054660.0312099296
1996-03-11,1050282.8497116973
1996-03-12,1047351.5712637324
1996-03-13,1051970.0365263023
1996-03-14,1053399.6760987171
1996-03-15,1050592.8090628176
1996-03-18,1044392.9673508704
1996-03-19,1041110.8824137888
1996-03-20,1041110.8824137888
1996-03-21,1044417.7294473443
1996-03-22,1041732.793492601
1996-03-25,1040458.9600293633
1996-03-26,1043345.5832856339
1996-03-27,1047051.1027566969
1996-03-28,1051917.4298079272
1996-03-29,1053045.6681449716
1996-04-01,1055211.8597242343
1996-04-02,1058999.3481126106
1996-04-03,1064015.1344074938
1996-04-04,1061440.7488848357
1996-04-05,1059879.106667872
1996-04-08,1066883.370285229
1996-04-09,1066844.4487268764
1996-04-10,1068505.1813134628
1996-04-11,1067386.8685897726
1996-04-12,1067081.8173809855
1996-04-15,1074160.0445590862
1996-04-16,1078978.7291706412
1996-04-17,1093586.3932084264
1996-04-18,1102824.5635496846
1996-04-19,1104346.6568624338
1996-04-22,1096187.8175966416
1996-04-23,1095128.2809251
1996-04-24,1120157.6188505578
1996-04-25,1110857.0709960042
1996-04-26,1117986.2044697918
1996-04-29,1112785.5707777338
1996-04-30,1120280.790349166
1996-05-01,1130780.7937066911
1996-05-02,1134257.702715764
1996-05-03,1137595.226333028
1996-05-06,1121079.8399955067
1996-05-07,1124162.8627401225
1996-05-08,1132966.159355273
1996-05-09,1122762.373192859
1996-05-10,1111305.2555144082
1996-05-13,1119303.5902448853
1996-05-14,1123191.0220873933
1996-05-15,1124727.6503207271
1996-05-16,1144808.5651827783
1996-05-17,1131184.0614805992
1996-05-20,1117979.1646799643
1996-05-21,1109431.1452237368
1996-05-22,1108278.3761354166
1996-05-23,1100384.4476197239
1996-05-24,1105331.0353947554
1996-05-27,1095813.3295295518
1996-05-28,1092825.603643405
1996-05-29,1108776.2152191428
1996-05-30,1107361.3174520284
1996-05-31,1106736.1897361376
1996-06-03,1110815.461082415
1996-06-04,1109821.890873248
1996-06-05,1104447.0637029933
1996-06-06,1112407.865922587
1996-06-07,1112813.4511724894
1996-06-10,1118331.637110307
1996-06-11,1122077.575249756
1996-06-12,1136734.4469907319
1996-06-13,1139740.65566872
1996-06-14,1155152.0978329624
1996-06-17,1154150.4927691058
1996-06-18,1150196.6084048473
1996-06-19,1151787.9335222375
1996-06-20,1147257.7570481403
1996-06-21,1141184.7471880883
1996-06-24,1124516.4122766373
1996-06-25,1110153.0710417388
1996-06-26,1118133.7394364423
1996-06-27,1118351.657433874
1996-06-28,1124223.0750073483
1996-07-01,1121535.3757946284
1996-07-02,1121581.7219511734
1996-07-03,1108766.3077718918
1996-07-04,1111934.3569041414
1996-07-05,1117124.482997415
1996-07-08,1122005.9941785529
1996-07-09,1118261.7856683251
1996-07-10,1115517.5822649014
1996-07-11,1116853.8402769922
1996-07-12,1113997.4767379006
1996-07-15,1112606.4263084189
1996-07-16,1095899.3174064455
1996-07-17,1101449.8661321683
1996-07-18,1104481.4533003047
1996-07-19,1110945.0254378456
1996-07-22,1114599.6215047697
1996-07-23,1112397.2672936672
1996-07-24,1088431.7650863596
1996-07-25,1081561.1771206497
1996-07-26,1073569.0970744798
1996-07-29,1060122.380514193
1996-07-30,1042381.0423561742
1996-07-31,1058494.5355214109
1996-08-01,1071216.252018882
1996-08-02,1061229.6219470312
1996-08-05,1060076.177497419
1996-08-06,1061579.4488684037
1996-08-07,1060498.1665707135
1996-08-08,1060670.035467766
1996-08-09,1059792.2400185757
1996-08-12,1054320.8952112407
1996-08-13,1048253.6682549935
1996-08-14,1047404.4124104198
1996-08-15,1047404.4124104198
1996-08-16,1039647.2729418469
1996-08-19,1030334.5534652257
1996-08-20,1028848.312835759
1996-08-21,1035446.3190568051
1996-08-22,1034215.6689798707
1996-08-23,1038885.6526562629
1996-08-26,1037578.9874399962
1996-08-27,1041908.2213136037
1996-08-28,1040567.6883973244
1996-08-29,1043984.6473041114
1996-08-30,1042949.8976232733
1996-09-02,1041924.9931506288
1996-09-03,1036565.6504657781
1996-09-04,1037492.447215862
1996-09-05,1041568.0351546884
1996-09-06,1042861.3021329055
1996-09-09,1034603.4679264071
1996-09-10,1030952.6130885485
1996-09-11,1029156.9422061285
1996-09-12,1028731.5506957279
1996-09-13,1027508.3822430836
1996-09-16,1025880.7241086003
1996-09-17,1029755.1569589912
1996-09-18,1031018.1750354855
1996-09-19,1030175.4567669213
1996-09-20,1029758.0620854651
1996-09-23,1029980.8138622404
1996-09-24,1029357.8732100807
1996-09-25,1029581.5558371455
1996-09-26,1025208.6337904013
1996-09-27,1025590.3242889781
1996-09-30,1025578.3904174261
1996-10-01,1022614.3728462104
1996-10-02,1022614.3728462104
1996-10-03,1022232.6533230712
1996-10-04,1014737.8902501169
1996-10-07,1011802.0719452127
1996-10-08,1011508.2537330817
1996-10-09,1011397.6853458969
1996-10-10,1012101.4049201861
1996-10-11,1012706.6985230515
1996-10-14,1010055.6302108252
1996-10-15,1007753.3731311768
1996-10-16,1005752.4484370411
1996-10-17,1004315.5854680764
1996-10-18,1004129.3483976556
1996-10-21,1004029.5082378155
1996-10-22,999701.6742002605
1996-10-23,1000208.6657998029
1996-10-24,997058.2211610823
1996-10-25,996990.6047194989
1996-10-28,998620.9055636997
1996-10-29,998014.6320267596
1996-10-30,998014.6320267596
1996-10-31,987158.0434487846
1996-11-01,986351.3615802237
1996-11-04,986263.5139519323
1996-11-05,987110.4081202873
1996-11-06,980796.8947111282
1996-11-07,980532.0648237009
1996-11-08,980428.3337873402
1996-11-11,971534.3863585249
1996-11-12,1303194.1308025015
1996-11-13,971258.1145177715
1996-11-14,972402.9028925244
1996-11-15,973724.7750297582
1996-11-18,974399.1142206457
1996-11-19,974459.9728419643
1996-11-20,976126.1344159179
1996-11-21,973479.304504979
1996-11-22,969154.0905057052
1996-11-25,969192.9522378495
1996-11-26,969226.4149390296
1996-11-27,965971.0962023957
1996-11-28,966754.1755265229
1996-11-29,968482.163335471
1996-12-02,967999.671896668
1996-12-03,968420.6706796886
1996-12-04,964824.731152022
1996-12-05,962881.2585383134
1996-12-06,963931.2026043825
1996-12-09,969651.1845222837
1996-12-10,973322.3480480863
1996-12-11,977951.8915867184
1996-12-12,972215.0948348606
1996-12-13,970760.3266162233
1996-12-16,976224.3859957454
1996-12-17,973020.9578419195
1996-12-18,975824.5109648901
1996-12-19,975246.9424560564
1996-12-20,977298.9910584096
1996-12-23,976917.2763005184
1996-12-24,973034.785495022
1996-12-25,973034.785495022
1996-12-26,983297.807618927
1996-12-27,983097.8875390068
1996-12-30,983097.8875390068
1996-12-31,977027.0390792359
1997-01-01,991119.3636085396
1997-01-02,988517.9639743682
1997-01-03,992265.9474010352
1997-01-06,994684.9587191922
1997-01-07,991787.1227315563
1997-01-08,1005277.5633628158
1997-01-09,1015284.8289394971
1997-01-10,1025498.4226970096
1997-01-13,1022470.1429113364
1997-01-14,1015741.9331151402
1997-01-15,1060084.6409992692
1997-01-16,1022738.9372780853
1997-01-17,1014560.2831564244
1997-01-20,996553.7526544565
1997-01-21,978687.237828148
1997-01-22,1003249.2658994956
1997-01-23,1003249.2658994956
1997-01-24,994989.2051856135
1997-01-27,1009828.3653681811
1997-01-28,1015805.9128395361
1997-01-29,1009758.2065945341
1997-01-30,1004248.0591689812
1997-01-31,990769.8773436429
1997-02-03,979510.2032796635
1997-02-04,976886.1476794048
1997-02-05,984369.0068502096
1997-02-06,980886.155235368
1997-02-07,983909.7368004681
1997-02-10,986725.4087923446
1997-02-11,999657.5873620765
1997-02-12,1008542.5947816006
1997-02-13,1016721.2165810891
1997-02-14,1015732.0025084906
1997-02-17,1020782.3491291307
1997-02-18,1018133.9621335724
1997-02-19,1020295.489255226
1997-02-20,1013209.4707169072
1997-02-21,1006183.8075550498
1997-02-24,990902.6429805728
1997-02-25,990972.1668544469
1997-02-26,998699.6888561375
1997-02-27,1011066.3860498999
1997-02-28,1052230.5435050998
1997-03-03,1151502.2761475763
1997-03-04,1154900.166838185
1997-03-05,1186856.7316856033
1997-03-06,1192375.9958872623
1997-03-07,1283285.21692355
1997-03-10,1135189.3587988135
1997-03-11,1120854.7704103447
1997-03-12,1138638.7809335468
1997-03-13,1128281.3579181824
1997-03-14,1133033.7059310046
1997-03-17,1136412.9863497042
1997-03-18,1131880.6327134087
1997-03-19,1123675.6502272047
1997-03-20,1124805.2558548322
1997-03-21,1126185.6661298473
1997-03-24,1126185.6661298473
1997-03-25,1131936.9851793344
1997-03-26,1139098.8489395257
1997-03-27,1140742.3680342531
1997-03-28,1138556.3577167026
1997-03-31,1062774.340762216
1997-04-01,1080014.5850113626
1997-04-02,1110171.2159672773
1997-04-03,1133138.7307275448
1997-04-04,1147886.8634926449
1997-04-07,1148440.230211913
1997-04-08,1148440.230211913
1997-04-09,1172383.7315941313
1997-04-10,1150422.6070946825
1997-04-11,1153345.3480216353
1997-04-14,1244201.8805359853
1997-04-15,1155446.3363212575
1997-04-16,1155446.3363212575
1997-04-17,1169405.6373801073
1997-04-18,1169405.6373801073
1997-04-21,1188728.7427203087
1997-04-22,1190079.3701281783
1997-04-23,1194818.244516417
1997-04-24,1196395.4623635942
1997-04-25,1201300.888116304
1997-04-28,1217832.239666348
1997-04-29,1214992.8979118322
1997-04-30,1236774.055288716
1997-05-01,1236774.055288716
1997-05-02,1237469.0969450804
1997-05-05,1239510.2779713732
1997-05-06,1241437.0757343238
1997-05-07,1250493.1777830299
1997-05-08,1280534.3339457628
1997-05-09,1287965.8726709455
1997-05-12,1276704.0729666548
1997-05-13,1273452.8910324546
1997-05-14,1267297.7497544992
1997-05-15,1264486.8218798803
1997-05-16,1263591.2473354542
1997-05-19,1262422.699402831
1997-05-20,1275386.1535838237
1997-05-21,1262622.2793667032
1997-05-22,1245040.1772811036
1997-05-23,1247981.7018983986
1997-05-26,1246990.7657443404
1997-05-27,1238981.9990858207
1997-05-28,1237921.5093717587
1997-05-29,1243246.1155507625
1997-05-30,1262064.2966649286
1997-06-02,1274952.8785886653
1997-06-03,1293367.0476099092
1997-06-04,1313686.2980793791
1997-06-05,1312564.7710384254
1997-06-06,1310421.2923929528
1997-06-09,1312097.297811922
1997-06-10,1327222.3532294459
1997-06-11,1343108.8997327024
1997-06-12,1346713.9573525246
1997-06-13,1336531.0939397481
1997-06-16,1318124.3757334512
1997-06-17,1335228.680285638
1997-06-18,1362536.781552728
1997-06-19,1364476.15511615
1997-06-20,1357132.2387544005
1997-06-23,1348767.152724929
1997-06-24,1341736.4197233694
1997-06-25,1356037.6370938069
1997-06-26,1363355.0861815591
1997-06-27,1357617.263673139
1997-06-30,1381604.5806317069
1997-07-01,1395295.344033899
1997-07-02,1406031.2910667649
1997-07-03,1406913.1692921817
1997-07-04,1419756.297657833
1997-07-07,1444326.0201594254
1997-07-08,1442781.9725715928
1997-07-09,1508151.4069183955
1997-07-10,1529089.3606048475
1997-07-11,1533254.8744025468
1997-07-14,1526413.8087929904
1997-07-15,1510096.0000663293
1997-07-16,1517305.5029095856
1997-07-17,1524426.6337275014
1997-07-18,1524426.6337275014
1997-07-21,1483239.4887082425
1997-07-22,1478780.8924590612
1997-07-23,1506670.338791318
1997-07-24,1499347.5502506238
1997-07-25,1480436.4752072887
1997-07-28,1476244.0188541582
1997-07-29,1480409.3097962732
1997-07-30,1488479.6154714623
1997-07-31,1508203.6352507372
1997-08-01,1539236.0079011717
1997-08-04,1578840.2114356023
1997-08-05,1598473.310737385
1997-08-06,1618209.8776342105
1997-08-07,1612852.7075335667
1997-08-08,1594764.6298011201
1997-08-11,1608994.6655707052
1997-08-12,1583707.9919302536
1997-08-13,1584404.1853720543
1997-08-14,1567897.8834082496
1997-08-15,1567897.8834082496
1997-08-18,1568835.4604444185
1997-08-19,1534038.8544382956
1997-08-20,1568063.9699359091
1997-08-21,1563618.0931740194
1997-08-22,1540976.7680130485
1997-08-25,1533715.211272742
1997-08-26,1546058.6251158114
1997-08-27,1561819.447559034
1997-08-28,1526722.2520366048
1997-08-29,1507328.5155736045
1997-09-01,1514673.836952625
1997-09-02,1532321.701731474
1997-09-03,1537784.647685895
1997-09-04,1534311.0226167697
1997-09-05,1547892.387505881
1997-09-08,1581274.8196306378
1997-09-09,1617306.2045427093
1997-09-10,1618229.165362427
1997-09-11,1594448.1983671787
1997-09-12,1595258.6335792912
1997-09-15,1583894.5439688005
1997-09-16,1590821.1307715687
1997-09-17,1579528.2289825126
1997-09-18,1540060.5034961198
1997-09-19,1561889.247712631
1997-09-22,1558846.4442419093
1997-09-23,1584305.5141206472
1997-09-24,1601548.6789513414
1997-09-25,1616743.3015693515
1997-09-26,1639049.4142061735
1997-09-29,1651645.867757189
1997-09-30,1660452.9880959475
1997-10-01,1647434.9999619096
1997-10-02,1647434.9999619096
1997-10-03,1647300.8195534332
1997-10-06,1647300.8195534332
1997-10-07,1647300.8195534332
1997-10-08,1647300.8195534332
1997-10-09,1609482.0365327543
1997-10-10,1644874.3566586415
1997-10-13,1647781.1370618702
1997-10-14,1622895.074904133
1997-10-15,1617693.292618638
1997-10-16,1605926.5329107158
1997-10-17,1613395.7455641278
1997-10-20,2060640.9073614508
1997-10-21,2078037.890554101
1997-10-22,1649949.6397255475
1997-10-23,1624447.5961742897
1997-10-24,1606204.732367206
1997-10-27,1619294.230567483
1997-10-28,1547368.0140273464
1997-10-29,1611241.7308101181
1997-10-30,1586064.2804266792
1997-10-31,1587429.57541333
1997-11-03,1576743.6255139792
1997-11-04,1577183.3585824391
1997-11-05,1515539.5863493348
1997-11-06,1503727.709961288
1997-11-07,1500682.7656113491
1997-11-10,1490426.0414477745
1997-11-11,1510421.7065479686
1997-11-12,1483888.781048817
1997-11-13,1470850.5933357328
1997-11-14,1462600.3180116818
1997-11-17,1470502.5318691714
1997-11-18,1460472.8325084862
1997-11-19,1469271.8056852466
1997-11-20,1497207.0860631745
1997-11-21,1487940.0071644986
1997-11-24,1477652.9443276564
1997-11-25,1502798.526174538
1997-11-26,1498281.5237800034
1997-11-27,1505867.3177428874
1997-11-28,1484527.6231617536
1997-12-01,1498434.1673232648
1997-12-02,1494915.6298083763
1997-12-03,1500143.3516534583
1997-12-04,1490326.4724808454
1997-12-05,1490182.239198338
1997-12-08,1476116.446496891
1997-12-09,1461409.6624952778
1997-12-10,1459503.2645753464
1997-12-11,1431278.3752625124
1997-12-12,1397868.8807095757
1997-12-15,1398672.0247892288
1997-12-16,1399910.9161691798
1997-12-17,1400091.9760674443
1997-12-18,1398842.4309783445
1997-12-19,1397631.9576713333
1997-12-22,1399350.5712044518
1997-12-23,1396941.4881592735
1997-12-24,1398527.7183066383
1997-12-25,1398527.7183066383
1997-12-26,1396151.7486442395
1997-12-29,1403161.6541576618
1997-12-30,1403482.5856297375
1997-12-31,1410193.5361380116
1998-01-01,1404745.332484775
1998-01-02,1404726.859111424
1998-01-05,1411035.475937563
1998-01-06,1401868.8161404347
1998-01-07,1409177.7452519329
1998-01-08,1400363.7780904453
1998-01-09,1389073.5831269152
1998-01-12,1377102.1598404115
1998-01-13,1375873.2349189406
1998-01-14,1379087.9837424897
1998-01-15,1375736.2443524015
1998-01-16,1378267.7146350662
1998-01-19,1380175.8810165606
1998-01-20,1377763.5476075166
1998-01-21,1379062.2588525112
1998-01-22,1374832.8800412258
1998-01-23,1371965.9148006958
1998-01-26,1371965.9148006958
1998-01-27,1372047.3868520285
1998-01-28,1369706.7787196366
1998-01-29,1368833.8541250979
1998-01-30,1366131.2362823605
1998-02-02,1366083.7603460276
1998-02-03,1366210.399453898
1998-02-04,1365308.2214144252
1998-02-05,1366328.0077427519
1998-02-06,1367250.4734985519
1998-02-09,1367490.2997405063
1998-02-10,1366783.295626779
1998-02-11,1365838.076293527
1998-02-12,1366659.510681838
1998-02-13,1367477.5039047415
1998-02-16,1367477.5039047415
1998-02-17,1367204.2779108211
1998-02-18,1368894.0806876493
1998-02-19,1368497.5924646899
1998-02-20,1367633.3247248584
1998-02-23,1372388.8283987895
1998-02-24,1373279.7884713148
1998-02-25,1380374.0650251687
1998-02-26,1378930.890481926
1998-02-27,1383080.568483785
1998-03-02,1395192.0895172015
1998-03-03,1385961.483468283
1998-03-04,1398480.9146334373
1998-03-05,1393718.8177280976
1998-03-06,1392741.4185579068
1998-03-09,1398240.0900972306
1998-03-10,1395101.3875875003
1998-03-11,1393721.4969268844
1998-03-12,1399684.304533637
1998-03-13,1400244.7837715393
1998-03-16,1410133.6362448581
1998-03-17,1409381.2659750436
1998-03-18,1428544.1721670292
1998-03-19,1440859.940607183
1998-03-20,1449280.4683090171
1998-03-23,1454680.201549976
1998-03-24,1448079.234547251
1998-03-25,1462735.4957633298
1998-03-26,1443549.150247886
1998-03-27,1455140.0940177273
1998-03-30,1446030.3335795493
1998-03-31,1448996.6332151876
1998-04-01,1501039.994173096
1998-04-02,1504610.3334357785
1998-04-03,1510874.5662212127
1998-04-06,1539754.0698172932
1998-04-07,1544489.2515847213
1998-04-08,1544489.2515847213
1998-04-09,1608618.1465539963
1998-04-10,1603490.7971475723
1998-04-13,1567515.9849572966
1998-04-14,1567515.9849572966
1998-04-15,1639002.4959517273
1998-04-16,1650780.1927068573
1998-04-17,1675873.1025878612
1998-04-20,1675410.8015550736
1998-04-21,1688041.8684261716
1998-04-22,1693550.072696713
1998-04-23,1668548.7996791955
1998-04-24,1649069.0039264709
1998-04-27,1637707.787299263
1998-04-28,1624060.5996632683
1998-04-29,1641495.2243329522
1998-04-30,1658939.1199183997
1998-05-01,1658117.459030176
1998-05-04,1696949.8546125544
1998-05-05,1690902.7292193205
1998-05-06,1683179.295656541
1998-05-07,1683179.295656541
1998-05-08,1672455.4321493295
1998-05-11,1676360.645479576
1998-05-12,1650858.7553178628
1998-05-13,1607320.9836725667
1998-05-14,1660613.9991686398
1998-05-15,1661130.0161288318
1998-05-18,1702022.0273880162
1998-05-19,1726782.3465858279
1998-05-20,1784253.6976722442
1998-05-21,1746649.6539848913
1998-05-22,1753664.8849247796
1998-05-25,1761517.5079984972
1998-05-26,1757982.9184372998
1998-05-27,1798863.48898424
1998-05-28,1803023.5883412187
1998-05-29,1773302.5897793656
1998-06-01,1787976.2893900324
1998-06-02,1745488.413286435
1998-06-03,1763099.439782305
1998-06-04,1759041.4936185386
1998-06-05,1689778.6782121784
1998-06-08,1641368.3263044038
1998-06-09,1688149.6599236
1998-06-10,1656846.6022001922
1998-06-11,1652877.3442011639
1998-06-12,1670858.789650508
1998-06-15,1624342.420194789
1998-06-16,1605481.515395488
1998-06-17,1662139.844953332
1998-06-18,1642222.8823959646
1998-06-19,1606734.868836009
1998-06-22,1575262.5719335536
1998-06-23,1564201.767538942
1998-06-24,1594360.4242818768
1998-06-25,1611003.0782188526
1998-06-26,1609544.8817336203
1998-06-29,1648129.192354499
1998-06-30,1642804.8740153052
1998-07-01,1653030.1218647948
1998-07-02,1642187.5692251541
1998-07-03,1623672.7827299414
1998-07-06,1651593.8396510629
1998-07-07,1658605.503194581
1998-07-08,1657543.2647148871
1998-07-09,1646839.703222562
1998-07-10,1655764.9394982434
1998-07-13,1653863.7244203873
1998-07-14,1655469.5244039842
1998-07-15,1664547.5843250698
1998-07-16,1692897.716884247
1998-07-17,1681226.4183511524
1998-07-20,1668242.2209465709
1998-07-21,1662623.0787009383
1998-07-22,1659212.4341417362
1998-07-23,1638815.431272481
1998-07-24,1635035.4542755887
1998-07-27,1644737.9669823898
1998-07-28,1685025.3436907502
1998-07-29,1715433.3395939856
1998-07-30,1723853.4338704397
1998-07-31,1734430.806268521
1998-08-03,1719228.7880851133
1998-08-04,1689601.2858209983
1998-08-05,1704863.700726736
1998-08-06,1699209.1580808286
1998-08-07,1720301.3772415651
1998-08-10,1711950.9304003534
1998-08-11,1722820.5402709416
1998-08-12,1682460.8524881166
1998-08-13,1683762.8301223468
1998-08-14,1677987.357650118
1998-08-17,1650558.3554582095
1998-08-18,1625828.966980957
1998-08-19,1639249.6938280137
1998-08-20,1677048.901696109
1998-08-21,1670059.2466948996
1998-08-24,1680605.5108920936
1998-08-25,1692700.8678478487
1998-08-26,1692772.7172434377
1998-08-27,1685990.0823279333
1998-08-28,1666334.2133624984
1998-08-31,1665617.5850323697
1998-09-01,1636885.7023978478
1998-09-02,1642120.4571246565
1998-09-03,1649998.4063936144
1998-09-04,1651843.724393719
1998-09-07,1661032.7518765242
1998-09-08,1667913.716822301
1998-09-09,1663191.144191655
1998-09-10,1653887.8374086951
1998-09-11,1638805.6731857732
1998-09-14,1642657.1227645804
1998-09-15,1658617.5418235783
1998-09-16,1674442.6212779062
1998-09-17,1673634.4804111575
1998-09-18,1667854.0909369492
1998-09-21,1659536.4571262451
1998-09-22,1641108.690453013
1998-09-23,1669416.2904187574
1998-09-24,1679173.632482459
1998-09-25,1678587.7125186073
1998-09-28,1685237.2651809645
1998-09-29,1679062.813585878
1998-09-30,1709898.0111928075
1998-10-01,1709898.0111928075
1998-10-02,1709898.0111928075
1998-10-05,1643004.0212028564
1998-10-06,1647868.5116856617
1998-10-07,1684452.2723652464
1998-10-08,1666554.567899834
1998-10-09,1664589.8163714833
1998-10-12,1659553.6394336098
1998-10-13,1646752.1141374407
1998-10-14,1656784.8952915391
1998-10-15,1653815.7276461183
1998-10-16,1651173.508840833
1998-10-19,1636869.21384354
1998-10-20,1628040.5145471373
1998-10-21,1628040.5145471373
1998-10-22,1546116.5938225128
1998-10-23,1549270.1751006767
1998-10-26,1557234.5885993156
1998-10-27,1550368.7901454866
1998-10-28,1550151.865174192
1998-10-29,1548375.7211141156
1998-10-30,1546375.3761028198
1998-11-02,1539067.036987043
1998-11-03,1540121.7944751615
1998-11-04,1855965.8343554882
1998-11-05,1545452.0426652422
1998-11-06,1545108.218372376
1998-11-09,1550133.8074874044
1998-11-10,1554938.7909049646
1998-11-11,1555685.820601857
1998-11-12,1555483.9898001107
1998-11-13,1555796.7345367156
1998-11-16,1553970.1924370595
1998-11-17,1552340.9369172817
1998-11-18,1558380.0345986348
1998-11-19,1553580.1470295507
1998-11-20,1550868.5461671473
1998-11-23,1544527.7245105032
1998-11-24,1542145.8181062182
1998-11-25,1884225.521288228
1998-11-26,1541942.8426511397
1998-11-27,1544253.5641737282
1998-11-30,1548059.9007451087
1998-12-01,1548644.257981247
1998-12-02,1554147.9728115157
1998-12-03,1562019.6904664603
1998-12-04,1560641.7448455372
1998-12-07,1568066.203010671
1998-12-08,1577607.9061781154
1998-12-09,1575612.3824289937
1998-12-10,1574938.3140072117
1998-12-11,1582865.8268898071
1998-12-14,1580410.3872703933
1998-12-15,1580082.5705303466
1998-12-16,1578407.7143499188
1998-12-17,1570883.8939957116
1998-12-18,1583164.9027464292
1998-12-21,1606647.191472166
1998-12-22,1606902.361556185
1998-12-23,1609401.285945452
1998-12-24,1614094.341866408
1998-12-25,1613185.8833184983
1998-12-28,1620044.5962147126
1998-12-29,1619393.4002014815
1998-12-30,1644228.04872276
1998-12-31,1621041.7519781569
1999-01-01,1618618.0391531258
1999-01-04,1629616.6596483884
1999-01-05,1620517.585588407
1999-01-06,1635395.088752698
1999-01-07,1635786.8569317744
1999-01-08,1677442.8023689177
1999-01-11,1710182.3967088172
1999-01-12,1692956.9964137734
1999-01-13,1707853.7109136009
1999-01-14,1699746.2744097111
1999-01-15,1662511.8743009365
1999-01-18,1684794.2889436034
1999-01-19,1674547.7268689636
1999-01-20,1674547.7268689636
1999-01-21,1739479.2391388945
1999-01-22,1764762.0831209945
1999-01-25,1765231.936102989
1999-01-26,1765231.936102989
1999-01-27,1794748.0271476205
1999-01-28,1760922.105044267
1999-01-29,1758192.6374923568
1999-02-01,1748064.2553701492
1999-02-02,1742228.1159675112
1999-02-03,1781138.5919823318
1999-02-04,1775899.0821898913
1999-02-05,1788136.4223508867
1999-02-08,1785570.2709331056
1999-02-09,1798707.3791916107
1999-02-10,1814677.6388669964
1999-02-11,1834400.6731970008
1999-02-12,1850765.6004103639
1999-02-15,1824630.9104372764
1999-02-16,1827705.3064603352
1999-02-17,1825910.980735341
1999-02-18,1825182.754425652
1999-02-19,1824072.9823004645
1999-02-22,1795719.6158958995
1999-02-23,1806175.191844203
1999-02-24,1816792.4156600377
1999-02-25,1822651.9833216616
1999-02-26,1818777.8330421187
1999-03-01,1929909.0029083812
1999-03-02,1962199.1576827837
1999-03-03,1979046.6213786374
1999-03-04,1939538.0941246976
1999-03-05,1943717.3262454816
1999-03-08,1934376.5592189059
1999-03-09,1951250.143084696
1999-03-10,1951733.6942707833
1999-03-11,1961914.275557727
1999-03-12,1979145.6510390572
1999-03-15,1997562.5993705573
1999-03-16,1974770.2930060185
1999-03-17,1983940.1459646937
1999-03-18,2017616.0343924842
1999-03-19,1987466.4619386303
1999-03-22,1983042.8887022315
1999-03-23,1995701.184340488
1999-03-24,1978581.159387797
1999-03-25,1979579.5638066016
1999-03-26,2006984.9972820436
1999-03-29,2006984.9972820436
1999-03-30,2052317.9245585138
1999-03-31,2092788.0727704146
1999-04-01,2089726.0860771674
1999-04-02,2090562.9538332669
1999-04-05,2023461.819162655
1999-04-06,2013895.4568214973
1999-04-07,2000990.3543170958
1999-04-08,1976450.0726118558
1999-04-09,1954373.6927812556
1999-04-12,1968175.9864074804
1999-04-13,1955132.7307117234
1999-04-14,1953801.678768036
1999-04-15,1932771.1999127408
1999-04-16,2041449.5667407329
1999-04-19,1989850.3273114376
1999-04-20,2011076.348900242
1999-04-21,2026693.012790449
1999-04-22,2016888.5486340965
1999-04-23,2022760.9520274745
1999-04-26,1942602.6706877437
1999-04-27,1942602.6706877437
1999-04-28,1938166.702643661
1999-04-29,1964887.7059011909
1999-04-30,1988482.4800348056
1999-05-03,1965927.965088211
1999-05-04,2014194.4520725464
1999-05-05,2018660.8549341063
1999-05-06,2022834.5894549983
1999-05-07,2038045.6915091577
1999-05-10,2042362.9655701593
1999-05-11,2020821.1238757833
1999-05-12,2020597.2201432933
1999-05-13,2046911.8228058699
1999-05-14,2038563.996554149
1999-05-17,1994479.2695901569
1999-05-18,1994498.0752240282
1999-05-19,2016147.7688257021
1999-05-20,2030474.0948553346
1999-05-21,2029267.3758153468
1999-05-24,2029618.0210725325
1999-05-25,2023832.5696860752
1999-05-26,2004915.1768814924
1999-05-27,1987629.315817037
1999-05-28,1977808.321129085
1999-05-31,2007774.7446156095
1999-06-01,1974360.424278895
1999-06-02,1976089.0087992807
1999-06-03,1978937.6235301923
1999-06-04,1979101.3908272625
1999-06-07,1976611.2388936358
1999-06-08,2028794.0162977513
1999-06-09,1984397.5773532146
1999-06-10,1995894.0651810577
1999-06-11,1976832.0318712122
1999-06-14,1956127.554937836
1999-06-15,1954496.9698218768
1999-06-16,1971314.4175298582
1999-06-17,1982660.503130676
1999-06-18,1973525.519241878
1999-06-21,2004297.7854328698
1999-06-22,2023538.7706607017
1999-06-23,2012208.8709623518
1999-06-24,2015837.5341822195
1999-06-25,2042326.154491853
1999-06-28,2040923.4089635299
1999-06-29,2034007.9197551983
1999-06-30,2029962.2320810705
1999-07-01,2024268.0293396793
1999-07-02,2031965.0279619973
1999-07-05,2070452.0964668721
1999-07-06,2086047.5744396017
1999-07-07,2104275.2934272466
1999-07-08,2128293.13933547
1999-07-09,2179495.2552655945
1999-07-12,2252976.984127312
1999-07-13,2235387.6720676874
1999-07-14,2268485.1275856434
1999-07-15,2254058.375484014
1999-07-16,2294233.143631856
1999-07-19,2378970.695278721
1999-07-20,2328646.253617498
1999-07-21,2342007.8512171693
1999-07-22,2321216.3109631105
1999-07-23,2292729.8292447114
1999-07-26,2275901.434325515
1999-07-27,2283285.9039723696
1999-07-28,2312840.7973244437
1999-07-29,2312057.885228447
1999-07-30,2295038.623457077
1999-08-02,2281352.2616593614
1999-08-03,2278673.5707245967
1999-08-04,2312923.475501699
1999-08-05,2329715.1648879535
1999-08-06,2377605.2796701975
1999-08-09,2404110.636405122
1999-08-10,2384297.5537989098
1999-08-11,2432168.9550773655
1999-08-12,2447565.245593101
1999-08-13,2446682.6795173744
1999-08-16,2491825.3002544595
1999-08-17,2552615.550578753
1999-08-18,2609671.2477961183
1999-08-19,2566903.9058732283
1999-08-20,2617525.495619286
1999-08-23,2671797.6647496577
1999-08-24,2672085.5467975
1999-08-25,2677503.0788750094
1999-08-26,2726221.0000018794
1999-08-27,2731675.614137827
1999-08-30,2707217.9084617905
1999-08-31,2708780.3450917522
1999-09-01,2687818.4591807094
1999-09-02,2647337.636526387
1999-09-03,2654696.1197230914
1999-09-06,2731522.4749403927
1999-09-07,2758699.480843894
1999-09-08,2811124.9057222535
1999-09-09,2844103.334663775
1999-09-10,2857880.923304667
1999-09-13,2857880.923304667
1999-09-14,2858629.95460872
1999-09-15,2852763.8147094795
1999-09-16,2810167.391162713
1999-09-17,2878859.3442366035
1999-09-20,2931256.743040299
1999-09-21,2977253.4332128786
1999-09-22,3078930.4067133986
1999-09-23,3123792.839245225
1999-09-24,3163729.918193513
1999-09-27,3122630.5436314573
1999-09-28,3117172.7089429684
1999-09-29,3232996.120555568
1999-09-30,3183876.337994721
1999-10-01,3164410.779438565
1999-10-04,3081707.208184011
1999-10-05,3121486.089868344
1999-10-06,3161929.9520265446
1999-10-07,3283556.4153063665
1999-10-08,3282510.6874445835
1999-10-11,3309051.462092269
1999-10-12,3315520.9129469963
1999-10-13,3375701.439228442
1999-10-14,3396411.5427863207
1999-10-15,3278364.5759909325
1999-10-18,3307797.5526626417
1999-10-19,3307797.5526626417
1999-10-20,3399734.354880371
1999-10-21,3303367.276875108
1999-10-22,3250087.9014607
1999-10-25,3142743.0906986827
1999-10-26,3091518.801531268
1999-10-27,3125518.4565425105
1999-10-28,3039432.232255894
1999-10-29,2953648.72250258
1999-11-01,2866972.5938931834
1999-11-02,2941603.9856296396
1999-11-03,2930904.3007246736
1999-11-04,2914548.3865217473
1999-11-05,2987941.0177686615
1999-11-08,3318732.384649907
1999-11-09,3008375.4348071166
1999-11-10,3062426.0279896227
1999-11-11,3023270.449162207
1999-11-12,3030969.7423391296
1999-11-15,3040296.745966128
1999-11-16,3058106.5878306036
1999-11-17,3036882.63958061
1999-11-18,3067204.7665832536
1999-11-19,3091187.528010572
1999-11-22,3141159.446010398
1999-11-23,3141159.446010398
1999-11-24,3164878.405352334
1999-11-25,3195252.8294679597
1999-11-26,3258462.5366144925
1999-11-29,3259920.8702149205
1999-11-30,3290562.3005813956
1999-12-01,3290981.047801001
1999-12-02,3319662.9442641637
1999-12-03,3345306.4253672706
1999-12-06,3403029.813138073
1999-12-07,3407939.4590846915
1999-12-08,3411610.427376849
1999-12-09,3424072.9790126374
1999-12-10,3441691.659454207
1999-12-13,3417599.39549942
1999-12-14,3433085.962079878
1999-12-15,3417055.0562339374
1999-12-16,3484733.12406955
1999-12-17,3515487.7508071843
1999-12-20,3546217.334477832
1999-12-21,3575005.976287298
1999-12-22,3646122.011422155
1999-12-23,3695019.332335825
1999-12-24,3647612.4541010354
1999-12-27,3579315.0503103444
1999-12-28,3591352.9381725555
1999-12-29,3705978.031360658
1999-12-30,3788250.4688617717
1999-12-31,3784428.790383927
2000-01-03,3993793.584147673
2000-01-04,4104874.433222819
2000-01-05,3944325.9910138943
2000-01-06,3829870.5158124403
2000-01-07,3656339.45557091
2000-01-10,3688283.346883579
2000-01-11,3559532.2196562965
2000-01-12,3593707.4638693295
2000-01-13,3517528.158160303
2000-01-14,3558461.2261444083
2000-01-17,3567881.5283358004
2000-01-18,3547079.3430327806
2000-01-19,3655772.025413654
2000-01-20,3637114.555621636
2000-01-21,3718819.2423598976
2000-01-24,3793506.6593192997
2000-01-25,3853464.002204071
2000-01-26,3853464.002204071
2000-01-27,3958552.5972169894
2000-01-28,4009290.307079371
2000-01-31,3937819.761385374
2000-02-01,3985639.668135471
2000-02-02,4014381.569682761
2000-02-03,4022672.9016634184
2000-02-04,4130418.011330149
2000-02-07,4253362.072239319
2000-02-08,4298996.128763867
2000-02-09,4294552.3031776
2000-02-10,4403212.15625975
2000-02-11,4528157.772267857
2000-02-14,4691815.774937142
2000-02-15,4570653.023272138
2000-02-16,4648000.5258995285
2000-02-17,4740911.5947625805
2000-02-18,4691807.408248386
2000-02-21,4784910.8286255365
2000-02-22,4616052.361988401
2000-02-23,4469319.672503626
2000-02-24,4461928.323051667
2000-02-25,4359474.875620817
2000-02-28,4286612.228760866
2000-02-29,4272120.747651712
2000-03-01,4458792.762550497
2000-03-02,4641533.084381561
2000-03-03,4766876.982568763
2000-03-06,4897545.593743188
2000-03-07,5014594.77744318
2000-03-08,4946817.337670914
2000-03-09,4829896.198602401
2000-03-10,4764293.577572494
2000-03-13,4586315.553978701
2000-03-14,4400850.590104227
2000-03-15,4380048.272871828
2000-03-16,4213822.473443225
2000-03-17,4213119.748244712
2000-03-20,4213119.748244712
2000-03-21,4331818.556113037
2000-03-22,4473681.31736117
2000-03-23,4427748.033372137
2000-03-24,4509457.6886948
2000-03-27,4422538.735695019
2000-03-28,4355728.54542915
2000-03-29,4386635.983230459
2000-03-30,4302264.156181675
2000-03-31,4162311.390345297
2000-04-03,4021018.599191743
2000-04-04,3860961.2114124107
2000-04-05,3869550.713831692
2000-04-06,3953905.1183288493
2000-04-07,4127424.6928321044
2000-04-10,4252475.328520984
2000-04-11,4385640.193254193
2000-04-12,4292388.790452993
2000-04-13,4144583.8621281814
2000-04-14,4144583.8621281814
2000-04-17,4005270.069427732
2000-04-18,3885747.0373766
2000-04-19,3777160.7298323764
2000-04-20,3837034.0841332697
2000-04-21,3837034.0841332697
2000-04-24,3795857.131528676
2000-04-25,3759153.556519713
2000-04-26,3861305.2102050544
2000-04-27,3902961.1368281795
2000-04-28,3926710.461905159
2000-05-01,3926710.461905159
2000-05-02,3884020.173153209
2000-05-03,3842857.0493293228
2000-05-04,3935808.942148139
2000-05-05,4002635.698616876
2000-05-08,3830709.63189399
2000-05-09,3878377.4830013504
2000-05-10,3857114.277316058
2000-05-11,3733777.594702055
2000-05-12,3697134.4581461623
2000-05-15,3710598.9732877226
2000-05-16,3695769.9028023244
2000-05-17,3714947.721865165
2000-05-18,3704485.1475139665
2000-05-19,3590054.59967342
2000-05-22,3588720.692919334
2000-05-23,3587059.1588995373
2000-05-24,3587173.110219243
2000-05-25,3591830.4523121896
2000-05-26,3592399.3318566764
2000-05-29,3594755.2776268194
2000-05-30,3597145.0403281935
2000-05-31,3589755.903137931
2000-06-01,3577930.8706524656
2000-06-02,3580880.6668140255
2000-06-05,3580390.954576971
2000-06-06,3581788.268184765
2000-06-07,3581737.69884133
2000-06-08,3585104.616090348
2000-06-09,3585131.3626963804
2000-06-12,3581888.106389043
2000-06-13,3578751.0703692148
2000-06-14,3577870.191966363
2000-06-15,3574491.6579022147
2000-06-16,3577472.687442156
2000-06-19,3580354.19413904
2000-06-20,3580978.8648595843
2000-06-21,3581629.733681122
2000-06-22,3582941.6330814334
2000-06-23,3579694.792787152
2000-06-26,3572134.1045416505
2000-06-27,3570370.2045149435
2000-06-28,3569431.220577623
2000-06-29,3571072.191638828
2000-06-30,3568625.690830385
2000-07-03,3575571.007435097
2000-07-04,3575139.584378476
2000-07-05,3576749.6914584674
2000-07-06,3576694.3950008834
2000-07-07,3578620.114383431
2000-07-10,3578083.6866912353
2000-07-11,3580866.7146854624
2000-07-12,3582368.9782012613
2000-07-13,3581382.3516047066
2000-07-14,3580735.381505464
2000-07-17,3578796.5795969213
2000-07-18,3574978.440516531
2000-07-19,3565132.460877854
2000-07-20,3560409.610655199
2000-07-21,3555401.267309621
2000-07-24,3539989.607211243
2000-07-25,3545493.872564473
2000-07-26,3544103.1126338704
2000-07-27,3543833.7932302915
2000-07-28,3547060.1163473423
2000-07-31,3546849.888697112
2000-08-01,3553854.9081486287
2000-08-02,3551923.7913516867
2000-08-03,3548892.21461597
2000-08-04,3548494.3300947784
2000-08-07,3543280.5716065182
2000-08-08,3541980.883289432
2000-08-09,3548267.4554922194
2000-08-10,3549504.6232835003
2000-08-11,3548778.7306078477
2000-08-14,3559359.043088301
2000-08-15,3559359.043088301
2000-08-16,3573265.7826949656
2000-08-17,3578179.656652968
2000-08-18,3579460.139376283
2000-08-21,3575502.7418034435
2000-08-22,3578587.5852961163
2000-08-23,3580726.774417608
2000-08-24,3581589.187537548
2000-08-25,3588234.198300184
2000-08-28,3595828.3974357187
2000-08-29,3600699.1539287614
2000-08-30,3614574.146396525
2000-08-31,3630178.1050775107
2000-09-01,3630178.1050775107
2000-09-04,3633924.3550603967
2000-09-05,3641798.6757360846
2000-09-06,3633286.064506741
2000-09-07,3628158.015789581
2000-09-08,3626409.72129198
2000-09-11,3627425.4155934635
2000-09-12,3625336.402479856
2000-09-13,3617633.023055004
2000-09-14,3608548.572382313
2000-09-15,3593557.780556816
2000-09-18,3566748.403658991
2000-09-19,3557104.546837107
2000-09-20,3556234.826075303
2000-09-21,3552855.0841708914
2000-09-22,3549593.246702391
2000-09-25,3550830.0488036107
2000-09-26,3550236.7896370264
2000-09-27,3550769.30419798
2000-09-28,3551714.736911816
2000-09-29,3550068.695864496
2000-10-02,3550068.695864496
2000-10-03,3549261.3997010333
2000-10-04,3549105.736074483
2000-10-05,3550378.006571354
2000-10-06,3551314.4675090658
2000-10-09,3549755.184944348
2000-10-10,3548681.591100406
2000-10-11,3539569.4162411904
2000-10-12,3543005.27576937
2000-10-13,3539055.1494557853
2000-10-16,3541087.881936948
2000-10-17,3538428.6760984645
2000-10-18,3536994.611391517
2000-10-19,3534709.1182584907
2000-10-20,3534621.4495793604
2000-10-23,3533085.311182729
2000-10-24,3532093.3316944013
2000-10-25,3532219.319552852
2000-10-26,3534091.2644346217
2000-10-27,3534640.397075321
2000-10-30,3533297.2419778076
2000-10-31,3533449.14813997
2000-11-01,3538618.6524483277
2000-11-02,3540011.080847248
2000-11-03,3543920.40112373
2000-11-06,3543162.624152027
2000-11-07,3543257.0174464583
2000-11-08,3550533.2131109787
2000-11-09,3548815.617427883
2000-11-10,3545850.006114221
2000-11-13,3539941.094615632
2000-11-14,3546860.235400668
2000-11-15,3553006.597603189
2000-11-16,3548529.7954525305
2000-11-17,3546423.613237816
2000-11-20,3545084.5532359034
2000-11-21,3541922.823958165
2000-11-22,3543865.389474594
2000-11-23,3542985.702521805
2000-11-24,3542528.219308311
2000-11-27,3550515.5232326835
2000-11-28,3560512.6587244957
2000-11-29,3554717.0845947224
2000-11-30,3553442.159357133
2000-12-01,3557743.6358197667
2000-12-04,3558619.657857478
2000-12-05,3572400.846538526
2000-12-06,3577864.69633962
2000-12-07,3579214.334901055
2000-12-08,3585284.9463662626
2000-12-11,3600776.2266555214
2000-12-12,3604880.619916193
2000-12-13,3609733.7781315553
2000-12-14,3617189.449906224
2000-12-15,3583232.1853262186
2000-12-18,3587591.961282913
2000-12-19,3590663.6181080984
2000-12-20,3585948.014847537
2000-12-21,3577152.2007860835
2000-12-22,3555655.883651618
2000-12-25,3555655.883651618
2000-12-26,3513812.124642632
2000-12-27,3531675.646067133
2000-12-28,3549709.4607937266
2000-12-29,3571050.4812493306
2001-01-01,3579254.5422498696
2001-01-02,3592120.2703865236
2001-01-03,3613430.33873031
2001-01-04,3610038.5020002127
2001-01-05,3607288.230712435
2001-01-08,3597586.8313309746
2001-01-09,3593164.3985123266
2001-01-10,3588810.7545092357
2001-01-11,3583266.399576997
2001-01-12,3582025.507088508
2001-01-15,3602333.607671954
2001-01-16,3600874.7704330888
2001-01-17,3597754.9480473897
2001-01-18,3596696.4662658726
2001-01-19,3600718.493011658
2001-01-22,3618829.484375267
2001-01-23,3615125.5044127414
2001-01-24,3639211.378926511
2001-01-25,3663076.825735353
2001-01-26,3663076.825735353
2001-01-29,3624036.591288879
2001-01-30,3638000.432479563
2001-01-31,3639577.6268331227
2001-02-01,3624346.624395424
2001-02-02,3658497.9432114298
2001-02-05,3704371.6896902323
2001-02-06,3711243.6245748843
2001-02-07,3724243.4924063478
2001-02-08,3739742.3505429425
2001-02-09,3743439.427653452
2001-02-12,3739809.5736874565
2001-02-13,3710393.015662383
2001-02-14,3719378.2654388864
2001-02-15,3748416.28339383
2001-02-16,3714323.5583833065
2001-02-19,3725152.3731751204
2001-02-20,3734621.8842386077
2001-02-21,3715234.3137042653
2001-02-22,3686254.352843831
2001-02-23,3633446.8094914854
2001-02-26,3622066.578249958
2001-02-27,3598411.9316665167
2001-02-28,3598048.316334704
2001-03-01,3626181.2336189672
2001-03-02,3604432.8786995793
2001-03-05,3591990.658689583
2001-03-06,3591990.658689583
2001-03-07,3581389.5054279068
2001-03-08,3587832.0073777535
2001-03-09,3569520.71295267
2001-03-12,3553011.121156206
2001-03-13,3536253.634023972
2001-03-14,3513184.5640497
2001-03-15,3522452.912165885
2001-03-16,3512875.0045200377
2001-03-19,3510920.240820702
2001-03-20,3513130.427956081
2001-03-21,3517989.6855510785
2001-03-22,3516802.6405948554
2001-03-23,3515666.590620992
2001-03-26,3513908.310537719
2001-03-27,3513163.3730775537
2001-03-28,3523698.444400553
2001-03-29,3520674.528763238
2001-03-30,3513576.2244067034
2001-04-02,3508003.0960361026
2001-04-03,3513281.630218616
2001-04-04,3511777.2021091487
2001-04-05,3511777.2021091487
2001-04-06,3513338.719684104
2001-04-09,3507062.025709048
2001-04-10,3508256.940148218
2001-04-11,3496358.1819718815
2001-04-12,3488434.865566539
2001-04-13,3488434.865566539
2001-04-16,3487860.657001464
2001-04-17,3488458.889691208
2001-04-18,3490565.8368930076
2001-04-19,3490550.860685597
2001-04-20,3489153.176498161
2001-04-23,3490267.630711477
2001-04-24,3490383.835802281
2001-04-25,3490432.79367513
2001-04-26,3489453.5431031645
2001-04-27,3474244.398120367
2001-04-30,3472534.401488038
2001-05-01,3472534.401488038
2001-05-02,3475169.1687970483
2001-05-03,3474693.5658004666
2001-05-04,3474218.922950797
2001-05-07,3476531.8474313957
2001-05-08,3477379.2968975753
2001-05-09,3474395.176123222
2001-05-10,3473544.3161649564
2001-05-11,3472493.9587696157
2001-05-14,3472189.246549089
2001-05-15,3471705.508927209
2001-05-16,3469626.616775946
2001-05-17,3475554.451790623
2001-05-18,3478330.6583581357
2001-05-21,3475772.21239718
2001-05-22,3476256.9997374
2001-05-23,3476247.907568434
2001-05-24,3479502.7030962007
2001-05-25,3480539.5181318317
2001-05-28,3480175.4112509196
2001-05-29,3481599.685330922
2001-05-30,3479213.78876673
2001-05-31,3478738.169583611
2001-06-01,3475463.898518326
2001-06-04,3468139.593181436
2001-06-05,3460272.214885341
2001-06-06,3458964.4950332395
2001-06-07,3455360.1366179637
2001-06-08,3459900.5974345235
2001-06-11,3460350.4821019345
2001-06-12,3453567.01109768
2001-06-13,3454402.4881910733
2001-06-14,3450516.824000255
2001-06-15,3444793.8367612567
2001-06-18,3441666.3933294103
2001-06-19,3443450.0127152787
2001-06-20,3446504.017446978
2001-06-21,3443104.6386174997
2001-06-22,3438590.2453679885
2001-06-25,3438109.301298917
2001-06-26,3443233.146259116
2001-06-27,3436453.1553479065
2001-06-28,3434393.572028869
2001-06-29,3437396.3308307845
2001-07-02,3433392.887780677
2001-07-03,3426683.653710916
2001-07-04,3428773.3253633445
2001-07-05,3423704.3193085766
2001-07-06,3428428.9874707167
2001-07-09,3427923.6062812465
2001-07-10,3430002.551287028
2001-07-11,3428634.3780859
2001-07-12,3430275.8749273205
2001-07-13,3429399.0281009036
2001-07-16,3432619.3674928523
2001-07-17,3431769.407585947
2001-07-18,3428214.9792960626
2001-07-19,3430000.0514036
2001-07-20,3428897.4115007054
2001-07-23,3428776.99612053
2001-07-24,3425076.7368579344
2001-07-25,3422318.6087547145
2001-07-26,3419737.420410964
2001-07-27,3418949.6629441627
2001-07-30,3422452.050105256
2001-07-31,3422720.551822323
2001-08-01,3421127.271244906
2001-08-02,3421631.6050704275
2001-08-03,3426169.6238127565
2001-08-06,3426561.8369028727
2001-08-07,3427363.2745913872
2001-08-08,3420424.678724979
2001-08-09,3421680.4883993827
2001-08-10,3417812.2017078595
2001-08-13,3414838.1164467684
2001-08-14,3416494.06369993
2001-08-15,3416494.06369993
2001-08-16,3416255.0067550163
2001-08-17,3417404.711514577
2001-08-20,3416064.8003085363
2001-08-21,3414456.5801540907
2001-08-22,3414456.5801540907
2001-08-23,3416835.163491339
2001-08-24,3414752.78557696
2001-08-27,3414850.818952102
2001-08-28,3415997.4642535103
2001-08-29,3416773.1261011213
2001-08-30,3416737.286984166
2001-08-31,3412434.0233757873
2001-09-03,3413910.408123771
2001-09-04,3413533.8751569935
2001-09-05,3411119.9424330955
2001-09-06,3413080.377017018
2001-09-07,3413175.3874559365
2001-09-10,3404550.823269205
2001-09-11,3400977.490959499
2001-09-12,3388323.279506654
2001-09-13,3385008.7167466376
2001-09-14,3375668.2291541863
2001-09-17,3374099.5849086056
2001-09-18,3376704.3742782194
2001-09-19,3376958.8517440497
2001-09-20,3373557.2157702893
2001-09-21,3372469.1793198637
2001-09-24,3371005.664847875
2001-09-25,3374678.130317899
2001-09-26,3372744.9194170437
2001-09-27,3371156.978283774
2001-09-28,3373595.3501961175
2001-10-01,3370472.8468645853
2001-10-02,3370373.0067047453
2001-10-03,3367982.465069372
2001-10-04,3369287.469809968
2001-10-05,3371096.1447095578
2001-10-08,3367971.5078859413
2001-10-09,3368765.3006288507
2001-10-10,3448622.5481865183
2001-10-11,3448981.4212408355
2001-10-12,3447897.488582679
2001-10-15,3339238.1841825377
2001-10-16,3342702.2167221378
2001-10-17,3344495.69406106
2001-10-18,3342456.659558495
2001-10-19,3341636.815849931
2001-10-22,3344657.3802463235
2001-10-23,3349814.222350592
2001-10-24,3359026.5149022494
2001-10-25,3358476.193037906
2001-10-26,3358070.229960985
2001-10-29,3351076.753195115
2001-10-30,3343439.229578972
2001-10-31,3345157.117811951
2001-11-01,3353921.9031310244
2001-11-02,3352580.361545768
2001-11-05,3350339.042746661
2001-11-06,3351002.3768550726
2001-11-07,3350850.9071411863
2001-11-08,3361893.6231735386
2001-11-09,3363970.596076621
2001-11-12,3371996.39729742
2001-11-13,3365359.5712874895
2001-11-14,3367393.2715453454
2001-11-15,3369848.459507555
2001-11-16,3369031.4250896075
2001-11-19,3366484.388077762
2001-11-20,3351468.694124801
2001-11-21,3351405.8996100067
2001-11-22,3353713.660814969
2001-11-23,3353252.787301962
2001-11-26,3371775.7348160604
2001-11-27,3374387.262611905
2001-11-28,3366432.3226581044
2001-11-29,3361782.461367167
2001-11-30,3361036.407164471
2001-12-03,3374328.2128397925
2001-12-04,3371665.496112168
2001-12-05,3379891.834204575
2001-12-06,3380277.0014366186
2001-12-07,3386071.591353072
2001-12-10,3398232.109211251
2001-12-11,3390782.3934528204
2001-12-12,3393576.0302171283
2001-12-13,3377849.986119425
2001-12-14,3380257.6136906734
2001-12-17,3380257.6136906734
2001-12-18,3374092.738356981
2001-12-19,3353431.2944331905
2001-12-20,3338619.481498227
2001-12-21,3325432.2432284122
2001-12-24,3315825.0902029374
2001-12-25,3315825.0902029374
2001-12-26,3318030.123199332
2001-12-27,3313037.3393928353
2001-12-28,3319100.1121334154
2001-12-31,3335377.411572725
2002-01-01,3329365.8137709047
2002-01-02,3335217.2983161486
2002-01-03,3343284.2794719627
2002-01-04,3349222.7393240947
2002-01-07,3357968.6534017557
2002-01-08,3349909.290056985
2002-01-09,3350323.7628081255
2002-01-10,3353152.4329848075
2002-01-11,3358708.101201192
2002-01-14,3384076.2688140413
2002-01-15,3380759.7812778363
2002-01-16,3383670.1321065114
2002-01-17,3394474.1027831724
2002-01-18,3405632.9194934927
2002-01-21,3404772.8866065955
2002-01-22,3408874.8146332847
2002-01-23,3407475.4624198955
2002-01-24,3398502.2444398
2002-01-25,3396553.1910023643
2002-01-28,3394873.453662872
2002-01-29,3404836.488264239
2002-01-30,3402568.279395434
2002-01-31,3406023.7874830216
2002-02-01,3409288.492404833
2002-02-04,3413786.1246406976
2002-02-05,3407052.745683922
2002-02-06,3453555.3037259034
2002-02-07,3464979.7404091875
2002-02-08,3467852.7439727793
2002-02-11,3475442.1804861645
2002-02-12,3462748.260806021
2002-02-13,3477853.391653545
2002-02-14,3493060.9046284687
2002-02-15,3506032.14736656
2002-02-18,3505504.1803551717
2002-02-19,3482964.141046185
2002-02-20,3499835.7186126118
2002-02-21,3507274.359499531
2002-02-22,3535871.6877713813
2002-02-25,3530139.813853181
2002-02-26,3560880.8148045726
2002-02-27,3553040.326700247
2002-02-28,3476699.0173226325
2002-03-01,3526956.189405132
2002-03-04,3554855.6522924025
2002-03-05,3557142.8992270157
2002-03-06,3544704.594524629
2002-03-07,3541051.6165638543
2002-03-08,3530664.9125323733
2002-03-11,3511734.101098948
2002-03-12,3505943.1300498047
2002-03-13,3522567.928470474
2002-03-14,3528835.006656375
2002-03-15,3541985.2946589207
2002-03-18,3536803.152632572
2002-03-19,3512253.7924906174
2002-03-20,3513287.040027075
2002-03-21,3529909.8455877486
2002-03-22,3525129.6309641283
2002-03-25,3525129.6309641283
2002-03-26,3509914.114096261
2002-03-27,3523112.806919303
2002-03-28,3546152.7744641197
2002-03-29,3546733.174937596
2002-04-01,3588784.380736079
2002-04-02,3594669.6458350657
2002-04-03,3608873.2786117643
2002-04-04,3629251.1856847727
2002-04-05,3632034.19741343
2002-04-08,3637066.497604879
2002-04-09,3613299.852355194
2002-04-10,3613415.5445834496
2002-04-11,3633814.897373294
2002-04-12,3645357.527486537
2002-04-15,3621303.737646818
2002-04-16,3630607.429790163
2002-04-17,3628843.4027758045
2002-04-18,3622434.020713064
2002-04-19,3591124.517200044
2002-04-22,3594457.020851127
2002-04-23,3591526.354568488
2002-04-24,3614022.269173649
2002-04-25,3623854.665019735
2002-04-26,3671581.427702738
2002-04-29,3665726.945260164
2002-04-30,3671955.6305775745
2002-05-01,3671955.6305775745
2002-05-02,3674667.461463834
2002-05-03,3664483.854408815
2002-05-06,3661886.127402147
2002-05-07,3675672.0065784235
2002-05-08,3675281.247225425
2002-05-09,3670803.7810792592
2002-05-10,3650951.1709245276
2002-05-13,3654935.7515697703
2002-05-14,3667108.3473638953
2002-05-15,3634839.716972808
2002-05-16,3618934.8812595746
2002-05-17,3584886.721573998
2002-05-20,3555594.6092012115
2002-05-21,3530633.9315859093
2002-05-22,3520570.9543727976
2002-05-23,3523465.7323944834
2002-05-24,3556528.462291403
2002-05-27,3575423.13622594
2002-05-28,3541037.745173514
2002-05-29,3552477.8325100327
2002-05-30,3556155.2487178543
2002-05-31,3552585.5105015165
2002-06-03,3600759.2837821967
2002-06-04,3615484.7223457927
2002-06-05,3624196.6048004697
2002-06-06,3639091.546823118
2002-06-07,3605394.3340973235
2002-06-10,3651401.808623914
2002-06-11,3690426.6240240824
2002-06-12,3674406.745221529
2002-06-13,3697287.766356412
2002-06-14,3703327.051805921
2002-06-17,3702821.2733400986
2002-06-18,3677480.0569094843
2002-06-19,3685792.1418931503
2002-06-20,3687010.9901205353
2002-06-21,3670574.092973565
2002-06-24,3653059.7648164337
2002-06-25,3645742.14487447
2002-06-26,3631470.7811168167
2002-06-27,3640566.1033659554
2002-06-28,3678678.102487151
2002-07-01,3719282.0038627777
2002-07-02,3723108.170874447
2002-07-03,3727193.7557715774
2002-07-04,3743282.663451193
2002-07-05,3753553.204770917
2002-07-08,3784474.8007190176
2002-07-09,3791091.646462295
2002-07-10,3771793.060291043
2002-07-11,3767422.3060536874
2002-07-12,3769588.698083165
2002-07-15,3723467.8003701298
2002-07-16,3723994.21836404
2002-07-17,3706905.384403467
2002-07-18,3740522.6639296627
2002-07-19,3736956.150784528
2002-07-22,3686796.650816484
2002-07-23,3694501.604400997
2002-07-24,3666815.672126451
2002-07-25,3665418.8519973704
2002-07-26,3618487.8222400253
2002-07-29,3598568.316343843
2002-07-30,3563920.863323377
2002-07-31,3568033.9461453394
2002-08-01,3559032.9924407494
2002-08-02,3565161.063142284
2002-08-05,3572652.317307591
2002-08-06,3572847.9425333794
2002-08-07,3576633.660982343
2002-08-08,3560250.3430055804
2002-08-09,3565879.912243709
2002-08-12,3569399.044956455
2002-08-13,3572509.833487631
2002-08-14,3561715.881761864
2002-08-15,3561715.881761864
2002-08-16,3558973.220434329
2002-08-19,3562605.3478129352
2002-08-20,3569967.985425585
2002-08-21,3567722.3582576006
2002-08-22,3561585.0348803094
2002-08-23,3552828.0612923796
2002-08-26,3554291.080457976
2002-08-27,3538580.1642055316
2002-08-28,3504130.041088135
2002-08-29,3499283.9509061254
2002-08-30,3499469.266623111
2002-09-02,3491975.5843780017
2002-09-03,3499474.4824714246
2002-09-04,3400592.319774903
2002-09-05,3392798.7858416038
2002-09-06,3378663.430029409
2002-09-09,3371493.780847021
2002-09-10,3371493.780847021
2002-09-11,3376976.5802543606
2002-09-12,3381395.311708636
2002-09-13,3381784.3248011433
2002-09-16,3376285.909538024
2002-09-17,3378151.562502484
2002-09-18,3367406.36057588
2002-09-19,3362880.1095653214
2002-09-20,3353894.8336028513
2002-09-23,3349335.4680041578
2002-09-24,3347350.6616996913
2002-09-25,3350313.937880898
2002-09-26,3351735.5367755084
2002-09-27,3364005.792242372
2002-09-30,3366462.081026979
2002-10-01,3363945.199374743
2002-10-02,3363945.199374743
2002-10-03,3344443.6262488505
2002-10-04,3345599.583514753
2002-10-07,3346580.7951760436
2002-10-08,3340152.4221513574
2002-10-09,3345357.731268615
2002-10-10,3350594.0163637893
2002-10-11,3354407.3505666107
2002-10-14,3358048.9152348693
2002-10-15,3358048.9152348693
2002-10-16,3358073.9572856463
2002-10-17,3359354.622777363
2002-10-18,3366863.007576572
2002-10-21,3365360.448173277
2002-10-22,3348821.9960352774
2002-10-23,3344704.3604857237
2002-10-24,3340819.8436714946
2002-10-25,3335904.6836144766
2002-10-28,3328645.9307820187
2002-10-29,3342590.3105082624
2002-10-30,3334732.459778404
2002-10-31,3337151.964459944
2002-11-01,3346080.304634938
2002-11-04,3354947.85624854
2002-11-05,3351553.3300253497
2002-11-06,3351553.3300253497
2002-11-07,3347507.897265194
2002-11-08,3345925.218811153
2002-11-11,3336823.5090780742
2002-11-12,3343799.7928691455
2002-11-13,3345870.2748047137
2002-11-14,3343266.788603021
2002-11-15,3348863.464808795
2002-11-18,3362038.952041162
2002-11-19,3362038.952041162
2002-11-20,3355206.4083680674
2002-11-21,3362811.650702393
2002-11-22,3375234.7071748115
2002-11-25,3396213.793631057
2002-11-26,3394992.9429760473
2002-11-27,3390635.488128206
2002-11-28,3400652.0978482305
2002-11-29,3419266.120610764
2002-12-02,3446235.6616574414
2002-12-03,3429939.4968129373
2002-12-04,3397764.645290045
2002-12-05,3425049.8414045065
2002-12-06,3437107.492840249
2002-12-09,3417162.621856873
2002-12-10,3408143.613162961
2002-12-11,3404982.47639066
2002-12-12,3416800.1521441
2002-12-13,3421847.114577106
2002-12-16,3413725.964772351
2002-12-17,3409750.5061319196
2002-12-18,3413029.0436473163
2002-12-19,3430199.5044852593
2002-12-20,3436720.1125751445
2002-12-23,3424960.008841836
2002-12-24,3441973.6606627647
2002-12-25,3441973.6606627647
2002-12-26,3456652.4211153537
2002-12-27,3469418.1934481934
2002-12-30,3469500.4903023792
2002-12-31,3493599.896954239
2003-01-01,3505050.9974078033
2003-01-02,3472088.85048291
2003-01-03,3482257.2997899805
2003-01-06,3453816.8091250807
2003-01-07,3448216.46284545
2003-01-08,3469828.2984321937
2003-01-09,3484736.617689111
2003-01-10,3433339.6255994933
2003-01-13,3436321.4257843327
2003-01-14,3456695.759868543
2003-01-15,3466667.261393457
2003-01-16,3512344.496124489
2003-01-17,3516213.212285157
2003-01-20,3504232.4000213933
2003-01-21,3492688.465524949
2003-01-22,3508329.5474977405
2003-01-23,3485249.296402967
2003-01-24,3434692.4792752373
2003-01-27,3391726.2511794465
2003-01-28,3402319.633972779
2003-01-29,3397532.311389894
2003-01-30,3409953.4233490676
2003-01-31,3410368.840447613
2003-02-03,3423532.3802551604
2003-02-04,3422102.6138822474
2003-02-05,3418413.9533846756
2003-02-06,3441645.1717488263
2003-02-07,3430222.220638798
2003-02-10,3409687.8842224292
2003-02-11,3396944.925636814
2003-02-12,3394069.3193202047
2003-02-13,3394069.3193202047
2003-02-14,3393876.861574363
2003-02-17,3416878.5949949007
2003-02-18,3424443.271315118
2003-02-19,3434034.626228211
2003-02-20,3436242.371583719
2003-02-21,3435062.7769321166
2003-02-24,3441137.7322430997
2003-02-25,3423687.4743925133
2003-02-26,3415224.0147999274
2003-02-27,3439595.4046998667
2003-02-28,3440545.0888520824
2003-03-03,3427954.4669081722
2003-03-04,3402331.291401886
2003-03-05,3394961.084286404
2003-03-06,3380688.6428502123
2003-03-07,3353555.1215744377
2003-03-10,3335161.0185188698
2003-03-11,3335295.353691002
2003-03-12,3332386.0517310435
2003-03-13,3324285.526323139
2003-03-14,3320616.250700529
2003-03-17,3319374.145318912
2003-03-18,3319374.145318912
2003-03-19,3324401.74920921
2003-03-20,3331187.592147878
2003-03-21,3343431.0415511024
2003-03-24,3347527.7715978334
2003-03-25,3348126.3512254013
2003-03-26,3345551.8026450304
2003-03-27,3351457.9989695936
2003-03-28,3350502.1731669377
2003-03-31,3330781.3103257357
2003-04-01,3332246.5446118587
2003-04-02,3346243.6600882453
2003-04-03,3351292.904426433
2003-04-04,3361700.983783125
2003-04-07,3373883.3811818403
2003-04-08,3377937.60258124
2003-04-09,3365714.219817355
2003-04-10,3353232.7614856954
2003-04-11,3347140.228099256
2003-04-14,2719644.312092279
2003-04-15,3347954.003993388
2003-04-16,3348385.8909770036
2003-04-17,3348292.407559073
2003-04-18,3348292.407559073
2003-04-21,3361546.636069942
2003-04-22,3355919.5972667085
2003-04-23,3346652.081048173
2003-04-24,3349881.207048468
2003-04-25,3356150.5179523705
2003-04-28,3372207.8436122066
2003-04-29,3369282.896197905
2003-04-30,3372057.4883084935
2003-05-01,3372057.4883084935
2003-05-02,3372601.966421392
2003-05-05,3393526.3232619944
2003-05-06,3391926.7491626893
2003-05-07,3397434.441639185
2003-05-08,3398184.120258939
2003-05-09,3404410.2652364983
2003-05-12,3461839.453375228
2003-05-13,3459792.1664601755
2003-05-14,3498744.607881622
2003-05-15,3481387.7187008555
2003-05-16,3488473.895720658
2003-05-19,3468328.0458602156
2003-05-20,3504277.3547298806
2003-05-21,3488460.2735853805
2003-05-22,3501938.0703198994
2003-05-23,3504059.6923951763
2003-05-26,3572946.583538552
2003-05-27,3560511.348738864
2003-05-28,3590299.034928808
2003-05-29,3614747.350404424
2003-05-30,3616739.8539165347
2003-06-02,3583357.32139351
2003-06-03,3605495.3606261574
2003-06-04,3633340.116501018
2003-06-05,3640519.7692895825
2003-06-06,3613269.0360769653
2003-06-09,3621183.659190732
2003-06-10,3594165.4579040394
2003-06-11,3623242.915113293
2003-06-12,3613783.132900455
2003-06-13,3645483.5164238717
2003-06-16,3619365.4160000193
2003-06-17,3664834.1714090477
2003-06-18,3675048.0290368856
2003-06-19,3685418.4376860275
2003-06-20,3687880.7026686803
2003-06-23,3667257.9358695257
2003-06-24,3666972.56270904
2003-06-25,3718649.3600607086
2003-06-26,3726753.251549568
2003-06-27,3738855.1193991043
2003-06-30,3752760.697141989
2003-07-01,3714945.40872397
2003-07-02,3735504.690228362
2003-07-03,3772261.1001926665
2003-07-04,3832186.0629273793
2003-07-07,3838631.978274232
2003-07-08,3882945.341070747
2003-07-09,3896798.3987867683
2003-07-10,3895825.811971259
2003-07-11,3918827.589893212
2003-07-14,3946403.1617066665
2003-07-15,3916635.1213131147
2003-07-16,3964704.41967666
2003-07-17,3955543.7332872446
2003-07-18,3964303.705474701
2003-07-21,3967791.6921514384
2003-07-22,3946243.078515824
2003-07-23,3937161.54057803
2003-07-24,3975635.278430265
2003-07-25,4015022.479211097
2003-07-28,4048151.629949169
2003-07-29,4045321.322509536
2003-07-30,4065811.6876232065
2003-07-31,4063734.358191799
2003-08-01,4072884.0296550766
2003-08-04,4069468.332911271
2003-08-05,4029008.8405040605
2003-08-06,4008714.7098521655
2003-08-07,4051905.249761636
2003-08-08,4090454.975183918
2003-08-11,4096018.448522011
2003-08-12,4063055.9406410535
2003-08-13,4088051.9099723683
2003-08-14,4087773.046244502
2003-08-15,4087614.0683378465
2003-08-18,4146569.5559873558
2003-08-19,4132405.285962897
2003-08-20,4123965.1762741813
2003-08-21,4130055.8635592274
2003-08-22,4130839.6272032503
2003-08-25,4057903.0321487933
2003-08-26,4140918.7913759667
2003-08-27,4157723.2355559436
2003-08-28,4156443.0138019347
2003-08-29,4170890.9891383937
2003-09-01,4162533.012952636
2003-09-02,4140920.769401648
2003-09-03,4117831.9325332087
2003-09-04,4118592.3693609266
2003-09-05,4135327.419910877
2003-09-08,4196839.701340969
2003-09-09,4243618.892695563
2003-09-10,4240320.510830022
2003-09-11,4285417.42794792
2003-09-12,4245808.34920441
2003-09-15,4185009.7843571366
2003-09-16,4248224.727292613
2003-09-17,4214402.203341211
2003-09-18,4136172.767141164
2003-09-19,4133977.306857828
2003-09-22,4130639.651832261
2003-09-23,4160509.2160498886
2003-09-24,4227349.879298335
2003-09-25,4239191.138222055
2003-09-26,4290099.068205463
2003-09-29,4335648.296071134
2003-09-30,4385602.293063193
2003-10-01,4430074.46292904
2003-10-02,4386680.874479542
2003-10-03,4478498.531922197
2003-10-06,4525396.040309571
2003-10-07,4486954.85962164
2003-10-08,4476209.371598758
2003-10-09,4521674.635141345
2003-10-10,4503997.492092686
2003-10-13,4600038.333274209
2003-10-14,4504208.706864304
2003-10-15,4540367.58149839
2003-10-16,4579108.108231126
2003-10-17,4565978.29917345
2003-10-20,4482572.134182233
2003-10-21,4381164.1613873495
2003-10-22,4336415.532842507
2003-10-23,4398600.588218047
2003-10-24,4457912.985052553
2003-10-27,4394159.279343937
2003-10-28,4400867.47616684
2003-10-29,4435442.1318290075
2003-10-30,4513164.767899983
2003-10-31,4581371.678987824
2003-11-03,4599476.233418902
2003-11-04,4606581.737626053
2003-11-05,4562642.153951646
2003-11-06,4605399.278318427
2003-11-07,4598793.015288372
2003-11-10,4584333.373447732
2003-11-11,4618834.335784008
2003-11-12,4652457.137570288
2003-11-13,4605632.718854577
2003-11-14,4544948.5928052515
2003-11-17,4673997.170856107
2003-11-18,4701237.8011469105
2003-11-19,4672457.318064496
2003-11-20,4665820.639272902
2003-11-21,4689172.948646989
2003-11-24,4734644.319610031
2003-11-25,4821100.626746876
2003-11-26,5363272.720689199
2003-11-27,4715142.551023843
2003-11-28,4745550.1277044015
2003-12-01,4820636.130770333
2003-12-02,4833717.256965083
2003-12-03,4946581.648600855
2003-12-04,5021915.910757867
2003-12-05,5001939.807345003
2003-12-08,5086726.9747865945
2003-12-09,5215411.840881644
2003-12-10,5227092.31042809
2003-12-11,5232386.853368316
2003-12-12,5240686.637494225
2003-12-15,5321232.195013953
2003-12-16,5306299.378042472
2003-12-17,5384182.49010566
2003-12-18,5459196.3154939655
2003-12-19,5537859.178115122
2003-12-22,5596814.660176884
2003-12-23,5621307.381970139
2003-12-24,5689065.72545736
2003-12-25,6412025.007430729
2003-12-26,5774832.232235341
2003-12-29,5864871.459629781
2003-12-30,5802524.940776931
2003-12-31,5808481.99926902
2004-01-01,5930692.590789676
2004-01-02,5992913.84532967
2004-01-05,5924524.46644122
2004-01-06,5808059.954203525
2004-01-07,5721400.243487768
2004-01-08,5848665.043423365
2004-01-09,5790308.98169042
2004-01-12,5710181.397682884
2004-01-13,5672829.288736374
2004-01-14,5776324.545203251
2004-01-15,5699195.901140741
2004-01-16,5585923.977243983
2004-01-19,5597995.4250083985
2004-01-20,5555160.500652345
2004-01-21,5373697.297862781
2004-01-22,5262029.847732607
2004-01-23,5370083.887412057
2004-01-26,5370083.887412057
2004-01-27,5507252.861067677
2004-01-28,5431742.52985422
2004-01-29,5419048.591591632
2004-01-30,5321979.09214434
2004-02-02,5321979.09214434
2004-02-03,5213632.821657555
2004-02-04,5256558.772447181
2004-02-05,5241256.247231708
2004-02-06,5312299.783476687
2004-02-09,5345312.847253961
2004-02-10,5345532.421520101
2004-02-11,5364474.224177781
2004-02-12,5370115.385706558
2004-02-13,5406169.506083602
2004-02-16,5464688.6360625485
2004-02-17,5458140.229733491
2004-02-18,5453206.4707044745
2004-02-19,5419897.5887287175
2004-02-20,5400235.705113724
2004-02-23,5353039.277944796
2004-02-24,5342525.015117815
2004-02-25,5313027.054555365
2004-02-26,5292123.794494632
2004-02-27,5316709.5792231895
2004-03-01,5421160.657671618
2004-03-02,5421160.657671618
2004-03-03,5410245.18648404
2004-03-04,5376823.298539388
2004-03-05,5398529.549148895
2004-03-08,5419787.893290962
2004-03-09,5434061.5358616775
2004-03-10,5452890.692219919
2004-03-11,5405972.525531812
2004-03-12,5396954.206408636
2004-03-15,5347714.870798847
2004-03-16,5278438.874984095
2004-03-17,5284112.303383414
2004-03-18,5240478.905826314
2004-03-19,5243231.682385287
2004-03-22,5227863.537770133
2004-03-23,5211964.019681774
2004-03-24,5216110.85723113
2004-03-25,5219086.33676859
2004-03-26,5229702.916162757
2004-03-29,5251859.597623603
2004-03-30,5250379.364359931
2004-03-31,5248982.97903391
2004-04-01,5256056.061151792
2004-04-02,5290479.08972978
2004-04-05,5297381.696162898
2004-04-06,5290960.403171976
2004-04-07,5287163.960974193
2004-04-08,5292494.281519247
2004-04-09,5290535.485818914
2004-04-12,5297708.835088057
2004-04-13,5324840.974979391
2004-04-14,5324840.974979391
2004-04-15,5327707.203684831
2004-04-16,5318110.470145759
2004-04-19,5301547.486948449
2004-04-20,5285713.594130699
2004-04-21,5326065.6261705365
2004-04-22,5339950.627347013
2004-04-23,5353357.595928855
2004-04-26,4485943.487116814
2004-04-27,5295052.190816683
2004-04-28,5296169.228749496
2004-04-29,5295012.487043336
2004-04-30,5275426.506760201
2004-05-03,5249061.027691902
2004-05-04,5288912.7481368445
2004-05-05,5304396.4453006
2004-05-06,5322870.702651347
2004-05-07,5309542.437994684
2004-05-10,5282113.418129507
2004-05-11,5209600.630622998
2004-05-12,5216824.073372268
2004-05-13,5204580.11973316
2004-05-14,5046403.65846074
2004-05-17,5008063.055250489
2004-05-18,5015839.018539249
2004-05-19,5028630.600125911
2004-05-20,5027179.27404933
2004-05-21,5026977.041438844
2004-05-24,5030497.006668085
2004-05-25,5023458.35055574
2004-05-26,5023763.408887683
2004-05-27,5022498.687428012
2004-05-28,5007950.110034114
2004-05-31,4997880.467807178
2004-06-01,5002204.056045774
2004-06-02,5003085.128963114
2004-06-03,4993466.900992928
2004-06-04,4991603.446068378
2004-06-07,4996550.474122779
2004-06-08,4993110.346728128
2004-06-09,4996437.2125208
2004-06-10,5002243.329168232
2004-06-11,4997903.717996487
2004-06-14,4985803.991553763
2004-06-15,4979345.50723735
2004-06-16,4979917.116189323
2004-06-17,4975283.677777829
2004-06-18,4971926.689522542
2004-06-21,4967335.137125454
2004-06-22,4965959.2504504565
2004-06-23,4964599.637997626
2004-06-24,4969355.039039545
2004-06-25,4971082.515641339
2004-06-28,4995293.388266451
2004-06-29,5000346.3768885005
2004-06-30,4998335.721202537
2004-07-01,4999685.3040870195
2004-07-02,4998836.66646306
2004-07-05,4998735.864305218
2004-07-06,5000666.922335971
2004-07-07,4994672.235084513
2004-07-08,4990837.323729828
2004-07-09,4990770.354143936
2004-07-12,4985684.293973728
2004-07-13,4986449.471316299
2004-07-14,4996099.482386303
2004-07-15,5000704.617904659
2004-07-16,5011739.91594071
2004-07-19,5015106.102224188
2004-07-20,5014827.001827511
2004-07-21,5019397.47480855
2004-07-22,5031525.4614172075
2004-07-23,5044122.606786059
2004-07-26,5054316.026225947
2004-07-27,5042719.237097026
2004-07-28,5045116.344183803
2004-07-29,5056542.569087646
2004-07-30,5067386.364339428
2004-08-02,5066355.31114386
2004-08-03,5065032.1607365385
2004-08-04,5065189.327346833
2004-08-05,5073683.91479986
2004-08-06,5065413.708899306
2004-08-09,5060913.135729147
2004-08-10,5062191.840456607
2004-08-11,5069324.478958254
2004-08-12,5074406.451768356
2004-08-13,5077640.568900448
2004-08-16,5785027.414314037
2004-08-17,5810520.12637353
2004-08-18,5802893.185488894
2004-08-19,5811033.498586328
2004-08-20,5800556.291671231
2004-08-23,5796567.760150147
2004-08-24,5839017.731838974
2004-08-25,5826871.340523839
2004-08-26,5846023.608822783
2004-08-27,5854847.614062383
2004-08-30,5839191.217151632
2004-08-31,5825604.239414495
2004-09-01,5824453.189915926
2004-09-02,5807178.348632166
2004-09-03,5830369.649891493
2004-09-06,5883311.739659273
2004-09-07,5950474.968468479
2004-09-08,6055451.806704925
2004-09-09,5991079.935840965
2004-09-10,6030073.266906425
2004-09-13,6053673.884973946
2004-09-14,6014650.265407241
2004-09-15,6076610.232429996
2004-09-16,6084917.995503684
2004-09-17,6092947.296468646
2004-09-20,6061137.734172842
2004-09-21,6053962.163196957
2004-09-22,6068633.508547493
2004-09-23,6042632.059598547
2004-09-24,6016127.560301181
2004-09-27,6046219.822035709
2004-09-28,6031855.3136824705
2004-09-29,6065015.609444708
2004-09-30,6047302.026945178
2004-10-01,6024145.106749774
2004-10-04,6080666.013825336
2004-10-05,6069727.540012396
2004-10-06,6052784.397359572
2004-10-07,6042498.259243524
2004-10-08,6014216.118554582
2004-10-11,6016303.759785584
2004-10-12,5967914.609871469
2004-10-13,3801043.6734666983
2004-10-14,5921421.959711289
2004-10-15,5989469.233319879
2004-10-18,5988241.334180187
2004-10-19,6003074.622592664
2004-10-20,6004829.49192738
2004-10-21,5998481.965496494
2004-10-22,5998201.321680449
2004-10-25,5975456.754715327
2004-10-26,5986279.526079812
2004-10-27,6002268.757958445
2004-10-28,6020023.145156636
2004-10-29,6021106.334212268
2004-11-01,6027376.249695731
2004-11-02,6043955.739672074
2004-11-03,6063043.02892505
2004-11-04,6049165.163830251
2004-11-05,6049086.2323718695
2004-11-08,6051418.490244522
2004-11-09,6051759.029569264
2004-11-10,6066813.132348148
2004-11-11,6065504.600009533
2004-11-12,6077609.234096212
2004-11-15,6077609.234096212
2004-11-16,6072324.538853856
2004-11-17,6089887.457108106
2004-11-18,6093687.296163984
2004-11-19,6078491.533448776
2004-11-22,6101698.206876491
2004-11-23,6125866.5821417915
2004-11-24,6133390.107912323
2004-11-25,6142073.532053809
2004-11-26,6141838.271976143
2004-11-29,6154059.8714973545
2004-11-30,6126222.32492158
2004-12-01,6122123.925200747
2004-12-02,6152820.919401912
2004-12-03,6181339.886658198
2004-12-06,6184727.352319676
2004-12-07,6171923.810914091
2004-12-08,6173407.406585453
2004-12-09,6185381.763946699
2004-12-10,6194943.375732478
2004-12-13,6239462.814052963
2004-12-14,6285419.839230674
2004-12-15,6282041.268357781
2004-12-16,6289253.197965798
2004-12-17,6293617.82791258
2004-12-20,6320994.455066276
2004-12-21,6365068.003244181
2004-12-22,6355105.2283467
2004-12-23,6375070.234525311
2004-12-24,6388921.36967325
2004-12-27,6421675.870809711
2004-12-28,6459979.792088837
2004-12-29,6426617.18637681
2004-12-30,6420453.313617467
2004-12-31,6457138.647382984
2005-01-03,6515144.460541651
2005-01-04,6486973.300484414
2005-01-05,6378272.214551713
2005-01-06,6319262.494493176
2005-01-07,6345627.064468655
2005-01-10,6345782.538582036
2005-01-11,6298647.5076456405
2005-01-12,6221241.222647065
2005-01-13,6297794.740191956
2005-01-14,6267705.419038255
2005-01-17,6260713.20237335
2005-01-18,6299780.312246209
2005-01-19,6310418.172260195
2005-01-20,6282039.99174175
2005-01-24,6277167.126192262
2005-01-25,6289018.071515306
2005-01-27,6334760.704501568
2005-01-28,6369460.726274151
2005-01-31,6429628.611102891
2005-02-01,6451233.399506299
2005-02-02,6482042.044439435
2005-02-03,6507193.289829918
2005-02-04,6515117.370417196
2005-02-07,6525740.526836595
2005-02-08,6559289.406373556
2005-02-09,6580172.296822011
2005-02-10,6595880.863976
2005-02-11,6598782.691119437
2005-02-14,6597894.276860907
2005-02-15,6571056.566305366
2005-02-16,6560903.149615659
2005-02-17,6549908.169260352
2005-02-18,6535930.8889521565
2005-02-21,6540702.369218988
2005-02-22,6537700.896928333
2005-02-23,6560271.600948798
2005-02-24,6568049.946374888
2005-02-25,6559057.372525817
2005-02-28,6590380.08679455
2005-03-01,6572615.388147177
2005-03-02,6651844.777545494
2005-03-03,6704845.387156368
2005-03-04,6728304.3662121985
2005-03-07,6749124.597929948
2005-03-08,6760362.797948386
2005-03-09,6719061.120992401
2005-03-10,6717286.154649128
2005-03-11,6693555.001361259
2005-03-14,6685773.701561363
2005-03-15,6654729.327409103
2005-03-16,6639437.990972021
2005-03-17,6609567.916515734
2005-03-18,6601315.449113257
2005-03-21,6593239.148318472
2005-03-22,6546515.629185414
2005-03-23,6504613.370079998
2005-03-24,6485216.7511182595
2005-03-28,6525599.726195049
2005-03-29,6499830.630313418
2005-03-30,6521174.252865946
2005-03-31,6557750.098171366
2005-04-01,6585305.536405401
2005-04-04,6630546.825723202
2005-04-05,6608721.441256059
2005-04-06,6608687.002806456
2005-04-07,6611878.734604233
2005-04-08,6588264.436161356
2005-04-11,6574663.506189242
2005-04-12,6593190.331993773
2005-04-13,6591107.750361372
2005-04-15,6565526.463243646
2005-04-18,6548127.078491238
2005-04-19,6564106.410267209
2005-04-20,6585644.897731993
2005-04-21,6621188.092390286
2005-04-22,6655161.071426641
2005-04-25,6657254.0976237655
2005-04-26,6674347.261095232
2005-04-27,6654239.281410307
2005-04-28,6660318.808254292
2005-04-29,6633338.98966555
2005-05-02,6624666.835538247
2005-05-03,6628746.1004383
2005-05-04,6658402.317884096
2005-05-05,6679339.886844926
2005-05-06,6712182.813654674
2005-05-09,6749408.740999276
2005-05-10,6754587.196618963
2005-05-11,6758168.979196236
2005-05-12,6788195.135147396
2005-05-13,6811332.167151718
2005-05-16,6805658.603721638
2005-05-17,6772089.274478582
2005-05-18,6774727.6664130725
2005-05-19,6771488.068577974
2005-05-20,6766459.192557138
2005-05-23,6771556.311822903
2005-05-24,6766086.074257367
2005-05-25,6779518.791028651
2005-05-26,6772964.026302681
2005-05-27,6768570.259265931
2005-05-30,6740213.213276036
2005-05-31,6783214.131205824
2005-06-01,6802886.699721988
2005-06-02,6795821.928580607
2005-06-03,6811765.418313177
2005-06-06,6817647.199676266
2005-06-07,6827586.653399727
2005-06-08,6833293.688039025
2005-06-09,6842009.312929793
2005-06-10,6830638.863409755
2005-06-13,6719421.047153009
2005-06-14,6843864.8369311
2005-06-15,6846608.401690347
2005-06-16,6826354.708670223
2005-06-17,6814852.814498104
2005-06-20,6799348.044471778
2005-06-21,6822212.416314324
2005-06-22,6810451.344331299
2005-06-23,6823506.796426182
2005-06-24,6839096.622536365
2005-06-27,6839991.909518214
2005-06-28,6808049.679287352
2005-06-29,6821375.549363451
2005-06-30,6820653.4434055155
2005-07-01,6847623.8387897
2005-07-04,6870769.704262074
2005-07-05,6857829.814245957
2005-07-06,6892732.2508073095
2005-07-07,6866006.126977125
2005-07-08,6884743.667319484
2005-07-11,6933754.074181904
2005-07-12,6932870.893467129
2005-07-13,6950941.610147593
2005-07-14,6948450.237552708
2005-07-15,6945190.896613998
2005-07-18,6953287.491756752
2005-07-19,6936400.523679784
2005-07-20,6975294.343315221
2005-07-21,7009816.439930157
2005-07-22,7027566.6577626625
2005-07-25,7047850.407800336
2005-07-26,7084744.778050637
2005-07-27,7103921.446827884
2005-07-28,12133590.591270162
2005-07-29,7102940.382425738
2005-08-01,7108020.905197608
2005-08-02,7181196.330002264
2005-08-03,7164914.926818529
2005-08-04,7191699.925692366
2005-08-05,7214880.147350583
2005-08-08,7169469.203401986
2005-08-09,7167367.992961394
2005-08-10,7201231.651974624
2005-08-11,7187060.76942003
2005-08-12,7200903.998577837
2005-08-16,7227348.485415413
2005-08-17,7243103.177383873
2005-08-18,7241582.644273448
2005-08-19,7259072.244014361
2005-08-22,7246732.115113484
2005-08-23,7209598.305127045
2005-08-24,7213435.506147704
2005-08-25,7243582.036039701
2005-08-26,7272826.154897939
2005-08-29,7267001.045465136
2005-08-30,7281334.597873176
2005-08-31,7338498.976604175
2005-09-01,7377081.83783488
2005-09-02,7408968.938569046
2005-09-05,7463408.428500326
2005-09-06,7498345.405600398
2005-09-08,7506418.027873223
2005-09-09,7477400.022640059
2005-09-12,7512479.691237688
2005-09-13,7509616.521056487
2005-09-14,7475125.616578201
2005-09-15,7668308.445664903
2005-09-16,7679718.491061497
2005-09-19,7710588.96405929
2005-09-20,7689395.581467888
2005-09-21,7661649.232137246
2005-09-22,7524595.7139802715
2005-09-23,7544539.740688526
2005-09-26,7648434.92661393
2005-09-27,7674547.897855339
2005-09-28,7715696.469441889
2005-09-29,7684662.735683945
2005-09-30,7686182.217921036
2005-10-03,7684170.183535822
2005-10-04,7719983.838960743
2005-10-05,7689096.735106863
2005-10-06,7668440.979906026
2005-10-07,7658341.755570351
2005-10-10,7663445.259770862
2005-10-11,7620204.204453275
2005-10-13,7601658.801902192
2005-10-14,7546967.462909699
2005-10-17,7545135.890514539
2005-10-18,7533380.101338821
2005-10-19,7483895.144033242
2005-10-20,7447952.553362947
2005-10-21,7461828.247973704
2005-10-24,7460893.998280205
2005-10-25,7465784.455643481
2005-10-26,7468532.160056999
2005-10-27,7454031.514977674
2005-10-28,7391928.441320671
2005-10-31,7411170.991067323
2005-11-02,7412365.52025107
2005-11-04,7412107.569732052
2005-11-07,7426974.062224465
2005-11-08,7435652.727509719
2005-11-09,7420361.614899587
2005-11-10,7421429.802320281
2005-11-11,7440706.711965941
2005-11-14,7489954.154490418
2005-11-16,7494450.448154257
2005-11-17,7500681.676912663
2005-11-18,7491092.000055871
2005-11-21,7472710.422467441
2005-11-22,7479925.65680724
2005-11-23,7485369.8780103475
2005-11-24,7512009.157534007
2005-11-25,7522266.592558141
2005-11-28,7575002.055937622
2005-11-29,7568106.075630704
2005-11-30,7544297.191419673
2005-12-01,7576609.365521753
2005-12-02,7576339.180242457
2005-12-05,7572630.361054053
2005-12-06,7576963.866501998
2005-12-07,7590961.622762302
2005-12-08,7627238.934665369
2005-12-09,7631838.296285432
2005-12-12,7626298.865946833
2005-12-13,7635452.95522248
2005-12-14,7612136.602667716
2005-12-15,7571158.374027035
2005-12-16,7590677.7306954805
2005-12-19,7619530.580788745
2005-12-20,7627091.530784711
2005-12-21,7639376.893854324
2005-12-22,7641213.741175664
2005-12-23,7618900.1072928
2005-12-26,7600599.008460144
2005-12-27,7625358.237670051
2005-12-28,7622839.726953954
2005-12-29,7633353.366712608
2005-12-30,7649500.644364338
2006-01-02,7674291.728901594
2006-01-03,7697502.4289911315
2006-01-04,7709894.450746732
2006-01-05,7698137.919707448
2006-01-06,7694348.779545001
2006-01-09,7689220.534562783
2006-01-10,7670475.248799261
2006-01-12,7657085.402454126
2006-01-13,7661451.230721796
2006-01-16,7654487.915119929
2006-01-17,7636715.895385156
2006-01-18,7624524.590838776
2006-01-19,7685864.0655558705
2006-01-20,7695842.331364604
2006-01-23,7725454.166903501
2006-01-24,7750310.566196512
2006-01-25,7711724.013246938
2006-01-27,7742239.3588365475
2006-01-30,7720607.158360629
2006-01-31,7718746.83264081
2006-02-01,7694060.559291095
2006-02-02,7684109.466996609
2006-02-03,7691479.464035158
2006-02-06,7713694.570151788
2006-02-07,7741867.914776071
2006-02-08,7726509.69035887
2006-02-10,7737389.395195741
2006-02-13,7759848.947841896
2006-02-14,7737683.134942706
2006-02-15,7727682.13572433
2006-02-16,7719072.756866416
2006-02-17,7708008.687917896
2006-02-20,7708720.942864519
2006-02-21,7717103.231114515
2006-02-22,7713965.210098116
2006-02-23,7708120.903037212
2006-02-24,7720670.146892677
2006-02-27,7726701.155727774
2006-02-28,7744631.382318008
2006-03-01,7756561.3114425605
2006-03-02,7798756.467524706
2006-03-03,7825134.16784721
2006-03-06,7836752.374833074
2006-03-07,7869761.342770428
2006-03-08,7842384.824025773
2006-03-09,7864766.331942454
2006-03-10,7889314.591281175
2006-03-13,7882198.28137366
2006-03-14,7876946.528036633
2006-03-16,7891981.439671742
2006-03-17,7896900.5751977805
2006-03-20,7906222.5179446135
2006-03-21,7913041.1772065805
2006-03-22,7884067.069994693
2006-03-23,7890647.765520992
2006-03-24,7907645.703412072
2006-03-27,7906966.078507424
2006-03-28,7889485.857229531
2006-03-29,7901934.978300604
2006-03-30,7942858.38716889
2006-03-31,8087517.390166277
2006-04-03,8155147.996789837
2006-04-04,8194943.55309246
2006-04-05,8229167.015725596
2006-04-07,8179613.762315988
2006-04-10,8195786.674547971
2006-04-12,8155050.412446881
2006-04-13,8112110.087434388
2006-04-17,8155145.865012316
2006-04-18,8214115.706766954
2006-04-19,8237107.523708576
2006-04-20,8239433.062529702
2006-04-21,8252738.0284399055
2006-04-24,8281928.62778878
2006-04-25,8221147.623581389
2006-04-26,8278271.644519385
2006-04-27,8243207.949836711
2006-04-28,8254972.558430431
2006-05-02,8327959.196033296
2006-05-03,8343507.293776154
2006-05-04,8341473.110466831
2006-05-05,8348116.217069479
2006-05-08,8394750.350964513
2006-05-09,8435618.173784638
2006-05-10,8423065.712625753
2006-05-11,8388329.936812563
2006-05-12,8340303.462178028
2006-05-15,8211531.237866888
2006-05-16,8195850.271525861
2006-05-17,8250425.784218691
2006-05-18,8041964.4516053
2006-05-19,7977820.653150289
2006-05-22,7879153.974138671
2006-05-23,7924476.33361293
2006-05-24,7891593.330508737
2006-05-25,7875842.635914744
2006-05-26,7895223.6208701655
2006-05-29,7950233.910561914
2006-05-30,7940964.574234945
2006-05-31,7902362.472252262
2006-06-01,7865493.6676975265
2006-06-02,7856437.1262803925
2006-06-05,7844236.799780757
2006-06-06,7813253.046181204
2006-06-07,7753464.86003694
2006-06-08,7686395.778231494
2006-06-09,7742633.867190207
2006-06-12,7732112.5853281515
2006-06-13,7708304.641250914
2006-06-14,7700962.951439199
2006-06-15,7743945.918613421
2006-06-16,7767106.202746213
2006-06-19,7771937.005956639
2006-06-20,7759821.282642579
2006-06-21,7758860.221271532
2006-06-22,7791678.459018836
2006-06-23,7765382.3187801195
2006-06-26,7716651.906154717
2006-06-27,7727066.61705438
2006-06-28,7722456.000902795
2006-06-29,7729971.677451498
2006-06-30,7757075.023671166
2006-07-03,7764019.116978342
2006-07-04,7757006.582430483
2006-07-05,7775121.145768842
2006-07-06,7767825.803683487
2006-07-07,7751499.993253256
2006-07-10,7762873.20053524
2006-07-11,7765701.4017081885
2006-07-12,7779769.885481656
2006-07-13,7776115.899348545
2006-07-14,7765520.700654235
2006-07-17,7740375.030202275
2006-07-18,7731579.211451664
2006-07-19,7710140.698778668
2006-07-20,7727050.881515405
2006-07-21,7711376.825450414
2006-07-24,7708679.256693102
2006-07-25,7717379.316510975
2006-07-26,7727566.764198521
2006-07-27,7736005.960730967
2006-07-28,7737958.530793511
2006-07-31,7746508.952569625
2006-08-01,7747764.870750154
2006-08-02,7759028.149540425
2006-08-03,7758242.393516273
2006-08-04,7752982.201639734
2006-08-07,7755742.608149282
2006-08-08,7769885.66100778
2006-08-09,7775553.5033108555
2006-08-10,7777105.992701517
2006-08-11,7798628.594218637
2006-08-14,7804404.466472161
2006-08-16,7813421.0109307
2006-08-17,7830127.882272697
2006-08-18,7828700.630314979
2006-08-21,7829453.568098521
2006-08-22,7824347.216056138
2006-08-23,7826428.374774065
2006-08-24,7831267.323456336
2006-08-25,7834702.848130175
2006-08-28,7840767.168888949
2006-08-29,7845542.648490311
2006-08-30,7854390.3230304755
2006-08-31,7841316.270691302
2006-09-01,7860858.16026206
2006-09-04,7877932.640150364
2006-09-05,7871888.313070603
2006-09-06,7875444.745088194
2006-09-07,7876541.5621790895
2006-09-08,7890898.531145312
2006-09-11,7865412.210877702
2006-09-12,7889569.574755248
2006-09-13,7901044.798750692
2006-09-14,7906011.619450889
2006-09-15,7911362.104232634
2006-09-18,7904210.786518541
2006-09-19,7885419.18402686
2006-09-20,7891283.262599999
2006-09-21,7899339.346653752
2006-09-22,7893494.18917506
2006-09-25,7882495.116172016
2006-09-26,7890815.220748169
2006-09-27,7804199.215061976
2006-09-28,7811986.608964611
2006-09-29,7799486.6685262155
2006-10-03,7792500.121726592
2006-10-04,7771968.386438519
2006-10-05,7799749.947937428
2006-10-06,7818573.878971884
2006-10-09,7821030.129253133
2006-10-10,7818003.99518225
2006-10-11,7793934.18134983
2006-10-12,7833327.446594217
2006-10-13,7858445.3664264735
2006-10-16,7868639.865283575
2006-10-17,7871632.388486072
2006-10-18,7874423.758185919
2006-10-19,7872789.4411234725
2006-10-20,7876086.441531985
2006-10-23,7871247.913079573
2006-10-26,7905736.505392172
2006-10-27,7942006.687639348
2006-10-30,7949732.925108184
2006-10-31,7949717.427254274
2006-11-01,7978189.559911532
2006-11-02,8007053.718256954
2006-11-03,7995027.6597391255
2006-11-06,8009832.666565364
2006-11-07,8001644.121443932
2006-11-08,7981241.774715463
2006-11-09,7998122.840623956
2006-11-10,8032048.51568341
2006-11-13,8061663.95784012
2006-11-14,8059905.446464844
2006-11-15,8062596.939552676
2006-11-16,8059061.40051734
2006-11-17,8022422.266246179
2006-11-20,8001535.269632184
2006-11-21,8055952.322090166
2006-11-22,8126925.949141769
2006-11-23,8122621.743391216
2006-11-24,8112159.5213781735
2006-11-27,8100457.65892109
2006-11-28,8081656.641947668
2006-11-29,8081714.101934038
2006-11-30,8078817.235304862
2006-12-01,8146239.351706238
2006-12-04,8153676.510629796
2006-12-05,8132892.90462709
2006-12-06,8109731.928450432
2006-12-07,8146685.03752369
2006-12-08,8111675.441273561
2006-12-11,8010085.203248549
2006-12-12,7889364.686379547
2006-12-13,7967285.799073558
2006-12-14,8038526.202851571
2006-12-15,8053921.517197226
2006-12-18,8091992.559503608
2006-12-19,8050953.80069015
2006-12-20,8029932.131213249
2006-12-21,8034854.145900583
2006-12-22,8062515.313786618
2006-12-26,8109768.945781641
2006-12-27,8150571.519929145
2006-12-28,8157524.008375994
2006-12-29,8179769.833350318
2007-01-02,8205960.850531186
2007-01-03,8210014.504100369
2007-01-04,8197954.6122527085
2007-01-05,8198357.507778035
2007-01-08,8160277.728696166
2007-01-09,8130355.667457825
2007-01-10,8097428.462212552
2007-01-11,8134927.688629126
2007-01-12,8223126.24005957
2007-01-15,8284090.127724835
2007-01-16,8270586.167349098
2007-01-17,8312655.726764926
2007-01-18,8307466.611758556
2007-01-19,8276485.6391820125
2007-01-22,8286010.459687455
2007-01-23,8270714.081411852
2007-01-24,8326527.543700106
2007-01-25,8358819.346166984
2007-01-29,8365382.800240451
2007-01-31,8363683.037455938
2007-02-01,8416732.856234876
2007-02-02,8453141.282941649
2007-02-05,8459354.711221218
2007-02-06,8468795.5427168
2007-02-07,8499959.714083342
2007-02-08,8497505.410878275
2007-02-09,8456650.035245383
2007-02-12,8303554.937771484
2007-02-13,8288969.347791439
2007-02-14,8287366.420973537
2007-02-15,8399066.066511454
2007-02-19,8446255.744229766
2007-02-20,8392813.711457683
2007-02-21,8393578.247506296
2007-02-22,8338540.38283775
2007-02-23,8251975.543292228
2007-02-26,8256499.903511024
2007-02-27,8234190.56096131
2007-02-28,8129975.677309085
2007-03-01,8156277.986901643
2007-03-02,8076788.216014844
2007-03-05,7977708.719265617
2007-03-06,7970675.405940401
2007-03-07,7945643.814999485
2007-03-08,7992761.533530748
2007-03-09,7992835.995346056
2007-03-12,7998527.709154236
2007-03-13,8019235.4402141785
2007-03-14,7977334.576198981
2007-03-15,7992243.727094339
2007-03-16,7984842.081206611
2007-03-19,7994401.758429067
2007-03-20,7982123.790193624
2007-03-21,7994207.555389712
2007-03-22,8026426.834128492
2007-03-23,8017284.841339886
2007-03-26,8009498.073215977
2007-03-28,7996500.198652754
2007-03-29,8003830.082274866
2007-03-30,8011647.729008753
2007-04-02,7951939.298921937
2007-04-03,7966852.91271544
2007-04-04,7981620.560319294
2007-04-05,7995353.940528354
2007-04-09,8016898.957047958
2007-04-10,8026718.321667867
2007-04-11,8035684.105118109
2007-04-12,8032665.735587337
2007-04-13,8054536.196095542
2007-04-16,8076866.63353733
2007-04-17,8077656.45420472
2007-04-18,8070594.069801733
2007-04-19,8068243.575075976
2007-04-20,8092121.062418487
2007-04-23,8103245.049405146
2007-04-24,8125228.504658708
2007-04-25,8130326.286767388
2007-04-26,8122247.13776553
2007-04-27,8109387.931165763
2007-04-30,8141843.029670701
2007-05-03,8161416.900587625
2007-05-04,8156001.3946564505
2007-05-07,8144564.403661517
2007-05-08,8139315.391844896
2007-05-09,8142714.140279656
2007-05-10,8134859.111484114
2007-05-11,8146095.34149469
2007-05-14,8161298.235080848
2007-05-15,8176776.529085976
2007-05-16,8188867.276486889
2007-05-17,8181274.00365878
2007-05-18,8179719.449792464
2007-05-21,8201457.103289461
2007-05-22,8202234.2255524425
2007-05-23,8188443.870884168
2007-05-24,8197014.581680706
2007-05-25,8199048.221497036
2007-05-28,8201345.005968424
2007-05-29,8210588.883643128
2007-05-30,8193478.518418085
2007-05-31,8199958.870402856
2007-06-01,8199346.179606656
2007-06-04,8194110.386651799
2007-06-05,8207488.384763646
2007-06-06,8181781.233758765
2007-06-07,8185885.670414446
2007-06-08,8175026.196793914
2007-06-11,8183041.207643574
2007-06-12,8178544.873907584
2007-06-13,8171127.221023214
2007-06-14,8210357.747710487
2007-06-15,8219230.789340526
2007-06-18,8225990.234239168
2007-06-19,8248547.615085666
2007-06-20,8261916.3226715885
2007-06-21,8278202.660820727
2007-06-22,8270201.736841542
2007-06-25,8297471.886776378
2007-06-26,8324014.168298199
2007-06-27,8318033.079934588
2007-06-28,8467088.47736088
2007-06-29,8509707.666916445
2007-07-02,8527529.517847698
2007-07-03,8549489.251757214
2007-07-04,8552229.532825438
2007-07-05,8545994.826849608
2007-07-06,8546977.019751152
2007-07-09,8567334.532095546
2007-07-10,8574356.461132685
2007-07-11,8585392.0677257
2007-07-12,8664778.731613342
2007-07-13,8683398.474945048
2007-07-16,8682578.925407669
2007-07-17,8621551.65180583
2007-07-18,8596451.070562221
2007-07-19,8633139.074264886
2007-07-20,8671602.815133212
2007-07-23,8724806.844332777
2007-07-24,8713431.46069004
2007-07-25,8689146.16080414
2007-07-26,8684253.739489427
2007-07-27,8580668.963716587
2007-07-30,8580906.090385534
2007-07-31,8626771.79380579
2007-08-01,8526870.979117425
2007-08-02,8539803.831635645
2007-08-03,8597761.1317704
2007-08-06,8574135.102068411
2007-08-07,8572009.975113774
2007-08-08,8604464.849243691
2007-08-09,8576296.314522948
2007-08-10,8550515.168619368
2007-08-13,8576140.879043758
2007-08-14,8562123.768893568
2007-08-16,8479974.887364736
2007-08-17,8474686.744295355
2007-08-20,8501207.589200059
2007-08-21,8448299.674332624
2007-08-22,8454934.047509992
2007-08-23,8421499.589818764
2007-08-24,8450265.115110183
2007-08-27,8467788.470007496
2007-08-28,8486306.852027498
2007-08-29,8502364.107284686
2007-08-30,8530705.530686041
2007-08-31,8535999.024127584
2007-09-03,8546109.832742821
2007-09-04,8554370.502192128
2007-09-05,8557389.58595113
2007-09-06,8572419.306382725
2007-09-07,8555324.845712304
2007-09-10,8570779.29279188
2007-09-11,8578480.712272715
2007-09-12,8589806.094222067
2007-09-13,8598566.455907349
2007-09-14,8585955.917152142
2007-09-17,8575481.387333458
2007-09-18,8592085.45522135
2007-09-19,8629694.268981349
2007-09-20,8635033.247409414
2007-09-21,8678228.393061146
2007-09-24,8711842.428758295
2007-09-25,8718134.460737992
2007-09-26,8724004.20396394
2007-09-27,8706711.480620733
2007-09-28,8743104.986348182
2007-10-01,8750805.01366863
2007-10-03,8757229.421228567
2007-10-04,8796574.531442005
2007-10-05,8777842.502745867
2007-10-08,8697215.631548343
2007-10-09,8771545.66826231
2007-10-10,8815396.626571396
2007-10-11,8871479.881799612
2007-10-12,8832212.05336474
2007-10-15,8932942.27589635
2007-10-16,8912158.652006876
2007-10-17,8858375.057870006
2007-10-18,8782552.068822868
2007-10-19,8700650.457662283
2007-10-22,8694364.45646662
2007-10-23,8830457.329834275
2007-10-24,8862287.034435755
2007-10-25,8903788.897186253
2007-10-26,8986045.358399335
2007-10-29,9064328.572027039
2007-10-30,9062911.830796637
2007-10-31,9187816.501875944
2007-11-01,9165854.070154348
2007-11-02,9213095.690525066
2007-11-05,9191940.1793157
2007-11-06,9152351.064582108
2007-11-07,9136697.106447188
2007-11-08,9085612.496394772
2007-11-12,9100279.74155942
2007-11-13,9182914.183614876
2007-11-14,9252636.872508654
2007-11-15,9269750.630420007
2007-11-16,9253552.85247585
2007-11-19,9334475.101359036
2007-11-20,9288100.961418243
2007-11-21,9130957.397133444
2007-11-22,9129396.132567381
2007-11-23,9227610.909758816
2007-11-26,9345100.970036075
2007-11-27,9331329.177143438
2007-11-28,9281471.779929593
2007-11-29,9268515.972619517
2007-11-30,9324329.6704029
2007-12-03,9381538.309558483
2007-12-04,9468728.085270368
2007-12-05,9493981.61844549
2007-12-06,9449685.49158585
2007-12-07,9437776.782607151
2007-12-10,9439751.812404236
2007-12-11,9479670.26529929
2007-12-12,9527216.892937606
2007-12-13,9493310.090772757
2007-12-14,9502814.44116727
2007-12-17,9348538.311570149
2007-12-18,9310192.158541244
2007-12-19,9305406.412877528
2007-12-20,9321118.144536275
2007-12-24,9374822.194682866
2007-12-26,9424948.20504645
2007-12-27,9407095.15571822
2007-12-28,9457798.622378672
2007-12-31,9476586.413976945
2008-01-01,9522849.12204444
2008-01-02,9590438.791594096
2008-01-03,9592531.300167274
2008-01-04,9595424.66692694
2008-01-07,9571478.570212878
2008-01-08,9522501.54548292
2008-01-09,9496313.24735622
2008-01-10,9415678.369950568
2008-01-11,9434482.379938759
2008-01-14,9530597.140064117
2008-01-15,9479396.355471369
2008-01-16,9451963.738124859
2008-01-17,9472443.63771421
2008-01-18,9342519.43685893
2008-01-21,9079944.975459103
2008-01-22,8985963.579344325
2008-01-23,9042766.892642973
2008-01-24,8981398.179758376
2008-01-25,9103014.946418857
2008-01-28,9108316.743985664
2008-01-29,9093739.011612954
2008-01-30,9073044.334977072
2008-01-31,9087348.285619045
2008-02-01,9071390.753450539
2008-02-04,9097105.81405909
2008-02-05,9088267.854580678
2008-02-06,9077184.152200792
2008-02-07,9052373.89315948
2008-02-08,9046993.030003877
2008-02-11,9007805.918188175
2008-02-12,8989980.712041203
2008-02-13,9002443.262309885
2008-02-14,9027721.366040267
2008-02-15,9040259.071255552
2008-02-18,9043574.330231857
2008-02-19,9041868.478801088
2008-02-20,9026438.58746662
2008-02-21,9029746.33241393
2008-02-22,9017043.499188319
2008-02-25,9016476.6424461
2008-02-26,9021732.709204659
2008-02-27,9016391.066645615
2008-02-28,9010309.272383159
2008-02-29,9013652.778889485
2008-03-03,8988112.92645098
2008-03-04,8983826.126244344
2008-03-05,8975895.754160937
2008-03-07,8952728.993420297
2008-03-10,8950814.475476254
2008-03-11,8951655.303283928
2008-03-12,8950516.28786567
2008-03-13,8941555.62810381
2008-03-14,8944768.33128296
2008-03-17,8941294.559110852
2008-03-18,8940911.391167037
2008-03-19,8939408.710437635
2008-03-24,8941235.5089316
2008-03-25,8938484.529451318
2008-03-26,8934509.1203162
2008-03-27,8936470.603844246
2008-03-28,8940067.276490478
2008-03-31,8930957.524088878
2008-04-01,8922732.975583334
2008-04-02,8919682.914939342
2008-04-03,8922053.920380743
2008-04-04,8916724.258985912
2008-04-07,8923079.618402816
2008-04-08,8922260.625835663
2008-04-09,8921028.24752027
2008-04-10,8919314.166537777
2008-04-11,8917004.01559731
2008-04-15,8922803.619774839
2008-04-16,8922381.96736782
2008-04-17,8922381.757844204
2008-04-21,8929031.153169546
2008-04-22,8932388.561540877
2008-04-23,8933838.894972181
2008-04-24,8932716.466058098
2008-04-25,8934476.833987389
2008-04-28,8936063.726781946
2008-04-29,8942073.479213063
2008-04-30,8941258.437013706
2008-05-02,8940734.530971156
2008-05-05,8941076.58140628
2008-05-06,8943755.459668618
2008-05-07,8948802.151469275
2008-05-08,8947443.64260665
2008-05-09,8942984.031488594
2008-05-12,8934259.133347845
2008-05-13,8936167.30979697
2008-05-14,8933409.462240761
2008-05-15,8925240.67131964
2008-05-16,8938050.901818695
2008-05-20,8936394.79980901
2008-05-21,8931122.42011527
2008-05-22,8928575.188068708
2008-05-23,8927004.532466058
2008-05-26,8929262.460390333
2008-05-27,8925275.979318669
2008-05-28,8941732.526357125
2008-05-29,8930098.255263347
2008-05-30,8928817.594257293
2008-06-02,8927773.952648168
2008-06-03,8916801.83317288
2008-06-04,8890772.966460705
2008-06-05,8909801.698785536
2008-06-06,8904193.480756363
2008-06-09,8901078.769649254
2008-06-10,8899395.45375718
2008-06-11,8901585.942469666
2008-06-12,8905336.520439437
2008-06-13,8902636.664913869
2008-06-16,8909244.054355994
2008-06-17,8910014.596867142
2008-06-18,8895409.631295724
2008-06-19,8892351.37110386
2008-06-20,8877923.864151651
2008-06-23,8865125.004835289
2008-06-24,8854803.109630765
2008-06-25,8847667.162551884
2008-06-26,8856314.607456194
2008-06-27,8849915.44720046
2008-06-30,8849069.123291502
2008-07-01,8845744.884215323
2008-07-02,8848258.895886064
2008-07-03,8840310.327437358
2008-07-04,8841780.281457582
2008-07-07,8841126.336294519
2008-07-08,8837666.196922755
2008-07-09,8845332.289285736
2008-07-10,8838441.248796664
2008-07-11,8833203.847625855
2008-07-14,8842503.52327915
2008-07-15,8834223.266351612
2008-07-16,8831591.9484378
2008-07-17,8837724.217217231
2008-07-18,8842961.62925484
2008-07-21,8854954.544301845
2008-07-22,8846844.75306765
2008-07-23,8870310.067075443
2008-07-24,8861369.101312127
2008-07-25,8850472.37174664
2008-07-28,8849186.393562546
2008-07-29,8844176.17231986
2008-07-30,8847972.10672999
2008-07-31,8850335.24531129
2008-08-01,8854929.539249912
2008-08-04,8859656.331129525
2008-08-05,8860137.590418773
2008-08-06,8858533.957050515
2008-08-07,8862738.135493565
2008-08-08,8860570.16441973
2008-08-11,8866282.613777017
2008-08-12,8864190.500009928
2008-08-13,8864874.211638201
2008-08-14,8857735.951133404
2008-08-18,8858103.668074364
2008-08-19,8856061.630384848
2008-08-20,8868526.79973414
2008-08-21,8850110.52423185
2008-08-22,8846419.069405098
2008-08-25,8848742.140995575
2008-08-26,8856273.567360958
2008-08-27,8855498.268165097
2008-08-28,8842319.555511234
2008-08-29,8852616.062702894
2008-09-01,8854739.092945004
2008-09-02,8863583.151279038
2008-09-04,8862267.9265574
2008-09-05,8857787.522698415
2008-09-08,8864714.071210314
2008-09-09,8861159.858027272
2008-09-10,8862233.664118716
2008-09-11,8847525.776138004
2008-09-12,8838769.902235089
2008-09-15,8819930.080393158
2008-09-16,8803280.39308361
2008-09-17,8796698.714209888
2008-09-18,8790039.878873438
2008-09-19,8800196.953253865
2008-09-22,8796513.593518863
2008-09-23,8789752.19040564
2008-09-24,8793387.83832315
2008-09-25,8794138.364353174
2008-09-26,8787711.21914709
2008-09-29,8784347.921209846
2008-09-30,8785543.021592002
2008-10-01,8785784.919987962
2008-10-03,8781262.361531591
2008-10-06,8769661.474082764
2008-10-07,8769114.659363003
2008-10-08,8757446.465636857
2008-10-10,8740050.02161485
2008-10-13,8742186.258689437
2008-10-14,8743043.981886733
2008-10-15,8740379.587497197
2008-10-16,8739379.150273265
2008-10-17,8737241.947610753
2008-10-20,8737554.005775878
2008-10-21,8738390.498473894
2008-10-22,8734961.457862306
2008-10-23,8732188.926929284
2008-10-24,8729628.966207374
2008-10-27,8729628.966207374
2008-10-29,8733670.66262413
2008-10-31,8727145.110428909
2008-11-03,8732871.888179686
2008-11-04,8713553.946403857
2008-11-05,8716205.96392006
2008-11-06,8713178.51381001
2008-11-07,8711687.808374917
2008-11-10,8719128.416280445
2008-11-11,8706709.784555886
2008-11-12,8702445.079203026
2008-11-14,8700157.106541807
2008-11-17,8697053.032494616
2008-11-18,8695556.811764376
2008-11-19,8693400.678162703
2008-11-20,8690528.127618259
2008-11-21,8691506.921659844
2008-11-24,8693467.634672608
2008-11-25,8693667.573369805
2008-11-26,8693519.305995552
2008-11-27,8693519.305995552
2008-11-28,8691325.7375672
2008-12-01,8691381.032840079
2008-12-02,8685977.960681701
2008-12-03,8685465.994436363
2008-12-04,8688420.502107188
2008-12-05,8684165.966394152
2008-12-08,8680627.473994642
2008-12-10,8679970.783293644
2008-12-11,8673078.125955103
2008-12-12,8671825.498902746
2008-12-15,8674611.758919416
2008-12-16,8674274.63541096
2008-12-17,8669995.72849655
2008-12-18,8673179.114847092
2008-12-19,8675266.807905674
2008-12-22,8674051.133304251
2008-12-23,8671127.120237177
2008-12-24,8674041.67718121
2008-12-26,8669098.16465914
2008-12-29,8670204.944663446
2008-12-30,8672817.182864347
2008-12-31,8672435.239515623
2009-01-02,8677427.37464395
2009-01-05,8681511.286208682
2009-01-06,8681547.13656527
2009-01-07,8663079.879306573
2009-01-09,8662304.31693613
2009-01-12,8652439.694370236
2009-01-13,8652694.046477076
2009-01-14,8657256.711101634
2009-01-15,8653626.458356231
2009-01-16,8656219.124263268
2009-01-19,8653321.058954129
2009-01-20,8656704.034819355
2009-01-21,8650764.6770612
2009-01-22,8648187.117985502
2009-01-23,8641047.336832564
2009-01-27,8642929.900348997
2009-01-28,8643018.386704503
2009-01-29,8645525.92667157
2009-01-30,8651146.552011358
2009-02-02,8641950.064826025
2009-02-03,8640718.770633575
2009-02-04,8641820.469249941
2009-02-05,8637485.594158381
2009-02-06,8641211.867976181
2009-02-09,8644244.944177758
2009-02-10,8647383.419427633
2009-02-11,8651488.825852718
2009-02-12,8652128.433613388
2009-02-13,8655892.824886058
2009-02-16,8647222.909232378
2009-02-17,8644951.287908517
2009-02-18,8653099.071136806
2009-02-19,8654092.941429628
2009-02-20,8645891.003363382
2009-02-24,8637507.428101826
2009-02-25,8637538.649767835
2009-02-26,8640223.91504481
2009-02-27,8648038.502106866
2009-03-02,8634532.012765175
2009-03-03,8627263.36067334
2009-03-04,8627046.536574868
2009-03-05,8605709.670285927
2009-03-06,8601353.319495939
2009-03-09,8581925.81935357
2009-03-12,8584063.60940849
2009-03-13,8594553.802341443
2009-03-16,8600680.10463206
2009-03-17,8597161.664468931
2009-03-18,8596797.044412356
2009-03-19,8607333.146533811
2009-03-20,8612135.34259996
2009-03-23,8625072.717113443
2009-03-24,8620487.990669552
2009-03-25,8623826.481484186
2009-03-26,8630136.579436537
2009-03-27,8633769.244004175
2009-03-30,8619942.526642557
2009-03-31,8629580.535340287
2009-04-01,8612300.109913325
2009-04-02,8641759.860850502
2009-04-06,8663050.1191739
2009-04-08,8684342.252189342
2009-04-09,8702573.928330233
2009-04-13,8728610.441166613
2009-04-15,8776081.430962203
2009-04-16,8727724.664755177
2009-04-17,8753318.111372715
2009-04-20,8763727.080778535
2009-04-21,8765025.961009525
2009-04-22,8750320.67408813
2009-04-23,8781735.45748588
2009-04-24,8800647.66837435
2009-04-27,8780201.049345603
2009-04-28,8723164.152134705
2009-04-29,8771266.31740593
2009-04-30,8766177.49216854
2009-05-04,8842263.200877668
2009-05-05,8873174.013321845
2009-05-06,8839900.770850716
2009-05-07,8887748.935273748
2009-05-08,8882929.819536282
2009-05-11,8867615.416205505
2009-05-12,8907345.592234796
2009-05-13,8909279.622188365
2009-05-14,8939292.824605683
2009-05-15,8950573.333467228
2009-05-18,9193493.824588073
2009-05-19,9292934.106141321
2009-05-20,9526933.815722004
2009-05-21,9548671.445056032
2009-05-22,9616173.721162455
2009-05-25,9752641.710469326
2009-05-26,9576520.493817091
2009-05-27,9738107.999434723
2009-05-28,9770292.762148017
2009-05-29,9878048.59969684
2009-06-01,10102542.398114448
2009-06-02,10080728.408591714
2009-06-03,10136482.936913347
2009-06-04,10183762.580212386
2009-06-05,10193789.992717933
2009-06-08,10039073.023375222
2009-06-09,10192555.2966631
2009-06-10,10239229.282080144
2009-06-11,10214591.43608093
2009-06-12,10146448.265746994
2009-06-15,9979577.086513244
2009-06-16,10056897.29074815
2009-06-17,9885094.44578987
2009-06-18,9717367.971114365
2009-06-19,9812352.703320596
2009-06-22,9792153.212722255
2009-06-23,9730586.955158968
2009-06-24,9870776.314080736
2009-06-25,9839578.202805007
2009-06-26,9966388.880602574
2009-06-29,10016326.016556181
2009-06-30,9870326.196614442
2009-07-01,9880016.124632817
2009-07-02,9902159.926496962
2009-07-03,9905773.673412113
2009-07-06,9689303.62839774
2009-07-07,9735269.81644306
2009-07-08,9604700.392665874
2009-07-09,9627406.30270298
2009-07-10,9550057.109006694
2009-07-13,9470209.37386168
2009-07-14,9588077.771578344
2009-07-15,9698418.710321814
2009-07-16,9729598.321720608
2009-07-17,9821013.434439609
2009-07-20,9926627.02015679
2009-07-21,9944236.693969809
2009-07-22,9900368.955873346
2009-07-23,9966871.475303112
2009-07-24,10044892.538019579
2009-07-27,10142346.801233444
2009-07-28,10190427.710671674
2009-07-29,10163070.75896267
2009-07-30,10247422.792971788
2009-07-31,10280574.310045028
2009-08-03,10370990.983877296
2009-08-04,10360068.840729445
2009-08-05,10351177.651698394
2009-08-06,10275844.282114679
2009-08-07,10201994.190605704
2009-08-10,10165054.580065962
2009-08-11,10206361.034348965
2009-08-12,10181898.303854333
2009-08-13,10301231.462485457
2009-08-14,10308525.663543068
2009-08-17,10166402.250299262
2009-08-18,10255920.689930104
2009-08-19,10235534.817528361
2009-08-20,10256983.907039702
2009-08-21,10292215.01333932
2009-08-24,10444392.705598647
2009-08-25,10471102.717857812
2009-08-26,10492913.886784071
2009-08-27,10484047.69795489
2009-08-28,10520737.449052433
2009-08-31,10518393.842398912
2009-09-01,10487582.307859734
2009-09-02,10497694.215182737
2009-09-03,10503606.052401094
2009-09-04,10561796.1634707
2009-09-07,10626926.578226946
2009-09-08,10671415.038688155
2009-09-09,10626910.601631645
2009-09-10,10620647.483607948
2009-09-11,10620875.769975688
2009-09-14,10619182.71304057
2009-09-15,10685854.786173826
2009-09-16,10733776.494893892
2009-09-17,10736806.148147903
2009-09-18,10778343.969448024
2009-09-22,10815060.133964565
2009-09-23,10761840.700959614
2009-09-24,10821909.011234447
2009-09-25,10802481.77127314
2009-09-29,10836602.85315111
2009-09-30,10907852.015839932
2009-10-01,10893233.676755644
2009-10-05,10830636.428302841
2009-10-06,10859352.800935715
2009-10-07,10889962.169454584
2009-10-08,10897636.310887672
2009-10-09,10891284.708042257
2009-10-12,10950717.71501348
2009-10-13,10948713.157325892
2009-10-14,11021185.476253707
2009-10-15,11049561.710978193
2009-10-16,11068410.045743804
2009-10-20,11120723.967754059
2009-10-21,11067458.434202917
2009-10-22,10973492.427229624
2009-10-23,10986401.991431698
2009-10-26,10967005.195730831
2009-10-27,10842539.975480817
2009-10-28,10838060.938380705
2009-10-29,10773201.486687511
2009-10-30,10771814.49222021
2009-11-03,10669440.916143492
2009-11-04,10743698.535601785
2009-11-05,10803250.180628426
2009-11-06,10907226.401931006
2009-11-09,10924896.213204142
2009-11-10,10891774.513350168
2009-11-11,10985993.22731694
2009-11-12,10950673.103456644
2009-11-13,10950601.045760432
2009-11-16,10961496.99695734
2009-11-17,10984768.610563317
2009-11-18,10984891.416302446
2009-11-19,10917499.514226219
2009-11-20,10940111.315388298
2009-11-23,10945526.763949735
2009-11-24,10969838.500948172
2009-11-25,10961789.379208758
2009-11-26,10942399.622365018
2009-11-27,10927002.469069576
2009-11-30,10981035.71582387
2009-12-01,10984964.202982139
2009-12-02,10967843.134636758
2009-12-03,11024260.171574142
2009-12-04,11002626.193666304
2009-12-07,10980523.3050579
2009-12-08,10997294.762044387
2009-12-09,10995732.425519021
2009-12-10,10993219.784421036
2009-12-11,10977488.63475709
2009-12-14,10972819.715330318
2009-12-15,10951210.08700813
2009-12-16,10971172.490817957
2009-12-17,10988994.636997707
2009-12-18,10981122.948291333
2009-12-21,10957438.939870404
2009-12-22,10978023.8449156
2009-12-23,11031729.720573002
2009-12-24,11039880.463501846
2009-12-29,11054677.172691673
2009-12-30,11090086.790134776
2009-12-31,11099741.676877514
2010-01-04,11143626.186324721
2010-01-05,11146098.21316499
2010-01-06,11172241.954984596
2010-01-07,11192660.477413928
2010-01-08,11147736.470433503
2010-01-11,11168018.124605088
2010-01-12,11183655.318906328
2010-01-13,11217326.491275659
2010-01-14,11257909.168103212
2010-01-15,11253710.852301147
2010-01-18,11239782.250962064
2010-01-19,11215153.254115943
2010-01-20,11187900.150687063
2010-01-21,11109516.32613759
2010-01-22,11093520.935630841
2010-01-25,11064866.87288599
2010-01-27,10977997.459824555
2010-01-28,10967212.25550919
2010-01-29,10972293.988422973
2010-02-01,10980354.888174491
2010-02-02,10965248.34576581
2010-02-03,10984176.13206758
2010-02-04,10962253.91127253
2010-02-05,10939503.381715823
2010-02-06,9694393.226140238
2010-02-08,10944009.5138001
2010-02-09,10942088.593879377
2010-02-10,10947208.344803916
2010-02-11,10950817.464723706
2010-02-15,10951708.363676509
2010-02-16,10964221.166592974
2010-02-17,10979393.233206699
2010-02-18,10971650.35773207
2010-02-19,10964591.685533488
2010-02-22,10975538.39019544
2010-02-23,10958550.528514612
2010-02-24,10959929.100062141
2010-02-25,10949993.366720343
2010-02-26,10962702.315943763
2010-03-02,10972477.8074942
2010-03-03,10984335.367213506
2010-03-04,10993046.491852742
2010-03-05,10997184.851036312
2010-03-08,11020057.835599646
2010-03-09,11009187.072491227
2010-03-10,11004161.02375151
2010-03-11,10998046.510981703
2010-03-12,11010083.026114436
2010-03-15,11008934.190315884
2010-03-16,11013830.418250218
2010-03-17,10999586.890736002
2010-03-18,10996637.983389981
2010-03-19,11008661.076786503
2010-03-22,11009264.944046624
2010-03-23,11003637.67336266
2010-03-25,11005193.699624902
2010-03-26,11015795.024410764
2010-03-29,11024622.160287958
2010-03-30,11030266.44902239
2010-03-31,11050120.72400294
2010-04-01,11048169.620754547
2010-04-05,11048016.125911342
2010-04-06,11032675.24006019
2010-04-07,11028536.63709847
2010-04-08,11035000.898469986
2010-04-09,11025179.137358125
2010-04-12,11017290.580337897
2010-04-13,11011383.533610748
2010-04-15,11010110.69279458
2010-04-16,10997744.222387802
2010-04-19,10981104.017808914
2010-04-20,11007216.057775788
2010-04-21,11009407.253075574
2010-04-22,11010470.32257185
2010-04-23,11012024.617399056
2010-04-26,11016242.588240333
2010-04-27,11000956.478590451
2010-04-28,10993767.216523014
2010-04-29,10994429.620172277
2010-04-30,11003465.607603723
2010-05-03,11000876.023071244
2010-05-04,10988201.725872459
2010-05-05,10983489.643190239
2010-05-06,10986354.916057298
2010-05-07,10965325.4333161
2010-05-10,10980897.191865629
2010-05-11,10982988.527282352
2010-05-12,10985082.588346593
2010-05-13,11004278.789297879
2010-05-14,11000009.953856444
2010-05-17,11010640.902137056
2010-05-18,11018316.126804681
2010-05-19,10990940.445737774
2010-05-20,10993512.317444503
2010-05-21,10975089.218556268
2010-05-24,10972594.874679426
2010-05-25,10939207.313699111
2010-05-26,10960843.418416327
2010-05-27,10975530.08707197
2010-05-28,10984119.368444176
2010-05-31,10994766.963969642
2010-06-01,10985906.881213877
2010-06-02,11007906.860169105
2010-06-03,11017660.869087566
2010-06-04,11021147.668599319
2010-06-07,11006052.768948901
2010-06-08,10998159.148084637
2010-06-09,10997021.329293735
2010-06-10,11008164.518966094
2010-06-11,11012070.047358474
2010-06-14,11009717.198268197
2010-06-15,11019763.722687293
2010-06-16,11024764.989939474
2010-06-17,11026841.492862131
2010-06-18,11015460.954989921
2010-06-21,11034755.93503666
2010-06-22,11041897.550307984
2010-06-23,11052224.14984418
2010-06-24,11057631.787353585
2010-06-25,11056116.437016847
2010-06-28,11086273.112113565
2010-06-29,11081201.599167112
2010-06-30,11090730.14099007
2010-07-01,11090488.782875676
2010-07-02,11081624.005332375
2010-07-05,11075189.168315317
2010-07-06,11084014.339992188
2010-07-07,11093739.949316356
2010-07-08,11116550.04581618
2010-07-09,11122508.70320643
2010-07-12,11122763.017621523
2010-07-13,11139306.396945145
2010-07-14,11133998.009725373
2010-07-15,11123294.065418156
2010-07-16,11122279.362827657
2010-07-19,11118066.712196294
2010-07-20,11111971.097555922
2010-07-21,11114203.651308075
2010-07-22,11124341.375303019
2010-07-23,11121165.05728728
2010-07-26,11105947.73480571
2010-07-27,11126499.08547756
2010-07-28,11121088.631021237
2010-07-29,11117741.935359228
2010-07-30,11137339.8419417
2010-08-02,11158890.745763615
2010-08-03,11159916.553470796
2010-08-04,11160241.982347896
2010-08-05,11166220.179635108
2010-08-06,11155241.356718937
2010-08-09,11167695.095651038
2010-08-10,11145891.910856506
2010-08-11,11158889.304445293
2010-08-12,11181008.210139383
2010-08-13,11192282.92381326
2010-08-16,11175481.373623347
2010-08-17,11190815.586236076
2010-08-18,11210828.23686313
2010-08-19,11233130.48462712
2010-08-20,11237437.137485327
2010-08-23,11247929.776162911
2010-08-24,11244695.98197775
2010-08-25,11219457.018217282
2010-08-26,11220100.395695124
2010-08-27,11210859.864167213
2010-08-30,11206875.950773858
2010-08-31,11197236.49068108
2010-09-01,11230234.061483908
2010-09-02,11245758.355187405
2010-09-03,11262742.181101693
2010-09-06,11305849.657125521
2010-09-07,11287406.736279683
2010-09-08,11291858.045649294
2010-09-09,11303196.905024545
2010-09-13,11318520.29650238
2010-09-14,11302607.30923315
2010-09-15,11298740.797680069
2010-09-16,11283962.947900865
2010-09-17,11299360.572702087
2010-09-20,11310962.200384017
2010-09-21,11271794.004193326
2010-09-22,11262338.685529346
2010-09-23,11260838.421645548
2010-09-24,11275666.581417069
2010-09-27,11271469.567408113
2010-09-28,11271453.096315445
2010-09-29,11263115.699114027
2010-09-30,11247424.608218292
2010-10-01,11289280.208182747
2010-10-04,11303329.773159172
2010-10-05,11354838.499927014
2010-10-06,11376814.406265475
2010-10-07,11362423.76711162
2010-10-08,11355221.920306379
2010-10-11,11368909.115107914
2010-10-12,11341354.669027515
2010-10-13,11360227.98023452
2010-10-14,11348348.575640993
2010-10-15,11314040.803427875
2010-10-18,11325346.406246051
2010-10-19,11302494.11915923
2010-10-20,11300886.63473696
2010-10-21,11334898.570187634
2010-10-22,11326034.82150649
2010-10-25,11337103.780610187
2010-10-26,11334651.781818962
2010-10-27,11334083.484842122
2010-10-28,11359341.638010968
2010-10-29,11348220.345282545
2010-11-01,11404651.743396876
2010-11-02,11390674.133487932
2010-11-03,11395332.939125983
2010-11-04,11423313.602942655
2010-11-08,11417440.13208207
2010-11-09,11450712.834460437
2010-11-10,11440322.185908943
2010-11-11,11423866.643475352
2010-11-12,11386519.438065281
2010-11-15,11381099.092787161
2010-11-16,11353030.970669627
2010-11-18,11345547.894955272
2010-11-19,11306337.288155986
2010-11-22,11343621.08452307
2010-11-23,11344719.752262473
2010-11-24,11350080.792599991
2010-11-25,11322525.656912139
2010-11-26,11310901.576235028
2010-11-29,11310000.527291091
2010-11-30,11321283.879928486
2010-12-01,11346133.405213498
2010-12-02,11350220.04167463
2010-12-03,11333312.747432085
2010-12-06,11332646.883120017
2010-12-07,11330993.06066005
2010-12-08,11304047.56595887
2010-12-09,11250814.519633658
2010-12-10,11257414.140958404
2010-12-13,11274261.401043463
2010-12-14,11284706.70739141
2010-12-15,11276583.635554293
2010-12-16,11279801.380388657
2010-12-20,11282965.94709901
2010-12-21,11283931.309691118
2010-12-22,11280087.906446306
2010-12-23,11282457.203910785
2010-12-24,11281839.47205746
2010-12-27,11286442.306614673
2010-12-28,11284306.924472917
2010-12-29,11291842.318873843
2010-12-30,11296635.699766085
2010-12-31,11301620.550085621
2011-01-03,11308189.529068444
2011-01-04,11309251.139215589
2011-01-05,11300565.198742853
2011-01-06,11297020.596947953
2011-01-07,11279826.590123082
2011-01-10,11270945.891739788
2011-01-11,11266420.530762183
2011-01-12,11273137.979852082
2011-01-13,11273889.76793714
2011-01-14,11274325.074507352
2011-01-17,11268160.441695921
2011-01-18,11276921.535347784
2011-01-19,11282188.469649829
2011-01-20,11278783.944703653
2011-01-21,11272571.300996656
2011-01-24,11265993.421461884
2011-01-25,11266542.098538011
2011-01-27,11264441.286159083
2011-01-28,11254727.627304325
2011-01-31,11254941.610159533
2011-02-01,11245336.451877441
2011-02-02,11244783.344358802
2011-02-03,11248550.081854992
2011-02-04,11242400.55033395
2011-02-07,11244431.699321782
2011-02-08,11235495.609868597
2011-02-09,11233120.827448055
2011-02-10,11224022.296869958
2011-02-11,11225437.890998395
2011-02-14,11226786.871665988
2011-02-15,11223621.33270343
2011-02-16,11221400.448983395
2011-02-17,11221690.635348368
2011-02-18,11211503.521351084
2011-02-21,11213555.049838295
2011-02-22,11211625.47569733
2011-02-23,11207575.607432082
2011-02-24,11202367.809896758
2011-02-25,11203445.604294471
2011-02-28,11201681.719391981
2011-03-01,11205610.227779023
2011-03-03,11205194.415404426
2011-03-04,11204701.227494504
2011-03-07,11201362.752351673
2011-03-08,11204267.968789155
2011-03-09,11209787.774899643
2011-03-10,11207389.276619498
2011-03-11,11205133.94864604
2011-03-14,11203142.93488353
2011-03-15,11186212.603811955
2011-03-16,11196092.249441106
2011-03-17,11186716.667690724
2011-03-18,11192653.549910838
2011-03-21,11188065.928258242
2011-03-22,11190443.708505789
2011-03-23,11186840.20105926
2011-03-24,11188522.616105724
2011-03-25,11189577.40378904
2011-03-28,11185792.164105237
2011-03-29,11181523.555556446
2011-03-30,11182656.44888674
2011-03-31,11189870.046256324
2011-04-01,11188970.88246133
2011-04-04,11197336.432282727
2011-04-05,11198279.747529484
2011-04-06,11199997.178344285
2011-04-07,11202483.4507356
2011-04-08,11198979.25224587
2011-04-11,11199024.882861657
2011-04-13,11198984.46899196
2011-04-15,11202807.025590789
2011-04-18,11189459.0367031
2011-04-19,11191813.988169806
2011-04-20,11202233.267088545
2011-04-21,11201155.558140898
2011-04-25,11201422.798413455
2011-04-26,11202288.284200726
2011-04-27,11205076.174542293
2011-04-28,11204739.062059501
2011-04-29,11198568.685154393
2011-05-02,11190075.791689562
2011-05-03,11180250.759492658
2011-05-04,11178974.016356075
2011-05-05,11176062.564731034
2011-05-06,11176180.426197393
2011-05-09,11185214.177317914
2011-05-10,11183410.204967171
2011-05-11,11184960.69071417
2011-05-12,11177846.276480965
2011-05-13,11183769.255604923
2011-05-16,11181989.783470415
2011-05-17,11184779.501275154
2011-05-18,11174117.803756263
2011-05-19,11177746.646133732
2011-05-20,11175033.305833079
2011-05-23,11168907.101536097
2011-05-24,11165745.238051472
2011-05-25,11169212.714634513
2011-05-26,11177775.107836291
2011-05-27,11182458.292481324
2011-05-30,11188353.033720018
2011-05-31,11199732.222527873
2011-06-01,11208024.667008998
2011-06-02,11197075.60943741
2011-06-03,11197151.831930589
2011-06-06,11189886.89673933
2011-06-07,11196073.050689615
2011-06-08,11208137.166877097
2011-06-09,11205590.642047053
2011-06-10,11206697.59058086
2011-06-13,11198280.419463856
2011-06-14,11201012.722621514
2011-06-15,11196362.393595032
2011-06-16,11190536.606018132
2011-06-17,11182838.3805967
2011-06-20,11156730.65051783
2011-06-21,11153037.063304966
2011-06-22,11146140.886946037
2011-06-23,11151346.425243156
2011-06-24,11167481.210352262
2011-06-27,11171510.830067594
2011-06-28,11175449.997491714
2011-06-29,11183831.338116892
2011-06-30,11196249.557838105
2011-07-01,11186054.896564981
2011-07-04,11185464.235121794
2011-07-05,11181132.864412641
2011-07-06,11181288.771705268
2011-07-07,11191546.048115605
2011-07-08,11155692.99675897
2011-07-11,11168576.839994451
2011-07-12,11162469.929172097
2011-07-13,11166547.827296179
2011-07-14,11165795.879552664
2011-07-15,11167249.404405328
2011-07-18,11173131.733818742
2011-07-19,11180212.08665079
2011-07-20,11177285.25116409
2011-07-21,11175141.672482323
2011-07-22,11185692.699164512
2011-07-25,11188794.818302352
2011-07-26,11176300.768325826
2011-07-27,11184627.74932917
2011-07-28,11195262.356302356
2011-07-29,11193771.24444069
2011-08-01,11214247.133385988
2011-08-02,11208002.45158653
2011-08-03,11202087.800034713
2011-08-04,11203289.746412223
2011-08-05,11166849.772322131
2011-08-08,11154037.57196189
2011-08-09,11143325.067005338
2011-08-10,11132888.980121166
2011-08-11,11125801.649288626
2011-08-12,11115805.150059171
2011-08-16,11109886.124452027
2011-08-17,11110700.243318366
2011-08-18,11103358.73581933
2011-08-19,11091890.226062773
2011-08-22,11090149.361041557
2011-08-23,11095130.883768147
2011-08-24,11089998.281008705
2011-08-25,11097044.613300776
2011-08-26,11083459.888027081
2011-08-29,11091677.122009134
2011-08-30,11100618.425380485
2011-09-02,11108925.685519064
2011-09-05,11117519.520324033
2011-09-06,11117552.788679007
2011-09-07,11117659.725785507
2011-09-08,11121724.952528562
2011-09-09,11113327.573026802
2011-09-12,11109463.499631092
2011-09-13,11108661.117672127
2011-09-14,11112711.387123946
2011-09-15,11108490.235182382
2011-09-16,11102036.881085297
2011-09-19,11099890.095462218
2011-09-20,11107615.027910065
2011-09-21,11116933.421313435
2011-09-22,11081729.996387478
2011-09-23,11071102.543058347
2011-09-26,11057861.802001026
2011-09-27,11075525.372232534
2011-09-28,11068329.284860084
2011-09-29,11065400.439638956
2011-09-30,11049588.213343952
2011-10-03,11043154.521647923
2011-10-04,11034477.361020524
2011-10-05,11022422.9542023
2011-10-07,11032697.663151694
2011-10-10,11035668.025828259
2011-10-11,11037507.573441423
2011-10-12,11040462.701800391
2011-10-13,11036883.971706651
2011-10-14,11040468.44599475
2011-10-17,11040499.551292576
2011-10-18,11032530.664499706
2011-10-19,11050952.863044413
2011-10-20,11043985.818512518
2011-10-21,11040844.68477468
2011-10-24,11039894.504964257
2011-10-25,11040404.881298378
2011-10-28,11057903.171720074
2011-10-31,11049463.890352326
2011-11-01,11041592.456677437
2011-11-02,11038037.614929859
2011-11-03,11041591.916032597
2011-11-04,11042330.373066058
2011-11-08,11040066.99502622
2011-11-09,11035534.480523258
2011-11-11,11035240.011534525
2011-11-14,11020498.95245115
2011-11-15,11008309.589272127
2011-11-16,10997393.023697814
2011-11-17,10992015.92274524
2011-11-18,10995725.184018398
2011-11-21,10991142.011966154
2011-11-22,10992973.86026616
2011-11-23,10986072.99816979
2011-11-24,10984812.921030488
2011-11-25,10978112.845807774
2011-11-28,10975139.715751275
2011-11-29,10980153.792044112
2011-11-30,10975817.810700703
2011-12-01,10980914.034268884
2011-12-02,10984097.184957493
2011-12-05,10980642.48245005
2011-12-07,10977462.22714963
2011-12-08,10971720.085854242
2011-12-09,10965698.208525943
2011-12-12,10954107.542890528
2011-12-13,10951211.184665978
2011-12-14,10947026.200490972
2011-12-15,10945203.202279072
2011-12-16,10937947.874894012
2011-12-19,10936604.460426172
2011-12-20,10933890.065607375
2011-12-21,10934870.789170919
2011-12-22,10935738.636706848
2011-12-23,10934779.64967929
2011-12-26,10936274.565489927
2011-12-27,10934228.061198441
2011-12-28,10928732.718287902
2011-12-29,10928431.662231838
2011-12-30,10927511.434831584
2012-01-02,10923579.162129503
2012-01-03,10927949.360509953
2012-01-04,10925085.609342769
2012-01-05,10925775.064296428
2012-01-06,10927108.696777126
2012-01-07,10560268.823027123
2012-01-09,10929083.13334609
2012-01-10,10919038.068990277
2012-01-11,10939062.780169275
2012-01-12,10948048.263899688
2012-01-13,10959287.037315806
2012-01-16,10950292.107773399
2012-01-17,10965778.072173838
2012-01-18,10940398.072043564
2012-01-19,10954674.016800344
2012-01-20,10958523.55491698
2012-01-23,10966941.405684397
2012-01-24,10989440.05463905
2012-01-25,11014104.702970596
2012-01-27,11018880.815819949
2012-01-30,10978219.911266364
2012-01-31,11015405.214995805
2012-02-01,11031870.538670659
2012-02-02,11052196.715220388
2012-02-03,11063256.632467736
2012-02-06,11106143.711168839
2012-02-07,11085110.501410307
2012-02-08,11105994.042200752
2012-02-09,11145824.802284509
2012-02-10,11156573.67187632
2012-02-13,11176067.351988189
2012-02-14,11192503.402244782
2012-02-15,11259009.611527978
2012-02-16,11255970.057939587
2012-02-17,11250123.044602614
2012-02-21,11275865.922741143
2012-02-22,11143288.297580743
2012-02-23,11119687.561333636
2012-02-24,11095804.165161261
2012-02-27,10943304.326515784
2012-02-28,11089227.009531148
2012-02-29,11119035.541810844
2012-03-01,11089557.890730942
2012-03-02,11079289.678626068
2012-03-03,6758843.461320888
2012-03-05,11032344.917666486
2012-03-06,10956859.102841426
2012-03-07,10950175.973927436
2012-03-09,11032433.200624669
2012-03-12,11077340.058535447
2012-03-13,11102257.862774108
2012-03-14,11096870.300845299
2012-03-15,11041051.299221976
2012-03-16,11013269.088868355
2012-03-19,10990851.356203895
2012-03-20,11018132.858816355
2012-03-21,11094458.941836849
2012-03-22,10993483.122241998
2012-03-23,11020734.257047404
2012-03-26,10966519.31774077
2012-03-27,10958937.674083835
2012-03-28,10909885.363473361
2012-03-29,10929579.452957598
2012-03-30,11012596.647633301
2012-04-02,11040084.40818605
2012-04-03,11048729.517081724
2012-04-04,11055771.159311594
2012-04-09,11034014.116660092
2012-04-10,11039161.658699565
2012-04-11,11029582.901725447
2012-04-12,11073715.013547346
2012-04-13,11047715.073176078
2012-04-16,11061946.782043705
2012-04-17,11092269.371486489
2012-04-18,11118201.107600255
2012-04-19,11123015.562302733
2012-04-20,11113165.649960684
2012-04-23,11047677.004197054
2012-04-24,11034985.353777377
2012-04-25,11014593.1979432
2012-04-26,11014727.842732916
2012-04-27,11006113.679413212
2012-04-30,11047564.53618609
2012-05-02,11033124.1945357
2012-05-03,10999276.43410261
2012-05-04,10945823.840939263
2012-05-07,10969738.38329375
2012-05-08,10933068.54793993
2012-05-09,10912481.639333185
2012-05-10,10905111.384557333
2012-05-11,10865875.944388665
2012-05-14,10851241.29377986
2012-05-15,10871797.089946095
2012-05-16,10844866.638731211
2012-05-17,10852817.67154241
2012-05-18,10841957.142181085
2012-05-21,10846732.663688501
2012-05-22,10834772.68781407
2012-05-23,10833762.505132776
2012-05-24,10838810.712576685
2012-05-25,10838228.537354382
2012-05-28,10846882.36633543
2012-05-29,10838648.625729479
2012-05-30,10837325.493574513
2012-05-31,10849974.479181916
2012-06-01,10822551.19673898
2012-06-04,10819200.18781148
2012-06-05,10806679.582630537
2012-06-06,10829028.40380755
2012-06-07,10830339.94458223
2012-06-08,10840358.997635573
2012-06-11,10836285.695479216
2012-06-12,10838677.59716708
2012-06-13,10835699.292903489
2012-06-14,10826068.282170791
2012-06-15,10839806.530874116
2012-06-18,10832865.226458026
2012-06-19,10829819.334919715
2012-06-20,10837397.351887543
2012-06-21,10841699.297917323
2012-06-22,10833091.05841549
2012-06-25,10825014.409384487
2012-06-26,10827453.225735387
2012-06-27,10835611.238604926
2012-06-28,10829960.76871564
2012-06-29,10857806.391646193
2012-07-02,10861867.042237198
2012-07-03,10867491.749538584
2012-07-04,10869803.12370461
2012-07-05,10887954.815309178
2012-07-06,10878737.426972134
2012-07-09,10867203.383543028
2012-07-10,10877203.817246022
2012-07-11,10866020.647773378
2012-07-12,10862944.606822724
2012-07-13,10857647.978763502
2012-07-16,10863481.460380256
2012-07-17,10860124.18673754
2012-07-18,10874512.402144596
2012-07-19,10882557.761071378
2012-07-20,10890338.2858296
2012-07-23,10868846.128105098
2012-07-24,10879497.605382591
2012-07-25,10876202.278825566
2012-07-26,10866183.105150264
2012-07-27,10861982.805153718
2012-07-30,10883937.771778097
2012-07-31,10891097.56085485
2012-08-01,10907722.987126485
2012-08-02,10897727.7444888
2012-08-03,10896211.041264545
2012-08-06,10898653.809675721
2012-08-07,10903227.93369974
2012-08-08,10901383.322895406
2012-08-09,10905964.462500243
2012-08-10,10918174.468933055
2012-08-13,10918115.66270555
2012-08-14,10921891.622624014
2012-08-16,10926248.914632156
2012-08-17,10932659.594610129
2012-08-21,10945418.092577694
2012-08-22,10936864.039577516
2012-08-23,10935645.163848558
2012-08-24,10941228.337967033
2012-08-27,10945375.821430853
2012-08-28,10938700.066580914
2012-08-29,10930291.42953588
2012-08-30,10947766.92345219
2012-08-31,10947562.479342695
2012-09-03,10954335.260518165
2012-09-04,10954796.708846612
2012-09-05,10943158.885582982
2012-09-06,10949993.052115219
2012-09-07,10975424.181084456
2012-09-08,9039275.456508616
2012-09-10,10998438.909651486
2012-09-11,11011604.056732072
2012-09-12,11015200.303338269
2012-09-13,11008241.473119725
2012-09-14,11004102.006732024
2012-09-17,10985412.756233549
2012-09-18,10984937.619646437
2012-09-20,10966985.517025331
2012-09-21,10988354.43322336
2012-09-24,10969505.64990692
2012-09-25,10984984.580272244
2012-09-26,10994968.507172102
2012-09-27,11003985.873877078
2012-09-28,11034964.70852958
2012-10-01,11048756.456594398
2012-10-03,11053176.614734367
2012-10-04,11054934.298703343
2012-10-05,11024911.256464884
2012-10-08,11022219.763513392
2012-10-09,11068992.825561697
2012-10-10,11054874.056492472
2012-10-11,11075626.430715436
2012-10-12,11082526.799403075
2012-10-15,11100044.033549331
2012-10-16,11094383.31014999
2012-10-17,11093731.621356651
2012-10-18,11107007.617542043
2012-10-19,11091616.198166586
2012-10-22,11107524.411686506
2012-10-23,11098518.849434163
2012-10-25,11096741.21911679
2012-10-29,11074022.560967617
2012-10-30,11051657.747307315
2012-10-31,11088981.326086016
2012-11-01,11102538.511488948
2012-11-02,11109295.012442851
2012-11-05,11113948.943723017
2012-11-06,11122036.627112234
2012-11-07,11132261.140895372
2012-11-08,11126366.760347867
2012-11-09,11117604.917476494
2012-11-12,11128384.350875987
2012-11-15,11108043.727172727
2012-11-16,11093159.910437932
2012-11-19,11085994.343224011
2012-11-20,11070938.06628817
2012-11-21,11079400.783467196
2012-11-22,11093648.665151386
2012-11-23,11090924.71899658
2012-11-26,11093349.606042583
2012-11-27,11107721.257791778
2012-11-29,11121164.819229346
2012-11-30,11127265.464168105
2012-12-03,11130206.39086473
2012-12-04,11130546.397544606
2012-12-05,11142053.011129953
2012-12-06,11140260.711241182
2012-12-07,11148393.752047611
2012-12-10,11161533.281410303
2012-12-11,11145224.340609653
2012-12-12,11159059.02905215
2012-12-13,11145409.57126325
2012-12-14,11147931.393216321
2012-12-17,11149508.901166776
2012-12-18,11156174.626754193
2012-12-19,11163242.797007117
2012-12-20,11159302.94285392
2012-12-21,11136329.910780527
2012-12-24,11141798.818768632
2012-12-26,11159278.938206805
2012-12-27,11154891.229057398
2012-12-28,11162148.259820536
2012-12-31,11176161.042414688
2013-01-01,11179463.3617369
2013-01-02,11193977.8988724
2013-01-03,11196313.839829326
2013-01-04,11203404.106678437
2013-01-07,11210137.337876303
2013-01-08,11209251.219741754
2013-01-09,11206493.166788036
2013-01-10,11208947.614154639
2013-01-11,11181860.445009232
2013-01-14,11181695.323578464
2013-01-15,11187417.886088159
2013-01-16,11166269.515860105
2013-01-17,11170315.774170019
2013-01-18,11164222.557157276
2013-01-21,11161988.59317008
2013-01-22,11148674.047068259
2013-01-23,11144054.9743737
2013-01-24,11105995.287465652
2013-01-25,11130120.25713461
2013-01-28,11126841.330695106
2013-01-29,11104526.738330578
2013-01-30,11109113.68523829
2013-01-31,11117490.390002474
2013-02-01,11107835.132312104
2013-02-04,11102504.262405682
2013-02-05,11094193.883146845
2013-02-06,11092288.670155736
2013-02-07,11078909.751054376
2013-02-08,11064164.64783839
2013-02-11,11064184.004910864
2013-02-12,11064344.535659418
2013-02-13,11068306.474479254
2013-02-14,11063675.613906419
2013-02-15,11050472.687190188
2013-02-18,11047054.188058369
2013-02-19,11050260.474235522
2013-02-20,11056989.666873006
2013-02-21,11048757.390504329
2013-02-22,11055898.25415982
2013-02-25,11050794.062398054
2013-02-26,11043088.512444353
2013-02-27,11047082.8938882
2013-02-28,11044106.883000065
2013-03-01,11034430.444073595
2013-03-04,11020708.993537785
2013-03-05,11026211.12268781
2013-03-06,11027327.658149593
2013-03-07,11034282.578522688
2013-03-08,11042515.178906849
2013-03-11,11043586.431029417
2013-03-12,11044185.817255985
2013-03-13,11040507.751516065
2013-03-14,11042913.064879466
2013-03-15,11039441.956354987
2013-03-18,11040474.134950668
2013-03-19,11036683.22201264
2013-03-20,11031038.36427913
2013-03-21,11031528.977653882
2013-03-22,11022684.475078005
2013-03-25,11023169.198616544
2013-03-26,11023106.256359592
2013-03-28,11027304.196030712
2013-04-01,11033482.57705957
2013-04-02,11037163.728767259
2013-04-03,11033754.023878854
2013-04-04,11024011.45137465
2013-04-05,11025474.08693111
2013-04-08,11021533.356491834
2013-04-09,11013845.700930556
2013-04-10,11012558.391565846
2013-04-11,11012711.921665575
2013-04-12,11013725.309392378
2013-04-15,11015806.64698714
2013-04-16,11014019.943343151
2013-04-17,11014632.415331665
2013-04-18,11016744.71298652
2013-04-22,11017140.254511401
2013-04-23,11018578.657473156
2013-04-25,11022964.639575146
2013-04-26,11023600.339449331
2013-04-29,11027264.728934612
2013-04-30,11027444.76345873
2013-05-02,11033169.867604462
2013-05-03,11041188.870695252
2013-05-06,11043998.782973822
2013-05-07,11052043.079806171
2013-05-08,11066060.768137008
2013-05-09,11057154.610322712
2013-05-10,11064445.709529005
2013-05-13,11065969.936220832
2013-05-14,11071596.619233845
2013-05-15,11081772.078548528
2013-05-16,11076269.730058463
2013-05-17,11083479.866683358
2013-05-20,11078819.096227156
2013-05-21,11077387.961761663
2013-05-22,11074678.604462843
2013-05-23,11050892.799232136
2013-05-24,11058351.522701805
2013-05-27,11073484.933992432
2013-05-28,11074692.125743827
2013-05-29,11083716.307305405
2013-05-30,11095722.987237833
2013-05-31,11085036.846983882
2013-06-03,11095830.98716468
2013-06-04,11089635.452363566
2013-06-05,11085933.750466293
2013-06-06,11084256.855263842
2013-06-07,11079823.0262391
2013-06-10,11059347.797670681
2013-06-11,11024395.35734243
2013-06-12,11021717.62426141
2013-06-13,10998551.046123547
2013-06-14,11015143.494279062
2013-06-17,11027543.74171701
2013-06-18,11034386.690577973
2013-06-19,11043025.366044622
2013-06-20,11033549.77556633
2013-06-21,11018866.150212845
2013-06-24,10997009.394679638
2013-06-25,10988028.902409628
2013-06-26,10979661.270638125
2013-06-27,10989512.579349482
2013-06-28,11005050.482324006
2013-07-01,11015940.293145368
2013-07-02,11021205.009319661
2013-07-03,11029649.218922747
2013-07-04,11033570.121553525
2013-07-05,11034968.214336745
2013-07-08,11039802.834839618
2013-07-09,11048845.929361362
2013-07-10,11043995.348079402
2013-07-11,11052359.642997516
2013-07-12,11070558.338002607
2013-07-15,11081636.773097401
2013-07-16,11071832.60386314
2013-07-17,11066605.552999303
2013-07-18,11072772.515407182
2013-07-19,11065064.055561323
2013-07-22,11059808.4374724
2013-07-23,11052558.06535325
2013-07-24,11041604.913116638
2013-07-25,11037664.766900647
2013-07-26,11034416.272718986
2013-07-29,11039174.493870558
2013-07-30,11021892.433241298
2013-07-31,11014102.713215597
2013-08-01,11010217.915446328
2013-08-02,10975877.20174698
2013-08-05,10970481.716113832
2013-08-06,10958461.617209166
2013-08-07,10949567.353545409
2013-08-08,10945937.62092774
2013-08-12,10962973.992173009
2013-08-13,10975004.20246719
2013-08-14,10983770.276750917
2013-08-16,10965494.669113105
2013-08-19,10935787.98100221
2013-08-20,10920871.860412607
2013-08-21,10904761.544778727
2013-08-22,10913495.886240529
2013-08-23,10915548.6209821
2013-08-26,10922355.451228539
2013-08-27,10902263.1104712
2013-08-28,10905046.302152993
2013-08-29,10912869.02827866
2013-08-30,10921100.598874267
2013-09-02,10929854.740364887
2013-09-03,10917842.56134943
2013-09-04,10941730.443735491
2013-09-05,10936073.691652598
2013-09-06,10939649.674769908
2013-09-10,10941401.027753225
2013-09-11,10952301.552797867
2013-09-12,10945938.924368203
2013-09-13,10944206.27470728
2013-09-16,10934130.88839548
2013-09-17,10926413.430488138
2013-09-18,10934810.990202608
2013-09-19,10950112.395612244
2013-09-20,10943990.545211984
2013-09-23,10935862.341099292
2013-09-24,10934014.302500416
2013-09-25,10945118.70611592
2013-09-26,10954685.362297697
2013-09-27,10956630.425353147
2013-09-30,10965849.018827386
2013-10-01,10977926.18456036
2013-10-03,10982492.24296727
2013-10-04,10975691.632312242
2013-10-07,11001961.210254654
2013-10-08,10994714.271117888
2013-10-09,11010008.016532283
2013-10-10,11016758.008915449
2013-10-11,11021630.911352374
2013-10-14,11033740.788070168
2013-10-15,11021769.779390521
2013-10-17,11011484.633567132
2013-10-18,11024116.61713372
2013-10-21,11020487.04211915
2013-10-22,11034903.388968728
2013-10-23,11024941.916113218
2013-10-24,11017478.943041747
2013-10-25,11011346.457706578
2013-10-28,11004429.81187636
2013-10-29,11018265.614903891
2013-10-30,11020865.206315676
2013-10-31,11040077.804160768
2013-11-01,11034934.356125778
2013-11-05,11051578.362068845
2013-11-06,11068883.933570636
2013-11-07,11066011.457299348
2013-11-08,11061655.171925101
2013-11-11,11063124.183255576
2013-11-12,11063142.247243056
2013-11-13,11044203.649587497
2013-11-14,11050841.742151061
2013-11-18,11077362.451167062
2013-11-19,11076607.686832216
2013-11-20,11076564.57020587
2013-11-21,11064990.087292142
2013-11-22,11074659.044941213
2013-11-25,11083230.317152875
2013-11-26,11071359.259173818
2013-11-27,11077531.623578152
2013-11-28,11084461.65150761
2013-11-29,11088732.531728473
2013-12-02,11089451.80359915
2013-12-03,11089855.292196872
2013-12-04,11097694.129229141
2013-12-05,11099629.205359684
2013-12-06,11099124.364810077
2013-12-09,11092612.733268252
2013-12-10,11104425.481684046
2013-12-11,11091342.213719893
2013-12-12,11079391.629867898
2013-12-13,11070018.380082486
2013-12-16,11079852.002796367
2013-12-17,11081490.677031467
2013-12-18,11119328.34001465
2013-12-19,11147765.11929281
2013-12-20,11164547.203960232
2013-12-23,11177183.512644866
2013-12-24,11181511.139376532
2013-12-26,11181045.520698542
2013-12-27,11191685.10912476
2013-12-30,11197607.118960017
2013-12-31,11192842.762519563
2014-01-01,11199289.950867817
2014-01-02,11165846.096793529
2014-01-03,11194734.603044065
2014-01-06,11203302.642818445
2014-01-07,11188598.009177877
2014-01-08,11210429.090844743
2014-01-09,11195289.721545883
2014-01-10,11210826.643763557
2014-01-13,11223428.435448179
2014-01-14,11220964.795661777
2014-01-15,11215829.221382115
2014-01-16,11213701.95159934
2014-01-17,11167734.74684418
2014-01-20,11186377.709858885
2014-01-21,11198481.08276421
2014-01-22,11201794.48940963
2014-01-23,11180723.507153131
2014-01-24,11144711.630538277
2014-01-27,11126146.637182042
2014-01-28,11125033.795942452
2014-01-29,11134083.47664171
2014-01-30,11125911.068061545
2014-01-31,11151849.208545875
2014-02-03,11121726.579014096
2014-02-04,11136668.328135582
2014-02-05,11140559.956406076
2014-02-06,11148641.232494717
2014-02-07,11150516.3021773
2014-02-10,11147083.883230679
2014-02-11,11173408.648047267
2014-02-12,11178623.289132543
2014-02-13,11158015.191312112
2014-02-14,11173400.2932238
2014-02-17,11182640.871518508
2014-02-18,11193872.503007878
2014-02-19,11212480.404963922
2014-02-20,11216597.658125276
2014-02-21,11231350.294675563
2014-02-24,11256632.419523101
2014-02-25,11255801.055704186
2014-02-26,11274663.76637997
2014-02-28,11306550.967687858
2014-03-03,11327646.20827668
2014-03-04,11338330.006792244
2014-03-05,11336606.391395306
2014-03-06,11320647.788174236
2014-03-07,11288083.380280353
2014-03-10,11317176.866941938
2014-03-11,11298644.298552077
2014-03-12,11300930.88990597
2014-03-13,11288879.93116462
2014-03-14,11284536.31164544
2014-03-18,11287996.66844903
2014-03-19,11295511.272959366
2014-03-20,11285687.799658295
2014-03-21,11293393.00824192
2014-03-24,11321382.869312596
2014-03-25,11327280.560330236
2014-03-26,11311504.154226784
2014-03-27,11326138.080176719
2014-03-28,11350657.175023386
2014-03-31,11358572.585624302
2014-04-01,11381747.85164696
2014-04-02,11406834.216931209
2014-04-03,11386427.682989858
2014-04-04,11394579.10228872
2014-04-07,11394569.028582102
2014-04-09,11417313.34572538
2014-04-10,11411765.960065385
2014-04-11,11398895.165266229
2014-04-15,11383310.361288317
2014-04-16,11361693.71589189
2014-04-17,11399334.891729977
2014-04-21,11424245.690745993
2014-04-22,11430666.007005792
2014-04-23,11429832.497836255
2014-04-24,11429832.497836255
2014-04-25,11410211.537433544
2014-04-28,11472958.637330927
2014-04-29,11474058.269218735
2014-04-30,11452224.28796463
2014-05-02,11455088.062150972
2014-05-05,11459166.220658876
2014-05-06,11509276.024829987
2014-05-07,11511204.45742278
2014-05-08,11533319.314253723
2014-05-09,11532661.450524395
2014-05-12,11563863.69618787
2014-05-13,11595084.942680065
2014-05-14,11615455.413965335
2014-05-15,11576686.503571598
2014-05-16,11595256.036237907
2014-05-19,11715760.240827844
2014-05-20,11746403.493132597
2014-05-21,11769812.469427971
2014-05-22,11840084.201355767
2014-05-23,11888619.693443974
2014-05-26,11811456.97769037
2014-05-27,11784692.253459401
2014-05-28,11832281.200829165
2014-05-29,11824385.912618626
2014-05-30,11831214.709114868
2014-06-02,11874443.381112156
2014-06-03,11887421.124177797
2014-06-04,11922307.693742843
2014-06-05,11951575.906758914
2014-06-06,11982273.065535251
2014-06-09,12025282.887472
2014-06-10,12029295.681587635
2014-06-11,12030766.323990824
2014-06-12,12043839.967290482
2014-06-13,11990668.221442703
2014-06-16,12046318.121907936
2014-06-17,12081197.400571186
2014-06-18,12072302.878568308
2014-06-19,12056254.304848017
2014-06-20,12071618.840394624
2014-06-23,12126541.79355256
2014-06-24,12134122.336357571
2014-06-25,12125103.556139193
2014-06-26,12098170.993032131
2014-06-27,12120087.55407684
2014-06-30,12170121.263855353
2014-07-01,12193686.87539239
2014-07-02,12244203.10854071
2014-07-03,12243650.279285057
2014-07-04,12244680.950314006
2014-07-07,12248880.830329495
2014-07-08,12148875.970894186
2014-07-09,12117573.464893168
2014-07-10,12133085.327348607
2014-07-11,12030100.232621774
2014-07-14,12031508.466438277
2014-07-15,12080139.352994338
2014-07-16,12093835.88296375
2014-07-17,12115517.488593703
2014-07-18,12124657.325754736
2014-07-21,12169349.295068758
2014-07-22,12175510.70147699
2014-07-23,12158132.162741993
2014-07-24,12177519.76051833
2014-07-25,12158510.417321496
2014-07-28,12136759.548754763
2014-07-30,12189652.577133551
2014-07-31,12200558.171899747
2014-08-01,12199176.504630402
2014-08-04,12225529.325787194
2014-08-05,12274359.764439246
2014-08-06,12280981.382333849
2014-08-07,12276481.271912346
2014-08-08,12253896.450072996
2014-08-11,12282298.748849548
2014-08-12,12270008.286864238
2014-08-13,12256344.438762182
2014-08-14,12299224.17532826
2014-08-18,12325989.235483153
2014-08-19,12357748.270546857
2014-08-20,12372956.310003009
2014-08-21,12369485.394683491
2014-08-22,12367306.062814008
2014-08-25,12362145.024647791
2014-08-26,12360534.515065284
2014-08-27,12415554.671048999
2014-08-28,12415070.259768961
2014-09-01,12439493.206749875
2014-09-02,12436757.888249954
2014-09-03,12456019.960307399
2014-09-04,12471448.052445037
2014-09-05,12557794.34306389
2014-09-08,12625969.672455218
2014-09-09,12606881.772286514
2014-09-10,12604489.293398531
2014-09-11,12628519.849801868
2014-09-12,12657058.298826907
2014-09-15,12679149.807020413
2014-09-16,12566309.363026487
2014-09-17,12592243.283494081
2014-09-18,12646359.35587002
2014-09-19,12727529.14823004
2014-09-22,12760433.056481754
2014-09-23,12686957.259620823
2014-09-24,12641002.148916477
2014-09-25,12642521.994177368
2014-09-26,12648755.360027077
2014-09-29,12712978.567641834
2014-09-30,12755272.969590975
2014-10-01,12744563.466289952
2014-10-07,12736809.67172939
2014-10-08,12749376.62506177
2014-10-09,12774979.901820974
2014-10-10,12720586.993054133
2014-10-13,12704520.876098365
2014-10-14,12705088.4602856
2014-10-15,12705088.4602856
2014-10-16,12616508.712474318
2014-10-17,12612416.526008708
2014-10-20,12646165.002515906
2014-10-21,12669097.429043328
2014-10-22,12680483.420630226
2014-10-27,12669236.408860276
2014-10-28,12688562.708308825
2014-10-29,12736029.453030631
2014-10-30,12753694.533744358
2014-10-31,12747814.153437328
2014-11-03,12781192.435505383
2014-11-05,12814184.765455334
2014-11-07,12835225.218484394
2014-11-10,12828083.77981299
2014-11-11,12853749.499986893
2014-11-12,12880155.471373843
2014-11-13,12925598.715482892
2014-11-14,12911568.322435377
2014-11-17,12874255.296955612
2014-11-18,12896887.772586195
2014-11-19,12894654.564247424
2014-11-20,12901427.218353387
2014-11-21,12880503.024729783
2014-11-24,12909696.42459556
2014-11-25,12870789.437418576
2014-11-26,12861077.805389192
2014-11-27,12877665.956322253
2014-11-28,12870496.321142308
2014-12-01,12865320.457792886
2014-12-02,12882284.03076473
2014-12-03,12895199.438694589
2014-12-04,12899183.83537065
2014-12-05,12877551.592988351
2014-12-08,12882818.410414208
2014-12-09,12877433.773151288
2014-12-10,12886997.38088212
2014-12-11,12885435.803426193
2014-12-12,12842677.53287325
2014-12-15,12830042.05288816
2014-12-16,12786434.726598402
2014-12-17,12759875.696845243
2014-12-18,12808088.117737994
2014-12-19,12819307.54980665
2014-12-22,12834781.452969315
2014-12-23,12818936.49914997
2014-12-24,12817651.509587554
2014-12-26,12816263.504191814
2014-12-29,12813685.22796626
2014-12-30,12816169.057415994
2014-12-31,12837930.177116834
2015-01-01,12856735.73087725
2015-01-02,12878902.563863158
2015-01-05,12865326.851759931
2015-01-06,12807705.869353235
2015-01-07,12820748.895066174
2015-01-08,12850956.171522882
2015-01-09,12864725.736056654
2015-01-12,12862667.560910681
2015-01-13,12856291.106094457
2015-01-14,12861520.195672551
2015-01-15,12876675.596135752
2015-01-16,12886838.477356654
2015-01-19,12893506.65890709
2015-01-20,12936314.498296937
2015-01-21,12914372.44822743
2015-01-22,12930083.99036033
2015-01-23,12952580.804232074
2015-01-27,12954358.68074028
2015-01-28,12967836.769490527
2015-01-29,13001344.53443934
2015-01-30,13031404.758216485
2015-02-02,13037535.045178512
2015-02-03,13001888.730168574
2015-02-04,12989828.377708772
2015-02-05,12963885.664151145
2015-02-06,12899182.378967859
2015-02-09,12883246.569722136
2015-02-10,12879485.63979184
2015-02-11,12889462.127913212
2015-02-12,12898076.242375378
2015-02-13,12880041.051301468
2015-02-16,12872020.27481246
2015-02-18,12872907.14381911
2015-02-19,12822052.482589599
2015-02-20,12839269.505377091
2015-02-23,12840681.677124998
2015-02-24,12840734.752206003
2015-02-25,12831777.746134404
2015-02-26,12838909.192367868
2015-02-27,12867515.325371822
2015-03-02,12891425.157348052
2015-03-03,12933022.204979189
2015-03-04,12914146.899425931
2015-03-05,12908577.827480484
2015-03-09,12898304.579191145
2015-03-10,12895494.626841301
2015-03-11,12882150.312010653
2015-03-12,12922519.400690462
2015-03-13,12909701.789022626
2015-03-16,12891806.922946889
2015-03-17,12897615.163648902
2015-03-18,12916533.559211878
2015-03-19,12922303.187348617
2015-03-20,12875107.635444384
2015-03-23,12850771.077699538
2015-03-24,12835737.665192446
2015-03-25,12852565.972078107
2015-03-26,12836608.529397763
2015-03-27,12864381.575043347
2015-03-30,12905803.152690388
2015-03-31,12951247.821122313
2015-04-01,13020834.539511729
2015-04-06,13026600.37701023
2015-04-07,13026058.118184516
2015-04-08,13119802.390601648
2015-04-09,13124140.712365646
2015-04-10,13182694.066396298
2015-04-13,13227436.541207382
2015-04-15,13221426.245349467
2015-04-16,13192907.969147872
2015-04-17,13129728.85265491
2015-04-20,13079393.33582283
2015-04-21,13114320.577120282
2015-04-22,13123906.961705077
2015-04-23,13167809.43995519
2015-04-24,13038542.74082288
2015-04-27,12978123.568252897
2015-04-28,13054109.862445848
2015-04-29,13122460.832897946
2015-04-30,13148453.467239283
2015-05-04,13211763.223860119
2015-05-05,13195544.952452129
2015-05-06,13122007.67409145
2015-05-07,13110700.322520575
2015-05-08,13130786.446861753
2015-05-11,13162013.37871737
2015-05-12,13146610.50203859
2015-05-13,13188489.94140809
2015-05-14,13226645.203426972
2015-05-15,13208105.00172063
2015-05-18,13220990.93140139
2015-05-19,13268990.351808261
2015-05-20,13242001.044063574
2015-05-21,13229813.907767305
2015-05-22,13252492.136296008
2015-05-25,13252647.47243524
2015-05-26,13271921.44377695
2015-05-27,13263127.110711413
2015-05-28,13229383.014047591
2015-05-29,13286256.146147167
2015-06-01,13294634.072753657
2015-06-02,13250548.536194693
2015-06-03,13219326.529623833
2015-06-04,13226643.637555253
2015-06-05,13220274.753192188
2015-06-08,13193145.836329943
2015-06-09,13169034.021772793
2015-06-10,13189884.582724562
2015-06-11,13149958.634447163
2015-06-12,13157822.818398152
2015-06-15,13159927.72650573
2015-06-16,13191864.634310884
2015-06-17,13223005.804465575
2015-06-18,13261721.423891678
2015-06-19,13284551.355857631
2015-06-22,13369529.198043723
2015-06-23,13361202.636683142
2015-06-24,13356390.312709818
2015-06-25,13363794.660461158
2015-06-26,13413589.218186578
2015-06-29,13386279.9444488
2015-06-30,13430081.053225534
2015-07-01,13429206.437623257
2015-07-02,13468571.68430929
2015-07-03,13447094.8869817
2015-07-06,13546334.635077305
2015-07-07,13539050.373808859
2015-07-08,13524604.739273222
2015-07-09,13526501.014573177
2015-07-10,13547500.966749221
2015-07-13,13597748.210003303
2015-07-14,13599917.863491954
2015-07-15,13607550.537580913
2015-07-16,13649176.366171187
2015-07-17,13691824.552593395
2015-07-20,13704899.406784328
2015-07-21,13640580.183149308
2015-07-22,13723871.423787342
2015-07-23,13718545.833469788
2015-07-24,13722522.237232389
2015-07-27,13707644.957490077
2015-07-28,13775587.377056256
2015-07-29,13818926.831248784
2015-07-30,13862059.63726713
2015-07-31,13900907.84753834
2015-08-03,13969231.61246524
2015-08-04,13959911.739687292
2015-08-05,13989631.213643212
2015-08-06,13907764.917601557
2015-08-07,13897061.085968774
2015-08-10,13878107.547996793
2015-08-11,13844042.014231976
2015-08-12,13754653.896798063
2015-08-13,13719972.700714242
2015-08-14,13773434.784013927
2015-08-17,13774491.061059019
2015-08-18,13828300.072382249
2015-08-19,13899127.012746396
2015-08-20,13822634.32287651
2015-08-21,13805286.880035324
2015-08-24,13513392.46516729
2015-08-25,13530016.620992528
2015-08-26,13512647.905715648
2015-08-27,13571350.945655897
2015-08-28,13600327.264714459
2015-08-31,13598123.176996877
2015-09-01,13558931.00125813
2015-09-02,13564018.78449123
2015-09-03,13575657.294317342
2015-09-04,13480865.44092814
2015-09-07,13469181.273861606
2015-09-08,13501133.582676658
2015-09-09,13612939.470385706
2015-09-10,13645827.297257852
2015-09-11,13712418.620326033
2015-09-14,13714399.213293463
2015-09-15,13714603.060987683
2015-09-16,13699187.428825235
2015-09-18,13746277.42752492
2015-09-21,13698166.301217202
2015-09-22,13671336.587916158
2015-09-23,13662225.805719936
2015-09-24,13715744.04750455
2015-09-28,13684495.5813859
2015-09-29,13715950.2650695
2015-09-30,13725342.633694522
2015-10-01,13733338.895576598
2015-10-05,13805899.09395171
2015-10-06,13829133.406162964
2015-10-07,13754058.577957805
2015-10-08,13699453.788673969
2015-10-09,13614668.96763828
2015-10-12,13665213.27837395
2015-10-13,13626449.143208297
2015-10-14,13660367.100908764
2015-10-15,13624206.339098295
2015-10-16,13581441.49749238
2015-10-19,13590233.098179607
2015-10-20,13595792.98347854
2015-10-21,13596977.256184082
2015-10-23,13598608.59709657
2015-10-26,13593161.75732041
2015-10-27,13599682.078070896
2015-10-28,13596609.496982215
2015-10-29,13585645.924556855
2015-10-30,13578880.595695803
2015-11-02,13585018.313756038
2015-11-03,13587448.667070378
2015-11-04,13577667.050156353
2015-11-05,13553908.448620692
2015-11-06,13543986.166315198
2015-11-09,13543559.308767213
2015-11-10,13523900.104282638
2015-11-13,13521123.321959326
2015-11-16,13519061.34112859
2015-11-17,13531335.419726359
2015-11-18,13516340.330493076
2015-11-19,13519638.607458796
2015-11-20,13528947.91620933
2015-11-23,13530102.593475722
2015-11-24,13526376.156621033
2015-11-26,13517122.178451588
2015-11-27,13510630.32769654
2015-11-30,13506022.466042537
2015-12-01,13520128.52290131
2015-12-02,13529307.395572625
2015-12-03,13521806.90060059
2015-12-04,13509768.36953092
2015-12-07,13507754.690099673
2015-12-08,13501479.87910516
2015-12-09,13486456.233820451
2015-12-10,13503577.134358913
2015-12-11,13508628.047987482
2015-12-14,13522387.128067046
2015-12-15,13528080.002446895
2015-12-16,13528971.695723262
2015-12-17,13543648.15283176
2015-12-18,13541584.938546956
2015-12-21,13550285.000812126
2015-12-22,13558062.977741908
2015-12-23,13566256.78936673
2015-12-24,13565653.491473299
2015-12-28,13564456.768173708
2015-12-29,13572300.478565019
2015-12-30,13568384.84306961
2015-12-31,13574253.43596997
2016-01-01,13577159.484270617
2016-01-04,13557577.54516435
2016-01-05,13574455.197632527
2016-01-06,13568680.259216676
2016-01-07,13533492.326328548
2016-01-08,13552551.171486568
2016-01-11,13543747.525063843
2016-01-12,13545087.396795295
2016-01-13,13521229.329047732
2016-01-14,13516426.153938463
2016-01-15,13485288.761757687
2016-01-18,13462724.516661722
2016-01-19,13474969.553063402
2016-01-20,13462083.333951918
2016-01-21,13448765.081658386
2016-01-22,13472789.491055926
2016-01-25,13474080.011420699
2016-01-27,13470716.247385027
2016-01-28,13472436.469925787
2016-01-29,13482568.278581224
2016-02-01,13468902.623264339
2016-02-02,13446410.508549303
2016-02-03,13443792.973748254
2016-02-04,13431472.821524572
2016-02-05,13446507.210082974
2016-02-08,13445285.809538057
2016-02-09,13437024.350781696
2016-02-10,13434220.777522204
2016-02-11,13422665.332065646
2016-02-12,13419195.657017937
2016-02-15,13421668.953429272
2016-02-16,13414656.725351602
2016-02-17,13417927.046049062
2016-02-18,13422156.844895534
2016-02-19,13422442.762816884
2016-02-22,13424608.308446083
2016-02-23,13418484.935385736
2016-02-24,13415131.1201128
2016-02-25,13411241.132249609
2016-02-26,13405926.474660277
2016-02-29,13406104.129790632
2016-03-01,13409502.667525694
2016-03-02,13414111.554391548
2016-03-03,13420712.416398635
2016-03-04,13418493.628509693
2016-03-08,13425041.696231412
2016-03-09,13427483.765306342
2016-03-10,13428103.65597055
2016-03-11,13425935.725018494
2016-03-14,13430423.40695432
2016-03-15,13425222.008959513
2016-03-16,13415365.864334572
2016-03-17,13417970.393563394
2016-03-18,13423946.639840266
2016-03-21,13435136.253522608
2016-03-22,13433473.634272028
2016-03-23,13431562.004103178
2016-03-28,13412279.903179312
2016-03-29,13420920.375531489
2016-03-30,13440152.419200663
2016-03-31,13445082.27372349
2016-04-01,13444075.721272646
2016-04-04,13446572.299313702
2016-04-05,13422311.29400531
2016-04-06,13441858.407831576
2016-04-07,13434644.307582263
2016-04-08,13446845.276650336
2016-04-11,13459398.177882982
2016-04-12,13463869.760902723
2016-04-13,13483216.550596176
2016-04-18,13491099.124454305
2016-04-20,13503400.961964276
2016-04-21,13481385.776889728
2016-04-22,13475040.34136886
2016-04-25,13472030.69304141
2016-04-26,13481423.746343866
2016-04-27,13483802.9175457
2016-04-28,13466639.127689136
2016-04-29,13464580.710150305
2016-05-02,13468544.150409088
2016-05-03,13454657.475621369
2016-05-04,13436659.30751434
2016-05-05,13441626.032107469
2016-05-06,13450521.38308059
2016-05-09,13474568.215877166
2016-05-10,13472891.743931146
2016-05-11,13478451.01727172
2016-05-12,13485232.89205486
2016-05-13,13504543.499292882
2016-05-16,13496365.036517052
2016-05-17,13508264.76041153
2016-05-18,13504096.286796177
2016-05-19,13492563.882899256
2016-05-20,13493623.537972072
2016-05-23,13507076.055837004
2016-05-24,13515290.108604142
2016-05-25,13540650.45103566
2016-05-26,13544855.556009822
2016-05-27,13556724.273169301
2016-05-30,13570287.563795706
2016-05-31,13581741.481564384
2016-06-01,13579301.37777653
2016-06-02,13592230.853646372
2016-06-03,13599766.43953289
2016-06-06,13586368.663341064
2016-06-07,13611886.359062519
2016-06-08,13613733.670634048
2016-06-09,13595592.937571937
2016-06-10,13581761.754879013
2016-06-13,13565510.12727241
2016-06-14,13569193.411895813
2016-06-15,13573105.30394735
2016-06-16,13564765.617611805
2016-06-17,13568337.722941214
2016-06-20,13584284.116702367
2016-06-21,13602014.948648704
2016-06-22,13598991.485967834
2016-06-23,13598605.03345959
2016-06-24,13578856.266479926
2016-06-27,13595296.303514691
2016-06-28,13599586.114576552
2016-06-29,13622440.436792813
2016-06-30,13644383.914552463
2016-07-01,13667853.518443312
2016-07-04,13685027.06922704
2016-07-05,13677130.79511361
2016-07-07,13690728.911606872
2016-07-08,13692084.196400957
2016-07-11,13704921.446427906
2016-07-12,13708567.830453234
2016-07-13,13681608.67777793
2016-07-14,13685680.841769151
2016-07-15,13693612.298751777
2016-07-18,13693243.896307915
2016-07-19,13703274.117536874
2016-07-20,13731324.44991938
2016-07-21,13730640.757350098
2016-07-22,13737532.83402917
2016-07-25,13739979.935028732
2016-07-26,13736959.544717822
2016-07-27,13750509.996489443
2016-07-28,13770473.676503528
2016-07-29,13776913.830846401
2016-08-01,13805309.036024736
2016-08-02,13813420.980987443
2016-08-03,13776816.018991118
2016-08-04,13791053.090986412
2016-08-05,13834887.342029648
2016-08-08,13862025.468514033
2016-08-09,13833023.156336077
2016-08-10,13813622.01974893
2016-08-11,13799301.009658836
2016-08-12,13819869.726968717
2016-08-16,13827737.252239324
2016-08-17,13826772.413386848
2016-08-18,13844510.353422437
2016-08-19,13855167.771830909
2016-08-22,13846310.13172106
2016-08-23,13836411.379642999
2016-08-24,13833552.889530595
2016-08-25,13814049.388616703
2016-08-26,13837973.885853501
2016-08-29,13841177.560184987
2016-08-30,13860920.121566452
2016-08-31,13869715.242032822
2016-09-01,13866182.966229768
2016-09-02,13872669.250604026
2016-09-06,13895347.4193909
2016-09-07,13908617.811805192
2016-09-08,13928533.424028989
2016-09-09,13901027.677579347
2016-09-12,13859107.859539375
2016-09-14,13906919.653251322
2016-09-15,13898662.363599649
2016-09-16,13904192.662195858
2016-09-19,13912572.457030473
2016-09-20,13902673.974759854
2016-09-21,13901200.050712598
2016-09-22,13929640.746859223
2016-09-23,13915198.333517699
2016-09-26,13917403.193017475
2016-09-27,13922305.580076033
2016-09-28,13930045.111526845
2016-09-29,13860192.658548513
2016-09-30,13886605.795021737
2016-10-03,13924376.111580793
2016-10-04,13929587.63949068
2016-10-05,13931267.372945933
2016-10-06,13923052.68115216
2016-10-07,13924102.301732307
2016-10-10,13920898.548210675
2016-10-13,13913136.029871028
2016-10-14,13925295.064980894
2016-10-17,13922796.526897633
2016-10-18,13956131.13134402
2016-10-19,13948332.9112339
2016-10-20,13949306.133849341
2016-10-21,13939872.824035358
2016-10-24,13934380.446714161
2016-10-25,13953052.106171064
2016-10-26,13935542.456956454
2016-10-27,13910186.855810508
2016-10-28,13938426.164304502
2016-11-01,13968035.580395024
2016-11-02,13939696.019435406
2016-11-03,13927908.982490782
2016-11-04,13912997.026728066
2016-11-07,13914872.043336589
2016-11-08,13935294.519469477
2016-11-09,13851589.20719717
2016-11-10,13864834.201322034
2016-11-11,13783251.445417395
2016-11-15,13713596.383869078
2016-11-16,13725131.333221603
2016-11-17,13728140.284097912
2016-11-18,13716787.398580428
2016-11-21,13702475.70216188
2016-11-22,13701608.285963543
2016-11-23,13699930.22357566
2016-11-24,13701328.24388954
2016-11-25,13703640.11560624
2016-11-28,13702569.713755894
2016-11-29,13700125.306157243
2016-11-30,13699046.820618933
2016-12-01,13698516.325650929
2016-12-02,13696049.810394924
2016-12-05,13699163.550878812
2016-12-06,13699766.500194876
2016-12-07,13700554.242354473
2016-12-08,13712142.467623236
2016-12-09,13714342.991187124
2016-12-12,13711586.060373917
2016-12-13,13719992.782403326
2016-12-14,13717913.382437915
2016-12-15,13713587.594321184
2016-12-16,13709343.224330142
2016-12-19,13712354.462304851
2016-12-20,13707149.442591704
2016-12-21,13711805.7316407
2016-12-22,13702332.558340374
2016-12-23,13708148.613027448
2016-12-26,13694251.787627451
2016-12-27,13703268.510391451
2016-12-28,13708498.872814879
2016-12-29,13713492.974072406
2016-12-30,13705549.04853847
2017-01-02,13709735.096554108
2017-01-03,13713313.985969376
2017-01-04,13711220.99180662
2017-01-05,13718847.504628295
2017-01-06,13710358.077125518
2017-01-09,13708959.693860982
2017-01-10,13714058.118657913
2017-01-11,13715711.710915659
2017-01-12,13711694.743859584
2017-01-13,13707721.793339264
2017-01-16,13707715.390985815
2017-01-17,13711440.968068508
2017-01-18,13711016.894758053
2017-01-19,13716354.047874264
2017-01-20,13697859.12374498
2017-01-23,13697878.112668928
2017-01-24,13703249.408709416
2017-01-25,13703731.053637205
2017-01-27,13712308.209464269
2017-01-30,13702602.246583944
2017-01-31,13683665.692310171
2017-02-01,13687552.921179794
2017-02-02,13695217.896010982
2017-02-03,13699236.952192314
2017-02-06,13709986.648081219
2017-02-07,13710897.397916108
2017-02-08,13709477.116147812
2017-02-09,13713353.244069869
2017-02-10,13714474.495304616
2017-02-13,13708675.930595182
2017-02-14,13708658.609168585
2017-02-15,13699883.354703603
2017-02-16,13714726.622058436
2017-02-17,13716917.115744067
2017-02-20,13724700.120931465
2017-02-21,13724072.639610201
2017-02-22,13708162.660983505
2017-02-23,13705544.339125423
2017-02-27,13705221.465539278
2017-02-28,13713426.985699186
2017-03-01,13724036.800865667
2017-03-02,13708541.541207904
2017-03-03,13718162.195711546
2017-03-06,13718596.751733555
2017-03-07,13721799.096242141
2017-03-08,13723439.404880809
2017-03-09,13726173.378683133
2017-03-10,13735999.700473921
2017-03-14,13754012.292219607
2017-03-15,13760689.487132708
2017-03-16,13758598.402987355
2017-03-17,13765971.637117218
2017-03-20,13759822.778295824
2017-03-21,13749395.521508968
2017-03-22,13734764.499893198
2017-03-23,13754576.684692053
2017-03-24,13766345.890956616
2017-03-27,13773685.033402417
2017-03-28,13781066.522430873
2017-03-29,13788908.456750132
2017-03-30,13789097.666928679
2017-03-31,13794554.99059413
2017-04-03,13812069.303635394
2017-04-05,13835676.068855755
2017-04-06,13827237.295695055
2017-04-07,13817699.62481868
2017-04-10,13833736.217024932
2017-04-11,13854547.481382553
2017-04-12,13861941.108253058
2017-04-13,13870865.43796397
2017-04-17,13881749.878652183
2017-04-18,13886354.312970955
2017-04-19,13906288.656663006
2017-04-20,13927017.975855986
2017-04-21,13927038.637019662
2017-04-24,13920120.531354547
2017-04-25,13928451.206693428
2017-04-26,13909226.418258527
2017-04-27,13904125.468448922
2017-04-28,13914248.443282038
2017-05-02,13950762.933873693
2017-05-03,13966194.652458573
2017-05-04,13981079.385351092
2017-05-05,13972312.28456834
2017-05-08,13974258.528107122
2017-05-09,13983923.905012868
2017-05-10,13997618.908192342
2017-05-11,13985486.14997559
2017-05-12,13961735.603688357
2017-05-15,13992083.485391429
2017-05-16,13985756.036599685
2017-05-17,13970912.949876485
2017-05-18,13942329.034154793
2017-05-19,13931502.10452454
2017-05-22,13907250.44402044
2017-05-23,13864588.616445167
2017-05-24,13831126.927815098
2017-05-25,13855351.698973013
2017-05-26,13895361.246455036
2017-05-29,13877235.94940864
2017-05-30,13891091.4830357
2017-05-31,13903084.55555974
2017-06-01,13913829.911805296
2017-06-02,13929326.021975683
2017-06-05,13937356.050116917
2017-06-06,13932010.267722555
2017-06-07,13960532.75928092
2017-06-08,13970902.122036234
2017-06-09,13977624.685539111
2017-06-12,13956238.374476809
2017-06-13,13967332.803469796
2017-06-14,13986569.858341133
2017-06-15,13998455.592946276
2017-06-16,14000971.18383503
2017-06-19,14034604.68570444
2017-06-20,14026964.67791179
2017-06-21,14017875.024313934
2017-06-22,14017355.524257407
2017-06-23,13976455.924098236
2017-06-27,13952351.204792198
2017-06-28,13969235.149715796
2017-06-29,13991689.086806048
2017-06-30,13995463.680210952
2017-07-03,14023024.678980393
2017-07-04,14018581.102458175
2017-07-05,14039061.934274219
2017-07-06,14054111.032980416
2017-07-07,14046272.885343462
2017-07-10,14053830.897452299
2017-07-11,14048238.41660668
2017-07-12,14054158.572542313
2017-07-13,14058137.141875025
2017-07-14,14048000.631731164
2017-07-17,14023544.466364356
2017-07-18,13993601.095567979
2017-07-19,14014787.166801034
2017-07-20,14016306.003315588
2017-07-21,14022981.642411727
2017-07-24,14015448.457386853
2017-07-25,14014874.779526297
2017-07-26,14008198.811521197
2017-07-27,13989543.463841366
2017-07-28,14001853.606914226
2017-07-31,14008934.02322022
2017-08-01,14012216.841332303
2017-08-02,14009095.034150153
2017-08-03,14028074.742741682
2017-08-04,14042294.838600768
2017-08-07,14048825.742648497
2017-08-08,14014177.476163507
2017-08-09,13995857.625722723
2017-08-10,13942364.556253579
2017-08-11,13953726.876997855
2017-08-14,13973433.993542051
2017-08-16,13975884.159969747
2017-08-17,13985532.909537328
2017-08-18,13979872.90916822
2017-08-21,13973693.753860405
2017-08-22,13969970.130237522
2017-08-23,13980874.517993148
2017-08-24,13994567.996320523
2017-08-28,14017506.270954799
2017-08-29,14004450.727488488
2017-08-30,14031678.346342238
2017-08-31,14050023.803507673
2017-09-01,14054633.869570851
2017-09-04,14052138.594153866
2017-09-05,14093826.496095087
2017-09-06,14109623.471986784
2017-09-07,14126416.980915165
2017-09-08,14138333.918558823
2017-09-11,14154126.027565513
2017-09-12,14164101.201775268
2017-09-13,14150480.61269843
2017-09-14,14169903.467199992
2017-09-15,14166744.27486321
2017-09-18,14181037.153459255
2017-09-19,14179417.666895421
2017-09-20,14166760.173315395
2017-09-21,14144818.544523975
2017-09-22,14087396.427297497
2017-09-25,14059142.511205329
2017-09-26,14086524.312975919
2017-09-27,14042696.431964837
2017-09-28,14054034.756069914
2017-09-29,14090862.867575955
2017-10-03,14147263.506895082
2017-10-04,14170284.228403054
2017-10-05,14180207.95655225
2017-10-06,14208018.962559443
2017-10-09,14206913.54164361
2017-10-10,14231134.669779386
2017-10-11,14219435.544330731
2017-10-12,14246768.675574614
2017-10-13,14255846.466303842
2017-10-16,14260923.55998726
2017-10-17,14255464.719990179
2017-10-18,14247116.221912937
2017-10-19,14244805.636474306
2017-10-23,14242646.175899995
2017-10-24,14222071.803696185
2017-10-25,14206938.997401018
2017-10-26,14201650.732674787
2017-10-27,14203558.085052747
2017-10-30,14242440.021022258
2017-10-31,14227863.194136348
2017-11-01,14239579.426209498
2017-11-02,14246536.359895661
2017-11-03,14251618.219032733
2017-11-06,14310620.71408814
2017-11-07,14307582.384935165
2017-11-08,14291691.71314348
2017-11-09,14310997.577338729
2017-11-10,14319984.813483903
2017-11-13,14303190.258672891
2017-11-14,14313795.415817637
2017-11-15,14263593.94752488
2017-11-16,14260845.1075017
2017-11-17,14294847.445418628
2017-11-20,14290812.086272892
2017-11-21,14298540.971283264
2017-11-22,14300130.644959142
2017-11-23,14301226.635748686
2017-11-24,14314740.914324168
2017-11-27,14326739.557829678
2017-11-28,14345471.864197792
2017-11-29,14337187.367262315
2017-11-30,14333451.0451908
2017-12-01,14315152.754801642
2017-12-04,14319763.513199272
2017-12-05,14308112.41769338
2017-12-06,14294271.677083883
2017-12-07,14310390.457755195
2017-12-08,14321876.734816847
2017-12-11,14323510.942226576
2017-12-12,14344603.684592845
2017-12-13,14319858.59705356
2017-12-14,14328236.816990152
2017-12-15,14343977.524122307
2017-12-18,14344011.927844346
2017-12-19,14365755.189603116
2017-12-20,14376496.809666798
2017-12-21,14381058.406236706
2017-12-22,14379719.433768988
2017-12-26,14389129.49210413
2017-12-27,14372988.63541941
2017-12-28,14372297.494755208
2017-12-29,14382066.838436434
2018-01-01,14379085.058272716
2018-01-02,14383702.718930831
2018-01-03,14465224.201397939
2018-01-04,14483978.058508992
2018-01-05,14540713.403355638
2018-01-08,14673640.993089793
2018-01-09,14634242.216182474
2018-01-10,14617389.556165189
2018-01-11,14632202.068088138
2018-01-12,14639443.852282533
2018-01-15,14628600.648553899
2018-01-16,14560571.640852118
2018-01-17,14556768.029731713
2018-01-18,14512627.055049758
2018-01-19,14551371.392139606
2018-01-22,14583384.649487881
2018-01-23,14577924.37810906
2018-01-24,14542483.319195803
2018-01-25,14561407.079673827
2018-01-29,14569915.442106597
2018-01-30,14547931.394567413
2018-01-31,14491819.25842635
2018-02-01,14469012.152596058
2018-02-02,14351385.659932932
2018-02-05,14328037.811679903
2018-02-06,14276419.837787362
2018-02-07,14306542.217378186
2018-02-08,14350487.775535602
2018-02-09,14372537.572104584
2018-02-12,14404206.761442464
2018-02-14,14432889.959155269
2018-02-15,14416680.497846434
2018-02-16,14401761.87004956
2018-02-19,14403128.705971137
2018-02-20,14413998.859681373
2018-02-21,14417005.213821633
2018-02-22,14415511.965614567
2018-02-23,14437067.440152468
2018-02-26,14427241.362607908
2018-02-27,14454552.400610493
2018-02-28,14448040.804053834
2018-03-01,14430361.697333194
2018-03-05,14398607.00133977
2018-03-06,14386085.947955096
2018-03-07,14358968.21341716
2018-03-08,14345349.29494438
2018-03-09,14338444.381188808
2018-03-12,14358960.011633657
2018-03-13,14371158.636546226
2018-03-14,14370413.539373921
2018-03-15,14384752.923612945
2018-03-16,14373897.29076421
2018-03-19,14357778.580586364
2018-03-20,14345305.577434745
2018-03-21,14356609.690648064
2018-03-22,14343070.951008154
2018-03-23,14325346.47113519
2018-03-26,14339793.493306214
2018-03-27,14339504.406992951
2018-03-28,14334189.678188104
2018-04-02,14347119.698565446
2018-04-03,14344825.739494268
2018-04-04,14337264.830065168
2018-04-05,14351466.237154914
2018-04-06,14363362.060936853
2018-04-09,14369418.308270954
2018-04-10,14371542.715057792
2018-04-11,14374752.563674025
2018-04-12,14372825.064628443
2018-04-13,14380636.394626489
2018-04-16,14385362.46346191
2018-04-17,14389850.94692995
2018-04-18,14382847.221579975
2018-04-19,14382261.54288777
2018-04-20,14385118.370096488
2018-04-23,14390849.912400033
2018-04-24,14384174.75288669
2018-04-25,14390291.668645224
2018-04-26,14395028.948632471
2018-04-27,14397691.5565958
2018-04-30,14401869.366231583
2018-05-02,14394211.285597492
2018-05-03,14392988.293866131
2018-05-04,14394417.282831768
2018-05-07,14405003.999131404
2018-05-08,14403356.348017188
2018-05-09,14395144.426610049
2018-05-10,14382657.727166269
2018-05-11,14385836.693575257
2018-05-14,14367968.742059845
2018-05-15,14366012.984945424
2018-05-16,14371659.206784427
2018-05-17,14376699.079651091
2018-05-18,14365449.023705566
2018-05-21,14337108.994507333
2018-05-22,14345286.376681054
2018-05-23,14344067.367376518
2018-05-24,14357560.16612359
2018-05-25,14379930.640572175
2018-05-28,14388535.622108463
2018-05-29,14373122.506774368
2018-05-30,14375449.93888418
2018-05-31,14377804.415884992
2018-06-01,14364842.329216661
2018-06-04,14360392.360654889
2018-06-05,14354319.637989566
2018-06-06,14372793.696814694
2018-06-07,14383167.029122707
2018-06-08,14392090.729888787
2018-06-11,14392937.312209604
2018-06-12,14397331.620291693
2018-06-13,14393552.123859158
2018-06-14,14391019.541279769
2018-06-15,14393677.375551822
2018-06-18,14393377.425674511
2018-06-19,14378765.97433581
2018-06-20,14379022.641943144
2018-06-21,14377580.557363972
2018-06-22,14389782.856114926
2018-06-25,14390929.778833225
2018-06-26,14390895.845955743
2018-06-27,14383995.525602596
2018-06-28,14366160.504805436
2018-06-29,14385562.751298517
2018-07-02,14394419.727604717
2018-07-03,14402637.557187494
2018-07-04,14411276.285581924
2018-07-05,14409101.11266564
2018-07-06,14405396.12545543
2018-07-09,14419980.354836967
2018-07-10,14429242.057817606
2018-07-11,14434808.159752809
2018-07-12,14438104.617181843
2018-07-13,14437130.646989793
2018-07-16,14433140.695092896
2018-07-17,14433389.258642616
2018-07-18,14428337.60559517
2018-07-19,14422843.927949188
2018-07-20,14450717.997198053
2018-07-23,14467909.764793554
2018-07-24,14467121.963432975
2018-07-25,14461688.772835925
2018-07-26,14459696.452240078
2018-07-27,14459897.301534547
2018-07-30,14463719.404422969
2018-07-31,14482585.551751977
2018-08-01,14480186.906495815
2018-08-02,14479453.760747124
2018-08-03,14486394.707408234
2018-08-06,14488674.756322073
2018-08-07,14490672.757698096
2018-08-08,14502489.9408517
2018-08-09,14500042.693077374
2018-08-10,14503395.357086726
2018-08-13,14490890.277551021
2018-08-14,14503383.43003054
2018-08-16,14506507.020400206
2018-08-17,14521311.13406007
2018-08-20,14531062.039779985
2018-08-21,14530470.691813271
2018-08-23,14533767.473910654
2018-08-24,14528173.62658548
2018-08-27,14541855.808618499
2018-08-28,14544626.40473237
2018-08-29,14545268.132936336
2018-08-30,14532781.335136008
2018-08-31,14525349.914880691
2018-09-03,14492168.275360191
2018-09-04,14443164.484035728
2018-09-05,14420848.7471434
2018-09-06,14419774.744488824
2018-09-07,14429909.344005955
2018-09-10,14399502.11360944
2018-09-11,14377098.422671942
2018-09-12,14387969.914379021
2018-09-14,14404494.457204873
2018-09-17,14392763.397301646
2018-09-18,14381765.224874932
2018-09-19,14363176.0034508
2018-09-21,14311696.148897376
2018-09-24,14305775.71549318
2018-09-25,14303149.029870216
2018-09-26,14311114.561475176
2018-09-27,14307117.152475744
2018-09-28,14303799.269385602
2018-10-01,14307960.22190818
2018-10-03,14304976.33703206
2018-10-04,14294098.297962291
2018-10-05,14285245.05632129
2018-10-08,14280508.892333515
2018-10-09,14282180.4559696
2018-10-10,14286389.234938344
2018-10-11,14281374.974371705
2018-10-12,14284588.522547992
2018-10-15,14290802.317174794
2018-10-16,14282472.269429745
2018-10-17,14273372.799528643
2018-10-19,14270720.825281871
2018-10-22,14264405.64612479
2018-10-23,14257570.421032151
2018-10-24,14256569.386600232
2018-10-25,14258557.747728087
2018-10-26,14259331.964981716
2018-10-29,14274963.694343638
2018-10-30,14278964.833667548
2018-10-31,14281477.022220373
2018-11-01,14289624.711824764
2018-11-02,14286188.932756754
2018-11-05,14282153.621500358
2018-11-06,14280384.760992963
2018-11-07,14284395.071080707
2018-11-09,14287414.080806674
2018-11-12,14286275.065352771
2018-11-13,14281536.862352295
2018-11-14,14283254.69771033
2018-11-15,14283329.641738964
2018-11-16,14281823.770456512
2018-11-19,14285371.462905953
2018-11-20,14278574.53930459
2018-11-21,14279781.785075441
2018-11-22,14276541.349978967
2018-11-26,14280518.469951328
2018-11-27,14278884.565599656
2018-11-28,14273612.073251387
2018-11-29,14281261.839860419
2018-11-30,14287431.435624316
2018-12-03,14291731.842768075
2018-12-04,14290900.129906511
2018-12-05,14280031.760067634
2018-12-06,14266942.842160633
2018-12-07,14265251.274759166
2018-12-10,14252343.799892725
2018-12-11,14258918.480891695
2018-12-12,14273995.315356458
2018-12-13,14277783.985257242
2018-12-14,14276928.19464588
2018-12-17,14279078.418591851
2018-12-18,14277474.858805966
2018-12-19,14287029.90888508
2018-12-20,14282522.022537999
2018-12-21,14267943.078150047
2018-12-24,14268967.988062385
2018-12-26,14267866.17894201
2018-12-27,14267618.886744607
2018-12-28,14270725.07589282
2018-12-31,14274674.296662087
2019-01-01,14272507.21322053
2019-01-02,14271714.161762584
2019-01-03,14272540.976160664
2019-01-04,14277388.130169852
2019-01-07,14276242.257254675
2019-01-08,14278620.937413046
2019-01-09,14281306.896228442
2019-01-10,14279935.923337618
2019-01-11,14282981.118305637
2019-01-14,14262920.60332108
2019-01-15,14270815.969639901
2019-01-16,14271735.266345888
2019-01-17,14267420.05753137
2019-01-18,14269379.820255682
2019-01-21,14267733.950709986
2019-01-22,14263250.238350166
2019-01-23,14261117.658948824
2019-01-24,14264765.342451155
2019-01-25,14249890.247657418
2019-01-28,14220780.534592438
2019-01-29,14223087.704903102
2019-01-30,14226990.761600425
2019-01-31,14230424.094620297
2019-02-01,14232081.889412649
2019-02-04,14229424.950483253
2019-02-05,14232277.386598902
2019-02-06,14229938.400748318
2019-02-07,14236651.69783051
2019-02-08,14231323.02513044
2019-02-11,14222982.85293822
2019-02-12,14225033.18764948
2019-02-14,14230004.800496852
2019-02-15,14221361.978984168
2019-02-18,14221650.63347382
2019-02-19,14226973.873501418
2019-02-20,14230888.206546444
2019-02-21,14238284.8137193
2019-02-22,14242571.973435938
2019-02-25,14249996.211261122
2019-02-26,14246339.936591325
2019-02-27,14234875.69843312
2019-02-28,14242867.282851713
2019-03-01,14257024.979143746
2019-03-05,14276082.879774392
2019-03-06,14286092.22421189
2019-03-07,14280452.24564553
2019-03-08,14277192.991628835
2019-03-11,14282690.581979003
2019-03-12,14289624.164441166
2019-03-13,14278178.602361768
2019-03-14,14279359.485255187
2019-03-15,14281966.181341875
2019-03-18,14278317.834248329
2019-03-19,14274531.133601246
2019-03-20,14270819.110872345
2019-03-22,14275557.532190762
2019-03-25,14258819.625079757
2019-03-26,14268245.73598589
2019-03-27,14270819.609487647
2019-03-28,14289368.74311818
2019-04-01,14301359.054036899
2019-04-02,14294016.857980298
2019-04-03,14289925.300700922
2019-04-04,14286619.334173093
2019-04-05,14306971.776961949
2019-04-08,14287159.22628895
2019-04-09,14295015.889813604
2019-04-10,14298172.84098983
2019-04-11,14303288.475294461
2019-04-12,14312998.623313688
2019-04-15,14311212.540941784
2019-04-16,14316963.827887066
2019-04-18,14318243.358178051
2019-04-22,14290271.282666324
2019-04-23,14291518.583615717
2019-04-24,14300839.68888893
2019-04-25,14312889.960944533
2019-04-26,14315522.847911535
2019-04-30,14323952.491530413
2019-05-02,14340263.472858833
2019-05-03,14348746.999759912
2019-05-06,14329071.384438785
2019-05-07,14312073.079986231
2019-05-08,14304039.496638184
2019-05-09,14307316.421535043
2019-05-10,14310842.494589433
2019-05-13,14275066.240045264
2019-05-14,14296743.367634919
2019-05-15,14307594.275226614
2019-05-16,14321587.04738239
2019-05-17,14332382.725638274
2019-05-20,14380918.444038067
2019-05-21,14371837.166395793
2019-05-22,14380900.460060215
2019-05-23,14381789.90486949
2019-05-24,14399951.36233121
2019-05-27,14407326.050882638
2019-05-28,14396598.729344007
2019-05-29,14381158.428366732
2019-05-30,14393979.332725344
2019-05-31,14399877.214368952
2019-06-03,14401347.329961734
2019-06-04,14419639.970792651
2019-06-06,14385179.811793122
2019-06-07,14377001.166866425
2019-06-10,14388967.353529457
2019-06-11,14395312.373033237
2019-06-12,14391348.044315372
2019-06-13,14392046.928261943
2019-06-14,14384753.135596473
2019-06-17,14362244.27727052
2019-06-18,14371440.862844227
2019-06-19,14341923.00413141
2019-06-20,14343117.38757381
2019-06-21,14333081.222428069
2019-06-24,14333414.28684251
2019-06-25,14345268.397397738
2019-06-26,14353316.660904704
2019-06-27,14353350.604868345
2019-06-28,14351425.47089188
2019-07-01,14350593.763056561
2019-07-02,14354867.935819678
2019-07-03,14357965.224200025
2019-07-04,14354020.387207298
2019-07-05,14344940.838977495
2019-07-08,14311055.852933856
2019-07-09,14312093.889843376
2019-07-10,14301107.432827648
2019-07-11,14309951.93610185
2019-07-12,14318084.784101442
2019-07-15,14313959.73416459
2019-07-16,14327417.991147358
2019-07-17,14327188.573269555
2019-07-18,14313006.698188476
2019-07-19,14283476.645683419
2019-07-22,14271796.344678342
2019-07-23,14277044.969995083
2019-07-24,14258664.012560273
2019-07-25,14258408.762800181
2019-07-26,14261822.175663501
2019-07-29,14254806.532004364
2019-07-30,14251360.425894028
2019-07-31,14259082.179325989
2019-08-01,14253274.97374527
2019-08-02,14253548.861627711
2019-08-05,14244021.710802576
2019-08-06,14255036.443374999
2019-08-07,14257073.976457832
2019-08-08,14265530.688198667
2019-08-09,14271739.27492901
2019-08-13,14268396.042271325
2019-08-14,14270062.78053422
2019-08-16,14277471.608113358
2019-08-19,14277930.462808097
2019-08-20,14264777.87009752
2019-08-21,14253505.167562636
2019-08-22,14250904.645214643
2019-08-23,14254791.062650142
2019-08-26,14268169.439616745
2019-08-27,14272324.372002997
2019-08-28,14277645.515094616
2019-08-29,14267415.446430018
2019-08-30,14268303.67696939
2019-09-03,14259570.87690156
2019-09-04,14256012.252234936
2019-09-05,14260144.776391812
2019-09-06,14267001.605821216
2019-09-09,14272675.29131997
2019-09-11,14270565.483875317
2019-09-12,14258277.307357881
2019-09-13,14257184.742605578
2019-09-16,14250596.744174697
2019-09-17,14231918.122180602
2019-09-18,14235544.936826728
2019-09-19,14229100.20683755
2019-09-20,14274851.184592873
2019-09-23,14334788.535726873
2019-09-24,14324818.781721713
2019-09-25,14317639.36930562
2019-09-26,14331344.488211546
2019-09-27,14336815.30412674
2019-09-30,14323361.60903323
2019-10-01,14321207.828507163
2019-10-03,14314622.96515545
2019-10-04,14304026.191216277
2019-10-07,14307374.326032823
2019-10-09,14325772.734048638
2019-10-10,14338432.103899121
2019-10-11,14342523.293833073
2019-10-14,14352442.878585752
2019-10-15,14349307.592032872
2019-10-16,14342993.232310329
2019-10-17,14362554.969338328
2019-10-18,14368504.369671859
2019-10-22,14362005.256952817
2019-10-23,14363197.772396466
2019-10-24,14365765.991320182
2019-10-25,14360927.789377617
2019-10-27,14378442.950946203
2019-10-29,14380742.359937098
2019-10-30,14376459.152285142
2019-10-31,14391012.103634754
2019-11-01,14375417.666809136
2019-11-04,14373792.838606678
2019-11-05,14362367.268148748
2019-11-06,14352751.79580193
2019-11-07,14376832.874460522
2019-11-08,14368007.469905782
2019-11-11,14375448.608997274
2019-11-13,14371395.849745844
2019-11-14,14383767.19201491
2019-11-15,14387812.290583188
2019-11-18,14387094.759060197
2019-11-19,14388791.026004825
2019-11-20,14387843.947569765
2019-11-21,14379858.410411296
2019-11-22,14368524.13376553
2019-11-25,14368701.881993974
2019-11-26,14363378.575917302
2019-11-27,14376391.010589823
2019-11-28,14387719.557756405
2019-11-29,14375040.514508208
2019-12-02,14367445.366686888
2019-12-03,14371166.274708124
2019-12-04,14376721.223274648
2019-12-05,14378974.532504994
2019-12-06,14367684.663781043
2019-12-09,14352202.203708593
2019-12-10,14335608.504696336
2019-12-11,14347655.665332314
2019-12-12,14358840.567605503
2019-12-13,14369782.271833377
2019-12-16,14370039.231466489
2019-12-17,14368552.98683179
2019-12-18,14370192.5236996
2019-12-19,14374040.45358879
2019-12-20,14367446.283223908
2019-12-23,14370041.828404704
2019-12-24,14370732.471268719
2019-12-26,14381443.631044824
2019-12-27,14387774.868771998
2019-12-30,14388186.09587803
2019-12-31,14380035.531179244
2020-01-01,14376365.693528777
2020-01-02,14379826.927120162
2020-01-03,14378277.245428191
2020-01-06,14348224.357017389
2020-01-07,14359925.861023912
2020-01-08,14358653.12243234
2020-01-09,14384874.353319934
2020-01-10,14386506.219056902
2020-01-13,14393388.949357044
2020-01-14,14401151.925358413
2020-01-15,14411045.452658346
2020-01-16,14414733.552313888
2020-01-17,14424519.788684972
2020-01-20,14433705.653567828
2020-01-21,14427955.064004542
2020-01-22,14408259.341623927
2020-01-23,14416928.927487547
2020-01-24,14423412.583312362
2020-01-27,14425422.50270048
2020-01-28,14418838.47505864
2020-01-29,14428998.561521249
2020-01-30,14419744.537624603
2020-01-31,14417307.75480596
2020-02-03,14376829.571051328
2020-02-04,14412005.912986362
2020-02-05,14431554.491207667
2020-02-06,14435121.995351898
2020-02-07,14436490.405030966
2020-02-10,14419755.26766581
2020-02-11,14422045.370088698
2020-02-12,14432256.973539924
2020-02-13,14434749.991621055
2020-02-14,14419792.558761269
2020-02-17,14399462.848204382
2020-02-18,14389936.205443298
2020-02-19,14420853.607754413
2020-02-20,14408911.836994067
2020-02-24,14362533.08558956
2020-02-25,14363594.650344698
2020-02-26,14350873.879441926
2020-02-27,14338261.159507506
2020-02-28,14261202.09345645
2020-03-02,14259934.255541896
2020-03-03,14264263.9186725
2020-03-04,14245316.42544255
2020-03-05,14250305.48529143
2020-03-06,14215712.698651725
2020-03-09,14196387.831070917
2020-03-11,14190752.480946539
2020-03-12,14163070.959044755
2020-03-13,14162538.331278186
2020-03-16,14162081.703249946
2020-03-17,14157031.50001786
2020-03-18,14155590.525144894
2020-03-19,14153450.34261875
2020-03-20,14150421.79100852
2020-03-23,14149289.839612486
2020-03-24,14148634.181382226
2020-03-25,14147232.16967236
2020-03-26,14147955.111426132
2020-03-27,14148698.482059779
2020-03-30,14148616.05896951
2020-03-31,14151653.071156876
2020-04-01,14145529.390157811
2020-04-03,14129153.82057171
2020-04-07,14144163.335535856
2020-04-08,14165341.023730872
2020-04-09,14182000.09827962
2020-04-13,14181707.596904293
2020-04-15,14181926.065204468
2020-04-16,14189632.058539497
2020-04-17,14189861.553781006
2020-04-20,14191019.890161365
2020-04-21,14199110.49810228
2020-04-22,14204060.328697268
2020-04-23,14206367.40160974
2020-04-24,14211479.673925426
2020-04-27,14228832.667101141
2020-04-28,14224055.997272052
2020-04-29,14224919.95382202
2020-04-30,14224641.191200553
2020-05-04,14220730.857577331
2020-05-05,14217141.69242936
2020-05-06,14222705.226677207
2020-05-07,14223007.53115552
2020-05-08,14232804.22724068
2020-05-11,14237840.531916078
2020-05-12,14239820.76263889
2020-05-13,14244860.733155992
2020-05-14,14254249.023929812
2020-05-15,14257510.83436561
2020-05-18,14261873.859022345
2020-05-19,14252523.833848879
2020-05-20,14257494.868799316
2020-05-21,14249094.840966001
2020-05-22,14238352.320954628
2020-05-26,14227310.561950834
2020-05-27,14214288.296337314
2020-05-28,14225765.049132146
2020-05-29,14245602.091986503
2020-06-01,14250810.307808623
2020-06-02,14263754.014956165
2020-06-03,14278263.939251442
2020-06-04,14300977.592868937
2020-06-05,14314786.908757454
2020-06-08,14325660.378278242
2020-06-09,14347033.048408775
2020-06-10,14370756.338234784
2020-06-11,14380212.297773192
2020-06-12,14398380.159815025
2020-06-15,14412734.615523646
2020-06-16,14424961.133342931
2020-06-17,14440196.489513379
2020-06-18,14456503.979578339
2020-06-19,14482091.092399038
2020-06-22,14516301.828888347
2020-06-23,14547177.445215186
2020-06-24,14553738.738946574
2020-06-25,14578554.222979808
2020-06-26,14605222.647369271
2020-06-29,14573211.601750586
2020-06-30,14548032.643543864
2020-07-01,14528940.318143217
2020-07-02,14511377.497268308
2020-07-03,14493619.416652197
2020-07-06,14465449.068870356
2020-07-07,14436787.110873833
2020-07-08,14411882.610326719
2020-07-09,14408948.801983284
2020-07-10,14427645.025892943
2020-07-13,14446163.492641391
2020-07-14,14416671.141466307
2020-07-15,14397228.848716948
2020-07-16,14384335.27288107
2020-07-17,14373497.14438107
2020-07-20,14377881.49206438
2020-07-21,14379849.423250226
2020-07-22,14384827.365983305
2020-07-23,14399544.96433092
2020-07-24,14416319.023502287
2020-07-27,14407175.320609778
2020-07-28,14411619.935345544
2020-07-29,14417512.253441336
2020-07-30,14426895.4315083
2020-07-31,14466081.940654838
2020-08-03,14498548.495556343
2020-08-04,14512527.91493499
2020-08-05,14528605.984306972
2020-08-06,14534786.908560399
2020-08-07,14523958.363970086
2020-08-10,14590697.189613635
2020-08-11,14543172.662678674
2020-08-12,14519251.100240925
2020-08-13,14506378.511218226
2020-08-14,14508474.653111462
2020-08-17,14522125.326007763
2020-08-18,14524343.701477468
2020-08-19,14522425.1929123
2020-08-20,14533806.018113596
2020-08-21,14558373.970394393
2020-08-24,14581771.87376798
2020-08-25,14563405.993394103
2020-08-26,14559161.087503504
2020-08-27,14572019.966459474
2020-08-28,14566539.236184742
2020-08-31,14510178.78161975
2020-09-01,14525976.72029365
2020-09-02,14545228.961637374
2020-09-03,14561934.992665261
2020-09-04,14557823.069373094
2020-09-07,14570712.270483105
2020-09-08,14558271.052668989
2020-09-09,14563198.002523834
2020-09-10,14576496.995239994
2020-09-11,14566979.418404173
2020-09-14,14622456.60610786
2020-09-15,14649831.14071429
2020-09-16,14649972.083027517
2020-09-17,14654714.443844246
2020-09-18,14681924.703493169
2020-09-21,14639363.461881477
2020-09-22,14634771.992663765
2020-09-23,14629102.682719205
2020-09-24,14587637.78239801
2020-09-25,14618702.121465825
2020-09-28,14676840.605597913
2020-09-29,14669044.551429274
2020-09-30,14674741.702612216
2020-10-01,14666260.354653774
2020-10-05,14679490.880307999
2020-10-06,14695843.636441484
2020-10-07,14701201.134023897
2020-10-08,14712664.38411867
2020-10-09,14698350.124314524
2020-10-12,14715890.008685995
2020-10-13,14702663.863277938
2020-10-14,14697716.753549097
2020-10-15,14668359.02057301
2020-10-16,14693282.582645388
2020-10-19,14693450.599343542
2020-10-20,14703068.03756793
2020-10-21,14696499.049379038
2020-10-22,14703298.50761151
2020-10-23,14702553.165556172
2020-10-26,14672842.919865504
2020-10-27,14689392.26971462
2020-10-28,14681392.748533117
2020-10-29,14705424.151914623
2020-10-30,14699224.09786111
2020-11-02,14662759.16554115
2020-11-03,14669176.324911296
2020-11-04,14664586.855020992
2020-11-05,14678706.759888314
2020-11-06,14675966.41793834
2020-11-09,14662047.938758736
2020-11-10,14641898.738824273
2020-11-11,14678301.655849917
2020-11-12,14699395.293905485
2020-11-13,14704186.22060938
2020-11-14,14722638.391615214
2020-11-17,14720561.770884342
2020-11-18,14707737.069867998
2020-11-19,14688433.281759145
2020-11-20,14701805.406451685
2020-11-23,14750676.561566759
2020-11-24,14766472.413567822
2020-11-25,14751677.565574376
2020-11-26,14751317.755132416
2020-11-27,14805221.575025197
2020-12-01,14834417.22914678
2020-12-02,14836030.065539386
2020-12-03,14833091.898233186
2020-12-04,14857482.743512016
2020-12-07,14855005.583713895
2020-12-08,14837712.281311616
2020-12-09,14829420.106287083
2020-12-10,14819205.05148453
2020-12-11,14815357.845171168
2020-12-14,14810194.388571164
2020-12-15,14805424.117135327
2020-12-16,14828734.985414268
2020-12-17,14836761.98629924
2020-12-18,14844969.410883946
2020-12-21,14773249.537823955
2020-12-22,14779772.463619227
2020-12-23,14813101.733150357
2020-12-24,14837001.170213485
2020-12-28,14863515.444256265
2020-12-29,14865460.066728087
2020-12-30,14868572.12026599
2020-12-31,14870677.679780748
2021-01-01,14885195.846619878
2021-01-04,14905070.871230837
2021-01-05,14912102.437685737
2021-01-06,14913344.498244094
2021-01-07,14928309.694273926
2021-01-08,14928439.301504074
2021-01-11,14916674.70020401
2021-01-12,14913691.056609131
2021-01-13,14890799.805448633
2021-01-14,14923792.058700915
2021-01-15,14913349.570216153
2021-01-18,14878024.022521393
2021-01-19,14903785.884873582
2021-01-20,14929551.475569496
2021-01-21,14924788.014215166
2021-01-22,14898687.63431835
2021-01-25,14915508.358859757
2021-01-27,14895047.063197097
2021-01-28,14863987.521142619
2021-01-29,14835533.662824145
2021-02-01,14858501.872788392
2021-02-02,14885434.078643521
2021-02-03,14909115.706187813
2021-02-04,14936350.98144733
2021-02-05,14922567.21691861
2021-02-08,14964480.285725553
2021-02-09,14973975.402464572
2021-02-10,14990333.363361659
2021-02-11,15009982.94812371
2021-02-12,15007195.208990881
2021-02-15,14998315.281625189
2021-02-16,15018659.401091864
2021-02-17,15004948.790719809
2021-02-18,15023253.701308746
2021-02-19,15018763.425355686
2021-02-22,14983587.806135861
2021-02-23,15011491.363743681
2021-02-24,15020302.78006741
2021-02-25,15034257.632987892
2021-02-26,15011637.16966898
2021-03-01,15027692.943076871
2021-03-02,15045137.293241838
2021-03-03,15071862.998004025
2021-03-04,15087297.973714069
2021-03-05,15054577.487412754
2021-03-08,15064193.34226981
2021-03-09,15068158.755483096
2021-03-10,15104768.6699142
2021-03-12,15118198.341169268
2021-03-15,15090102.885225918
2021-03-16,15110249.154224446
2021-03-17,15053083.307225212
2021-03-18,15039610.287196022
2021-03-19,15062804.271509677
2021-03-22,15066951.154756317
2021-03-23,15069528.37246252
2021-03-24,15046704.410233153
2021-03-25,15026082.208392462
2021-03-26,15063788.882822037
2021-03-30,15084089.199038887
2021-03-31,15088806.804457283
2021-04-01,15102458.504579306
2021-04-05,15093407.55262184
2021-04-06,15128189.315065188
2021-04-07,15187662.723525083
2021-04-08,15204746.767574431
2021-04-09,15218803.862805696
2021-04-12,15174547.409760756
2021-04-13,15176310.226786688
2021-04-15,15170585.755437639
2021-04-16,15217648.847219616
2021-04-19,15199836.669875555
2021-04-20,15191436.844124526
2021-04-22,15196857.791389557
2021-04-23,15217806.152160896
2021-04-26,15226728.315307772
2021-04-27,15246529.406024655
2021-04-28,15269756.070971379
2021-04-29,15260313.788827792
2021-04-30,15251311.246311812
2021-05-03,15320935.239315009
2021-05-04,15325727.078447724
2021-05-05,15341206.415055316
2021-05-06,15337535.47894711
2021-05-07,15360608.206556745
2021-05-10,15373919.626140619
2021-05-11,15396205.40829306
2021-05-12,15357909.201857153
2021-05-14,15337233.198715592
2021-05-17,15379808.795690801
2021-05-18,15416933.349164914
2021-05-19,15438256.045293927
2021-05-20,15438920.785598064
2021-05-21,15468232.363015732
2021-05-24,15516614.434056405
2021-05-25,15505110.016923187
2021-05-26,15516757.494905598
2021-05-27,15534977.490469342
2021-05-28,15540480.442622973
2021-05-31,15541955.151153022
2021-06-01,15517920.030399201
2021-06-02,15557737.18748478
2021-06-03,15585001.53341415
2021-06-04,15593784.91477755
2021-06-07,15684343.121918747
2021-06-08,15730393.472770208
2021-06-09,15688508.046239413
2021-06-10,15768481.523380578
2021-06-11,15776537.258535212
2021-06-14,15816286.397062954
2021-06-15,15824906.95489723
2021-06-16,15803244.967843374
2021-06-17,15775158.18653354
2021-06-18,15700090.87532889
2021-06-21,15741508.581276096
2021-06-22,15809116.863492778
2021-06-23,15789601.73071868
2021-06-24,15812374.486544317
2021-06-25,15840928.370067392
2021-06-28,15907805.201354127
2021-06-29,15948234.085944809
2021-06-30,15993119.212451968
2021-07-01,15977782.60028975
2021-07-02,16041835.226806534
2021-07-05,16148225.688336134
2021-07-06,16117048.338855697
2021-07-07,16134613.42595329
2021-07-08,16141065.531396838
2021-07-09,16163692.951624606
2021-07-12,16178367.701925952
2021-07-13,16191966.923755728
2021-07-14,16217659.959192429
2021-07-15,16256633.324556671
2021-07-16,16367831.222210445
2021-07-19,16399916.295630924
2021-07-20,16295938.74167182
2021-07-22,16311745.853708753
2021-07-23,16281519.293890014
2021-07-26,16310618.688952157
2021-07-27,16267798.233118486
2021-07-28,16227407.721523844
2021-07-29,16249856.216298526
2021-07-30,16278421.60861069
2021-08-02,16338384.397640299
2021-08-03,16357239.99472175
2021-08-04,16317307.969035966
2021-08-05,16332313.870552123
2021-08-06,16310207.405306706
2021-08-09,16265674.486652583
2021-08-10,16166637.162757013
2021-08-11,16116951.758820714
2021-08-12,16216613.808242254
2021-08-13,16233893.965873076
2021-08-16,16232228.693128282
2021-08-17,16249396.395097682
2021-08-18,16244563.87202564
2021-08-20,16150602.523657952
2021-08-23,16064195.930209352
2021-08-24,16086789.468266439
2021-08-25,16105172.888193715
2021-08-26,16088103.773933968
2021-08-27,16133229.717541756
2021-08-30,16173676.889309032
2021-08-31,16194341.403451828
2021-09-01,16185706.795152381
2021-09-02,16221391.949123092
2021-09-03,16221922.627420995
2021-09-06,16227338.765281077
2021-09-07,16224968.080411447
2021-09-08,16226384.926342068
2021-09-09,16228478.532688975
2021-09-13,16233863.240659615
2021-09-14,16241165.436981423
2021-09-15,16250048.893776147
2021-09-16,16246053.42767842
2021-09-17,16253706.976216648
2021-09-20,16200352.548103636
2021-09-21,16226738.534458617
2021-09-22,16271835.801597416
2021-09-23,16320886.81980055
2021-09-24,16360141.353668546
2021-09-27,16317321.316400172
2021-09-28,16335729.906330831
2021-09-29,16339041.228017597
2021-09-30,16341588.765030542
2021-10-01,16344516.166283276
2021-10-04,16379328.299554924
2021-10-05,16369789.208718268
2021-10-06,16332096.073150981
2021-10-07,16368689.841608891
2021-10-08,16398259.200601395
2021-10-11,16410472.218852032
2021-10-12,16394456.327620275
2021-10-13,16394339.697250107
2021-10-14,16427261.495216282
2021-10-18,16479011.53877329
2021-10-19,16513101.690379849
2021-10-20,16496247.697541708
2021-10-21,16477443.644519385
2021-10-22,16461992.007605227
2021-10-25,16430646.465785954
2021-10-26,16496050.023337128
2021-10-27,16539419.55807966
2021-10-28,16477212.501158534
2021-10-29,16437926.209090319
2021-11-01,16477083.422028841
2021-11-02,16503507.068712473
2021-11-03,16523462.258279076
2021-11-04,16544161.398101242
2021-11-08,16542900.568018004
2021-11-09,16514333.822192065
2021-11-10,16491369.349662488
2021-11-11,16470840.89522804
2021-11-12,16501003.865030088
2021-11-15,16501907.585334335
2021-11-16,16506849.051009009
2021-11-17,16507700.179931046
2021-11-18,16482097.545550857
2021-11-22,16435944.769137101
2021-11-23,16466109.577213753
2021-11-24,16458979.386173856
2021-11-25,16483481.301076509
2021-11-26,16400441.21274659
2021-11-29,16387202.737112107
2021-11-30,16404434.845491322
2021-12-01,16428410.052495703
2021-12-02,16495829.4312274
2021-12-03,16485824.005690422
2021-12-06,16454256.68302317
2021-12-07,16484538.106614621
2021-12-08,16512959.345668042
2021-12-09,16524967.017955052
2021-12-10,16571957.97427323
2021-12-13,16609650.083172888
2021-12-14,16667975.210834393
2021-12-15,16671770.124296192
2021-12-16,16629461.77973991
2021-12-17,16563574.762511624
2021-12-20,16505745.408977067
2021-12-21,16541680.840274557
2021-12-22,16560504.344040832
2021-12-23,16566583.204228934
2021-12-24,16557576.484389452
2021-12-27,16596523.593777332
2021-12-28,16632267.796445327
2021-12-29,16657914.40837201
2021-12-30,16651840.180041673
2021-12-31,16656131.636489827
2022-01-03,16682879.149779214
2022-01-04,16718829.283624204
2022-01-05,16709781.373508904
2022-01-06,16694223.16002974
2022-01-07,16713512.717282081
2022-01-10,16720297.7102663
2022-01-11,16716011.666552944
2022-01-12,16710844.056816284
2022-01-13,16721021.436541734
2022-01-14,16751319.940855201
2022-01-17,16747027.068068303
2022-01-18,16702710.310519833
2022-01-19,16703213.28441536
2022-01-20,16700871.335980816
2022-01-21,16659758.180540804
2022-01-24,16592384.254765319
2022-01-25,16648775.615650553
2022-01-27,16655828.176863093
2022-01-28,16651951.188498834
2022-01-31,16632490.483356766
2022-02-01,16648957.330010677
2022-02-02,16684260.553557953
2022-02-03,16743923.667605355
2022-02-04,16774366.685393682
2022-02-07,16719557.647338888
2022-02-08,16665536.390035564
2022-02-09,16686510.582439704
2022-02-10,16708401.95471743
2022-02-11,16680504.458210077
2022-02-14,16598092.905350447
2022-02-15,16647916.844347315
2022-02-16,16652302.126760406
2022-02-17,16674297.407210596
2022-02-18,16675879.47102151
2022-02-21,16609206.85027151
2022-02-22,16582490.721347587
2022-02-23,16626691.552671881
2022-02-24,16518931.321408039
2022-02-25,16581075.613412779
2022-02-28,16601398.507090047
2022-03-02,16611209.700782716
2022-03-03,16629914.913460882
2022-03-04,16610530.311890813
2022-03-07,16557534.540460775
2022-03-08,16553128.824359013
2022-03-09,16613793.043689223
2022-03-10,16659090.13099221
2022-03-11,16696730.733000133
2022-03-14,16746285.254242081
2022-03-15,16697094.886723919
2022-03-16,16704492.067676207
2022-03-17,16692659.194122175
2022-03-21,16717806.415551698
2022-03-22,16746720.43365159
2022-03-23,16762335.75257936
2022-03-24,16786277.10362891
2022-03-25,16754560.90394785
2022-03-28,16721377.607494311
2022-03-29,16751728.390391849
2022-03-30,16788822.27905737
2022-03-31,16802278.191733025
2022-04-01,16805864.6834416
2022-04-04,16810173.4886049
2022-04-05,16850392.9967623
2022-04-06,16879884.460347682
2022-04-07,16902529.9245303
2022-04-08,16938037.478053976
2022-04-11,16939290.51710067
2022-04-12,16901711.41496234
2022-04-13,16912945.46805542
2022-04-18,16921717.608818978
2022-04-19,16882121.053531762
2022-04-20,16880359.638284292
2022-04-21,16870080.16366382
2022-04-22,16865608.776755653
2022-04-25,16786100.88216407
2022-04-26,16830364.039075013
2022-04-27,16811002.442273945
2022-04-28,16826692.122108463
2022-04-29,16815465.720903873
2022-05-02,16781327.201313846
2022-05-04,16715493.872997005
2022-05-05,16681041.411144536
2022-05-06,16621003.789954409
2022-05-09,16603799.245704083
2022-05-10,16568875.99413937
2022-05-11,16544760.997280862
2022-05-12,16534673.85977888
2022-05-13,16519548.616175937
2022-05-16,16517995.532358464
2022-05-17,16520522.698678475
2022-05-18,16517031.143056646
2022-05-19,16512602.942198357
2022-05-20,16517921.147413183
2022-05-23,16515347.443230428
2022-05-24,16516854.575300748
2022-05-25,16507133.409280125
2022-05-26,16510015.372721111
2022-05-27,16510134.841802247
2022-05-30,16514621.430634415
2022-05-31,16519138.256341139
2022-06-01,16517972.63353021
2022-06-02,16516802.95984062
2022-06-03,16513733.492098423
2022-06-06,16511581.092087705
2022-06-07,16508195.4585737
2022-06-08,16505004.525432589
2022-06-09,16509587.734509084
2022-06-10,16507209.39516923
2022-06-13,16499203.517282687
2022-06-14,16501013.872065084
2022-06-15,16500629.69462652
2022-06-16,16490636.095991565
2022-06-17,16491974.797541872
2022-06-20,16480870.655968407
2022-06-21,16488982.532097809
2022-06-22,16485472.279644415
2022-06-23,16493611.293199947
2022-06-24,16495322.081536142
2022-06-27,16500072.522731729
2022-06-28,16505482.66059634
2022-06-29,16507380.884139959
2022-06-30,16504546.709110234
2022-07-01,16509055.003759144
2022-07-04,16511985.00771431
2022-07-05,16508131.7020084
2022-07-06,16522372.319486981
2022-07-07,16525497.962228134
2022-07-08,16528179.151920494
2022-07-11,16542011.0697159
2022-07-12,16531163.161171328
2022-07-13,16535055.962469257
2022-07-14,16530689.622614654
2022-07-15,16551594.09193133
2022-07-18,16561296.946611382
2022-07-19,16564471.190310001
2022-07-20,16565297.52139141
2022-07-21,16587213.634195242
2022-07-22,16594534.424593616
2022-07-25,16579051.669027666
2022-07-26,16560685.099819925
2022-07-27,16571287.26161719
2022-07-28,16582994.908326492
2022-07-29,16590795.444716563
2022-08-01,16609378.872981464
2022-08-02,16626243.83260519
2022-08-03,16618813.918006588
2022-08-04,16621753.7287136
2022-08-05,16627277.838420633
2022-08-08,16637266.41580676
2022-08-10,16629498.15295384
2022-08-11,16629040.679050554
2022-08-12,16629162.173476432
2022-08-16,16666686.480020886
2022-08-17,16665863.678843014
2022-08-18,16664167.044582441
2022-08-19,16632825.530493932
2022-08-22,16608351.468035014
2022-08-23,16632360.946653426
2022-08-24,16631439.744986778
2022-08-25,16626831.633254714
2022-08-26,16635940.090273988
2022-08-29,16630542.62484401
2022-08-30,16677759.342573036
2022-09-01,16676534.504173063
2022-09-02,16676040.864758555
2022-09-05,16693065.488008257
2022-09-06,16697532.994475504
2022-09-07,16702568.06499901
2022-09-08,16719059.548079707
2022-09-09,16731882.366414078
2022-09-12,16739198.15299062
2022-09-13,16752501.614228643
2022-09-14,16749319.123772632
2022-09-15,16762864.322583739
2022-09-16,16697872.661201337
2022-09-19,16699550.862095505
2022-09-20,16734118.226279434
2022-09-21,16736922.188971907
2022-09-22,16767124.779777806
2022-09-23,16723686.746219499
2022-09-26,16651196.701615805
2022-09-27,16655106.471857093
2022-09-28,16667093.048007319
2022-09-29,16677083.62083572
2022-09-30,16707263.670413844
2022-10-03,16672701.094233867
2022-10-04,16708725.696310557
2022-10-06,16730027.403608589
2022-10-07,16731664.372890914
2022-10-10,16716910.988281153
2022-10-11,16694588.477523416
2022-10-12,16705092.293860389
2022-10-13,16703792.705443682
2022-10-14,16707616.351058766
2022-10-17,16727791.478638764
2022-10-18,16752284.397723274
2022-10-19,16776669.506090317
2022-10-20,16774869.557283137
2022-10-21,16755969.515003538
2022-10-24,16765527.066922516
2022-10-25,16774715.357051598
2022-10-27,16765495.295717735
2022-10-28,16768608.259446425
2022-10-31,16801921.390607506
2022-11-01,16802170.91887114
2022-11-02,16802229.664071325
2022-11-03,16807770.482762147
2022-11-04,16800143.18790284
2022-11-07,16804041.28749127
2022-11-09,16803187.94046016
2022-11-10,16764480.09458345
2022-11-11,16764267.185662132
2022-11-14,16762377.965880757
2022-11-15,16748956.999807172
2022-11-16,16758260.000685688
2022-11-17,16750316.636479424
2022-11-18,16725582.464366192
2022-11-21,16714286.310365124
2022-11-22,16720540.529548813
2022-11-23,16724184.580296153
2022-11-24,16730757.58986931
2022-11-25,16727673.989300756
2022-11-28,16723341.186958892
2022-11-29,16722074.593472986
2022-11-30,16741281.767883644
2022-12-01,16740641.358473688
2022-12-02,16735811.589160433
2022-12-05,16737448.594019413
2022-12-06,16733461.136808282
2022-12-07,16726615.406033589
2022-12-08,16745009.131436396
2022-12-09,16726628.795165224
2022-12-12,16728966.502822883
2022-12-13,16755859.687478635
2022-12-14,16757369.401903007
2022-12-15,16735783.69076811
2022-12-16,16719330.773556152
2022-12-19,16736420.02236099
2022-12-20,16733609.908850573
2022-12-21,16697843.500593735
2022-12-22,16660214.13611539
2022-12-23,16595103.617865516
2022-12-26,16611745.84841233
2022-12-27,16616802.573701184
2022-12-28,16616059.38886196
2022-12-29,16618172.884882206
2022-12-30,16620057.941060346
2023-01-02,16630007.499529932
2023-01-03,16636227.762718773
2023-01-04,16626374.395585205
2023-01-05,16632910.650708947
2023-01-06,16629849.179958906
2023-01-09,16641787.81565207
2023-01-10,16634092.632912187
2023-01-11,16635161.132001031
2023-01-12,16635607.504535748
2023-01-13,16641946.865076425
2023-01-16,16637609.32350071
2023-01-17,16640530.355341127
2023-01-18,16646088.592256023
2023-01-19,16646025.676331593
2023-01-20,16638010.285972131
2023-01-23,16634731.780208467
2023-01-24,16625561.45035736
2023-01-25,16617629.75921348
2023-01-27,16599756.368489565
2023-01-30,16602475.491296232
2023-01-31,16627942.790464731
2023-02-01,16617287.588299628
2023-02-02,16616544.027293446
2023-02-03,16618605.919008752
2023-02-06,16613752.034331525
2023-02-07,16608998.874707581
2023-02-08,16617867.180381477
2023-02-09,16617930.321524823
2023-02-10,16620472.139306283
2023-02-13,16603169.145832442
2023-02-14,16606515.699535476
2023-02-15,16612769.315416712
2023-02-16,16617682.93624097
2023-02-17,16611035.706803355
2023-02-20,16610305.166231502
2023-02-21,16608783.215035561
2023-02-22,16597531.414197095
2023-02-23,16599014.160933787
2023-02-24,16591424.692757262
2023-02-27,16579207.216808287
2023-02-28,16582018.201280825
2023-03-01,16592432.464013282
2023-03-02,16592756.307998866
2023-03-03,16600941.597755369
2023-03-06,16611952.771641206
2023-03-08,16623623.448426431
2023-03-09,16632601.1500535
2023-03-10,16630952.549745739
2023-03-13,16612400.211379867
2023-03-14,16607655.671888696
2023-03-15,16607890.887786932
2023-03-16,16591925.24709002
2023-03-17,16606441.623251937
2023-03-20,16593889.861512069
2023-03-21,16602157.312171744
2023-03-22,16604076.096895278
2023-03-23,16602248.746001182
2023-03-24,16591485.172559453
2023-03-27,16591864.563419135
2023-03-28,16585352.162273075
2023-03-29,16592366.474563029
2023-03-30,15753789.035579901
2023-03-31,16599148.34377143
2023-04-03,16617796.276948605
2023-04-04,15733759.035579901
2023-04-05,16627931.891949343
2023-04-06,16635895.402095737
2023-04-10,16640382.35581215
2023-04-11,16641183.597692516
2023-04-12,16645141.52750375
2023-04-13,16649423.060272915
2023-04-14,15683684.035579901
2023-04-17,16650743.799781075
2023-04-18,16659073.676851481
2023-04-19,16660483.606031805
2023-04-20,16663309.003983553
2023-04-21,16665983.316077847
2023-04-24,16679093.870325288
2023-04-25,16674310.251106383
2023-04-26,16680865.147157889
2023-04-27,16682597.159986176
2023-04-28,16688279.155252654
2023-05-01,15603564.035579901
2023-05-02,16686747.73407793
2023-05-03,16677483.113222292
2023-05-04,16691564.917771302
2023-05-05,16696696.253084058
2023-05-08,16700874.941496987
2023-05-09,16691195.033691093
2023-05-10,16695830.968141679
2023-05-11,16692979.212914538
2023-05-12,16682512.812213175
2023-05-15,16707948.11228783
2023-05-16,16694209.041518372
2023-05-17,16692946.03210753
2023-05-18,16693801.332859274
2023-05-19,16688905.249190016
2023-05-22,16710796.739180058
2023-05-23,16698804.677541269
2023-05-24,16700380.321039446
2023-05-25,16711899.066111257
2023-05-26,16714411.063639918
2023-05-29,16721321.808126427
2023-05-30,16737020.875785938
2023-05-31,16742279.094134022
2023-06-01,16755596.453528386
2023-06-02,16776519.470131515
2023-06-05,16778357.50438368
2023-06-06,16780199.93739695
2023-06-07,16807949.002345532
2023-06-08,16817063.649561103
2023-06-09,16824381.893097006
2023-06-12,16849868.545229204
2023-06-13,16881980.25153295
2023-06-14,16877165.901715696
2023-06-15,16884565.822326306
2023-06-16,16889489.0762167
2023-06-19,16895922.902566474
2023-06-20,16900847.78867943
2023-06-21,16908240.600040413
2023-06-22,16897523.781586334
2023-06-23,16875458.828883152
2023-06-26,16899615.917406254
2023-06-27,16918727.56054311
2023-06-28,16961081.085407168
2023-06-29,15313129.035579901
2023-06-30,16982468.72914448
2023-07-03,16998178.433078364
2023-07-04,17016849.460542344
2023-07-05,17041560.11335244
2023-07-06,17018125.280333847
2023-07-07,17015406.00152696
2023-07-10,17017131.317263037
2023-07-11,17031828.274212733
2023-07-12,17027514.57512136
2023-07-13,17019884.398086738
2023-07-14,17063359.539192107
2023-07-17,17061936.009860296
2023-07-18,17037912.57382295
2023-07-19,17045029.46170895
2023-07-20,17045227.136015654
2023-07-21,17038519.01486407
2023-07-24,17047144.51417418
2023-07-25,17037106.856517263
2023-07-26,17073676.56859994
2023-07-27,17057568.31867629
2023-07-28,17080208.202073164
2023-07-31,17078309.55113284
2023-08-01,17077908.14762963
2023-08-02,17046553.07833279
2023-08-03,17088489.514351096
2023-08-04,17094337.723309822
2023-08-07,17130228.80946277
2023-08-08,17125758.312776104
2023-08-09,17137609.46650809
2023-08-10,17119405.002600465
2023-08-11,17091251.475230962
2023-08-14,17093877.16123599
2023-08-15,14294738.20172439
2023-08-16,17112336.90489023
2023-08-17,17119516.74101329
2023-08-18,17112157.923291665
2023-08-21,17142670.100563712
2023-08-22,17151640.34573922
2023-08-23,17178869.550741155
2023-08-24,17184434.926660337
2023-08-25,17167468.345646545
2023-08-28,17192629.67222269
2023-08-29,17201108.695778586
2023-08-30,17217455.877173092
2023-08-31,17244653.83744276
2023-09-01,17288677.749127604
2023-09-04,17351086.627628542
2023-09-05,17423106.426863678
2023-09-06,17382357.09034351
2023-09-07,17434901.648276884
2023-09-08,17514178.658678412
2023-09-11,17618944.25236938
2023-09-12,17397698.11152645
2023-09-13,17442629.007265966
2023-09-14,17496187.37665987
2023-09-15,17489357.71754064
2023-09-18,17474251.685104232
2023-09-19,12730552.748687947
2023-09-20,17439512.43704562
2023-09-21,17380381.605544247
2023-09-22,17433013.10250058
2023-09-25,17450084.628501352
2023-09-26,17451317.166959465
2023-09-27,17513023.834703915
2023-09-28,17478031.38218135
2023-09-29,17553934.772927985
2023-10-02,12801606.83228813
2023-10-03,17590550.738791663
2023-10-04,17513849.071937274
2023-10-05,17533760.17181573
2023-10-06,17562024.908264037
2023-10-09,17438578.128696118
2023-10-10,17562984.479283903
2023-10-11,17560351.139109444
2023-10-12,17603507.37863079
2023-10-13,17614340.495828405
2023-10-16,17635577.935036946
2023-10-17,17717626.70237181
2023-10-18,17649520.043366957
2023-10-19,17654772.131420407
2023-10-20,17580335.669435088
2023-10-23,17384057.88021198
2023-10-24,13574481.48408147
2023-10-25,17350102.20013703
2023-10-26,17323066.286121126
2023-10-27,17401118.270512372
2023-10-30,17380792.741082266
2023-10-31,17376159.43953694
2023-11-01,17376393.764533333
2023-11-02,17413557.449577868
2023-11-03,17433194.944047067
2023-11-06,17466104.801325444
2023-11-07,17505522.650966436
2023-11-08,17570387.11391608
2023-11-09,17603027.599975143
2023-11-10,17647663.12649923
2023-11-13,17689711.648509957
2023-11-14,14600900.42867138
2023-11-15,17732016.86208297
2023-11-16,17743635.158948276
2023-11-17,17807414.57309217
2023-11-20,17838409.46508481
2023-11-21,17833060.4794313
2023-11-22,17842242.296312507
2023-11-23,17840514.954801362
2023-11-24,17835416.40412482
2023-11-27,14590885.42867138
2023-11-28,17870614.098308098
2023-11-29,17893468.46271718
2023-11-30,17945398.276254136
2023-12-01,17976517.771412645
2023-12-04,18054486.672331933
2023-12-05,18031691.95130041
2023-12-06,18039995.744823165
2023-12-07,18000569.456267614
2023-12-08,17984027.871362656
2023-12-11,18024951.428338695
2023-12-12,18005771.631913308
2023-12-13,18060481.21942494
2023-12-14,18126907.20722191
2023-12-15,18150172.322542645
2023-12-18,18152477.506977003
2023-12-19,18176393.226841148
2023-12-20,18016690.163186494
2023-12-21,18106652.970880453
2023-12-22,18123467.836099796
2023-12-26,18153963.859650243
2023-12-27,18143688.717150804
2023-12-28,18136434.76594732
2023-12-29,18179579.91117899
2024-01-01,18233577.446197618
2024-01-02,18226497.321677417
2024-01-03,18258889.307962738
2024-01-04,18297725.81248091
2024-01-05,18305103.827758286
2024-01-08,18293451.332465354
2024-01-09,18301044.36737931
2024-01-10,18317964.407575395
2024-01-11,18325085.742474962
2024-01-12,18394622.024918884
2024-01-15,18442305.688973337
2024-01-16,18509936.662950084
2024-01-17,18488253.517043732
2024-01-18,18468016.192396212
2024-01-19,18619545.77299495
2024-01-22,14515772.92867138
2024-01-23,18525409.471490927
2024-01-24,18628155.922941897
2024-01-25,18683309.523014814
2024-01-26,14495742.92867138
2024-01-29,18738537.537376855
2024-01-30,18679674.77354397
2024-01-31,18726657.840776995
2024-02-01,18678955.689185068
2024-02-02,18719559.81553416
2024-02-05,18673039.026407428
2024-02-06,18710269.95623295
2024-02-07,18755956.51333402
2024-02-08,18748484.081997626
2024-02-09,18602139.483650766
2024-02-12,18390759.421538435
2024-02-13,18452009.22619094
2024-02-14,18525030.61392744
2024-02-15,18594099.59547843
2024-02-16,18582059.847578347
2024-02-19,18584818.38966551
2024-02-20,18570239.11142775
2024-02-21,18523604.79518001
2024-02-22,18541157.77379322
2024-02-23,18567481.757103592
2024-02-26,18577243.89795541
2024-02-27,18595524.29335283
2024-02-28,18519321.920925904
2024-02-29,18567759.327154156
2024-03-01,18576240.865371566
2024-03-04,18576918.07033497
2024-03-05,18560650.77080048
2024-03-06,18495221.050950143
2024-03-07,18520567.452316493
2024-03-11,18449660.822281517
2024-03-12,18392271.439091563
2024-03-13,18164294.073314916
2024-03-14,18309057.382444307
2024-03-15,18325337.081492912
2024-03-18,18321192.190394457
2024-03-19,18299078.53694964
2024-03-20,18286082.214281745
2024-03-21,18312621.995359555
2024-03-22,18338671.075645063
2024-03-25,16383806.617028352
2024-03-26,18357161.41323529
2024-03-27,18356478.54920276
2024-03-28,18379347.28966374
2024-04-01,18408373.349539828
2024-04-02,18426765.925020386
2024-04-03,18439688.011577412
2024-04-04,18435086.273987867
2024-04-05,18459877.8910568
2024-04-08,18442679.229546346
2024-04-09,18430443.02793613
2024-04-10,18433528.58109196
2024-04-11,16363002.030746935
2024-04-12,18408529.477779794
2024-04-15,18375957.95469932
2024-04-16,18380025.061240092
2024-04-17,16337964.530746935
2024-04-18,18373736.839616306
2024-04-19,18349652.22170313
2024-04-22,18371008.92337448
2024-04-23,18393182.25740888
2024-04-24,18412626.74967209
2024-04-25,18441909.656202577
2024-04-26,18467291.213642653
2024-04-29,18495749.679122128
2024-04-30,18496201.672711886
2024-05-01,16682541.680076942
2024-05-02,18513146.025799137
2024-05-03,18512976.19147647
2024-05-06,18497588.440633077
2024-05-07,18454295.42776425
2024-05-08,18474389.72422571
2024-05-09,18412811.601947382
2024-05-10,18436295.030643824
2024-05-13,18411149.108794264
2024-05-14,18475847.09581931
2024-05-15,18483926.86513508
2024-05-16,18521701.66453231
2024-05-17,18565437.128584594
2024-05-20,16682541.680076942
2024-05-21,18625881.985285915
2024-05-22,18614560.0799119
2024-05-23,18635308.971110884
2024-05-24,18582927.290746342
2024-05-27,18206022.424680963
2024-05-28,18535854.954942185
2024-05-29,18540060.5355328
2024-05-30,18500352.889209468
2024-05-31,18530205.1112606
2024-06-03,18634402.86762793
2024-06-04,18314505.085843872
2024-06-05,18341031.029098615
2024-06-06,18400627.8236054
2024-06-07,18443058.466546178
2024-06-10,18441687.125863634
2024-06-11,18479713.632719588
2024-06-12,18497385.14161586
2024-06-13,18491023.10853025
2024-06-14,18501560.422671475
2024-06-17,16004472.017635038
2024-06-18,18528150.48211479
2024-06-19,18235931.31138941
2024-06-20,18513703.571393512
2024-06-21,18556551.684665266
2024-06-24,18577506.648418926
2024-06-25,18584578.99550865
2024-06-26,18569948.986546546
2024-06-27,18559968.45842167
2024-06-28,18556386.394608773
2024-07-01,18588468.6731268
2024-07-02,18599618.51364165
2024-07-03,18625427.263085622
2024-07-04,18348270.34698881
2024-07-05,18720234.627873577
2024-07-08,18760760.36382282
2024-07-09,18728593.844282538
2024-07-10,18737548.55126418
2024-07-11,18754985.3740224
2024-07-12,18807075.391427826
2024-07-15,18813300.880640954
2024-07-16,18812218.62618717
2024-07-17,15421350.40301953
2024-07-18,18745482.485291734
2024-07-19,18687936.56087701
2024-07-22,18712899.8125115
2024-07-23,18670785.650606163
2024-07-24,18698084.139065202
2024-07-25,18652671.243504178
2024-07-26,18674456.27529327
2024-07-29,18751209.851992544
2024-07-30,18773601.884827968
2024-07-31,18748256.065230645
2024-08-01,18729631.743981827
2024-08-02,18734504.656358
2024-08-05,18573228.412805874
2024-08-06,18528774.372966375
2024-08-07,18635011.68881931
2024-08-08,18629432.70521176
2024-08-09,18647954.161106214
2024-08-12,18706934.50963303
2024-08-13,18677418.676014517
2024-08-14,18633143.36164516
2024-08-15,15733700.490876067
2024-08-16,18692705.831265435
2024-08-19,18714539.171238624
2024-08-20,18720890.34608076
2024-08-21,18714148.39753793
2024-08-22,18723191.787933014
2024-08-23,18735911.216399513
2024-08-26,18718529.870609365
2024-08-27,18635452.262247454
2024-08-28,18724423.0818688
2024-08-29,18698790.581207074
2024-08-30,18708799.554871045
2024-09-02,18463651.922229808
2024-09-03,18688178.38757041
2024-09-04,18667617.594249945
2024-09-05,18676518.659711923
2024-09-06,18635645.462858215
2024-09-09,18629243.656399976
2024-09-10,18660641.740366977
2024-09-11,18661265.122695245
2024-09-12,18676539.234495774
2024-09-13,18712379.82992064
2024-09-16,18712127.099783916
2024-09-17,18726110.753273096
2024-09-18,18711396.759593654
2024-09-19,18717371.08610758
2024-09-20,18754958.16628145
2024-09-23,18764643.263902683
2024-09-24,18765065.121693373
2024-09-25,18747339.5123656
2024-09-26,18758119.757825498
2024-09-27,18778947.238730002
2024-09-30,18747505.814596664
2024-10-01,18754548.777523465
2024-10-02,16862621.50706173
2024-10-03,18709847.791848186
2024-10-04,18680527.51610252
2024-10-07,18638701.40289636
2024-10-08,18662190.33986312
2024-10-09,18690478.29885228
2024-10-10,18692363.686283976
2024-10-11,18704581.764584985
2024-10-14,18693221.938027684
2024-10-15,18676621.756289124
2024-10-16,18680119.64991573
2024-10-17,18647979.015132695
2024-10-18,18646942.724972323
2024-10-21,18622949.885096077
2024-10-22,18557663.065869976
2024-10-23,18576053.72466776
2024-10-24,18570292.825552147
2024-10-25,18547342.993888684
2024-10-28,18560158.52100709
2024-10-29,18543400.50810474
2024-10-30,18553733.618022755
2024-10-31,18570489.866611037
2024-11-01,18584466.328523558
2024-11-04,18580196.62054791
2024-11-05,18596033.230208565
2024-11-06,18619791.24954849
2024-11-07,18607125.6353784
2024-11-08,18569563.98430179
2024-11-11,18570756.433868892
2024-11-12,18575179.287131134
2024-11-13,18537969.262639306
2024-11-14,18548938.785364084
2024-11-15,17594942.544136055
2024-11-18,18477279.004558392
2024-11-19,18506978.453430627
2024-11-20,17410804.92083669
2024-11-21,18510794.47092495
2024-11-22,18520886.08501568
2024-11-25,18544868.867378898
2024-11-26,18563917.79938414
2024-11-27,18576404.167533547
2024-11-28,17875047.094134443
2024-11-29,18574722.78259295
2024-12-02,18566798.209334303
2024-12-03,18571339.14267685
2024-12-04,18565315.007045142
2024-12-05,18560849.910319038
2024-12-06,18563080.57416875
2024-12-09,18563569.427174192
2024-12-10,18573756.3164767
2024-12-11,18580784.647772875
2024-12-12,18581825.026134495
2024-12-13,18580445.735072356
2024-12-16,18587244.100575
2024-12-17,18591343.91087541
2024-12-18,18593840.252297997
2024-12-19,18578911.34854002
2024-12-20,18547044.46926162
2024-12-23,18534091.058513425
2024-12-24,18535907.941559058
2024-12-26,18527109.424336217
2024-12-27,18517660.00338908
2024-12-30,18510159.871576145
2024-12-31,18518710.9314922
2025-01-01,17450503.949740425
2025-01-02,18533639.318706658
2025-01-03,18536573.166099176
2025-01-06,18515655.53261598
2025-01-07,18527254.511238843
2025-01-08,18512831.643584058
2025-01-09,17426739.79489914
2025-01-10,18482832.546155464
2025-01-13,18478366.593047332
2025-01-14,18494015.533202987
2025-01-15,18484005.870071363
2025-01-16,18483576.78660698
2025-01-17,18455113.454590637
2025-01-20,17632041.873049296
2025-01-21,18424560.18930789
2025-01-22,18403070.114424326
2025-01-23,18392637.05801227
2025-01-24,18371181.788730655
2025-01-27,18351532.58704275
2025-01-28,18352862.105063666
2025-01-29,18367118.585527137
2025-01-30,18363785.19076772
2025-01-31,18361188.915457178
2025-02-01,17760769.170684297
2025-02-03,18343236.60177809
2025-02-04,18348739.10132249
2025-02-05,18345690.260073654
2025-02-06,18349498.77703565
2025-02-07,18340354.75719264
2025-02-10,18332583.836081535
2025-02-11,18321882.758783117
2025-02-12,18312993.682618603
2025-02-13,18305579.945310507
2025-02-14,18288834.14412491
2025-02-17,18056624.877664365
2025-02-18,18283572.28647666
2025-02-19,18283254.0381787
2025-02-20,18276806.058092263
2025-02-21,18266868.149700735
2025-02-24,18261024.07775927
2025-02-25,18258892.555757537
2025-02-26,17838604.955141127
2025-02-27,18258249.94558149
2025-02-28,18254324.42661144
2025-03-03,18256151.43683114
2025-03-04,18258962.3839891
2025-03-05,18260343.03758588
2025-03-06,18264396.4003095
2025-03-07,18266210.85012652
2025-03-10,18259659.92913476
2025-03-11,18267566.77973077
2025-03-12,18271091.652101375
2025-03-13,18271239.938002776
2025-03-14,17608896.573794417
2025-03-17,18277025.239482403
2025-03-18,18281514.620824236
2025-03-19,18300867.640498504
2025-03-20,18303778.650267653
2025-03-21,18306762.425221056
2025-03-24,18308940.964922454
2025-03-25,18304325.194633324
2025-03-26,18299564.23428708
2025-03-27,18303128.923336565
2025-03-28,18302004.754654333
2025-03-31,17586361.95015124
2025-04-01,18298704.007631
2025-04-02,18301741.001003623
2025-04-03,18305366.36946046
2025-04-04,18283647.656829383
2025-04-07,18243714.34064396
2025-04-08,18261749.689522307
2025-04-09,18262936.016679417
2025-04-10,17654247.374991965
2025-04-11,18239988.61465483
2025-04-14,16717192.423311047
2025-04-15,18270050.53897039
2025-04-16,18280528.65067455
2025-04-17,18290938.485927813
2025-04-21,18307138.09536
2025-04-22,18319722.89809243
2025-04-23,18324661.256827503
2025-04-24,18327880.28323
2025-04-25,18299537.894876275
2025-04-28,18301996.562577672
2025-04-29,18311120.32596276
2025-04-30,18306117.32257176
2025-05-01,16852302.42190994
2025-05-02,18300861.51921552
2025-05-05,18315841.578973424
2025-05-06,18301956.267348863
2025-05-07,18313390.43597134
2025-05-08,18285317.240607396
2025-05-09,18280071.406912126
2025-05-12,18315937.933480278
2025-05-13,18334148.643488873
2025-05-14,18350155.60656082
2025-05-15,18368621.616538376
2025-05-16,18382212.16316259
2025-05-19,18388309.702439737
2025-05-20,18383175.458654802
2025-05-21,18397910.68165462
2025-05-22,18394785.8504081
2025-05-23,18396026.38174438
2025-05-26,18072656.814195883
2025-05-27,18410630.159043614
2025-05-28,18413239.832495514
2025-05-29,18403618.707095414
2025-05-30,18395232.095477864
2025-06-02,18396462.91264595
2025-06-03,18383615.373046998
2025-06-04,18393396.634212732
2025-06-05,18395606.48389131
2025-06-06,18393840.135497596
2025-06-09,18394256.207044665
2025-06-10,18394272.63164465
2025-06-11,18399296.39897034
2025-06-12,18375430.937978078
2025-06-13,18370206.22662518
2025-06-16,18399061.255407136
2025-06-17,18398255.707212906
2025-06-18,18411720.546643227
2025-06-19,18045652.35782479
2025-06-20,18417836.43684054
2025-06-23,18436653.889820427
2025-06-24,18449628.331653386
2025-06-25,18465821.15572159
2025-06-26,18482901.121684697
2025-06-27,18490857.325007647
2025-06-30,18508593.091414485
2025-07-01,18521492.851836406
2025-07-02,18520499.892138094
2025-07-03,18528352.301968273
2025-07-04,18291747.96628279
2025-07-07,18523847.75496622
2025-07-08,18529969.729132198
2025-07-09,18543929.403975494
2025-07-10,18540907.016221702
2025-07-11,18555816.20616368
2025-07-14,18555502.622759383
2025-07-15,18573874.104216848
2025-07-16,18586553.37756735
2025-07-17,18603419.685934983
2025-07-18,18604568.03829557
2025-07-21,18622005.81027053
2025-07-22,18631428.70626628
2025-07-23,18636036.890017983
2025-07-24,18638475.989126433
2025-07-25,18629411.134828765
2025-07-28,18639431.51660456
2025-07-29,18661015.555810314
2025-07-30,18674765.901480682
2025-07-31,18691139.12416606
2025-08-01,18690626.20975517
2025-08-04,18703987.77349315
2025-08-05,18718500.01221425
2025-08-06,18722115.639762573
2025-08-07,18728864.458914556
2025-08-08,18720799.58908344
2025-08-11,18733827.92708847
2025-08-12,18747676.996639762
2025-08-13,18764218.966122102
2025-08-14,18785502.21019171
2025-08-15,17173109.394165948
2025-08-18,18812176.129908785
2025-08-19,18835578.54238549
2025-08-20,18859694.202652466
2025-08-21,18877162.255542323
2025-08-22,18897158.919081867
2025-08-25,18919111.898171995
2025-08-26,18935220.12943895
2025-08-27,17217007.977477524
2025-08-28,18943366.349982228
2025-08-29,18926778.384690408
2025-09-01,18639152.05129303
2025-09-02,18905849.40375527
2025-09-03,18900587.15039973
2025-09-04,18880819.89998906
2025-09-05,18866137.813660946
2025-09-08,18862106.418092202
2025-09-09,18853967.193258952
2025-09-10,18837907.72477578
2025-09-11,18827857.014604192
2025-09-12,18773532.958840962
2025-09-15,18784740.824663777
2025-09-16,18802026.956193976
2025-09-17,18821217.01926448
2025-09-18,18821618.4371918
2025-09-19,18815392.930013765
2025-09-22,18826244.772932246
2025-09-23,18829027.41779607
2025-09-24,18823488.675566137
2025-09-25,18811640.500547808
2025-09-26,18785085.951079316
2025-09-29,18787861.07496569
2025-09-30,18797937.49761836
2025-10-01,18813285.726247065
2025-10-02,17203825.687729873
2025-10-03,18835573.102375913
2025-10-06,18837194.283193897
2025-10-07,18819532.794723876
2025-10-08,18808605.583637472
2025-10-09,18795844.27328673
2025-10-10,18791339.520529527
2025-10-13,18788286.225282963
2025-10-14,18780367.1802374
2025-10-15,18795111.83619185
2025-10-16,18797804.078743014
2025-10-17,18809063.187528804
2025-10-20,18814837.763790336
2025-10-21,18820010.665294465
2025-10-22,17338150.160164405
2025-10-23,18809885.061712448
2025-10-24,18672450.230509188
2025-10-27,18839277.466026746
2025-10-28,18844903.839026175
2025-10-29,18848514.878318757
2025-10-30,18832218.861548837
2025-10-31,18831023.321695376
2025-11-03,18847473.22267904
2025-11-04,18840937.703401487
2025-11-05,17263037.660164405
2025-11-06,18817300.786974702
2025-11-07,18843985.776942357
2025-11-10,18824012.366850287
2025-11-11,18831346.42812279
2025-11-12,18829453.61508332
2025-11-13,18856121.769439057
2025-11-14,18845098.59275202
2025-11-17,18855485.860912062
2025-11-18,18831426.364901688
2025-11-19,18829490.43905144
2025-11-20,18824117.99993952
2025-11-21,18789548.972004678
2025-11-24,18777767.45769291
2025-11-25,18794192.072189976
2025-11-26,18831598.646357562
2025-11-27,18417971.560142912
2025-11-28,18827321.197958976
2025-12-01,18824463.413700335
2025-12-02,18820597.95225468
2025-12-03,18807785.313618958
2025-12-04,18808359.608642865
2025-12-05,18814201.876777653
2025-12-08,18766882.611981366
2025-12-09,18769736.0058911
2025-12-10,18754255.258680932
2025-12-11,18786141.52407633
2025-12-12,18825989.783183325
2025-12-15,18824878.070298754
2025-12-16,18804769.874362674
2025-12-17,18807678.7478621
2025-12-18,18798260.78411743
2025-12-19,18640322.75853365
2025-12-22,18837024.365443215
2025-12-23,18814927.105434425
2025-12-24,18792877.991276953
2025-12-26,18782211.751863718
2025-12-29,18751623.555700924
2025-12-30,18768608.262662116
2025-12-31,18771786.24709023
2026-01-01,18488278.916161403
2026-01-02,18836902.02794343
2026-01-05,18810019.130368207
2026-01-06,18815198.93842354
2026-01-07,18834893.939834427
2026-01-08,18797271.002859186
2026-01-09,18788227.915290833
2026-01-12,18786581.92984973
2026-01-13,18809085.759248853
2026-01-14,18820849.07462786
2026-01-15,18846844.84909443
2026-01-16,18686604.08316252
2026-01-19,18332813.26507134
2026-01-20,18639210.335576296
2026-01-21,18644359.03717636
2026-01-22,18651379.936726063
2026-01-23,18624324.770079352
2026-01-26,16766790.144936172
2026-01-27,18645739.161206394
2026-01-28,18662152.04706257
2026-01-29,18660174.690827165
2026-01-30,18622558.7540703
2026-02-02,18577759.051030025
2026-02-03,18613750.323313892
2026-02-04,18598875.23904211
2026-02-05,18599878.2138747
2026-02-06,18604767.63698186
2026-02-09,18616354.502804447
2026-02-10,18632662.661161054
2026-02-11,18639386.771012094
2026-02-12,18634173.724221107
2026-02-13,18612078.796845272
2026-02-16,18424830.302915107
2026-02-17,18596254.75045486
2026-02-18,18590109.78602225
2026-02-19,18570970.877291907
2026-02-20,18564550.69822302
2026-02-23,18571437.377598688
2026-02-24,18577810.981259327
2026-02-25,18593043.86559883
2026-02-26,18601579.832646996
2026-02-27,18603215.66347348
2026-03-02,18588304.30672942
2026-03-03,16796498.742400475
2026-03-04,18558051.966314327
2026-03-05,18586134.124450292
2026-03-06,18396285.88887459
2026-03-09,18530884.253611688
2026-03-10,18556476.435402475
2026-03-11,18543172.67533899
2026-03-12,18544266.635542944
2026-03-13,18497927.65757338
2026-03-16,18472414.177098192
2026-03-17,18492349.390585694
2026-03-18,18436752.686970264
2026-03-19,18412545.69018325
2026-03-20,18416814.355906457
2026-03-23,18388333.455808077
2026-03-24,18401709.553605102
2026-03-25,18413253.400881752
2026-03-27,18413184.335285243
2026-03-30,18414303.858906075
2026-04-01,18426965.10039322
2026-04-02,18425214.622222956
2026-04-06,18430875.976661723
2026-04-07,18429175.116080675
2026-04-08,18404977.39704218
2026-04-09,18412281.877369504
2026-04-10,18419574.495540686
2026-04-13,18414642.440899536
2026-04-15,18429855.66693007
2026-04-16,18430580.914733663
2026-04-17,18442435.45878031
2026-04-20,18438057.757817645
2026-04-21,18437677.6736706
2026-04-22,18444983.607343853
2026-04-23,18452872.867969416
2026-04-24,18448713.452179793
2026-04-27,18454653.118015517
2026-04-28,18460009.521022983
2026-04-29,18466341.26523555
2026-04-30,18453795.441619027
2026-05-04,18461344.800630245
