date,pv
1996-01-01,1000000.0
1996-01-02,1000000.0
1996-01-03,1000000.0
1996-01-04,1000000.0
1996-01-05,1000000.0
1996-01-08,1000000.0
1996-01-09,1000000.0
1996-01-10,1000000.0
1996-01-11,1000000.0
1996-01-12,1000000.0
1996-01-15,1000000.0
1996-01-16,1000000.0
1996-01-17,999950.01998002
1996-01-18,999973.7851994408
1996-01-19,1000114.761012277
1996-01-22,999462.4254614274
1996-01-23,999021.7330238913
1996-01-24,998574.8634802694
1996-01-25,997944.8844274931
1996-01-26,997894.964347573
1996-01-29,996770.7686980766
1996-01-30,997025.125085728
1996-01-31,996565.0389793197
1996-02-01,995506.1503226528
1996-02-02,999913.3506738046
1996-02-05,1015944.7113969482
1996-02-06,1016742.9196625653
1996-02-07,1009872.4083423944
1996-02-08,1041290.7535401995
1996-02-09,1094937.498408314
1996-02-12,1101780.8244509264
1996-02-13,1113293.633282239
1996-02-14,1152522.8693792028
1996-02-15,1152480.499717185
1996-02-16,1138251.787098034
1996-02-19,1134239.7726959514
1996-02-20,1130571.3116936309
1996-02-21,1130571.3116936309
1996-02-22,1150984.655285966
1996-02-23,1154627.9704164898
1996-02-26,1159782.4765296842
1996-02-27,1155327.6021321935
1996-02-28,1154696.395286106
1996-02-29,1120596.816722287
1996-03-01,1124354.2293484944
1996-03-04,1126136.7247360556
1996-03-05,1126136.7247360556
1996-03-06,1127090.4160099502
1996-03-07,1125654.661727658
1996-03-08,1111259.1827276782
1996-03-11,1104910.655218564
1996-03-12,1098461.7935670575
1996-03-13,1100049.6170920231
1996-03-14,1103329.553726091
1996-03-15,1098789.5693857006
1996-03-18,1086510.0090045792
1996-03-19,1083035.1516784092
1996-03-20,1083035.1516784092
1996-03-21,1079175.872761446
1996-03-22,1075538.8254755968
1996-03-25,1073545.5189326173
1996-03-26,1078762.15760688
1996-03-27,1078259.850187757
1996-03-28,1093021.6690327022
1996-03-29,1090092.4458856152
1996-04-01,1095499.293163135
1996-04-02,1101379.0495425353
1996-04-03,1120123.9968908776
1996-04-04,1117168.6454041519
1996-04-05,1117168.6454041519
1996-04-08,1138119.2520204228
1996-04-09,1143468.1118779606
1996-04-10,1154690.5446362908
1996-04-11,1153388.9155893822
1996-04-12,1152801.050459731
1996-04-15,1172978.6205120902
1996-04-16,1180596.8872874444
1996-04-17,1226227.0903564815
1996-04-18,1251928.8946884985
1996-04-19,1264245.1704329692
1996-04-22,1243247.038631828
1996-04-23,1238042.1824861479
1996-04-24,1287639.4277658348
1996-04-25,1262192.523554219
1996-04-26,1272773.0112554382
1996-04-29,1263696.8434447125
1996-04-30,1280086.2669399932
1996-05-01,1303831.3102895806
1996-05-02,1311948.7438874643
1996-05-03,1322353.2722039837
1996-05-06,1293692.1745029378
1996-05-07,1302930.8903605726
1996-05-08,1317735.0272551286
1996-05-09,1309236.3615388682
1996-05-10,1280728.7855080962
1996-05-13,1286008.2145010636
1996-05-14,1290036.6947138333
1996-05-15,1298647.781140622
1996-05-16,1316292.5229897304
1996-05-17,1299522.4349092464
1996-05-20,1289425.9204632454
1996-05-21,1277702.913217128
1996-05-22,1274914.8933947145
1996-05-23,1261714.3877861688
1996-05-24,1267494.5322801694
1996-05-27,1255188.2220215304
1996-05-28,1249947.8872681845
1996-05-29,1271988.7894514415
1996-05-30,1268148.652873693
1996-05-31,1265536.7063188117
1996-06-03,1273499.7133451102
1996-06-04,1278567.6901865825
1996-06-05,1269160.9208234588
1996-06-06,1282093.8840651682
1996-06-07,1298431.8831342065
1996-06-10,1318039.4328449054
1996-06-11,1309014.831443427
1996-06-12,1335438.644294916
1996-06-13,1344813.0173115395
1996-06-14,1371457.2804920536
1996-06-17,1363565.9630095153
1996-06-18,1351972.4680758298
1996-06-19,1346403.596418898
1996-06-20,1340301.8273104902
1996-06-21,1329705.6935161515
1996-06-24,1319836.2424500627
1996-06-25,1310009.3105178534
1996-06-26,1305957.0104270172
1996-06-27,1308295.8312646197
1996-06-28,1309375.2416042446
1996-07-01,1301273.1755844401
1996-07-02,1293141.4493664897
1996-07-03,1277779.5683410065
1996-07-04,1283552.1581816194
1996-07-05,1293882.0499990769
1996-07-08,1300131.7588358219
1996-07-09,1291420.43858969
1996-07-10,1294805.0963037796
1996-07-11,1294078.336304472
1996-07-12,1288125.3234386996
1996-07-15,1287692.8321550519
1996-07-16,1268056.258708896
1996-07-17,1272487.8593195784
1996-07-18,1276290.0928365903
1996-07-19,1287763.150332459
1996-07-22,1289526.1293644859
1996-07-23,1290413.3533693207
1996-07-24,1265779.9021724614
1996-07-25,1254032.4781532008
1996-07-26,1238867.0836025127
1996-07-29,1234318.9597399724
1996-07-30,1221052.6852832064
1996-07-31,1226038.8140768772
1996-08-01,1235548.5183986279
1996-08-02,1227328.9765341857
1996-08-05,1224894.3400979668
1996-08-06,1224496.8837352616
1996-08-07,1224543.7430557148
1996-08-08,1224394.2202248517
1996-08-09,1225090.841905736
1996-08-12,1208493.6628182428
1996-08-13,1209951.0173761135
1996-08-14,1207014.9926019353
1996-08-15,1207014.9926019353
1996-08-16,1201060.5718951637
1996-08-19,1197084.2492930386
1996-08-20,1196899.1615806923
1996-08-21,1196899.1615806923
1996-08-22,1196475.731797703
1996-08-23,1196738.5806917564
1996-08-26,1196691.2928068715
1996-08-27,1199775.0072525197
1996-08-28,1195966.8195406892
1996-08-29,1197174.2325932607
1996-08-30,1195305.0922667608
1996-09-02,1196092.6608661038
1996-09-03,1203785.9595488473
1996-09-04,1187110.1348536876
1996-09-05,1189779.1906639193
1996-09-06,1188152.8160439762
1996-09-09,1185388.9655051618
1996-09-10,1182919.959969657
1996-09-11,1180985.7243556408
1996-09-12,1180174.529724059
1996-09-13,1180217.619740552
1996-09-16,1179687.4524284112
1996-09-17,1181417.8839736315
1996-09-18,1179720.896677872
1996-09-19,1178884.627394695
1996-09-20,1178297.709189661
1996-09-23,1178705.4736926816
1996-09-24,1178912.0336049818
1996-09-25,1177990.9916501679
1996-09-26,1177229.33271251
1996-09-27,1177436.8850005725
1996-09-30,1178114.1063330637
1996-10-01,1177806.196929746
1996-10-02,1177806.196929746
1996-10-03,1177021.151001277
1996-10-04,1175943.834586546
1996-10-07,1175136.0435412433
1996-10-08,1174818.4519846255
1996-10-09,1174427.021106616
1996-10-10,1174427.6711289785
1996-10-11,1174950.2179864757
1996-10-14,1173072.036590873
1996-10-15,1170976.2641331896
1996-10-16,1169877.4279022126
1996-10-17,1169340.2865897308
1996-10-18,1169408.7263027937
1996-10-21,1169308.8861429538
1996-10-22,1163689.499506844
1996-10-23,1161480.8779330675
1996-10-24,1159122.778648874
1996-10-25,1157917.1685457993
1996-10-28,1158826.6102150145
1996-10-29,1156107.1245749695
1996-10-30,1156107.1245749695
1996-10-31,1146983.1861466668
1996-11-01,1146040.2360961633
1996-11-04,1145906.1759433078
1996-11-05,1145213.2478121053
1996-11-06,1138308.804864183
1996-11-07,1137776.0012134807
1996-11-08,1137178.722055694
1996-11-11,1127940.9128259823
1996-11-12,1455281.7835392803
1996-11-13,1127265.8259232421
1996-11-14,1128438.887148266
1996-11-15,1129620.0832865906
1996-11-18,1130814.6999799593
1996-11-19,1129461.724732083
1996-11-20,1134705.2880737013
1996-11-21,1122845.698439037
1996-11-22,1111132.235431786
1996-11-25,1106121.8293473672
1996-11-26,1099692.9845646336
1996-11-27,1097335.356985116
1996-11-28,1097986.8184705526
1996-11-29,1099272.4654321752
1996-12-02,1099180.1159744314
1996-12-03,1099201.7842834932
1996-12-04,1095782.364792346
1996-12-05,1095334.8414861383
1996-12-06,1097541.681365504
1996-12-09,1105683.2458958745
1996-12-10,1110214.0251944764
1996-12-11,1115027.2464204128
1996-12-12,1106667.4707792383
1996-12-13,1107232.8684975302
1996-12-16,1115889.6919782765
1996-12-17,1107923.5865881196
1996-12-18,1112846.2618166292
1996-12-19,1112517.749697894
1996-12-20,1115171.2867968366
1996-12-23,1112969.328696567
1996-12-24,1103416.1007132519
1996-12-25,1103416.1007132519
1996-12-26,1123727.1166554587
1996-12-27,1123727.1166554587
1996-12-30,1123727.1166554587
1996-12-31,1110421.8071782968
1997-01-01,1133182.4488531342
1997-01-02,1128643.194875724
1997-01-03,1137317.9397469435
1997-01-06,1143084.0121307722
1997-01-07,1138765.0859584385
1997-01-08,1156066.6905881371
1997-01-09,1172007.7917787333
1997-01-10,1188253.834051326
1997-01-13,1183204.939253408
1997-01-14,1177926.404437661
1997-01-15,1234994.6505079048
1997-01-16,1190670.9971699899
1997-01-17,1179141.725545641
1997-01-20,1153545.1918172617
1997-01-21,1142273.2499382207
1997-01-22,1168834.6500152068
1997-01-23,1168834.6500152068
1997-01-24,1159040.4248654845
1997-01-27,1181376.9646995405
1997-01-28,1186570.540714977
1997-01-29,1181370.7714842954
1997-01-30,1171052.941619048
1997-01-31,1159141.6876210012
1997-02-03,1141367.0895214167
1997-02-04,1139489.7938346288
1997-02-05,1146125.0986701343
1997-02-06,1142193.2384270055
1997-02-07,1146613.4024180959
1997-02-10,1146764.4616590487
1997-02-11,1161414.0549959391
1997-02-12,1171019.52960199
1997-02-13,1182160.0077809899
1997-02-14,1182907.4358517753
1997-02-17,1186245.0464688684
1997-02-18,1182307.2750773816
1997-02-19,1187904.1067080025
1997-02-20,1178368.6763890064
1997-02-21,1174670.6787199257
1997-02-24,1148453.9777405055
1997-02-25,1150248.1200638486
1997-02-26,1159347.196181477
1997-02-27,1171411.0087167157
1997-02-28,1210469.8386177649
1997-03-03,1302757.3474158663
1997-03-04,1298614.739177399
1997-03-05,1321196.1447861705
1997-03-06,1310256.2350524878
1997-03-07,1404197.4129272653
1997-03-10,1246582.4111562243
1997-03-11,1232520.1273243302
1997-03-12,1251992.982242261
1997-03-13,1243900.6357558973
1997-03-14,1248253.4331917292
1997-03-17,1250900.1656137763
1997-03-18,1247488.1032413265
1997-03-19,1241289.842005107
1997-03-20,1242018.4285236446
1997-03-21,1249367.3978200515
1997-03-24,1249367.3978200515
1997-03-25,1253028.4331072336
1997-03-26,1263612.4885316826
1997-03-27,1268093.3062505033
1997-03-28,1268093.3062505033
1997-03-31,1177502.053440546
1997-04-01,1191289.0997740412
1997-04-02,1219493.6520865906
1997-04-03,1245782.954117157
1997-04-04,1263648.216574397
1997-04-07,1269941.2976661518
1997-04-08,1269941.2976661518
1997-04-09,1289899.8431635238
1997-04-10,1272197.2097487063
1997-04-11,1269988.1324887506
1997-04-14,1378692.180510115
1997-04-15,1273741.1291524833
1997-04-16,1273741.1291524833
1997-04-17,1276336.6323289385
1997-04-18,1276336.6323289385
1997-04-21,1287840.6538360263
1997-04-22,1288466.6563488278
1997-04-23,1288913.4442606396
1997-04-24,1281570.6914608036
1997-04-25,1288713.9919149673
1997-04-28,1307238.0392908987
1997-04-29,1306786.621859587
1997-04-30,1328503.1442578242
1997-05-01,1328503.1442578242
1997-05-02,1329335.3561649055
1997-05-05,1336979.5712778552
1997-05-06,1345351.9114113455
1997-05-07,1360524.1134444452
1997-05-08,1387380.9111139267
1997-05-09,1394904.9975864186
1997-05-12,1393949.3510355672
1997-05-13,1389259.711705404
1997-05-14,1383564.8237463012
1997-05-15,1379095.54478005
1997-05-16,1376105.2234322976
1997-05-19,1387713.7077529202
1997-05-20,1399565.4592196008
1997-05-21,1383220.6114613796
1997-05-22,1369072.855101046
1997-05-23,1366417.6404828546
1997-05-26,1361105.2761393127
1997-05-27,1345826.898045687
1997-05-28,1343389.2795491237
1997-05-29,1343508.1574075483
1997-05-30,1358150.4871249525
1997-06-02,1363723.658804841
1997-06-03,1379893.9881624312
1997-06-04,1394565.7310777968
1997-06-05,1396701.2065017135
1997-06-06,1396945.6121932615
1997-06-09,1391348.3751788675
1997-06-10,1409071.5806995654
1997-06-11,1424088.3819204047
1997-06-12,1430658.1702397869
1997-06-13,1410348.1312712324
1997-06-16,1386080.3898687111
1997-06-17,1394617.4786545327
1997-06-18,1432736.8950096187
1997-06-19,1429214.6932521083
1997-06-20,1416798.64167358
1997-06-23,1418284.234951557
1997-06-24,1413676.8476112562
1997-06-25,1447715.7868427665
1997-06-26,1461097.4122514063
1997-06-27,1455559.8742878265
1997-06-30,1476022.9048874108
1997-07-01,1485555.2233471386
1997-07-02,1509799.2725103912
1997-07-03,1515308.7467687011
1997-07-04,1529892.4119959848
1997-07-07,1545485.448400597
1997-07-08,1540026.8877949654
1997-07-09,1591132.8962522862
1997-07-10,1606416.2866424501
1997-07-11,1610872.3971638342
1997-07-14,1612194.5625475382
1997-07-15,1591597.1323203435
1997-07-16,1603994.9287856568
1997-07-17,1618430.9126833766
1997-07-18,1618430.9126833766
1997-07-21,1575718.9813045547
1997-07-22,1564649.006568545
1997-07-23,1599233.5498057348
1997-07-24,1591067.1442444047
1997-07-25,1571698.535022469
1997-07-28,1581556.8552352868
1997-07-29,1596719.3360042265
1997-07-30,1604608.222339215
1997-07-31,1628660.4453720918
1997-08-01,1671984.7308402641
1997-08-04,1720964.652830201
1997-08-05,1736634.5501331182
1997-08-06,1752053.9576007598
1997-08-07,1757696.8688822696
1997-08-08,1760063.1268562998
1997-08-11,1783295.2448297443
1997-08-12,1755312.5297106549
1997-08-13,1749426.192490873
1997-08-14,1724758.6780981363
1997-08-15,1724758.6780981363
1997-08-18,1725374.6124324445
1997-08-19,1702953.7563816775
1997-08-20,1718063.34588345
1997-08-21,1711480.032196454
1997-08-22,1693507.4160255503
1997-08-25,1693572.5772034652
1997-08-26,1708197.4961508287
1997-08-27,1709522.363053535
1997-08-28,1673933.6629835558
1997-08-29,1664294.2507418818
1997-09-01,1670501.9134288793
1997-09-02,1694022.1598674196
1997-09-03,1711114.726718085
1997-09-04,1706259.1434953744
1997-09-05,1731341.7210373671
1997-09-08,1786768.1429918273
1997-09-09,1829124.8782273408
1997-09-10,1828840.0538552536
1997-09-11,1802407.5439473179
1997-09-12,1801579.431461238
1997-09-15,1784637.4640372656
1997-09-16,1792197.1018941475
1997-09-17,1779630.868985086
1997-09-18,1738608.4517854436
1997-09-19,1769192.1523904342
1997-09-22,1766866.4158731715
1997-09-23,1799914.719497285
1997-09-24,1814789.3649354947
1997-09-25,1830952.9921416522
1997-09-26,1863686.2680758294
1997-09-29,1889580.8455822843
1997-09-30,1902319.3549853757
1997-10-01,1883393.7530309919
1997-10-02,1883393.7530309919
1997-10-03,1883393.7530309919
1997-10-06,1883393.7530309919
1997-10-07,1883393.7530309919
1997-10-08,1883393.7530309919
1997-10-09,1838241.6597348386
1997-10-10,1875518.7210735574
1997-10-13,1877538.8182553903
1997-10-14,1832838.8145822543
1997-10-15,1828013.0646350444
1997-10-16,1812203.9069713245
1997-10-17,1830987.0608960588
1997-10-20,2733823.2929769154
1997-10-21,2778008.5952198375
1997-10-22,1921714.0251299867
1997-10-23,1878587.415114118
1997-10-24,1857932.0958427945
1997-10-27,1912332.9690793066
1997-10-28,1847124.4062674153
1997-10-29,1901129.0484540341
1997-10-30,1888031.9312771757
1997-10-31,1888031.9312771757
1997-11-03,1875473.7175689684
1997-11-04,1864582.20216893
1997-11-05,1732586.3713470078
1997-11-06,1732168.4919031144
1997-11-07,1736204.8991774349
1997-11-10,1727802.5212248897
1997-11-11,1731297.2965800012
1997-11-12,1725763.6226736219
1997-11-13,1722461.694334403
1997-11-14,1722461.694334403
1997-11-17,1728619.8169536302
1997-11-18,1725642.5705568115
1997-11-19,1715472.6034942723
1997-11-20,1716006.5047645613
1997-11-21,1722462.032977671
1997-11-24,1720089.3752055299
1997-11-25,1726051.7413761423
1997-11-26,1725608.122134886
1997-11-27,1733368.4464663567
1997-11-28,1726420.7120511923
1997-12-01,1731085.873777837
1997-12-02,1729619.4981105363
1997-12-03,1733397.4948283385
1997-12-04,1729480.389776467
1997-12-05,1732469.3247465047
1997-12-08,1732896.1277330113
1997-12-09,1720849.8428326352
1997-12-10,1720564.7779258627
1997-12-11,1718732.3787316906
1997-12-12,1717653.7070829512
1997-12-15,1719584.4344647378
1997-12-16,1719979.5240654023
1997-12-17,1719784.3305522725
1997-12-18,1716953.3711277766
1997-12-19,1715746.3945964423
1997-12-22,1716821.7396765098
1997-12-23,1715669.075690813
1997-12-24,1716887.198456649
1997-12-25,1716887.198456649
1997-12-26,1716953.6616577893
1997-12-29,1729985.3306803252
1997-12-30,1730629.5773249199
1997-12-31,1744030.416969202
1998-01-01,1734655.9314228124
1998-01-02,1733723.9398458812
1998-01-05,1743621.7769115723
1998-01-06,1727143.9326869047
1998-01-07,1739699.6013905695
1998-01-08,1721001.6687247767
1998-01-09,1701555.8197663554
1998-01-12,1681144.0005473276
1998-01-13,1681780.5266711374
1998-01-14,1687698.0819729962
1998-01-15,1681784.146223814
1998-01-16,1687124.1501331336
1998-01-19,1691538.693949013
1998-01-20,1687064.2995886328
1998-01-21,1688997.172895145
1998-01-22,1682006.4518090792
1998-01-23,1677135.6402615942
1998-01-26,1677135.6402615942
1998-01-27,1675388.7634431284
1998-01-28,1674485.921171749
1998-01-29,1674288.8786724496
1998-01-30,1676975.332419727
1998-02-02,1676801.439722258
1998-02-03,1676843.9314504247
1998-02-04,1675024.3512806022
1998-02-05,1676901.4852361917
1998-02-06,1678239.322734222
1998-02-09,1678615.6761842454
1998-02-10,1677784.0612033717
1998-02-11,1674518.5868153523
1998-02-12,1674563.3662455776
1998-02-13,1674599.27280911
1998-02-16,1674599.27280911
1998-02-17,1674572.7457410854
1998-02-18,1675108.4603369706
1998-02-19,1675139.5093848193
1998-02-20,1674046.7235530147
1998-02-23,1679416.8073649232
1998-02-24,1679398.2205802002
1998-02-25,1686412.8903765667
1998-02-26,1685200.7406270334
1998-02-27,1694146.4500530488
1998-03-02,1735743.106733153
1998-03-03,1698047.0749534667
1998-03-04,1744934.4765849032
1998-03-05,1726972.530117039
1998-03-06,1724198.1354433168
1998-03-09,1742301.4729702114
1998-03-10,1729893.4603976614
1998-03-11,1730657.821419251
1998-03-12,1746132.7579849965
1998-03-13,1746132.7579849965
1998-03-16,1772296.8612773176
1998-03-17,1766795.565602094
1998-03-18,1810777.9562738014
1998-03-19,1833836.3220447325
1998-03-20,1841855.9517427953
1998-03-23,1848053.1239834551
1998-03-24,1826291.0364922958
1998-03-25,1856570.7209300182
1998-03-26,1822877.0648376532
1998-03-27,1837992.3227963273
1998-03-30,1810636.1715936754
1998-03-31,1806300.2012308883
1998-04-01,1884838.5761106203
1998-04-02,1886380.2137039797
1998-04-03,1895154.6423413698
1998-04-06,1930373.6551696127
1998-04-07,1932982.8000851802
1998-04-08,1932982.8000851802
1998-04-09,2010882.9596762336
1998-04-10,2021116.5146560646
1998-04-13,1991167.506374297
1998-04-14,1991167.506374297
1998-04-15,2107877.941574643
1998-04-16,2138260.318480286
1998-04-17,2172269.1928298003
1998-04-20,2139778.19749668
1998-04-21,2151897.823539942
1998-04-22,2150560.000696315
1998-04-23,2096952.7801706966
1998-04-24,2060897.4207866103
1998-04-27,2042651.1009728936
1998-04-28,2019267.451000938
1998-04-29,2043594.6915982538
1998-04-30,2072555.6164572195
1998-05-01,2072555.6164572195
1998-05-04,2150159.0889601763
1998-05-05,2144600.225425574
1998-05-06,2121473.969751151
1998-05-07,2121473.969751151
1998-05-08,2118540.499368387
1998-05-11,2140938.122243493
1998-05-12,2089965.5548523557
1998-05-13,2055973.7334611535
1998-05-14,2100743.0163782993
1998-05-15,2106437.902748348
1998-05-18,2166371.71299409
1998-05-19,2216854.2388324854
1998-05-20,2284595.6695878194
1998-05-21,2254686.9573022528
1998-05-22,2256130.9301664773
1998-05-25,2295623.810332508
1998-05-26,2280295.450083256
1998-05-27,2338146.236854434
1998-05-28,2372188.662373628
1998-05-29,2339906.877039546
1998-06-01,2328193.7073513297
1998-06-02,2249413.300523312
1998-06-03,2274021.269270048
1998-06-04,2264312.6757951053
1998-06-05,2171703.7400297504
1998-06-08,2113162.712923335
1998-06-09,2165290.4751755814
1998-06-10,2163464.2529121297
1998-06-11,2154834.5831762594
1998-06-12,2188463.6462036087
1998-06-15,2142450.601980439
1998-06-16,2121490.8755485755
1998-06-17,2165022.317417266
1998-06-18,2157644.6235968634
1998-06-19,2124909.551687346
1998-06-22,2090396.152058042
1998-06-23,2076746.9664836817
1998-06-24,2118681.979184247
1998-06-25,2146836.3752759215
1998-06-26,2138630.382907725
1998-06-29,2168457.2327334406
1998-06-30,2173448.3810546617
1998-07-01,2184642.641937013
1998-07-02,2171097.3968119784
1998-07-03,2141507.2022521636
1998-07-06,2157031.6065290277
1998-07-07,2162307.0337435156
1998-07-08,2160154.046547563
1998-07-09,2142039.228628151
1998-07-10,2151375.373443917
1998-07-13,2158967.5427400414
1998-07-14,2160062.7034359197
1998-07-15,2185571.110059935
1998-07-16,2228798.6567760357
1998-07-17,2217724.057736939
1998-07-20,2200318.8817805075
1998-07-21,2196366.703608228
1998-07-22,2191868.688766285
1998-07-23,2167319.379070944
1998-07-24,2166660.1305920696
1998-07-27,2187363.436732767
1998-07-28,2245525.2657087822
1998-07-29,2287626.8832942033
1998-07-30,2296437.312430141
1998-07-31,2305295.417171962
1998-08-03,2281785.7184682363
1998-08-04,2239273.397706735
1998-08-05,2257048.5821790188
1998-08-06,2247949.4012484555
1998-08-07,2270816.936996507
1998-08-10,2264714.395939248
1998-08-11,2283715.215452787
1998-08-12,2239731.780835675
1998-08-13,2247103.8906684117
1998-08-14,2235580.0680460036
1998-08-17,2192544.087252256
1998-08-18,2183757.1923644342
1998-08-19,2188814.3290076666
1998-08-20,2209724.1599115003
1998-08-21,2205393.8548364853
1998-08-24,2215697.872510491
1998-08-25,2237657.713114077
1998-08-26,2237729.562509666
1998-08-27,2257797.7609150736
1998-08-28,2215298.4445723835
1998-08-31,2209449.9408004265
1998-09-01,2181222.727012721
1998-09-02,2194514.2594435085
1998-09-03,2186437.86654229
1998-09-04,2187586.6710336865
1998-09-07,2205606.9893313507
1998-09-08,2227630.055280777
1998-09-09,2226239.620828614
1998-09-10,2213378.822522318
1998-09-11,2197429.523680053
1998-09-14,2212324.3467620406
1998-09-15,2209682.457967751
1998-09-16,2235185.815619327
1998-09-17,2260624.2892670673
1998-09-18,2247094.4556102827
1998-09-21,2231627.1969538736
1998-09-22,2235604.9650179413
1998-09-23,2256252.9295287635
1998-09-24,2278654.4670762243
1998-09-25,2282574.9431686588
1998-09-28,2317922.7026705244
1998-09-29,2312212.5111436113
1998-09-30,2336852.0451475866
1998-10-01,2336852.0451475866
1998-10-02,2336852.0451475866
1998-10-05,2245309.539245061
1998-10-06,2238236.3101202627
1998-10-07,2291656.1778478036
1998-10-08,2295274.6239678226
1998-10-09,2302154.7292650086
1998-10-12,2284734.2515599704
1998-10-13,2255227.246451084
1998-10-14,2280061.527052708
1998-10-15,2270149.427882963
1998-10-16,2267974.384977277
1998-10-19,2229753.8371925284
1998-10-20,2216729.3164203786
1998-10-21,2216729.3164203786
1998-10-22,2024591.3006056144
1998-10-23,2024173.7679023496
1998-10-26,2030518.266590657
1998-10-27,2021922.4541717432
1998-10-28,2024422.0078854947
1998-10-29,2021928.0326495199
1998-10-30,2020360.1625227905
1998-11-02,2014862.1244349484
1998-11-03,2014348.1654733957
1998-11-04,2330192.2053537224
1998-11-05,2015353.5642220748
1998-11-06,2016892.564579122
1998-11-09,2020980.0360923756
1998-11-10,2020556.8527224322
1998-11-11,2017489.7859832398
1998-11-12,2014307.8061453234
1998-11-13,2015647.9251656493
1998-11-16,2010904.9651803563
1998-11-17,2010415.4946068064
1998-11-18,2015902.358585066
1998-11-19,2006813.2643268094
1998-11-20,2003097.2563560677
1998-11-23,1995279.5404144977
1998-11-24,1989740.5331066244
1998-11-25,2354647.6187684485
1998-11-26,1985611.593955489
1998-11-27,1985003.9613411692
1998-11-30,1979611.5291701902
1998-12-01,1979864.0667056674
1998-12-02,1980475.1233249153
1998-12-03,1985379.592280997
1998-12-04,1982600.257261513
1998-12-07,1987122.3545369736
1998-12-08,1995302.992612161
1998-12-09,1995641.514211637
1998-12-10,1989892.2350974747
1998-12-11,1995453.9229473232
1998-12-14,1993093.4024029532
1998-12-15,1991762.2213855502
1998-12-16,1991930.5553385962
1998-12-17,1984414.004035912
1998-12-18,1998225.8360187674
1998-12-21,2018465.6860627185
1998-12-22,2022345.0873505848
1998-12-23,2024053.6145248832
1998-12-24,2037374.7554284495
1998-12-25,2037374.7554284495
1998-12-28,2058067.8058120902
1998-12-29,2062927.1708754706
1998-12-30,2097317.0171961114
1998-12-31,2049768.4757967924
1999-01-01,2046575.932186682
1999-01-04,2069784.8955367138
1999-01-05,2054316.249697805
1999-01-06,2069330.734984343
1999-01-07,2072777.7005104185
1999-01-08,2129368.7350151953
1999-01-11,2153451.8519199197
1999-01-12,2139296.921381454
1999-01-13,2170795.0331638395
1999-01-14,2157292.7331556273
1999-01-15,2093396.250460053
1999-01-18,2106283.222483006
1999-01-19,2082027.271064143
1999-01-20,2082027.271064143
1999-01-21,2144629.54060293
1999-01-22,2150433.718906596
1999-01-25,2155575.596522403
1999-01-26,2155575.596522403
1999-01-27,2183267.6885166233
1999-01-28,2145804.1975216703
1999-01-29,2149075.7924342523
1999-02-01,2128545.370332843
1999-02-02,2122620.6108833775
1999-02-03,2160129.881161803
1999-02-04,2159813.831964394
1999-02-05,2182943.3617255995
1999-02-08,2172113.8850510884
1999-02-09,2178191.3911750843
1999-02-10,2194740.828340978
1999-02-11,2214849.0141080655
1999-02-12,2231113.0328435083
1999-02-15,2209762.026352236
1999-02-16,2218753.2832720676
1999-02-17,2234785.6274540303
1999-02-18,2233297.0724176103
1999-02-19,2223161.3643992767
1999-02-22,2189259.0978145567
1999-02-23,2211396.010385805
1999-02-24,2235903.1623932356
1999-02-25,2246062.2174422345
1999-02-26,2232004.057793762
1999-03-01,2364252.3253520257
1999-03-02,2437406.5551577373
1999-03-03,2415054.5083445404
1999-03-04,2362272.189820268
1999-03-05,2372335.819483186
1999-03-08,2361479.4252961404
1999-03-09,2366896.6335674003
1999-03-10,2372395.19792512
1999-03-11,2376754.571425122
1999-03-12,2402023.9951991187
1999-03-15,2426537.6773908297
1999-03-16,2395853.463936718
1999-03-17,2401418.508049361
1999-03-18,2442483.1857133415
1999-03-19,2433126.3409344214
1999-03-22,2434500.2066116985
1999-03-23,2422303.3049042597
1999-03-24,2408393.3058171626
1999-03-25,2386523.2012573546
1999-03-26,2439010.1522633885
1999-03-29,2439010.1522633885
1999-03-30,2460965.6808485403
1999-03-31,2513790.6573123885
1999-04-01,2523817.455053919
1999-04-02,2523817.455053919
1999-04-05,2439804.4373359685
1999-04-06,2408282.5878824373
1999-04-07,2376593.450256681
1999-04-08,2337618.2266367925
1999-04-09,2291601.181412754
1999-04-12,2287194.746857817
1999-04-13,2273411.4182623443
1999-04-14,2272080.3663186566
1999-04-15,2249753.941100771
1999-04-16,2286019.081471868
1999-04-19,2270508.0067356965
1999-04-20,2282951.0782522336
1999-04-21,2291696.9245707113
1999-04-22,2280886.5316045363
1999-04-23,2279087.26672609
1999-04-26,2239872.70977075
1999-04-27,2572521.8964178227
1999-04-28,2244863.346661568
1999-04-29,2247478.758940974
1999-04-30,2254523.3061377867
1999-05-03,2247733.10604742
1999-05-04,2265638.690778561
1999-05-05,2262916.4581295974
1999-05-06,2253324.7867298257
1999-05-07,2256982.842443695
1999-05-10,2266286.292705836
1999-05-11,2272193.357824521
1999-05-12,2255291.6383694764
1999-05-13,2275868.517169753
1999-05-14,2285905.8951742756
1999-05-17,2271895.593266625
1999-05-18,2285324.5552596874
1999-05-19,2304190.9854959487
1999-05-20,2284609.192066604
1999-05-21,2265156.5292579955
1999-05-24,2275184.5965528376
1999-05-25,2278613.187707624
1999-05-26,2237824.618722721
1999-05-27,2214974.738271403
1999-05-28,2197358.142622435
1999-05-31,2240795.991852007
1999-06-01,2217037.0468330146
1999-06-02,2226047.116210631
1999-06-03,2242834.1269241106
1999-06-04,2253224.7204947905
1999-06-07,2261748.608475115
1999-06-08,2297200.375983562
1999-06-09,2271370.187576217
1999-06-10,2265539.4855897
1999-06-11,2244437.1636446365
1999-06-14,2218742.5987768346
1999-06-15,2227428.451941493
1999-06-16,2243470.8848864553
1999-06-17,2264190.9875811506
1999-06-18,2266807.7553546797
1999-06-21,2295530.919851857
1999-06-22,2307431.421973461
1999-06-23,2298126.3646697565
1999-06-24,2303067.867514488
1999-06-25,2304984.377948447
1999-06-28,2298333.8179040197
1999-06-29,2298906.7676796936
1999-06-30,2301203.9356738683
1999-07-01,2285300.791301103
1999-07-02,2295974.801816367
1999-07-05,2341258.543783761
1999-07-06,2372966.25602028
1999-07-07,2384679.91233932
1999-07-08,2414003.3549993457
1999-07-09,2477493.511861605
1999-07-12,2563425.5871219896
1999-07-13,2551559.403799417
1999-07-14,2581549.155319273
1999-07-15,2514759.0448612105
1999-07-16,2528058.87943104
1999-07-19,2551333.266264778
1999-07-20,2488535.949311706
1999-07-21,2543347.0330007756
1999-07-22,2538675.928088901
1999-07-23,2522982.900228016
1999-07-26,2512394.329925814
1999-07-27,2498992.765805798
1999-07-28,2516656.609892836
1999-07-29,2497774.2700083363
1999-07-30,2483542.180854208
1999-08-02,2448811.723450954
1999-08-03,2450894.015333663
1999-08-04,2458690.225977267
1999-08-05,2451924.4748778814
1999-08-06,2482568.616328472
1999-08-09,2546372.079592555
1999-08-10,2537366.383875674
1999-08-11,2552657.840846108
1999-08-12,2543487.032072605
1999-08-13,2554783.5452165618
1999-08-16,2606771.121578331
1999-08-17,2636558.556939384
1999-08-18,2678854.2615508153
1999-08-19,2646626.1613632445
1999-08-20,2701422.404469703
1999-08-23,2730372.4916882003
1999-08-24,2692309.937958011
1999-08-25,2686699.54682223
1999-08-26,2739404.371764843
1999-08-27,2763216.0955274305
1999-08-30,2735086.74807627
1999-08-31,2732762.8055662294
1999-09-01,2735292.788537372
1999-09-02,2706110.878293723
1999-09-03,2704800.640304693
1999-09-06,2747902.2422226625
1999-09-07,2751641.818401559
1999-09-08,2780578.413836117
1999-09-09,2789951.955774955
1999-09-10,2801584.422953452
1999-09-13,2801584.422953452
1999-09-14,2851218.683451657
1999-09-15,2841538.682794695
1999-09-16,2800979.511687727
1999-09-17,2823587.0768321194
1999-09-20,2800714.4102220596
1999-09-21,2758411.0503148558
1999-09-22,2800712.652470582
1999-09-23,2801562.174028034
1999-09-24,2836535.7547382503
1999-09-27,2856605.727234859
1999-09-28,2851352.302103112
1999-09-29,2926526.9112930805
1999-09-30,2917079.1053673183
1999-10-01,2906959.8665921227
1999-10-04,2820188.9545619325
1999-10-05,2866457.8418941046
1999-10-06,2889185.7405355205
1999-10-07,2949097.6476960303
1999-10-08,2975352.1840254767
1999-10-11,3029849.609018696
1999-10-12,3068066.9221746875
1999-10-13,3171136.9815559806
1999-10-14,3240869.507565017
1999-10-15,3134214.5054519423
1999-10-18,3182457.1736369473
1999-10-19,3182457.1736369473
1999-10-20,3303541.0472835302
1999-10-21,3269433.328780564
1999-10-22,3239751.410914962
1999-10-25,3134788.516441406
1999-10-26,3053206.6507799653
1999-10-27,3054551.0952521195
1999-10-28,2970725.2565792645
1999-10-29,2938728.5880155214
1999-11-01,2872284.0508319433
1999-11-02,2910906.001813071
1999-11-03,2892693.12116797
1999-11-04,2726788.7711054985
1999-11-05,2768707.304906225
1999-11-08,3628794.88702514
1999-11-09,2766861.66525928
1999-11-10,2780914.3863626863
1999-11-11,2753938.073958382
1999-11-12,2748529.183817748
1999-11-15,2730320.601927432
1999-11-16,2707157.6170763704
1999-11-17,2701174.566938649
1999-11-18,2705030.535194848
1999-11-19,2720488.9553323924
1999-11-22,2719657.459562832
1999-11-23,2719657.459562832
1999-11-24,2758277.3741419907
1999-11-25,2760979.29625391
1999-11-26,2804527.2827637214
1999-11-29,2812229.5005807714
1999-11-30,2820507.3468176574
1999-12-01,2820903.580075426
1999-12-02,2853173.1493468937
1999-12-03,2864688.030454325
1999-12-06,2935474.8457182264
1999-12-07,2965147.5795000494
1999-12-08,2923886.2495308267
1999-12-09,2910735.7572351047
1999-12-10,2924880.792642738
1999-12-13,2899989.7368288515
1999-12-14,2895971.4405574324
1999-12-15,2875981.205976763
1999-12-16,2918768.48104751
1999-12-17,2924343.743709669
1999-12-20,2962423.7773618903
1999-12-21,2955148.172336707
1999-12-22,2956528.3033025344
1999-12-23,2938080.2547271545
1999-12-24,2896256.6087971255
1999-12-27,2834552.787171816
1999-12-28,2844353.0818001465
1999-12-29,2908217.0853763567
1999-12-30,2950577.7689002766
1999-12-31,2950577.7689002766
2000-01-03,3070290.6041474002
2000-01-04,3108143.404070601
2000-01-05,3041929.9335628822
2000-01-06,3056696.2004643483
2000-01-07,2961118.0255909185
2000-01-10,2927079.0368629666
2000-01-11,2853531.9406931647
2000-01-12,2890487.2301779613
2000-01-13,2834609.9672552855
2000-01-14,2831617.997756724
2000-01-17,2857162.083490323
2000-01-18,2832733.586652877
2000-01-19,2891766.100054713
2000-01-20,2879368.310123955
2000-01-21,2901887.3051443244
2000-01-24,2911485.221919353
2000-01-25,2934905.740273524
2000-01-26,2934905.740273524
2000-01-27,2982645.7822169485
2000-01-28,3001350.7288447297
2000-01-31,2963861.40619958
2000-02-01,2986436.168586122
2000-02-02,3037593.8506269017
2000-02-03,3051596.6222085766
2000-02-04,3089649.168781967
2000-02-07,3111642.0326463287
2000-02-08,3100489.5275228964
2000-02-09,3116625.2909932234
2000-02-10,3159686.8669756646
2000-02-11,3192600.4637137786
2000-02-14,3251743.497584708
2000-02-15,3249515.8099595606
2000-02-16,3305416.9717188156
2000-02-17,3362579.8627963476
2000-02-18,3371242.221350255
2000-02-21,3427740.9003320923
2000-02-22,3344546.527490188
2000-02-23,3283740.8361387635
2000-02-24,3248070.457926105
2000-02-25,3170161.8011756246
2000-02-28,3166390.623549881
2000-02-29,3115791.22172613
2000-03-01,3182161.9773232774
2000-03-02,3256553.734791241
2000-03-03,3246251.6456487603
2000-03-06,3266912.6533662924
2000-03-07,3278466.1634777463
2000-03-08,3301297.8504249775
2000-03-09,3235439.881588985
2000-03-10,3204253.815869695
2000-03-13,3141941.0536210723
2000-03-14,3050127.9479642846
2000-03-15,3038576.024819488
2000-03-16,3002527.3456697217
2000-03-17,3002527.3456697217
2000-03-20,3002527.3456697217
2000-03-21,3004255.2466122415
2000-03-22,3022620.6475201636
2000-03-23,3020702.300832584
2000-03-24,3012190.1034324
2000-03-27,2996478.352791008
2000-03-28,2986275.667772364
2000-03-29,2983365.703827144
2000-03-30,2967228.4884109567
2000-03-31,2927710.7947158073
2000-04-03,2916573.3101913896
2000-04-04,2883756.641579351
2000-04-05,2884958.944989294
2000-04-06,2885907.875869452
2000-04-07,2901672.654352358
2000-04-10,2908133.086234298
2000-04-11,2903500.733597011
2000-04-12,2892241.74723264
2000-04-13,2870965.6201674487
2000-04-14,2870965.6201674487
2000-04-17,2853438.6256078235
2000-04-18,2851615.9128345754
2000-04-19,2851202.1659538737
2000-04-20,2855013.9082031655
2000-04-21,2855013.9082031655
2000-04-24,2853940.3694733693
2000-04-25,2850701.3078370574
2000-04-26,2860591.161837396
2000-04-27,2855234.0454991604
2000-04-28,2854654.191009591
2000-05-01,2854654.191009591
2000-05-02,2848583.780052226
2000-05-03,2847700.809796051
2000-05-04,2851499.9929701737
2000-05-05,2850651.133451172
2000-05-08,2842826.487603994
2000-05-09,2843797.591084901
2000-05-10,2841654.8581906524
2000-05-11,2836410.871373766
2000-05-12,2834208.5079390216
2000-05-15,2835384.732843559
2000-05-16,2833314.7386652906
2000-05-17,2835260.9445590987
2000-05-18,2832204.5694344183
2000-05-19,2830402.9009333095
2000-05-22,2829186.0501451627
2000-05-23,2827075.8102060473
2000-05-24,2827682.80296043
2000-05-25,2832289.6984738926
2000-05-26,2830203.523494632
2000-05-29,2830307.7841086374
2000-05-30,2830787.424924166
2000-05-31,2819788.589420573
2000-06-01,2804587.6730236835
2000-06-02,2809906.7873209794
2000-06-05,2807239.883060285
2000-06-06,2809143.573926442
2000-06-07,2805326.104710664
2000-06-08,2814190.5090371
2000-06-09,2809202.5261789677
2000-06-12,2799976.6764719333
2000-06-13,2792865.5560014998
2000-06-14,2794356.782296879
2000-06-15,2790561.8177309013
2000-06-16,2793881.1766230306
2000-06-19,2795540.4073609295
2000-06-20,2789725.7609647424
2000-06-21,2786127.2898398377
2000-06-22,2781711.732448885
2000-06-23,2773431.716720811
2000-06-26,2754586.6858603843
2000-06-27,2748407.1588810263
2000-06-28,2748047.8624732955
2000-06-29,2754351.4249728
2000-06-30,2749290.571729354
2000-07-03,2757673.3326974446
2000-07-04,2759113.674513953
2000-07-05,2759331.0100481147
2000-07-06,2759389.0991205615
2000-07-07,2765919.5726711387
2000-07-10,2764631.0632659327
2000-07-11,2770148.443857865
2000-07-12,2767589.3580473815
2000-07-13,2763634.092868724
2000-07-14,2761188.900662353
2000-07-17,2753205.201657811
2000-07-18,2756503.436829554
2000-07-19,2742836.6231864705
2000-07-20,2738229.0856265165
2000-07-21,2732023.5651984024
2000-07-24,2720205.1390184793
2000-07-25,2722693.1933021396
2000-07-26,2723548.905099555
2000-07-27,2725111.340048938
2000-07-28,2726896.5516061797
2000-07-31,2726188.2580095665
2000-08-01,2733319.4749750025
2000-08-02,2733000.138159879
2000-08-03,2728870.8246343494
2000-08-04,2729107.83945172
2000-08-07,2718380.285569019
2000-08-08,2720172.9231393957
2000-08-09,2729865.1174973147
2000-08-10,2730002.5332353283
2000-08-11,2731323.4870214392
2000-08-14,2737885.009399416
2000-08-15,2737885.009399416
2000-08-16,2751739.213563714
2000-08-17,2758161.607912856
2000-08-18,2763450.44181646
2000-08-21,2760299.7993440293
2000-08-22,2764563.3969609
2000-08-23,2770223.597245389
2000-08-24,2772635.148924949
2000-08-25,2778482.267180563
2000-08-28,2782627.433621067
2000-08-29,2790012.5226394422
2000-08-30,2808787.813301299
2000-08-31,2821794.8683913667
2000-09-01,2821794.8683913667
2000-09-04,2832718.8712594686
2000-09-05,2841824.376480789
2000-09-06,2823763.870998527
2000-09-07,2819854.214915468
2000-09-08,2820315.828032751
2000-09-11,2821824.140810075
2000-09-12,2809614.5943684494
2000-09-13,2801186.832312701
2000-09-14,2791945.9317030977
2000-09-15,2768852.3939951127
2000-09-18,2728509.213303637
2000-09-19,2719059.680636746
2000-09-20,2710203.2171887667
2000-09-21,2710313.4144310867
2000-09-22,2709013.845181702
2000-09-25,2709010.9929763335
2000-09-26,2708781.5310458606
2000-09-27,2708708.8600668292
2000-09-28,2709974.9830781394
2000-09-29,2708335.400721985
2000-10-02,2708335.400721985
2000-10-03,2708335.400721985
2000-10-04,2707893.2712295027
2000-10-05,2708792.056865502
2000-10-06,2710350.65099084
2000-10-09,2709594.9876834597
2000-10-10,2708771.794370602
2000-10-11,2703266.5826340616
2000-10-12,2702636.7912472268
2000-10-13,2701931.877899307
2000-10-16,2704570.0223749345
2000-10-17,2701413.024778887
2000-10-18,2698658.090697688
2000-10-19,2696231.2997096926
2000-10-20,2696801.36940557
2000-10-23,2694989.3018206656
2000-10-24,2694984.391715276
2000-10-25,2698478.61732362
2000-10-26,2703666.8592227
2000-10-27,2704245.833970645
2000-10-30,2699120.925118013
2000-10-31,2698934.5432427437
2000-11-01,2705505.5275396006
2000-11-02,2707762.678604141
2000-11-03,2717632.1247531613
2000-11-06,2714634.7394116935
2000-11-07,2713007.697515851
2000-11-08,2728545.3320639823
2000-11-09,2725324.7664371575
2000-11-10,2719201.614337401
2000-11-13,2710587.2215626454
2000-11-14,2722349.4137674207
2000-11-15,2733602.45885305
2000-11-16,2724549.707064491
2000-11-17,2719029.065897585
2000-11-20,2720765.765703676
2000-11-21,2716562.735748819
2000-11-22,2714149.701980841
2000-11-23,2713147.5140171344
2000-11-24,2714133.8987558847
2000-11-27,2728287.2730209758
2000-11-28,2742689.790487354
2000-11-29,2744040.6031497847
2000-11-30,2742999.895383878
2000-12-01,2745125.7775381412
2000-12-04,2745278.671426272
2000-12-05,2761269.9573591272
2000-12-06,2763471.678342815
2000-12-07,2757439.0000909343
2000-12-08,2774005.72020718
2000-12-11,2790433.231897678
2000-12-12,2789668.7482419633
2000-12-13,2796365.6953780265
2000-12-14,2800168.5186754055
2000-12-15,2755738.2437542244
2000-12-18,2765476.9125852673
2000-12-19,2764536.0847731763
2000-12-20,2757214.585143394
2000-12-21,2746546.6338520404
2000-12-22,2713994.790918866
2000-12-25,2713994.790918866
2000-12-26,2661973.2841702113
2000-12-27,2688659.3379774024
2000-12-28,2709464.75873048
2000-12-29,2743921.725718735
2001-01-01,2751554.55826183
2001-01-02,2775813.3425541446
2001-01-03,2799675.88875016
2001-01-04,2788047.69613961
2001-01-05,2780066.019529079
2001-01-08,2773823.0097067677
2001-01-09,2773834.1789730038
2001-01-10,2771529.1474756394
2001-01-11,2754451.271294184
2001-01-12,2768990.284455461
2001-01-15,2787364.3632386215
2001-01-16,2781021.5195503333
2001-01-17,2771666.900087023
2001-01-18,2773778.5049311714
2001-01-19,2775404.6232473045
2001-01-22,2809922.9591758675
2001-01-23,2794252.1095729615
2001-01-24,2805789.193280303
2001-01-25,2842865.628006191
2001-01-26,2842865.628006191
2001-01-29,2799574.740815891
2001-01-30,2807811.8307623197
2001-01-31,2814698.407763715
2001-02-01,2801012.2591859554
2001-02-02,2834805.5049404255
2001-02-05,2890913.135323636
2001-02-06,2893349.085375056
2001-02-07,2922426.7916605123
2001-02-08,2978556.420512714
2001-02-09,3004602.9695566664
2001-02-12,2991190.119175919
2001-02-13,2987156.521960105
2001-02-14,3001056.447621086
2001-02-15,3042454.8679117346
2001-02-16,2991905.7463132134
2001-02-19,2987511.7452360895
2001-02-20,3001871.420606146
2001-02-21,2984431.618559294
2001-02-22,2948361.0996287963
2001-02-23,2900128.8649060735
2001-02-26,2899189.3333800025
2001-02-27,2892728.054800788
2001-02-28,2897624.3535727295
2001-03-01,2924046.7732975585
2001-03-02,2934762.9962247317
2001-03-05,2903140.7061992567
2001-03-06,2903140.7061992567
2001-03-07,2906908.3635722385
2001-03-08,2914578.8732753876
2001-03-09,2881416.273502954
2001-03-12,2857489.186035193
2001-03-13,2829633.469312975
2001-03-14,2807861.976670239
2001-03-15,2818881.0032538124
2001-03-16,2806872.087757294
2001-03-19,2795835.6947015645
2001-03-20,2796817.353487056
2001-03-21,2796817.353487056
2001-03-22,2796745.561589492
2001-03-23,2796627.143169477
2001-03-26,2796594.797405185
2001-03-27,2793956.6207487173
2001-03-28,2798152.9258562922
2001-03-29,2795126.938268334
2001-03-30,2790213.718771056
2001-04-02,2786875.9933055104
2001-04-03,2788355.2997379988
2001-04-04,2786917.856490272
2001-04-05,2786917.856490272
2001-04-06,2787570.0892306627
2001-04-09,2784329.936010816
2001-04-10,2785319.010692373
2001-04-11,2783249.6750498875
2001-04-12,2782418.951783218
2001-04-13,2782418.951783218
2001-04-16,2782722.700058087
2001-04-17,2782672.7424355596
2001-04-18,2786858.223527483
2001-04-19,2780799.1470527533
2001-04-20,2778138.0496053374
2001-04-23,2777409.170643567
2001-04-24,2775548.982572347
2001-04-25,2780685.9570829235
2001-04-26,2774669.3654212654
2001-04-27,2760262.2848917884
2001-04-30,2760037.779075205
2001-05-01,2760037.779075205
2001-05-02,2762513.6326042516
2001-05-03,2762386.8051937954
2001-05-04,2761454.613095858
2001-05-07,2762573.703681376
2001-05-08,2765108.852291649
2001-05-09,2759184.76243417
2001-05-10,2756825.4147503763
2001-05-11,2756736.9445329225
2001-05-14,2757412.3879611767
2001-05-15,2754395.4038429954
2001-05-16,2752754.9506951403
2001-05-17,2758303.6097358833
2001-05-18,2763005.117753907
2001-05-21,2754296.9024175545
2001-05-22,2755190.1745586456
2001-05-23,2757357.5923947184
2001-05-24,2761195.85444088
2001-05-25,2769401.6843762062
2001-05-28,2773242.88925918
2001-05-29,2775725.3454169882
2001-05-30,2764891.758761663
2001-05-31,2760174.3066088143
2001-06-01,2753423.254148684
2001-06-04,2732211.1811556295
2001-06-05,2717413.982743214
2001-06-06,2712819.653603319
2001-06-07,2708309.798479716
2001-06-08,2714488.159112347
2001-06-11,2715930.8186384765
2001-06-12,2709510.383082798
2001-06-13,2710282.023872838
2001-06-14,2707050.2987939524
2001-06-15,2698354.7790252757
2001-06-18,2692359.751208137
2001-06-19,2700374.211270048
2001-06-20,2710900.2880465062
2001-06-21,2701782.8867452675
2001-06-22,2690900.9380372693
2001-06-25,2694265.6951076994
2001-06-26,2710383.854806306
2001-06-27,2666634.243266508
2001-06-28,2664880.476105115
2001-06-29,2666353.48676865
2001-07-02,2656519.918864035
2001-07-03,2642864.262353153
2001-07-04,2648922.4469366213
2001-07-05,2642756.25774369
2001-07-06,2648604.9690742074
2001-07-09,2645053.384748669
2001-07-10,2646079.0320523498
2001-07-11,2646492.594988082
2001-07-12,2648975.122240718
2001-07-13,2647394.907731201
2001-07-16,2652104.5453000786
2001-07-17,2651396.7357686246
2001-07-18,2622143.369404075
2001-07-19,2629943.626657307
2001-07-20,2627848.4315015357
2001-07-23,2631141.23124601
2001-07-24,2621615.5128891654
2001-07-25,2618750.518163395
2001-07-26,2616038.2784470674
2001-07-27,2614651.6729569733
2001-07-30,2620252.305379019
2001-07-31,2625782.2404994927
2001-08-01,2641231.9759222735
2001-08-02,2635508.031237633
2001-08-03,2642834.299615204
2001-08-06,2642172.2620183555
2001-08-07,2648868.125370922
2001-08-08,2636711.9539241595
2001-08-09,2638588.0422592396
2001-08-10,2629556.1562864077
2001-08-13,2624585.476668688
2001-08-14,2627265.424639101
2001-08-15,2627265.424639101
2001-08-16,2622906.459719608
2001-08-17,2626765.265077988
2001-08-20,2624293.8278532284
2001-08-21,2619118.6760185226
2001-08-22,2619118.6760185226
2001-08-23,2627342.247433279
2001-08-24,2623758.6966663445
2001-08-27,2623939.917165564
2001-08-28,2629010.1237793397
2001-08-29,2632217.1258011092
2001-08-30,2631287.260364963
2001-08-31,2621955.2152712545
2001-09-03,2624242.422410594
2001-09-04,2626000.0062685763
2001-09-05,2626372.3852007785
2001-09-06,2633443.3051307276
2001-09-07,2631032.356720742
2001-09-10,2614881.0039688307
2001-09-11,2601404.765488143
2001-09-12,2584289.2220337903
2001-09-13,2581598.2066257265
2001-09-14,2562223.110503231
2001-09-17,2559178.3612174317
2001-09-18,2563370.9222785966
2001-09-19,2564229.454066145
2001-09-20,2557474.2657882883
2001-09-21,2556685.437785238
2001-09-24,2557606.2314293887
2001-09-25,2558100.5215194332
2001-09-26,2557368.7106743427
2001-09-27,2555981.646067726
2001-09-28,2557432.7982047447
2001-10-01,2554491.571212988
2001-10-02,2554391.731053148
2001-10-03,2552918.539096872
2001-10-04,2552989.442951783
2001-10-05,2554651.776559711
2001-10-08,2551826.4234186253
2001-10-09,2552618.9185244003
2001-10-10,2550447.511122677
2001-10-11,2547618.3069769475
2001-10-12,2546165.0680980426
2001-10-15,2528362.062134432
2001-10-16,2529308.0041419477
2001-10-17,2527226.905215975
2001-10-18,2523350.1549969576
2001-10-19,2522771.532693081
2001-10-22,2518745.463060892
2001-10-23,2520099.571385503
2001-10-24,2519409.462566767
2001-10-25,2504681.464059053
2001-10-26,2504681.464059053
2001-10-29,2507190.970758651
2001-10-30,2501000.523230579
2001-10-31,2498036.033027703
2001-11-01,2503394.1009837636
2001-11-02,2502703.3140783967
2001-11-05,2511745.6446312517
2001-11-06,2512189.515010988
2001-11-07,2513186.0140347476
2001-11-08,2514044.756408306
2001-11-09,2514648.4158328674
2001-11-12,2531733.400268946
2001-11-13,2532963.6106922748
2001-11-14,2533335.350176542
2001-11-15,2531417.762382871
2001-11-16,2531417.762382871
2001-11-19,2550379.185745871
2001-11-20,2541067.7266039206
2001-11-21,2539048.004082631
2001-11-22,2541612.366225035
2001-11-23,2536047.0130047156
2001-11-26,2566458.5666898824
2001-11-27,2566089.3432043386
2001-11-28,2548489.943537141
2001-11-29,2539277.932211949
2001-11-30,2539277.932211949
2001-12-03,2551451.1174584324
2001-12-04,2549425.617078954
2001-12-05,2569980.26251908
2001-12-06,2554824.707401935
2001-12-07,2564909.3153628083
2001-12-10,2600293.2187832235
2001-12-11,2581496.051551157
2001-12-12,2568105.0093117515
2001-12-13,2548149.6399085633
2001-12-14,2545829.067677334
2001-12-17,2545829.067677334
2001-12-18,2528244.9257638506
2001-12-19,2484922.819558164
2001-12-20,2464110.3763857526
2001-12-21,2438814.2131973077
2001-12-24,2429487.3407954117
2001-12-25,2429487.3407954117
2001-12-26,2423149.2601495623
2001-12-27,2417018.9076048736
2001-12-28,2417923.562942054
2001-12-31,2419637.5377864814
2002-01-01,2417574.0200991523
2002-01-02,2417295.06048595
2002-01-03,2419301.0136383404
2002-01-04,2420115.2380186515
2002-01-07,2422633.7033628337
2002-01-08,2423412.587137489
2002-01-09,2418115.225301643
2002-01-10,2416737.2911494384
2002-01-11,2413914.340282053
2002-01-14,2433141.933635743
2002-01-15,2429190.6058456567
2002-01-16,2440541.7504872694
2002-01-17,2446506.768355979
2002-01-18,2458087.075601451
2002-01-21,2443835.0054701236
2002-01-22,2445706.066620726
2002-01-23,2443340.826060685
2002-01-24,2443265.322232713
2002-01-25,2440593.447444007
2002-01-28,2442899.260030364
2002-01-29,2445823.648421024
2002-01-30,2441017.4480416276
2002-01-31,2444514.706548805
2002-02-01,2460144.679977337
2002-02-04,2470647.8601589534
2002-02-05,2468768.0304988297
2002-02-06,2527876.705685044
2002-02-07,2534508.351843262
2002-02-08,2537166.5805787365
2002-02-11,2540553.1144135213
2002-02-12,2540031.8939209674
2002-02-13,2555856.116650991
2002-02-14,2577054.938861868
2002-02-15,2581148.1489989236
2002-02-18,2598021.6335109062
2002-02-19,2570314.0756247505
2002-02-20,2606532.7288037715
2002-02-21,2619026.7000942994
2002-02-22,2666849.4653824815
2002-02-25,2668682.569286564
2002-02-26,2698530.433714611
2002-02-27,2662197.449237655
2002-02-28,2574039.822366371
2002-03-01,2622147.5998468073
2002-03-04,2633200.8598434534
2002-03-05,2624935.9485347294
2002-03-06,2607595.511366929
2002-03-07,2618709.7452000417
2002-03-08,2620202.475430406
2002-03-11,2594580.878790428
2002-03-12,2575309.399298596
2002-03-13,2583337.4849627665
2002-03-14,2591920.0562549923
2002-03-15,2609894.005702779
2002-03-18,2608927.444442611
2002-03-19,2583867.3310296466
2002-03-20,2581540.545540873
2002-03-21,2606819.063650483
2002-03-22,2592693.7629087577
2002-03-25,2592693.7629087577
2002-03-26,2580755.2624276704
2002-03-27,2583228.305037097
2002-03-28,2603734.2310604122
2002-03-29,2603734.2310604122
2002-04-01,2620747.4475091663
2002-04-02,2609756.0789908315
2002-04-03,2609434.43055008
2002-04-04,2627079.166612187
2002-04-05,2620380.019617338
2002-04-08,2621595.4311654246
2002-04-09,2611268.989906779
2002-04-10,2617021.00854453
2002-04-11,2623884.680135659
2002-04-12,2622283.64173339
2002-04-15,2606480.239703649
2002-04-16,2598416.578504742
2002-04-17,2634477.605573589
2002-04-18,2638179.153950693
2002-04-19,2605612.20574564
2002-04-22,2605140.2021024865
2002-04-23,2620646.3469620696
2002-04-24,2635009.5940306303
2002-04-25,2650726.5889951214
2002-04-26,2682999.4768960113
2002-04-29,2678332.8852601186
2002-04-30,2708870.9525294052
2002-05-01,2708870.9525294052
2002-05-02,2698342.7798854755
2002-05-03,2706954.51601545
2002-05-06,2707742.9571692897
2002-05-07,2734576.9533327804
2002-05-08,2748724.3042720687
2002-05-09,2749047.5156854647
2002-05-10,2699463.1530854916
2002-05-13,2709004.6228948026
2002-05-14,2717549.944181953
2002-05-15,2687146.5384142506
2002-05-16,2678061.409172875
2002-05-17,2665877.044943261
2002-05-20,2640748.0073211687
2002-05-21,2611274.163147097
2002-05-22,2615997.91641336
2002-05-23,2615528.526496336
2002-05-24,2628777.397701262
2002-05-27,2635610.030186032
2002-05-28,2611090.3509591664
2002-05-29,2619579.003274196
2002-05-30,2614949.197868962
2002-05-31,2614535.8330633743
2002-06-03,2644611.825062836
2002-06-04,2665993.6236374597
2002-06-05,2659158.030020221
2002-06-06,2645641.2013985184
2002-06-07,2623025.115411147
2002-06-10,2638329.276132429
2002-06-11,2657147.1178000704
2002-06-12,2660274.9403968463
2002-06-13,2674005.6508734813
2002-06-14,2682493.8424221654
2002-06-17,2683005.7209919547
2002-06-18,2657746.6363668144
2002-06-19,2639969.89820153
2002-06-20,2643826.701481377
2002-06-21,2636579.83199856
2002-06-24,2649706.5622422
2002-06-25,2637919.733716972
2002-06-26,2612285.764179697
2002-06-27,2645371.539917449
2002-06-28,2666503.753691115
2002-07-01,2699994.3667345764
2002-07-02,2707427.146947747
2002-07-03,2696759.3031773716
2002-07-04,2709126.3569073044
2002-07-05,2706060.8812981322
2002-07-08,2731743.007032961
2002-07-09,2742674.9803713947
2002-07-10,2736478.049376675
2002-07-11,2718721.954528285
2002-07-12,2717551.8534617135
2002-07-15,2661863.3061184124
2002-07-16,2659369.3615620807
2002-07-17,2658539.9687494026
2002-07-18,2690346.7082615597
2002-07-19,2684265.500382482
2002-07-22,2624700.571404761
2002-07-23,2629092.1647323743
2002-07-24,2618606.4322427176
2002-07-25,2623029.096314825
2002-07-26,2570415.9390038163
2002-07-29,2566320.8316880497
2002-07-30,2564725.014367982
2002-07-31,2553496.9235443454
2002-08-01,2558590.364048467
2002-08-02,2562932.057359436
2002-08-05,2558884.067887267
2002-08-06,2550557.4764267146
2002-08-07,2551159.121624834
2002-08-08,2547639.208629227
2002-08-09,2548123.463072519
2002-08-12,2544901.767005768
2002-08-13,2541188.0587327615
2002-08-14,2539230.7182010543
2002-08-15,2539230.7182010543
2002-08-16,2531979.450921237
2002-08-19,2530443.6906900145
2002-08-20,2530369.069932495
2002-08-21,2534199.2075915574
2002-08-22,2536188.105976768
2002-08-23,2536459.267657039
2002-08-26,2532794.636657016
2002-08-27,2528361.3001394565
2002-08-28,2530364.9977763086
2002-08-29,2531325.266399985
2002-08-30,2532397.015488971
2002-09-02,2523309.9113409827
2002-09-03,2531301.072462892
2002-09-04,1864004.8429418525
2002-09-05,1856473.4796758415
2002-09-06,1853375.3831107086
2002-09-09,1848724.74426585
2002-09-10,1848724.74426585
2002-09-11,1857751.146395894
2002-09-12,1865267.5516331412
2002-09-13,1854387.9322182455
2002-09-16,1853065.8201406063
2002-09-17,1860648.7494457187
2002-09-18,1853752.2476370619
2002-09-19,1844671.9116948121
2002-09-20,1841489.5872848134
2002-09-23,1832227.8995893449
2002-09-24,1841737.1598651253
2002-09-25,1859081.1152140957
2002-09-26,1857853.1053795607
2002-09-27,1863584.4477600427
2002-09-30,1865191.4252373057
2002-10-01,1875238.0615807618
2002-10-02,1875238.0615807618
2002-10-03,1878824.73507189
2002-10-04,1878428.0979348577
2002-10-07,1872565.1242823226
2002-10-08,1840225.8213730475
2002-10-09,1816010.7828778494
2002-10-10,1834711.7147603002
2002-10-11,1826873.0140886982
2002-10-14,1828101.7952136747
2002-10-15,1828101.7952136747
2002-10-16,1831863.5561288483
2002-10-17,1837837.6013834768
2002-10-18,1841457.5534603007
2002-10-21,1838034.3601860183
2002-10-22,1830524.4199726372
2002-10-23,1821321.962024509
2002-10-24,1845796.615229097
2002-10-25,1853961.5168852962
2002-10-28,1856690.9885337253
2002-10-29,1864025.9682385111
2002-10-30,1855011.3696206035
2002-10-31,1852714.1236474146
2002-11-01,1855806.349901422
2002-11-04,1858771.1603079373
2002-11-05,1854781.7106367415
2002-11-06,1854781.7106367415
2002-11-07,1838489.7990110638
2002-11-08,1839369.6717380448
2002-11-11,1811997.0134397447
2002-11-12,1809683.5955509478
2002-11-13,1806698.2529730448
2002-11-14,1790206.8561511955
2002-11-15,1793739.158517897
2002-11-18,1808666.3846191983
2002-11-19,1808666.3846191983
2002-11-20,1791606.707933898
2002-11-21,1783980.7329302542
2002-11-22,1792192.436059459
2002-11-25,1798537.790908935
2002-11-26,1795412.955165417
2002-11-27,1781001.6372756604
2002-11-28,1799323.378102119
2002-11-29,1814301.2508634583
2002-12-02,1832764.1367255733
2002-12-03,1812773.2120768314
2002-12-04,1800000.9516174404
2002-12-05,1815057.470352835
2002-12-06,1827802.9123443873
2002-12-09,1812346.9125185069
2002-12-10,1816394.882840707
2002-12-11,1826343.4708648461
2002-12-12,1849175.997321738
2002-12-13,1864103.5687472154
2002-12-16,1845135.3802488155
2002-12-17,1855059.5174577753
2002-12-18,1859143.7167034855
2002-12-19,1880487.4473586218
2002-12-20,1894026.8355741655
2002-12-23,1885053.39484382
2002-12-24,1910593.7994348307
2002-12-25,1910593.7994348307
2002-12-26,1918512.5234418134
2002-12-27,1926786.6323503577
2002-12-30,1928729.6338236756
2002-12-31,1955013.79160076
2003-01-01,1959570.7123420783
2003-01-02,1927066.996933924
2003-01-03,1937113.0181428667
2003-01-06,1919038.1110117917
2003-01-07,1911385.9508808912
2003-01-08,1933663.5648470535
2003-01-09,1957416.9336973028
2003-01-10,1911651.5756179972
2003-01-13,1921260.6788318036
2003-01-14,1933615.4182651916
2003-01-15,1940581.8616588358
2003-01-16,1964818.2836472532
2003-01-17,1979483.3381644245
2003-01-20,1973839.687716914
2003-01-21,1997690.06497463
2003-01-22,2011889.4629876884
2003-01-23,1997650.6788094293
2003-01-24,1939822.5539661252
2003-01-27,1907348.720054422
2003-01-28,1927217.3899078101
2003-01-29,1925379.5179980008
2003-01-30,1929158.3462149252
2003-01-31,1923959.327890929
2003-02-03,1939882.781917573
2003-02-04,1941943.490781676
2003-02-05,1939349.8727600323
2003-02-06,1958665.491817665
2003-02-07,1938119.9731019847
2003-02-10,1914715.8711903284
2003-02-11,1905780.1247814994
2003-02-12,1907852.050916401
2003-02-13,1907852.050916401
2003-02-14,1910216.995451629
2003-02-17,1933455.7386081845
2003-02-18,1929034.9586098148
2003-02-19,1933717.9365339873
2003-02-20,1938645.9729512143
2003-02-21,1951092.0125634598
2003-02-24,1957077.5243267464
2003-02-25,1948246.5545291884
2003-02-26,1937915.2954230062
2003-02-27,1946933.2336963336
2003-02-28,1934040.1445696796
2003-03-03,1926806.6592676328
2003-03-04,1908359.7831584099
2003-03-05,1901004.5189063067
2003-03-06,1898252.520788556
2003-03-07,1889494.0925857034
2003-03-10,1880584.8683340237
2003-03-11,1882076.6923694753
2003-03-12,1879601.6367860192
2003-03-13,1877079.3345990488
2003-03-14,1877079.3345990488
2003-03-17,1873440.1065022014
2003-03-18,1873440.1065022014
2003-03-19,1878452.2786153217
2003-03-20,1886975.2923133445
2003-03-21,1889574.849525621
2003-03-24,1878169.086341369
2003-03-25,1878303.6855277629
2003-03-26,1882087.9658901715
2003-03-27,1884738.6290384512
2003-03-28,1886230.2509193611
2003-03-31,1874647.0678667545
2003-04-01,1872169.484552285
2003-04-02,1887960.823716695
2003-04-03,1890734.5146935848
2003-04-04,1896907.3535268216
2003-04-07,1905627.552411955
2003-04-08,1916328.1113448376
2003-04-09,1904607.6265204996
2003-04-10,1902221.4019133989
2003-04-11,1899780.7301691328
2003-04-14,1148442.4940606982
2003-04-15,1906290.9380097361
2003-04-16,1913068.4348516576
2003-04-17,1908120.0742566024
2003-04-18,1908120.0742566024
2003-04-21,1914164.919255141
2003-04-22,1908497.5101729063
2003-04-23,1894654.2269880648
2003-04-24,1905208.2026536947
2003-04-25,1905701.5786934705
2003-04-28,1942455.5611263239
2003-04-29,1927616.2849935223
2003-04-30,1959442.3965105421
2003-05-01,1959442.3965105421
2003-05-02,1988364.0647694564
2003-05-05,2012557.6791067023
2003-05-06,2005888.6649968147
2003-05-07,1993030.5643756858
2003-05-08,1999431.9816395403
2003-05-09,2004577.0626040709
2003-05-12,2067484.3537669345
2003-05-13,2060672.398812615
2003-05-14,2104443.8526828727
2003-05-15,2115634.73687115
2003-05-16,2111640.0782999475
2003-05-19,2092949.910862362
2003-05-20,2114253.7155199135
2003-05-21,2128474.0737504833
2003-05-22,2154726.06638808
2003-05-23,2162205.188545689
2003-05-26,2230324.733527415
2003-05-27,2227909.807366726
2003-05-28,2292618.9171418473
2003-05-29,2316836.9242917337
2003-05-30,2312320.1433839537
2003-06-02,2230777.29537009
2003-06-03,2254535.3490518946
2003-06-04,2294805.331857498
2003-06-05,2276925.950793862
2003-06-06,2254958.5384658654
2003-06-09,2259428.9573391373
2003-06-10,2200455.5315356175
2003-06-11,2234590.2328198226
2003-06-12,2258125.0232697222
2003-06-13,2259915.4591938094
2003-06-16,2262852.1603453774
2003-06-17,2300899.211653971
2003-06-18,2283416.132828235
2003-06-19,2281973.8260402963
2003-06-20,2294213.314812937
2003-06-23,2272287.2989886897
2003-06-24,2284027.7434898242
2003-06-25,2319929.570219325
2003-06-26,2334414.2846729397
2003-06-27,2338343.3219752964
2003-06-30,2362903.6191790607
2003-07-01,2371708.7179034166
2003-07-02,2382988.6937830765
2003-07-03,2418484.3724478604
2003-07-04,2431064.248000982
2003-07-07,2445772.2588764494
2003-07-08,2417712.085234447
2003-07-09,2386523.635318082
2003-07-10,2388216.034570604
2003-07-11,2408963.533479941
2003-07-14,2455086.466464062
2003-07-15,2414970.435893084
2003-07-16,2440596.611739436
2003-07-17,2388603.9734724285
2003-07-18,2367098.984335058
2003-07-21,2331144.9080804028
2003-07-22,2302597.0171861397
2003-07-23,2316019.4427824053
2003-07-24,2337899.8848793902
2003-07-25,2370521.2774031702
2003-07-28,2363176.7834432134
2003-07-29,2383174.4614468534
2003-07-30,2393209.649975033
2003-07-31,2360132.5201841136
2003-08-01,2360051.0905661434
2003-08-04,2381305.939171809
2003-08-05,2352188.6295420225
2003-08-06,2346790.579716798
2003-08-07,2382916.416440614
2003-08-08,2388020.7915824493
2003-08-11,2393599.08691282
2003-08-12,2380877.7345315577
2003-08-13,2396339.423896638
2003-08-14,2394743.511829751
2003-08-15,2394743.511829751
2003-08-18,2445269.798773772
2003-08-19,2402418.7332965564
2003-08-20,2390981.4185466547
2003-08-21,2391699.8861437067
2003-08-22,2401790.825032536
2003-08-25,2322185.479228619
2003-08-26,2411033.109205175
2003-08-27,2437667.5396307856
2003-08-28,2418897.710159706
2003-08-29,2419520.550072387
2003-09-01,2448314.5290417923
2003-09-02,2417922.5830700174
2003-09-03,2380900.315759285
2003-09-04,2398122.3660257943
2003-09-05,2431109.859403869
2003-09-08,2454061.3009420265
2003-09-09,2415933.614844364
2003-09-10,2410774.3889550827
2003-09-11,2434741.879436725
2003-09-12,2388155.7395084184
2003-09-15,2353202.9360848954
2003-09-16,2389333.0031272285
2003-09-17,2389992.234107179
2003-09-18,2343473.241079004
2003-09-19,2360677.906442799
2003-09-22,2371250.8740838934
2003-09-23,2403020.603582597
2003-09-24,2418845.382766084
2003-09-25,2410694.943999791
2003-09-26,2409147.0093531054
2003-09-29,2427180.5606904943
2003-09-30,2449799.309461657
2003-10-01,2465811.283451161
2003-10-02,2465811.283451161
2003-10-03,2495887.3478777036
2003-10-06,2502665.6868411913
2003-10-07,2485247.746375722
2003-10-08,2477222.8396134404
2003-10-09,2513901.7878738767
2003-10-10,2518663.527924177
2003-10-13,2550732.63725417
2003-10-14,2522216.5703149796
2003-10-15,2514542.6644874266
2003-10-16,2531305.4907966126
2003-10-17,2514169.1733603557
2003-10-20,2476977.2853200906
2003-10-21,2434112.7872295678
2003-10-22,2426340.167944366
2003-10-23,2438516.471647431
2003-10-24,2458743.793673516
2003-10-27,2454163.2434478793
2003-10-28,2454894.4035393973
2003-10-29,2481209.729323639
2003-10-30,2506273.318517277
2003-10-31,2539495.7504991116
2003-11-03,2567313.532943833
2003-11-04,2554525.705420694
2003-11-05,2557988.4160408666
2003-11-06,2608132.1266573793
2003-11-07,2600041.206799916
2003-11-10,2638601.7311025388
2003-11-11,2655509.86973284
2003-11-12,2678326.9361012485
2003-11-13,2625465.5902551864
2003-11-14,2587386.192826766
2003-11-17,2658819.815657567
2003-11-18,2681053.874840513
2003-11-19,2660910.549685125
2003-11-20,2687857.6013684827
2003-11-21,2686413.2790782168
2003-11-24,2719650.939524016
2003-11-25,2743659.0300702145
2003-11-26,2688617.8807589984
2003-11-27,2591242.292951442
2003-11-28,2624187.4439089973
2003-12-01,2674117.3932549534
2003-12-02,2697126.925101949
2003-12-03,2751043.345529682
2003-12-04,2789570.148069047
2003-12-05,2771888.3014047546
2003-12-08,2807942.457353409
2003-12-09,2867658.773954245
2003-12-10,2844863.1240097643
2003-12-11,2833461.6464663497
2003-12-12,2869501.6931033367
2003-12-15,2911783.5491549894
2003-12-16,2934829.2303495132
2003-12-17,2955410.2660745094
2003-12-18,3012223.3690822627
2003-12-19,3082793.5987544977
2003-12-22,3141664.3722025934
2003-12-23,3143349.179144079
2003-12-24,3158858.993812432
2003-12-25,3454876.3311459417
2003-12-26,3214122.2239178834
2003-12-29,3263178.3871874306
2003-12-30,3187234.7893835735
2003-12-31,3200643.1016021315
2004-01-01,3251768.79959902
2004-01-02,3312957.6946882573
2004-01-05,3283572.216050862
2004-01-06,3198884.496429084
2004-01-07,3151390.2410040204
2004-01-08,3230512.3278394933
2004-01-09,3258407.2575691254
2004-01-12,3248721.88915231
2004-01-13,3290388.961646743
2004-01-14,3324962.9860282633
2004-01-15,3292798.681435031
2004-01-16,3220111.435905362
2004-01-19,3184126.0567866853
2004-01-20,3160305.16384949
2004-01-21,3014630.283315928
2004-01-22,2959736.942886354
2004-01-23,2987958.9105886673
2004-01-26,2987958.9105886673
2004-01-27,3035905.3989994153
2004-01-28,3014163.8596925284
2004-01-29,3008903.762592245
2004-01-30,2993334.1983098104
2004-02-02,2993334.1983098104
2004-02-03,2962537.0453650956
2004-02-04,2969946.3146799323
2004-02-05,2972970.331821451
2004-02-06,2991957.2007991015
2004-02-09,2999242.566723449
2004-02-10,3003062.873232976
2004-02-11,3010717.548010392
2004-02-12,3027585.2342399093
2004-02-13,3040397.059738401
2004-02-16,3060246.280738069
2004-02-17,3061977.550913213
2004-02-18,3064039.2143766773
2004-02-19,3053424.473788263
2004-02-20,3048585.149975698
2004-02-23,3029602.2669318235
2004-02-24,3035104.8613852416
2004-02-25,3006964.4083500067
2004-02-26,2975872.044502263
2004-02-27,2966577.9791627354
2004-03-01,3015684.6620145207
2004-03-02,3015684.6620145207
2004-03-03,3026451.081197399
2004-03-04,3037761.9460354233
2004-03-05,3061422.0017139423
2004-03-08,3084009.028067531
2004-03-09,3080988.093624118
2004-03-10,3076469.4302761685
2004-03-11,3052233.3746656245
2004-03-12,3064669.1820772286
2004-03-15,3051774.5576512874
2004-03-16,3031037.9053976024
2004-03-17,3026391.1771531724
2004-03-18,3014436.62725063
2004-03-19,3007702.2192717376
2004-03-22,2972337.542880097
2004-03-23,2961126.530269943
2004-03-24,2960251.5322523746
2004-03-25,2942397.905650894
2004-03-26,2927972.9746456333
2004-03-29,2952637.3482279764
2004-03-30,2951491.4548835233
2004-03-31,2960606.034135497
2004-04-01,2968172.045459124
2004-04-02,2969903.677841945
2004-04-05,2962127.5152000342
2004-04-06,2950623.2315566726
2004-04-07,2943794.796908014
2004-04-08,2962723.8086817716
2004-04-09,2962723.8086817716
2004-04-12,2971490.317128005
2004-04-13,3011919.402372987
2004-04-14,3011919.402372987
2004-04-15,3008428.811311349
2004-04-16,3008415.2591728275
2004-04-19,2988355.7035276783
2004-04-20,2976618.2698635194
2004-04-21,3007631.907096179
2004-04-22,3040374.555965526
2004-04-23,3052372.8777404167
2004-04-26,2172752.559535964
2004-04-27,2961688.5610667374
2004-04-28,2958187.867567183
2004-04-29,2964542.9920131257
2004-04-30,2966483.558285281
2004-05-03,2919244.789294837
2004-05-04,2974914.6261499887
2004-05-05,2971388.6207765113
2004-05-06,3002775.571177248
2004-05-07,2985886.1269650194
2004-05-10,2960420.417280061
2004-05-11,2965773.7602568823
2004-05-12,2888483.4311144883
2004-05-13,2881368.3979427987
2004-05-14,2820242.857763287
2004-05-17,2811631.9335203404
2004-05-18,2815304.3944030353
2004-05-19,2822003.884464882
2004-05-20,2821108.2619147664
2004-05-21,2820509.292510994
2004-05-24,2821418.4954209067
2004-05-25,2816580.4056024663
2004-05-26,2817375.74822665
2004-05-27,2816403.315157532
2004-05-28,2804109.8382164584
2004-05-31,2799416.4484969536
2004-06-01,2800597.3307227204
2004-06-02,2803028.071990695
2004-06-03,2800702.7574350433
2004-06-04,2798163.30154879
2004-06-07,2801895.595561528
2004-06-08,2800749.1284908825
2004-06-09,2798301.6884180936
2004-06-10,2802929.98910557
2004-06-11,2797566.6454550447
2004-06-14,2773404.633423418
2004-06-15,2776032.0330175115
2004-06-16,2774781.251587951
2004-06-17,2773953.883075873
2004-06-18,2776508.4440337135
2004-06-21,2776132.5862075216
2004-06-22,2775807.892458329
2004-06-23,2771123.940389976
2004-06-24,2768182.430623666
2004-06-25,2770160.402860221
2004-06-28,2807051.5219865316
2004-06-29,2811322.5429428015
2004-06-30,2804022.5869950764
2004-07-01,2807819.6481480277
2004-07-02,2805740.8066220586
2004-07-05,2801348.4113050885
2004-07-06,2811043.111073956
2004-07-07,2806943.9771856423
2004-07-08,2793912.3150253403
2004-07-09,2797090.5204176256
2004-07-12,2801455.0279828887
2004-07-13,2814250.3908653967
2004-07-14,2842217.297428348
2004-07-15,2852828.3506931923
2004-07-16,2864579.7319050636
2004-07-19,2871890.3962812596
2004-07-20,2866125.3244867385
2004-07-21,2872987.2627818068
2004-07-22,2897074.4400993194
2004-07-23,2915414.012135609
2004-07-26,2927728.3943097126
2004-07-27,2917737.706191219
2004-07-28,2925152.1219221046
2004-07-29,2948638.133153472
2004-07-30,2973854.8846583585
2004-08-02,2978601.1930652075
2004-08-03,2979535.723313104
2004-08-04,2974192.45473893
2004-08-05,2981578.8507978013
2004-08-06,2964659.425430461
2004-08-09,2954612.749968705
2004-08-10,2953962.5538295833
2004-08-11,2958044.3802760565
2004-08-12,2963983.3874074197
2004-08-13,2962835.8951864485
2004-08-16,3767863.3677638
2004-08-17,3814698.7790326755
2004-08-18,3800677.679883526
2004-08-19,3812224.8107328275
2004-08-20,3800058.8992377366
2004-08-23,3798800.2485289234
2004-08-24,3847427.5347013623
2004-08-25,3829348.0989407157
2004-08-26,3861730.5023838705
2004-08-27,3871872.8558506207
2004-08-30,3856868.72764134
2004-08-31,3841385.3421226223
2004-09-01,3840776.7792904833
2004-09-02,3819250.0946930842
2004-09-03,3848119.318165265
2004-09-06,3903554.916085672
2004-09-07,3976392.0763851423
2004-09-08,4094608.556315064
2004-09-09,4023277.5817144727
2004-09-10,4100465.4472679594
2004-09-13,4127410.9535920345
2004-09-14,4088114.387637984
2004-09-15,4155206.914246973
2004-09-16,4172774.749254588
2004-09-17,4179306.966797261
2004-09-20,4141489.445803094
2004-09-21,4146924.455887063
2004-09-22,4163534.8367524575
2004-09-23,4124656.918129529
2004-09-24,4107162.2984218122
2004-09-27,4160328.0442133923
2004-09-28,4149542.5344833992
2004-09-29,4205054.22932872
2004-09-30,4197540.547687287
2004-10-01,4169342.591210434
2004-10-04,4254076.828721631
2004-10-05,4255880.6817660425
2004-10-06,4227009.007980499
2004-10-07,4224224.892254793
2004-10-08,4178999.284362523
2004-10-11,4182460.4196429844
2004-10-12,4138211.255656579
2004-10-13,2474913.1718244907
2004-10-14,4114694.7182456367
2004-10-15,4145842.0939684147
2004-10-18,4128039.919851386
2004-10-19,4141591.7101135473
2004-10-20,4120977.547780327
2004-10-21,4114219.018995588
2004-10-22,4114219.018995588
2004-10-25,4125755.1467958437
2004-10-26,4120617.87750828
2004-10-27,4224312.510416799
2004-10-28,4267885.639989541
2004-10-29,4258204.066492577
2004-11-01,4296104.933994735
2004-11-02,4307271.488337666
2004-11-03,4355342.128653472
2004-11-04,4380120.219717001
2004-11-05,4351771.692751324
2004-11-08,4381275.458141936
2004-11-09,4365108.090013759
2004-11-10,4379838.212672931
2004-11-11,4415094.412193628
2004-11-12,4435301.576242015
2004-11-15,4435301.576242015
2004-11-16,4429994.345254726
2004-11-17,4596534.807310679
2004-11-18,4786983.036051088
2004-11-19,4706017.157239231
2004-11-22,4776812.263507908
2004-11-23,4813088.296313576
2004-11-24,4783121.502889613
2004-11-25,4817376.3112303475
2004-11-26,4817376.3112303475
2004-11-29,4903974.401050309
2004-11-30,4885141.720010146
2004-12-01,4952105.707204817
2004-12-02,4998672.06026359
2004-12-03,4964497.413051777
2004-12-06,4896760.528908016
2004-12-07,4952358.749316736
2004-12-08,4875807.8802942
2004-12-09,4887119.283458952
2004-12-10,4927260.157754694
2004-12-13,5139132.205531383
2004-12-14,5161716.648416742
2004-12-15,5215141.645051865
2004-12-16,5320541.501163694
2004-12-17,5308731.498459475
2004-12-20,5249284.146337126
2004-12-21,5235497.481370614
2004-12-22,5233862.104160961
2004-12-23,5295688.62779051
2004-12-24,5291694.810958535
2004-12-27,5246234.218419589
2004-12-28,5390352.084205581
2004-12-29,5387271.996878018
2004-12-30,5361270.807064308
2004-12-31,5409267.266413943
2005-01-03,5446594.187291998
2005-01-04,5417535.333314535
2005-01-05,5257612.649092929
2005-01-06,5094246.427888017
2005-01-07,5224463.728475152
2005-01-10,5203704.291995247
2005-01-11,5106512.911008558
2005-01-12,5004036.308579842
2005-01-13,5032797.56685241
2005-01-14,5033547.045852423
2005-01-17,5028726.495317215
2005-01-18,5047622.933995273
2005-01-19,5036390.445694739
2005-01-20,5010951.291201053
2005-01-24,5008148.471278327
2005-01-25,5036802.679280939
2005-01-27,5071997.706269168
2005-01-28,5101633.933235985
2005-01-31,5133336.357008465
2005-02-01,5179377.465248549
2005-02-02,5190663.814668622
2005-02-03,5227691.504974628
2005-02-04,5226794.151851853
2005-02-07,5228678.620658429
2005-02-08,5238107.053967068
2005-02-09,5271299.383002391
2005-02-10,5286625.917757325
2005-02-11,5317904.319882128
2005-02-14,5324339.850643995
2005-02-15,5311034.724008327
2005-02-16,5304995.902699274
2005-02-17,5299293.687743592
2005-02-18,5296681.47328729
2005-02-21,5296025.365125752
2005-02-22,5283773.942159743
2005-02-23,5327205.731626204
2005-02-24,5312162.507795532
2005-02-25,5313897.336346509
2005-02-28,5308249.912197334
2005-03-01,5325958.2436821945
2005-03-02,5389765.614028586
2005-03-03,5422091.197956768
2005-03-04,5483478.590072685
2005-03-07,5477557.450144364
2005-03-08,5464429.390750035
2005-03-09,5470660.035129491
2005-03-10,5467813.886902018
2005-03-11,5460895.929097764
2005-03-14,5439983.95065745
2005-03-15,5420286.66843982
2005-03-16,5421250.296571554
2005-03-17,5393834.017571452
2005-03-18,5400782.107118148
2005-03-21,5402808.425062585
2005-03-22,5387489.911267611
2005-03-23,5326280.637267349
2005-03-24,5325422.654190821
2005-03-28,5342296.561362252
2005-03-29,5337864.365370409
2005-03-30,5395537.145452035
2005-03-31,5426288.697521381
2005-04-01,5461916.311768453
2005-04-04,5472206.7697593365
2005-04-05,5447421.660981544
2005-04-06,5454729.610335638
2005-04-07,5452464.128702352
2005-04-08,5445034.944078697
2005-04-11,5419778.923061307
2005-04-12,5435648.886278818
2005-04-13,5457033.993792531
2005-04-15,5406714.638244991
2005-04-18,5390818.05615145
2005-04-19,5375585.285871415
2005-04-20,5388704.771409137
2005-04-21,5418092.431861167
2005-04-22,5423470.901824634
2005-04-25,5433960.597272035
2005-04-26,5415667.142092165
2005-04-27,5403713.776058136
2005-04-28,5411939.424347989
2005-04-29,5391736.589897639
2005-05-02,5381883.366686093
2005-05-03,5408453.062766344
2005-05-04,5411882.004637327
2005-05-05,5406402.687257186
2005-05-06,5416957.871669311
2005-05-09,5436260.056878331
2005-05-10,5426854.978791939
2005-05-11,5440295.829422175
2005-05-12,5441873.16884357
2005-05-13,5449895.627940985
2005-05-16,5463877.10932987
2005-05-17,5457822.6719771605
2005-05-18,5457180.393266418
2005-05-19,5462445.399762892
2005-05-20,5458135.1475701295
2005-05-23,5482289.183734142
2005-05-24,5479139.66870887
2005-05-25,5467797.646413766
2005-05-26,5473249.658153026
2005-05-27,5460708.061448637
2005-05-30,5449546.897327633
2005-05-31,5437396.356574737
2005-06-01,5465194.17496769
2005-06-02,5454263.90041122
2005-06-03,5461275.1275007315
2005-06-06,5481413.375008128
2005-06-07,5481010.973652815
2005-06-08,5473061.404448328
2005-06-09,5472381.407158968
2005-06-10,5469053.010587277
2005-06-13,5476437.298313191
2005-06-14,5480738.715521623
2005-06-15,5492354.944153467
2005-06-16,5479819.981813686
2005-06-17,5442828.980478042
2005-06-20,5431092.605139108
2005-06-21,5427435.008801666
2005-06-22,5427057.177793943
2005-06-23,5426429.939317716
2005-06-24,5426380.0602066
2005-06-27,5436907.439737588
2005-06-28,5420112.561634578
2005-06-29,5427914.301953724
2005-06-30,5446552.118565776
2005-07-01,5463201.76393539
2005-07-04,5463239.680713089
2005-07-05,5464757.465384589
2005-07-06,5493429.655265722
2005-07-07,5478376.4829225335
2005-07-08,5520753.160471622
2005-07-11,5546776.749097656
2005-07-12,5527029.661466016
2005-07-13,5562891.976958546
2005-07-14,5579909.442825589
2005-07-15,5622553.916263795
2005-07-18,5713326.789635991
2005-07-19,5697130.171529509
2005-07-20,5664835.5716901105
2005-07-21,5652297.183795187
2005-07-22,5666944.998832147
2005-07-25,5663889.873862163
2005-07-26,5646886.567822748
2005-07-27,5631071.4339346355
2005-07-28,8516558.475682918
2005-07-29,5631398.486050356
2005-08-01,5643731.243133548
2005-08-02,5667006.275323093
2005-08-03,5677727.523787576
2005-08-04,5681803.414809738
2005-08-05,5659003.272320382
2005-08-08,5629026.9155117255
2005-08-09,5641345.500328127
2005-08-10,5691393.058902437
2005-08-11,5703040.034679549
2005-08-12,5695708.086868676
2005-08-16,5710253.80538025
2005-08-17,5741517.813522565
2005-08-18,5727231.301424821
2005-08-19,5742762.110886566
2005-08-22,5749615.346821166
2005-08-23,5712146.9019916225
2005-08-24,5687158.690976231
2005-08-25,5675146.560321025
2005-08-26,5690644.923311589
2005-08-29,5678575.899816
2005-08-30,5720216.917103429
2005-08-31,5746619.227170103
2005-09-01,5763884.073967624
2005-09-02,5781215.879084603
2005-09-05,5806790.82151862
2005-09-06,5806444.580053933
2005-09-08,5801619.734360874
2005-09-09,5800250.549736611
2005-09-12,5811729.827521558
2005-09-13,5835377.058751153
2005-09-14,5819422.597568696
2005-09-15,5847348.394565951
2005-09-16,5855322.200026894
2005-09-19,5893360.021272444
2005-09-20,5897563.790733337
2005-09-21,5837609.788346752
2005-09-22,5722024.597647849
2005-09-23,5743624.986651934
2005-09-26,5779476.04397823
2005-09-27,5810737.268670832
2005-09-28,5846757.654689713
2005-09-29,5817763.050629796
2005-09-30,5831764.054186377
2005-10-03,5817378.940304672
2005-10-04,5841583.894199986
2005-10-05,5838375.06110369
2005-10-06,5836498.25067056
2005-10-07,5835512.420450993
2005-10-10,5828296.866531751
2005-10-11,5814510.86802051
2005-10-13,5793713.670060395
2005-10-14,5767046.256418786
2005-10-17,5756575.927639795
2005-10-18,5754603.922898644
2005-10-19,5716972.336358603
2005-10-20,5716990.4733062405
2005-10-21,5734890.972825243
2005-10-24,5727316.618555951
2005-10-25,5727601.693202477
2005-10-26,5726098.245509576
2005-10-27,5728625.320896398
2005-10-28,5718584.600036973
2005-10-31,5728380.655877005
2005-11-02,5741296.041597744
2005-11-04,5741296.041597744
2005-11-07,5747446.167059363
2005-11-08,5765430.98864073
2005-11-09,5755836.195745134
2005-11-10,5755694.301224974
2005-11-11,5766850.338754656
2005-11-14,5778309.050993292
2005-11-16,5756988.749281213
2005-11-17,5765577.739379659
2005-11-18,5761666.232034994
2005-11-21,5756626.55938184
2005-11-22,5758242.687586074
2005-11-23,5767658.3594624195
2005-11-24,5798101.465941072
2005-11-25,5823048.170619684
2005-11-28,5880288.5584966345
2005-11-29,5872345.855726206
2005-11-30,5838805.275963494
2005-12-01,5860069.815798259
2005-12-02,5864994.20908897
2005-12-05,5869681.919467096
2005-12-06,5867129.335031801
2005-12-07,5889814.813726521
2005-12-08,5914115.048421044
2005-12-09,5924590.474374785
2005-12-12,5960367.262516643
2005-12-13,5968290.880416093
2005-12-14,5956949.167029561
2005-12-15,5907131.657718032
2005-12-16,5926594.907588058
2005-12-19,5948483.315491302
2005-12-20,5923785.754195968
2005-12-21,5937259.692784861
2005-12-22,5936705.652252364
2005-12-23,5911762.251242847
2005-12-26,5874495.964353397
2005-12-27,5903404.825343994
2005-12-28,5910530.970766585
2005-12-29,5922111.186604481
2005-12-30,5938809.159267782
2006-01-02,5954561.473917156
2006-01-03,6001201.524564178
2006-01-04,6013126.588667951
2006-01-05,6021843.125986271
2006-01-06,6042169.451020634
2006-01-09,6034368.560007152
2006-01-10,6014314.802863174
2006-01-12,6007213.8516061045
2006-01-13,6016641.631684951
2006-01-16,6002381.95751385
2006-01-17,5975246.734338778
2006-01-18,5957521.103771422
2006-01-19,6009649.85559279
2006-01-20,6029019.942233246
2006-01-23,6016268.439516641
2006-01-24,6042650.211878206
2006-01-25,6058759.9354676455
2006-01-27,6090638.475585881
2006-01-30,6069590.90741605
2006-01-31,6073801.081110417
2006-02-01,6066137.055073296
2006-02-02,6075766.800737268
2006-02-03,6086827.51339369
2006-02-06,6136349.719537877
2006-02-07,6157490.265629601
2006-02-08,6148376.533659251
2006-02-10,6168308.904632468
2006-02-13,6177030.457949266
2006-02-14,6173997.427842245
2006-02-15,6161518.11426034
2006-02-16,6163492.0586377485
2006-02-17,6152521.766523689
2006-02-20,6134096.953711098
2006-02-21,6140385.964574751
2006-02-22,6142746.27739139
2006-02-23,6137691.027349498
2006-02-24,6147115.407732622
2006-02-27,6136806.804990653
2006-02-28,6145564.870129041
2006-03-01,6197767.905456768
2006-03-02,6235390.388693731
2006-03-03,6288498.930820623
2006-03-06,6298173.708134648
2006-03-07,6283919.080209163
2006-03-08,6259396.136824486
2006-03-09,6257719.708884164
2006-03-10,6283099.864330344
2006-03-13,6294046.406604092
2006-03-14,6287320.449320017
2006-03-16,6289734.900678385
2006-03-17,6301661.433654614
2006-03-20,6307601.208843727
2006-03-21,6300199.120585395
2006-03-22,6270353.816226397
2006-03-23,6266560.682170691
2006-03-24,6287872.062092059
2006-03-27,6288042.300576787
2006-03-28,6275289.119166429
2006-03-29,6304513.993923008
2006-03-30,6334992.97117172
2006-03-31,6343575.418855776
2006-04-03,6395705.954732779
2006-04-04,6422185.743814256
2006-04-05,6453903.028812956
2006-04-07,6408101.685062494
2006-04-10,6428546.252303165
2006-04-12,6395079.352066313
2006-04-13,6307632.270678348
2006-04-17,6343905.9928878695
2006-04-18,6380432.014600679
2006-04-19,6377176.356569321
2006-04-20,6392390.061317076
2006-04-21,6398542.621547115
2006-04-24,6420760.144962873
2006-04-25,6363501.949889062
2006-04-26,6387241.323377088
2006-04-27,6385460.304438964
2006-04-28,6406692.051840406
2006-05-02,6445025.192638047
2006-05-03,6451738.910506718
2006-05-04,6443798.028067524
2006-05-05,6461739.278967498
2006-05-08,6493100.678091132
2006-05-09,6526122.101471041
2006-05-10,6525467.152764621
2006-05-11,6505854.987261413
2006-05-12,6503962.38999894
2006-05-15,6411161.956757465
2006-05-16,6394910.956866539
2006-05-17,6414645.301289509
2006-05-18,6325168.677447839
2006-05-19,6293335.915516557
2006-05-22,6198972.5380888125
2006-05-23,6189368.7199650165
2006-05-24,6185142.028404348
2006-05-25,6186837.188544384
2006-05-26,6188095.582030784
2006-05-29,6187718.094075575
2006-05-30,6187700.284160286
2006-05-31,6186852.475061959
2006-06-01,6183162.239194577
2006-06-02,6188066.423087772
2006-06-05,6183162.239194577
2006-06-06,6179890.01156984
2006-06-07,6179104.563323695
2006-06-08,6179104.563323695
2006-06-09,6179104.563323695
2006-06-12,6179104.563323695
2006-06-13,6179104.563323695
2006-06-14,6179104.563323695
2006-06-15,6179104.563323695
2006-06-16,6180173.2677760655
2006-06-19,6179330.583851891
2006-06-20,6177433.609984463
2006-06-21,6167458.433952528
2006-06-22,6191658.72821632
2006-06-23,6165753.977848905
2006-06-26,6153374.866113778
2006-06-27,6154095.62774402
2006-06-28,6151463.292097162
2006-06-29,6147154.59458782
2006-06-30,6154385.465593942
2006-07-03,6156232.0534512745
2006-07-04,6153257.567428344
2006-07-05,6162414.980689935
2006-07-06,6157585.582282231
2006-07-07,6140231.6088720625
2006-07-10,6147543.678792232
2006-07-11,6148571.076291315
2006-07-12,6160651.29409746
2006-07-13,6165294.2768558515
2006-07-14,6160561.243306586
2006-07-17,6144675.209297361
2006-07-18,6137851.525260607
2006-07-19,6118607.735952291
2006-07-20,6116853.605754575
2006-07-21,6116429.5479499865
2006-07-24,6116406.623508326
2006-07-25,6116301.447515704
2006-07-26,6120213.4221150605
2006-07-27,6121844.096906776
2006-07-28,6121711.067572537
2006-07-31,6126709.826374425
2006-08-01,6123137.74411565
2006-08-02,6131916.216250707
2006-08-03,6132753.979305074
2006-08-04,6126839.252710535
2006-08-07,6134717.702221801
2006-08-08,6144233.641824824
2006-08-09,6157596.990836228
2006-08-10,6163774.473082747
2006-08-11,6160822.065856241
2006-08-14,6165875.41854172
2006-08-16,6169170.388264937
2006-08-17,6170759.210113589
2006-08-18,6173175.070514487
2006-08-21,6181223.289676864
2006-08-22,6178041.44985185
2006-08-23,6165567.259429787
2006-08-24,6169049.977098547
2006-08-25,6175009.672175136
2006-08-28,6180950.769866819
2006-08-29,6188920.922557348
2006-08-30,6206109.443859361
2006-08-31,6189395.715775982
2006-09-01,6221499.415003275
2006-09-04,6245691.36550396
2006-09-05,6249560.898117845
2006-09-06,6241462.123515229
2006-09-07,6245382.882859018
2006-09-08,6267589.4588864185
2006-09-11,6229288.648646614
2006-09-12,6263020.731131841
2006-09-13,6285087.3628449645
2006-09-14,6307990.73425131
2006-09-15,6319381.82828426
2006-09-18,6338351.500275003
2006-09-19,6317210.993037716
2006-09-20,6320235.71852622
2006-09-21,6322794.4011927815
2006-09-22,6315796.285993828
2006-09-25,6299164.093887584
2006-09-26,6314085.679054533
2006-09-27,6336985.76974127
2006-09-28,6375283.344059859
2006-09-29,6378155.949270289
2006-10-03,6371163.2328580655
2006-10-04,6349717.448436884
2006-10-05,6377589.249682594
2006-10-06,6380461.4221266685
2006-10-09,6396935.22649516
2006-10-10,6394160.923968447
2006-10-11,6384970.9174017785
2006-10-12,6397355.1707646465
2006-10-13,6409638.531903733
2006-10-16,6424324.402594827
2006-10-17,6418700.537623286
2006-10-18,6434240.536050921
2006-10-19,6440658.070265429
2006-10-20,6441844.209885445
2006-10-23,6429609.065905373
2006-10-26,6462610.6303097475
2006-10-27,6475731.741964618
2006-10-30,6488859.8535176525
2006-10-31,6504961.191779029
2006-11-01,6515582.471142941
2006-11-02,6531270.434818192
2006-11-03,6521186.701541519
2006-11-06,6526045.238540364
2006-11-07,6515217.393130774
2006-11-08,6504794.735527203
2006-11-09,6516539.69409455
2006-11-10,6532272.939662325
2006-11-13,6555043.109292751
2006-11-14,6575395.157802374
2006-11-15,6607405.228806205
2006-11-16,6619501.199476442
2006-11-17,6590073.517628838
2006-11-20,6561103.97667362
2006-11-21,6580738.092268201
2006-11-22,6584975.207747203
2006-11-23,6590375.130299475
2006-11-24,6606137.908740587
2006-11-27,6617821.249691386
2006-11-28,6602231.726224216
2006-11-29,6584371.545092433
2006-11-30,6600306.380399195
2006-12-01,6636095.474771183
2006-12-04,6634485.335073144
2006-12-05,6623726.089543044
2006-12-06,6605594.085280969
2006-12-07,6623689.674980211
2006-12-08,6611730.619766272
2006-12-11,6537964.944703643
2006-12-12,6485418.107841826
2006-12-13,6501110.751924386
2006-12-14,6519632.5675833095
2006-12-15,6523208.417069108
2006-12-18,6525713.596152178
2006-12-19,6514547.483752891
2006-12-20,6503120.417800593
2006-12-21,6506041.388096918
2006-12-22,6498370.223311592
2006-12-26,6509015.349303469
2006-12-27,6533249.609303885
2006-12-28,6545718.683677043
2006-12-29,6554891.3830117695
2007-01-02,6558137.320464836
2007-01-03,6567531.395335633
2007-01-04,6571254.776592725
2007-01-05,6579609.412324561
2007-01-08,6582757.767637948
2007-01-09,6575969.3659260515
2007-01-10,6571315.55799408
2007-01-11,6581927.730975694
2007-01-12,6599758.635595503
2007-01-15,6593368.952152672
2007-01-16,6595748.208903809
2007-01-17,6614604.410569097
2007-01-18,6603352.207644348
2007-01-19,6613311.97292265
2007-01-22,6627992.919418831
2007-01-23,6599546.996447222
2007-01-24,6603463.239373766
2007-01-25,6624703.597818037
2007-01-29,6602300.371088981
2007-01-31,6584432.612375334
2007-02-01,6599923.262659341
2007-02-02,6616621.800737156
2007-02-05,6639395.184244256
2007-02-06,6648721.152468101
2007-02-07,6681092.1456814315
2007-02-08,6682989.62264764
2007-02-09,6644279.074327187
2007-02-12,6576418.755060712
2007-02-13,6564740.696774379
2007-02-14,6574257.173612754
2007-02-15,6615775.437782759
2007-02-19,6610460.549516998
2007-02-20,6583114.653341261
2007-02-21,6584555.195751515
2007-02-22,6553886.150105626
2007-02-23,6533762.801718528
2007-02-26,6529504.291073918
2007-02-27,6524930.512827853
2007-02-28,6503730.84769457
2007-03-01,6509309.260924397
2007-03-02,6491571.339306136
2007-03-05,6477526.461253787
2007-03-06,6479384.164938861
2007-03-07,6475279.918853537
2007-03-08,6475279.918853537
2007-03-09,6475279.918853537
2007-03-12,6474029.448909388
2007-03-13,6474489.244312378
2007-03-14,6472083.950400639
2007-03-15,6471539.209274278
2007-03-16,6467714.983127934
2007-03-19,6469611.357554089
2007-03-20,6466312.965196121
2007-03-21,6464865.559669915
2007-03-22,6464113.9883631
2007-03-23,6461910.714557511
2007-03-26,6452600.133032741
2007-03-28,6443766.694632899
2007-03-29,6447142.945588938
2007-03-30,6457751.299099522
2007-04-02,6432064.194097955
2007-04-03,6438117.476645189
2007-04-04,6452013.14792483
2007-04-05,6459994.054173252
2007-04-09,6463296.267769137
2007-04-10,6464681.024247958
2007-04-11,6461165.335915497
2007-04-12,6454663.171450245
2007-04-13,6466417.9069344215
2007-04-16,6489745.3763609575
2007-04-17,6484171.165677615
2007-04-18,6488435.383193693
2007-04-19,6495473.723368512
2007-04-20,6501681.704097909
2007-04-23,6494691.440458416
2007-04-24,6493046.496311949
2007-04-25,6508712.108714242
2007-04-26,6506274.46316637
2007-04-27,6501465.036307654
2007-04-30,6523534.107942305
2007-05-03,6548488.299351308
2007-05-04,6542917.783193267
2007-05-07,6541938.190991831
2007-05-08,6522183.811737379
2007-05-09,6525395.021694532
2007-05-10,6517285.613639219
2007-05-11,6526571.958310574
2007-05-14,6534627.289723686
2007-05-15,6528127.866477745
2007-05-16,6539618.729257453
2007-05-17,6551749.293275663
2007-05-18,6531003.554923359
2007-05-21,6539729.150225612
2007-05-22,6550358.040157241
2007-05-23,6544112.644769376
2007-05-24,6543582.27015116
2007-05-25,6561743.164636269
2007-05-28,6568127.110476321
2007-05-29,6589363.432700321
2007-05-30,6551924.072429989
2007-05-31,6562741.861032252
2007-06-01,6566250.71342162
2007-06-04,6553988.883503798
2007-06-05,6564503.45081514
2007-06-06,6535984.259193791
2007-06-07,6531658.435913835
2007-06-08,6516152.988141289
2007-06-11,6495253.079125286
2007-06-12,6488569.649608809
2007-06-13,6480275.20669947
2007-06-14,6493068.1754545
2007-06-15,6507069.430739927
2007-06-18,6501281.17232524
2007-06-19,6517302.925427089
2007-06-20,6522240.429271075
2007-06-21,6542770.951942343
2007-06-22,6543040.624338968
2007-06-25,6550100.334350539
2007-06-26,6568815.0196962
2007-06-27,6579475.643378162
2007-06-28,7181040.4196867775
2007-06-29,7250881.707860977
2007-07-02,7272999.328699283
2007-07-03,7305864.173755082
2007-07-04,7306026.237630833
2007-07-05,7301427.525853488
2007-07-06,7317056.518494224
2007-07-09,7312031.066272054
2007-07-10,7304978.001198241
2007-07-11,7309762.252877245
2007-07-12,7379027.284151214
2007-07-13,7378114.612881277
2007-07-16,7362883.687308953
2007-07-17,7330918.662240183
2007-07-18,7314008.712133469
2007-07-19,7326832.410626938
2007-07-20,7309738.911706236
2007-07-23,7371100.217237919
2007-07-24,7371929.791403116
2007-07-25,7351649.956546316
2007-07-26,7352101.048604284
2007-07-27,7284113.871596242
2007-07-30,7272114.122258688
2007-07-31,7347588.939131165
2007-08-01,7296758.033309754
2007-08-02,7331460.263744126
2007-08-03,7357252.890327477
2007-08-06,7351732.273117884
2007-08-07,7364331.58963807
2007-08-08,7399074.259641918
2007-08-09,7362241.559346939
2007-08-10,7311230.342062811
2007-08-13,7328101.851550602
2007-08-14,7317734.1253107395
2007-08-16,7233430.453935283
2007-08-17,7205983.236344347
2007-08-20,7211421.6419478785
2007-08-21,7155279.380952752
2007-08-22,7183614.306105419
2007-08-23,7168560.191204098
2007-08-24,7197221.665531479
2007-08-27,7244077.821273403
2007-08-28,7253569.445176744
2007-08-29,7255364.280257783
2007-08-30,7277760.766722571
2007-08-31,7285627.879712233
2007-09-03,7323499.79481227
2007-09-04,7342499.213969874
2007-09-05,7340271.551862573
2007-09-06,7364216.322862719
2007-09-07,7361409.141532464
2007-09-10,7388509.892532444
2007-09-11,7392066.135025113
2007-09-12,7392411.177437191
2007-09-13,7408196.828166887
2007-09-14,7401885.587799723
2007-09-17,7391926.29630709
2007-09-18,7421761.11475322
2007-09-19,7464288.098140548
2007-09-20,7482506.903021623
2007-09-21,7524030.435291188
2007-09-24,7581645.075208679
2007-09-25,7601311.286600986
2007-09-26,7600651.082289315
2007-09-27,7571054.307134222
2007-09-28,7611174.037567998
2007-10-01,7625627.390289207
2007-10-03,7616316.9332799185
2007-10-04,7637725.273372935
2007-10-05,7635936.516160107
2007-10-08,7528520.097054649
2007-10-09,7634406.2849793155
2007-10-10,7652176.205541635
2007-10-11,7711054.724937129
2007-10-12,7643681.947206599
2007-10-15,7744125.109985289
2007-10-16,7741241.465536824
2007-10-17,7698842.473188004
2007-10-18,7662949.143844342
2007-10-19,7541627.146291849
2007-10-22,7529206.221498909
2007-10-23,7668792.965562014
2007-10-24,7666343.485036581
2007-10-25,7670037.107615772
2007-10-26,7704785.226671716
2007-10-29,7775628.9261233555
2007-10-30,7830180.509872503
2007-10-31,7859446.813506409
2007-11-01,7854204.805916931
2007-11-02,7866510.963983952
2007-11-05,7838071.268459436
2007-11-06,7855808.745538263
2007-11-07,7901811.138459936
2007-11-08,7873444.104947912
2007-11-12,7855627.113536773
2007-11-13,7941827.834407896
2007-11-14,7992651.494950266
2007-11-15,7989130.261967734
2007-11-16,8026725.809285818
2007-11-19,8054641.3229294075
2007-11-20,7995364.323577489
2007-11-21,7900359.2899848595
2007-11-22,7887055.756883223
2007-11-23,7921099.955919767
2007-11-26,7943740.996766746
2007-11-27,7944259.45980438
2007-11-28,7930337.004190835
2007-11-29,7914987.980416079
2007-11-30,7923115.646764579
2007-12-03,8004742.988637814
2007-12-04,8013986.071071979
2007-12-05,8035192.013211364
2007-12-06,8008984.2536434205
2007-12-07,8007147.158030404
2007-12-10,8009228.366112759
2007-12-11,8032341.890856314
2007-12-12,8051483.123443328
2007-12-13,8031823.824713213
2007-12-14,8024993.915381218
2007-12-17,7929788.241054796
2007-12-18,7927817.9471397335
2007-12-19,7909414.283456119
2007-12-20,7913877.292491532
2007-12-24,7926117.111878806
2007-12-26,7943170.372794035
2007-12-27,7944147.760640595
2007-12-28,7966360.762234849
2007-12-31,7974229.705332449
2008-01-01,8032485.910714427
2008-01-02,8101966.999484155
2008-01-03,8093683.892995534
2008-01-04,8082097.7088373145
2008-01-07,8094344.78344185
2008-01-08,8064403.159812377
2008-01-09,8035777.648873962
2008-01-10,7993834.089145731
2008-01-11,7998467.888160117
2008-01-14,8039794.1140361875
2008-01-15,8033624.02564091
2008-01-16,8014250.063214572
2008-01-17,8013389.468959877
2008-01-18,7961366.909053408
2008-01-21,7810540.496353504
2008-01-22,7787847.284672512
2008-01-23,7787847.284672512
2008-01-24,7787847.284672512
2008-01-25,7787847.284672512
2008-01-28,7787847.284672512
2008-01-29,7787203.904597007
2008-01-30,7787854.2841459885
2008-01-31,7785374.230475344
2008-02-01,7782046.6429563165
2008-02-04,7786113.998152048
2008-02-05,7784295.428000314
2008-02-06,7778205.945531594
2008-02-07,7774813.904313867
2008-02-08,7773250.042396782
2008-02-11,7768657.6659552455
2008-02-12,7768547.128014229
2008-02-13,7767436.7968377145
2008-02-14,7770250.347100033
2008-02-15,7771935.582738248
2008-02-18,7767336.731692288
2008-02-19,7766684.689568929
2008-02-20,7757998.116027868
2008-02-21,7759557.843421463
2008-02-22,7754279.4252951685
2008-02-25,7752028.953885984
2008-02-26,7751244.8171184305
2008-02-27,7753842.36412757
2008-02-28,7764243.984162905
2008-02-29,7766575.429684235
2008-03-03,7737368.782085955
2008-03-04,7732602.107019812
2008-03-05,7723252.446000453
2008-03-07,7706915.608098514
2008-03-10,7697522.175608525
2008-03-11,7703272.033750563
2008-03-12,7696261.558394942
2008-03-13,7678280.882552015
2008-03-14,7674256.395475415
2008-03-17,7657236.2135845525
2008-03-18,7657101.247706006
2008-03-19,7654792.963908225
2008-03-24,7658173.59472773
2008-03-25,7659933.269071682
2008-03-26,7653091.682586817
2008-03-27,7657507.333530894
2008-03-28,7658795.378239285
2008-03-31,7648382.798297984
2008-04-01,7648802.067695272
2008-04-02,7644727.610401998
2008-04-03,7646763.26187777
2008-04-04,7643783.766851203
2008-04-07,7653686.461270422
2008-04-08,7653380.299491133
2008-04-09,7646445.985417359
2008-04-10,7646356.986082099
2008-04-11,7647197.200210955
2008-04-15,7656675.115308211
2008-04-16,7660903.025007295
2008-04-17,7665985.367718313
2008-04-21,7684896.341786082
2008-04-22,7692281.736279576
2008-04-23,7695390.808821182
2008-04-24,7682140.097738338
2008-04-25,7672271.709527948
2008-04-28,7672935.694286715
2008-04-29,7686772.351709625
2008-04-30,7680648.051286879
2008-05-02,7683173.587624451
2008-05-05,7691952.6427823305
2008-05-06,7693524.646621417
2008-05-07,7692973.457271541
2008-05-08,7690190.191319054
2008-05-09,7685007.175311356
2008-05-12,7687809.524430105
2008-05-13,7685478.391867618
2008-05-14,7677830.751001665
2008-05-15,7671690.134266868
2008-05-16,7687828.403416855
2008-05-20,7695373.159477775
2008-05-21,7697974.508414745
2008-05-22,7683737.533354476
2008-05-23,7673040.132433636
2008-05-26,7663989.835378256
2008-05-27,7663161.284171656
2008-05-28,7682502.340942499
2008-05-29,7688374.730215204
2008-05-30,7679041.92927727
2008-06-02,7663340.950403962
2008-06-03,7640650.958287331
2008-06-04,7615960.069646577
2008-06-05,7619126.005458156
2008-06-06,7617269.845281315
2008-06-09,7614085.316960504
2008-06-10,7608640.284766004
2008-06-11,7610705.735137193
2008-06-12,7609421.62329215
2008-06-13,7610524.7155972
2008-06-16,7616461.453917316
2008-06-17,7614060.774706119
2008-06-18,7604159.8929460235
2008-06-19,7604424.836334862
2008-06-20,7603319.686037749
2008-06-23,7596236.938117813
2008-06-24,7592244.450610619
2008-06-25,7588421.126484132
2008-06-26,7596556.514093658
2008-06-27,7590004.933745209
2008-06-30,7577328.820211245
2008-07-01,7581634.1200214485
2008-07-02,7583404.443669648
2008-07-03,7567914.733743331
2008-07-04,7569549.886640751
2008-07-07,7571177.93092138
2008-07-08,7572603.956737296
2008-07-09,7577235.153347473
2008-07-10,7569223.352285624
2008-07-11,7561334.444159564
2008-07-14,7559901.3800803395
2008-07-15,7551252.720388965
2008-07-16,7550336.529106939
2008-07-17,7555610.745648408
2008-07-18,7557019.537121068
2008-07-21,7560234.596370348
2008-07-22,7565172.131415687
2008-07-23,7577846.384106776
2008-07-24,7570690.38800452
2008-07-25,7567837.2385861175
2008-07-28,7574167.946182972
2008-07-29,7560235.2904988015
2008-07-30,7563048.370141234
2008-07-31,7566586.753657175
2008-08-01,7562287.43946355
2008-08-04,7573654.874703322
2008-08-05,7581782.51382563
2008-08-06,7578592.350269106
2008-08-07,7575876.95065282
2008-08-08,7578111.181693624
2008-08-11,7594298.401697457
2008-08-12,7589385.079992834
2008-08-13,7586304.204039324
2008-08-14,7561497.28732503
2008-08-18,7560831.546997891
2008-08-19,7552368.320624366
2008-08-20,7563688.816523542
2008-08-21,7539120.791613108
2008-08-22,7528242.142407076
2008-08-25,7526501.019467975
2008-08-26,7529438.334055264
2008-08-27,7524406.924377134
2008-08-28,7515380.828764814
2008-08-29,7529719.471155492
2008-09-01,7529795.538897099
2008-09-02,7550883.027833854
2008-09-04,7550437.791174028
2008-09-05,7545555.921534191
2008-09-08,7553633.7996506225
2008-09-09,7543248.760030528
2008-09-10,7540070.4897414325
2008-09-11,7528431.725900493
2008-09-12,7504111.32264719
2008-09-15,7467721.746233054
2008-09-16,7463443.010764396
2008-09-17,7450664.368253974
2008-09-18,7442449.4703835435
2008-09-19,7454260.257714385
2008-09-22,7453501.37824956
2008-09-23,7443332.149050918
2008-09-24,7446725.256361004
2008-09-25,7449278.917865774
2008-09-26,7441613.050067953
2008-09-29,7424240.89758331
2008-09-30,7426109.273097408
2008-10-01,7425309.122023905
2008-10-03,7421829.7409456875
2008-10-06,7410743.844188172
2008-10-07,7409802.641624186
2008-10-08,7398022.023701803
2008-10-10,7382909.62647762
2008-10-13,7383600.043360834
2008-10-14,7384727.369997411
2008-10-15,7382334.690389722
2008-10-16,7380782.23589308
2008-10-17,7378944.654414687
2008-10-20,7379027.695320613
2008-10-21,7379764.597319859
2008-10-22,7377846.770943192
2008-10-23,7374155.545636227
2008-10-24,7373945.824560562
2008-10-27,7373945.824560562
2008-10-29,7377987.520977318
2008-10-31,7371824.345494564
2008-11-03,7376287.203092008
2008-11-04,7357131.053907561
2008-11-05,7360086.271688243
2008-11-06,7356733.309789708
2008-11-07,7355341.25475514
2008-11-10,7363940.320927102
2008-11-11,7349221.840734718
2008-11-12,7345022.673873021
2008-11-14,7342810.144596778
2008-11-17,7340181.834683021
2008-11-18,7338893.675502121
2008-11-19,7336586.971187051
2008-11-20,7334222.784630248
2008-11-21,7334828.037574309
2008-11-24,7336247.5119128255
2008-11-25,7336036.898647993
2008-11-26,7334924.596906995
2008-11-27,7334924.596906995
2008-11-28,7333634.993030671
2008-12-01,7333001.0687571
2008-12-02,7328887.119819151
2008-12-03,7327455.23938454
2008-12-04,7331476.087175566
2008-12-05,7313634.760582404
2008-12-08,7309898.32049724
2008-12-10,7311711.905397433
2008-12-11,7311438.084079836
2008-12-12,7284544.515915211
2008-12-15,7298794.678022338
2008-12-16,7298514.10089465
2008-12-17,7292049.063689398
2008-12-18,7295290.248769688
2008-12-19,7303011.745251306
2008-12-22,7304843.545634894
2008-12-23,7297141.487914683
2008-12-24,7296743.67670358
2008-12-26,7291803.138540198
2008-12-29,7288216.588828159
2008-12-30,7296351.176983822
2008-12-31,7296381.120620121
2009-01-02,7312962.106771291
2009-01-05,7306518.864761175
2009-01-06,7292259.198720811
2009-01-07,7242561.924136485
2009-01-09,7244969.117592022
2009-01-12,7228591.6356126545
2009-01-13,7222451.303781445
2009-01-14,7223966.3956773095
2009-01-15,7218420.959753908
2009-01-16,7217400.318135321
2009-01-19,7211806.231046453
2009-01-20,7210381.1355340695
2009-01-21,7204091.924686006
2009-01-22,7203246.784282018
2009-01-23,7198728.302463352
2009-01-27,7202326.510368971
2009-01-28,7202303.25200703
2009-01-29,7203984.228307071
2009-01-30,7203972.147307733
2009-02-02,7198507.751984421
2009-02-03,7198833.841956121
2009-02-04,7199752.347246599
2009-02-05,7194386.303608458
2009-02-06,7201243.65826043
2009-02-09,7204419.978787512
2009-02-10,7204491.690621014
2009-02-11,7204716.382865882
2009-02-12,7204875.376126533
2009-02-13,7208913.9903908
2009-02-16,7196611.972637725
2009-02-17,7191351.439571435
2009-02-18,7195882.352999256
2009-02-19,7195428.704369625
2009-02-20,7188237.95685575
2009-02-24,7189568.080234089
2009-02-25,7188899.589722624
2009-02-26,7193939.709918066
2009-02-27,7195598.882536046
2009-03-02,7179833.97460383
2009-03-03,7172684.636785622
2009-03-04,7180401.345022402
2009-03-05,7178980.728622084
2009-03-06,7179895.237838939
2009-03-09,7175942.195742214
2009-03-12,7188526.130462235
2009-03-13,7196705.602856839
2009-03-16,7197310.755174923
2009-03-17,7199336.4337443495
2009-03-18,7206646.235360446
2009-03-19,7207111.651706954
2009-03-20,7204621.5975957215
2009-03-23,7222963.267778315
2009-03-24,7221846.754158821
2009-03-25,7223407.2457834175
2009-03-26,7246707.824084075
2009-03-27,7257623.362994186
2009-03-30,7231313.659360569
2009-03-31,7256773.056484037
2009-04-01,7252359.562115135
2009-04-02,7264697.87305697
2009-04-06,7271666.723510384
2009-04-08,7276735.450224657
2009-04-09,7267041.354270584
2009-04-13,7268066.098200262
2009-04-15,7294011.83019814
2009-04-16,7298177.39418558
2009-04-17,7312081.019340045
2009-04-20,7311639.323307029
2009-04-21,7285611.012882068
2009-04-22,7276062.413214767
2009-04-23,7313764.4113797685
2009-04-24,7321840.110962066
2009-04-27,7306128.895256035
2009-04-28,7290283.029749581
2009-04-29,7314405.300690676
2009-04-30,7317442.299037357
2009-05-04,7358843.132359583
2009-05-05,7371965.26616377
2009-05-06,7353906.06730605
2009-05-07,7382389.160109695
2009-05-08,7371001.765865828
2009-05-11,7358776.396289409
2009-05-12,7370860.776648267
2009-05-13,7380427.379962769
2009-05-14,7384541.81443765
2009-05-15,7404189.740467154
2009-05-18,7558404.578668247
2009-05-19,7527335.500135482
2009-05-20,7538807.82822884
2009-05-21,7539991.328323559
2009-05-22,7546714.7286242135
2009-05-25,7563705.8043494
2009-05-26,7546303.499899674
2009-05-27,7586796.365921455
2009-05-28,7595247.092666984
2009-05-29,7621235.891284186
2009-06-01,7659929.748752299
2009-06-02,7678252.034550073
2009-06-03,7702721.718981853
2009-06-04,7709665.682133923
2009-06-05,7724558.675868058
2009-06-08,7668245.5729166
2009-06-09,7695296.057342096
2009-06-10,7721763.154473746
2009-06-11,7699388.098875011
2009-06-12,7702387.207117637
2009-06-15,7671071.583415272
2009-06-16,7669908.095828545
2009-06-17,7641136.422231174
2009-06-18,7608115.470184238
2009-06-19,7642285.345453381
2009-06-22,7621294.5569403
2009-06-23,7612612.145452008
2009-06-24,7647821.3937441185
2009-06-25,7637552.05651763
2009-06-26,7668423.027944157
2009-06-29,7658473.120419115
2009-06-30,7640854.569911249
2009-07-01,7629929.912163933
2009-07-02,7633190.213796177
2009-07-03,7633625.291422495
2009-07-06,7591209.994696669
2009-07-07,7642212.595762004
2009-07-08,7655008.507329176
2009-07-09,7667317.139440008
2009-07-10,7664325.2834975505
2009-07-13,7647304.006745532
2009-07-14,7676718.039677901
2009-07-15,7706735.331473429
2009-07-16,7732080.903466862
2009-07-17,7777995.9495809665
2009-07-20,7819577.5054898225
2009-07-21,7834289.112507165
2009-07-22,7805866.111694854
2009-07-23,7836356.15827899
2009-07-24,7883797.787442591
2009-07-27,7884324.3204860175
2009-07-28,7894519.217405861
2009-07-29,7871138.609443269
2009-07-30,7894039.09488094
2009-07-31,7896483.552405018
2009-08-03,7957402.734523179
2009-08-04,7958053.428759911
2009-08-05,7940228.864464344
2009-08-06,7888595.359604105
2009-08-07,7859987.627286316
2009-08-10,7818753.237129716
2009-08-11,7828717.695845476
2009-08-12,7825819.655566603
2009-08-13,7864648.776298208
2009-08-14,7871821.872210838
2009-08-17,7828107.819308456
2009-08-18,7865787.874797955
2009-08-19,7852028.27505152
2009-08-20,7858498.869758462
2009-08-21,7875944.192285928
2009-08-24,7930662.86657984
2009-08-25,7956747.180089313
2009-08-26,7958831.48709582
2009-08-27,7973431.1614019275
2009-08-28,7996086.364294912
2009-08-31,7989390.110664461
2009-09-01,8001095.120905972
2009-09-02,7984479.382599152
2009-09-03,7994441.700414628
2009-09-04,8040579.585166803
2009-09-07,8069201.415184467
2009-09-08,8049491.905736748
2009-09-09,8028465.161205593
2009-09-10,8008916.965267547
2009-09-11,8012217.902091115
2009-09-14,8026040.78728947
2009-09-15,8078508.398826629
2009-09-16,8101432.070352866
2009-09-17,8114498.577457607
2009-09-18,8150935.553934491
2009-09-22,8190278.809892575
2009-09-23,8159607.590257863
2009-09-24,8158651.713844076
2009-09-25,8154267.406761993
2009-09-29,8180002.970128895
2009-09-30,8221204.476707905
2009-10-01,8206629.085419944
2009-10-05,8166440.062751018
2009-10-06,8167677.472644759
2009-10-07,8150338.275018404
2009-10-08,8124518.436980623
2009-10-09,8126898.271006267
2009-10-12,8169756.266720386
2009-10-13,8170459.928533302
2009-10-14,8168018.315771145
2009-10-15,8175679.007094512
2009-10-16,8164887.217418647
2009-10-20,8229961.804248386
2009-10-21,8249408.789939607
2009-10-22,8202525.65599177
2009-10-23,8235983.864932582
2009-10-26,8246559.113807494
2009-10-27,8192232.372923735
2009-10-28,8184821.471561925
2009-10-29,8138963.227546001
2009-10-30,8133086.25634197
2009-11-03,8080747.010205712
2009-11-04,8095674.526129624
2009-11-05,8117236.004413545
2009-11-06,8162482.251262326
2009-11-09,8224399.206918433
2009-11-10,8208134.039586259
2009-11-11,8246842.308668955
2009-11-12,8231867.608775857
2009-11-13,8239257.95431863
2009-11-16,8264153.0824201545
2009-11-17,8280963.864798019
2009-11-18,8254594.721651135
2009-11-19,8226509.252365139
2009-11-20,8222337.098751838
2009-11-23,8210647.24047021
2009-11-24,8209869.171336899
2009-11-25,8216091.362839736
2009-11-26,8214316.7730452
2009-11-27,8217605.194028295
2009-11-30,8228281.957707577
2009-12-01,8265745.850999861
2009-12-02,8284906.2461716505
2009-12-03,8285497.757009221
2009-12-04,8277537.215020745
2009-12-07,8277019.281031311
2009-12-08,8289569.5692611765
2009-12-09,8330527.790889655
2009-12-10,8319614.768197003
2009-12-11,8320131.296445125
2009-12-14,8336053.425096176
2009-12-15,8302732.553638996
2009-12-16,8311433.439833564
2009-12-17,8330596.961666269
2009-12-18,8319273.455628515
2009-12-21,8310923.183457978
2009-12-22,8324205.497155129
2009-12-23,8333398.274552626
2009-12-24,8331754.203963852
2009-12-29,8328288.746784449
2009-12-30,8348662.953836102
2009-12-31,8364848.953556911
2010-01-04,8379540.140088502
2010-01-05,8387456.378332244
2010-01-06,8395814.983716253
2010-01-07,8401273.800950652
2010-01-08,8430350.398249371
2010-01-11,8451336.110385248
2010-01-12,8419473.540631069
2010-01-13,8440509.822782006
2010-01-14,8472747.799263002
2010-01-15,8494766.102357956
2010-01-18,8499322.538253944
2010-01-19,8469624.963366933
2010-01-20,8475784.47863629
2010-01-21,8406888.597302128
2010-01-22,8375434.264889298
2010-01-25,8339669.468499394
2010-01-27,8263299.642223457
2010-01-28,8270322.140678738
2010-01-29,8286834.609916899
2010-02-01,8293008.337048031
2010-02-02,8282719.259409452
2010-02-03,8304674.028912769
2010-02-04,8296542.7214123765
2010-02-05,8287327.6193692265
2010-02-06,6973582.154315745
2010-02-08,8293442.234802097
2010-02-09,8301422.102358258
2010-02-10,8309259.073488769
2010-02-11,8313850.417826913
2010-02-15,8308789.948156779
2010-02-16,8316179.388056621
2010-02-17,8337278.359271539
2010-02-18,8336241.055042062
2010-02-19,8325124.47343
2010-02-22,8319775.95923358
2010-02-23,8303217.723938515
2010-02-24,8302371.864846347
2010-02-25,8286773.902503286
2010-02-26,8317808.517861007
2010-03-02,8330336.377380327
2010-03-03,8350837.147308796
2010-03-04,8365648.014990669
2010-03-05,8367556.474632543
2010-03-08,8385869.46663304
2010-03-09,8386670.165215515
2010-03-10,8372523.1220065355
2010-03-11,8371441.227607478
2010-03-12,8384428.260131493
2010-03-15,8386144.44902513
2010-03-16,8401897.389890118
2010-03-17,8401236.882677788
2010-03-18,8397009.784146706
2010-03-19,8413418.138266873
2010-03-22,8407736.405597873
2010-03-23,8413022.050419448
2010-03-25,8423004.307768488
2010-03-26,8456164.350150079
2010-03-29,8452114.826807177
2010-03-30,8449269.188936722
2010-03-31,8455826.52394899
2010-04-01,8468283.775493614
2010-04-05,8502585.212626215
2010-04-06,8479328.468999797
2010-04-07,8483764.936861994
2010-04-08,8491505.287065357
2010-04-09,8492463.315374829
2010-04-12,8483128.878410064
2010-04-13,8480714.827681594
2010-04-15,8475910.540077
2010-04-16,8467060.15397461
2010-04-19,8445416.234511875
2010-04-20,8474127.321943013
2010-04-21,8490297.5583867
2010-04-22,8490938.948829124
2010-04-23,8493768.376809977
2010-04-26,8489992.3873386
2010-04-27,8483844.22610414
2010-04-28,8480442.53814196
2010-04-29,8507437.492348427
2010-04-30,8508921.559174044
2010-05-03,8513347.765630834
2010-05-04,8501036.153556796
2010-05-05,8497587.942513559
2010-05-06,8497138.071979068
2010-05-07,8474608.92325204
2010-05-10,8502783.19271941
2010-05-11,8487933.09410072
2010-05-12,8496207.846888503
2010-05-13,8532095.334391808
2010-05-14,8522276.67881504
2010-05-17,8551909.58549105
2010-05-18,8594923.518937452
2010-05-19,8547479.335798675
2010-05-20,8562462.069039984
2010-05-21,8552548.46263068
2010-05-24,8529810.89386076
2010-05-25,8493058.595293118
2010-05-26,8507932.777454183
2010-05-27,8502307.12682197
2010-05-28,8506372.480564773
2010-05-31,8503329.041586362
2010-06-01,8507223.523610875
2010-06-02,8507751.191063603
2010-06-03,8514795.214585233
2010-06-04,8516358.9992346
2010-06-07,8501682.895757552
2010-06-08,8504868.467996068
2010-06-09,8521481.596880013
2010-06-10,8527547.557109445
2010-06-11,8528738.859228414
2010-06-14,8527358.224955095
2010-06-15,8527804.105420195
2010-06-16,8537011.72854038
2010-06-17,8541112.23855548
2010-06-18,8527288.344828818
2010-06-21,8534192.862862648
2010-06-22,8539807.780755019
2010-06-23,8546809.548829034
2010-06-24,8540794.706495441
2010-06-25,8539143.607222408
2010-06-28,8551730.902191266
2010-06-29,8573757.442639237
2010-06-30,8571437.44461362
2010-07-01,8570477.618121227
2010-07-02,8570321.417929547
2010-07-05,8575212.60020886
2010-07-06,8591674.330378607
2010-07-07,8591512.479335023
2010-07-08,8607979.160755474
2010-07-09,8601068.038019907
2010-07-12,8597809.460769275
2010-07-13,8610357.172685234
2010-07-14,8605632.116548678
2010-07-15,8595942.554486794
2010-07-16,8591795.480371263
2010-07-19,8586173.627580572
2010-07-20,8577628.228776801
2010-07-21,8577620.495521938
2010-07-22,8587161.228609404
2010-07-23,8588413.498911988
2010-07-26,8574454.78794792
2010-07-27,8579812.670355659
2010-07-28,8587771.844094276
2010-07-29,8577446.994344205
2010-07-30,8584548.682106644
2010-08-02,8580801.969248844
2010-08-03,8586036.504816929
2010-08-04,8597628.47135542
2010-08-05,8596125.8985561
2010-08-06,8597432.064581016
2010-08-09,8612318.654439554
2010-08-10,8590017.017892316
2010-08-11,8600229.036007304
2010-08-12,8631696.891044265
2010-08-13,8605952.633756163
2010-08-16,8608479.728093121
2010-08-17,8632689.669302076
2010-08-18,8650375.709088508
2010-08-19,8661089.152060434
2010-08-20,8655665.207144713
2010-08-23,8656148.984495725
2010-08-24,8639452.784310326
2010-08-25,8607137.418488313
2010-08-26,8615721.53256056
2010-08-27,8612855.8350543
2010-08-30,8605632.96706795
2010-08-31,8592846.419976834
2010-09-01,8626874.017685058
2010-09-02,8640555.889161129
2010-09-03,8646979.358512633
2010-09-06,8671956.524934245
2010-09-07,8660878.415006932
2010-09-08,8670269.403426444
2010-09-09,8702329.632269757
2010-09-13,8714972.621160567
2010-09-14,8715836.672864305
2010-09-15,8712244.3772831
2010-09-16,8687804.707531475
2010-09-17,8706605.049012326
2010-09-20,8717296.572287567
2010-09-21,8674725.353660826
2010-09-22,8663195.09798677
2010-09-23,8657792.544184392
2010-09-24,8672550.1324235
2010-09-27,8696050.611702355
2010-09-28,8704986.839698646
2010-09-29,8690613.759856343
2010-09-30,8690931.858392831
2010-10-01,8742505.07366716
2010-10-04,8786534.39563774
2010-10-05,8802274.4556947
2010-10-06,8830066.388692385
2010-10-07,8810357.16630343
2010-10-08,8801894.293946048
2010-10-11,8822206.067924226
2010-10-12,8783874.464536987
2010-10-13,8821433.236916788
2010-10-14,8796234.443484914
2010-10-15,8761079.159745235
2010-10-18,8758829.653847834
2010-10-19,8764049.884875359
2010-10-20,8752630.103272516
2010-10-21,8824053.644692458
2010-10-22,8850119.798979407
2010-10-25,8874555.964980211
2010-10-26,8898805.198040722
2010-10-27,8902259.000030413
2010-10-28,8865897.176832218
2010-10-29,8870531.28346528
2010-11-01,8924956.73415735
2010-11-02,8928782.208721774
2010-11-03,8955783.047129052
2010-11-04,8974370.966162534
2010-11-08,8994114.493005356
2010-11-09,8987990.17038781
2010-11-10,8984485.368337633
2010-11-11,8952622.61507119
2010-11-12,8878058.500221837
2010-11-15,8886056.00943961
2010-11-16,8837255.267149301
2010-11-18,8845337.23659255
2010-11-19,8811155.270744845
2010-11-22,8847581.276452634
2010-11-23,8830887.691455495
2010-11-24,8786717.47918746
2010-11-25,8758496.855119191
2010-11-26,8750046.49321884
2010-11-29,8759907.19649753
2010-11-30,8773569.078812314
2010-12-01,8784320.439805161
2010-12-02,8784659.546218483
2010-12-03,8771240.443316845
2010-12-06,8761277.56093499
2010-12-07,8751075.056730673
2010-12-08,8737266.762628606
2010-12-09,8705670.698723515
2010-12-10,8705356.732807783
2010-12-13,8704205.263684541
2010-12-14,8704791.143002873
2010-12-15,8701402.485692624
2010-12-16,8701913.355659286
2010-12-20,8701784.825285926
2010-12-21,8702446.695770163
2010-12-22,8698859.647838913
2010-12-23,8699097.85870888
2010-12-24,8701641.028324965
2010-12-27,8700883.462335434
2010-12-28,8701294.961533882
2010-12-29,8702749.369451107
2010-12-30,8707677.043535111
2010-12-31,8712047.389375908
2011-01-03,8714263.124944372
2011-01-04,8713789.19547284
2011-01-05,8710859.498175543
2011-01-06,8706405.210404294
2011-01-07,8675778.030888861
2011-01-10,8656524.150720889
2011-01-11,8662946.198088802
2011-01-12,8666978.97059374
2011-01-13,8653009.97736198
2011-01-14,8652710.399509067
2011-01-17,8656246.547609244
2011-01-18,8657756.926518738
2011-01-19,8662263.461262858
2011-01-20,8661965.592620663
2011-01-21,8649933.427829226
2011-01-24,8654370.47584985
2011-01-25,8651987.12644947
2011-01-27,8647509.005184412
2011-01-28,8634653.18528901
2011-01-31,8634508.173206495
2011-02-01,8629158.542851912
2011-02-02,8633078.107909635
2011-02-03,8634289.676672276
2011-02-04,8627200.088472845
2011-02-07,8624699.331241028
2011-02-08,8615675.87753958
2011-02-09,8610715.55623425
2011-02-10,8609209.960863385
2011-02-11,8609101.746049274
2011-02-14,8607688.501840845
2011-02-15,8605705.148934579
2011-02-16,8607492.690127559
2011-02-17,8608362.258012589
2011-02-18,8599932.529936839
2011-02-21,8601201.151948627
2011-02-22,8597140.30936266
2011-02-23,8595606.2732664
2011-02-24,8583142.91852758
2011-02-25,8584696.57220705
2011-02-28,8583111.099131871
2011-03-01,8586888.527244264
2011-03-03,8585652.557943903
2011-03-04,8584048.652252674
2011-03-07,8578310.39627612
2011-03-08,8579945.583184572
2011-03-09,8583832.465404639
2011-03-10,8581569.838033205
2011-03-11,8575416.522723392
2011-03-14,8579655.727285335
2011-03-15,8565601.963517325
2011-03-16,8577292.00399855
2011-03-17,8570708.259928755
2011-03-18,8571168.869680628
2011-03-21,8570319.911230154
2011-03-22,8579611.116504436
2011-03-23,8575570.539829606
2011-03-24,8583916.001942936
2011-03-25,8584314.373946877
2011-03-28,8589576.339734996
2011-03-29,8584813.061027698
2011-03-30,8592350.69900364
2011-03-31,8607341.584259093
2011-04-01,8609249.320697272
2011-04-04,8633413.101306567
2011-04-05,8650395.44153052
2011-04-06,8639955.460526563
2011-04-07,8660284.584336905
2011-04-08,8632760.335865699
2011-04-11,8606787.046693318
2011-04-13,8641675.367762232
2011-04-15,8623956.64795783
2011-04-18,8588891.133795315
2011-04-19,8590610.802654821
2011-04-20,8612571.316982044
2011-04-21,8614749.622369856
2011-04-25,8599116.734562973
2011-04-26,8598849.907288477
2011-04-27,8606934.31830117
2011-04-28,8605186.652460603
2011-04-29,8578905.254744492
2011-05-02,8569877.565655462
2011-05-03,8526837.94843329
2011-05-04,8523943.72637508
2011-05-05,8509337.58579438
2011-05-06,8511387.054108031
2011-05-09,8527027.262973394
2011-05-10,8528621.742314255
2011-05-11,8532445.311910804
2011-05-12,8523155.726241564
2011-05-13,8531251.750363259
2011-05-16,8529119.604500407
2011-05-17,8526251.267272975
2011-05-18,8513423.940450266
2011-05-19,8513597.544649485
2011-05-20,8510385.760273997
2011-05-23,8488866.936002687
2011-05-24,8488813.627986055
2011-05-25,8496216.110296097
2011-05-26,8499107.305075599
2011-05-27,8495623.482182695
2011-05-30,8506151.638641305
2011-05-31,8515253.966687901
2011-06-01,8531874.697966656
2011-06-02,8512170.809810288
2011-06-03,8505106.029062938
2011-06-06,8513644.552655272
2011-06-07,8511989.72844068
2011-06-08,8522645.369298875
2011-06-09,8521173.864167115
2011-06-10,8517143.882698512
2011-06-13,8515205.055385921
2011-06-14,8527012.653312858
2011-06-15,8516642.436339838
2011-06-16,8513458.233726993
2011-06-17,8502279.102322223
2011-06-20,8468925.965382766
2011-06-21,8463578.720422383
2011-06-22,8449858.706254823
2011-06-23,8452070.424367715
2011-06-24,8466089.42899293
2011-06-27,8470330.84827355
2011-06-28,8475960.32063899
2011-06-29,8498214.729044499
2011-06-30,8511044.381809274
2011-07-01,8513991.087811155
2011-07-04,8513918.848594533
2011-07-05,8504772.263209432
2011-07-06,8513800.83874789
2011-07-07,8536841.09026943
2011-07-08,8529356.086099904
2011-07-11,8527239.008799696
2011-07-12,8525319.319474852
2011-07-13,8538108.935680853
2011-07-14,8538598.741820179
2011-07-15,8538415.233574528
2011-07-18,8541309.91464104
2011-07-19,8542451.604892839
2011-07-20,8540777.219478188
2011-07-21,8522992.879272344
2011-07-22,8552700.080567861
2011-07-25,8573787.964409878
2011-07-26,8553571.259181544
2011-07-27,8565699.07666433
2011-07-28,8567788.995505827
2011-07-29,8576413.152464902
2011-08-01,8597010.889487926
2011-08-02,8575933.358318042
2011-08-03,8573817.101115402
2011-08-04,8568064.497888336
2011-08-05,8541548.261124218
2011-08-08,8508474.121729368
2011-08-09,8500950.197105533
2011-08-10,8510780.377179373
2011-08-11,8509045.667162279
2011-08-12,8504838.205124399
2011-08-16,8503901.277112829
2011-08-17,8503813.49051416
2011-08-18,8494513.108811682
2011-08-19,8495768.739966515
2011-08-22,8495772.627102263
2011-08-23,8527963.667812942
2011-08-24,8526079.102832174
2011-08-25,8532407.240284475
2011-08-26,8509739.705174033
2011-08-29,8516412.50131602
2011-08-30,8526123.768317224
2011-09-02,8538955.597821698
2011-09-05,8547470.31016461
2011-09-06,8543256.51170509
2011-09-07,8539975.732696421
2011-09-08,8536482.869599544
2011-09-09,8524846.092000723
2011-09-12,8517112.420027152
2011-09-13,8512530.356882868
2011-09-14,8509741.619922455
2011-09-15,8507067.199530318
2011-09-16,8496119.367531592
2011-09-19,8507443.793389399
2011-09-20,8522563.130708985
2011-09-21,8530944.931963585
2011-09-22,8502789.436834324
2011-09-23,8491489.4107019
2011-09-26,8478067.215679785
2011-09-27,8487843.39506407
2011-09-28,8486284.543151427
2011-09-29,8487905.228424214
2011-09-30,8469806.463712212
2011-10-03,8461372.235684805
2011-10-04,8456072.698781982
2011-10-05,8449351.379868215
2011-10-07,8439413.51562527
2011-10-10,8438502.574662331
2011-10-11,8435307.436541552
2011-10-12,8442300.225737963
2011-10-13,8439262.980175072
2011-10-14,8439525.33675194
2011-10-17,8440091.535842424
2011-10-18,8425868.022307765
2011-10-19,8442490.041416897
2011-10-20,8437212.547013285
2011-10-21,8438054.87467578
2011-10-24,8435744.261310924
2011-10-25,8435104.287766367
2011-10-28,8449039.389208341
2011-10-31,8446281.512636049
2011-11-01,8438221.136354705
2011-11-02,8448741.544274328
2011-11-03,8463508.314541737
2011-11-04,8472238.272944931
2011-11-08,8470355.770025386
2011-11-09,8454589.394328395
2011-11-11,8444062.976641435
2011-11-14,8420283.549551878
2011-11-15,8397306.351994168
2011-11-16,8380576.162041613
2011-11-17,8350885.718614103
2011-11-18,8341275.678480231
2011-11-21,8324746.164914692
2011-11-22,8326474.986192816
2011-11-23,8320602.92468289
2011-11-24,8320002.880968781
2011-11-25,8315600.045795004
2011-11-28,8314444.295669053
2011-11-29,8319002.323664008
2011-11-30,8325138.85696813
2011-12-01,8322244.934700479
2011-12-02,8326859.46203582
2011-12-05,8324057.714472493
2011-12-07,8320259.228567911
2011-12-08,8314813.737786709
2011-12-09,8307066.9730311725
2011-12-12,8296958.5186118595
2011-12-13,8293974.182719189
2011-12-14,8293873.00566726
2011-12-15,8294666.203328129
2011-12-16,8281770.273521157
2011-12-19,8282896.341723124
2011-12-20,8277613.494557352
2011-12-21,8285704.236706063
2011-12-22,8287697.432911249
2011-12-23,8288987.182055919
2011-12-26,8290508.351157199
2011-12-27,8289675.005185788
2011-12-28,8282738.849082985
2011-12-29,8283035.073022061
2011-12-30,8279441.529986016
2012-01-02,8275067.084308969
2012-01-03,8282663.230266683
2012-01-04,8273785.627491511
2012-01-05,8275263.2096346505
2012-01-06,8272230.607728823
2012-01-07,7365108.21907532
2012-01-09,8298780.313687007
2012-01-10,8307471.233763822
2012-01-11,8296342.945124425
2012-01-12,8303572.790294841
2012-01-13,8312269.08360658
2012-01-16,8292293.516584398
2012-01-17,8285527.4723162
2012-01-18,8261417.941536052
2012-01-19,8269800.523604395
2012-01-20,8263079.414845957
2012-01-23,8263859.494846704
2012-01-24,8272189.038758317
2012-01-25,8284767.02733086
2012-01-27,8283470.801820216
2012-01-30,8277346.379407941
2012-01-31,8304862.713443389
2012-02-01,8320628.098476652
2012-02-02,8328311.755561663
2012-02-03,8316901.415701863
2012-02-06,8324694.062004158
2012-02-07,8329082.67824992
2012-02-08,8338532.769413415
2012-02-09,8334075.325158518
2012-02-10,8321029.475141488
2012-02-13,8318172.788824737
2012-02-14,8326040.598925253
2012-02-15,8337122.31070638
2012-02-16,8332040.765924796
2012-02-17,8324533.448767888
2012-02-21,8333730.665847336
2012-02-22,8296921.638732052
2012-02-23,8275521.505392967
2012-02-24,8253471.660684781
2012-02-27,8214542.794991864
2012-02-28,8244103.810592312
2012-02-29,8254010.0577131715
2012-03-01,8258402.558281998
2012-03-02,8246266.354214441
2012-03-03,7181637.333680254
2012-03-05,8244721.604259051
2012-03-06,8233598.637524793
2012-03-07,8235184.932447523
2012-03-09,8243298.929517154
2012-03-12,8250992.444805493
2012-03-13,8262979.180860699
2012-03-14,8248052.166119504
2012-03-15,8228001.505041191
2012-03-16,8222119.4932442475
2012-03-19,8215504.961938655
2012-03-20,8216352.87205272
2012-03-21,8227721.149670263
2012-03-22,8215985.748273254
2012-03-23,8206369.899343449
2012-03-26,8200433.354356539
2012-03-27,8194089.438662783
2012-03-28,8193982.932844463
2012-03-29,8196182.129369905
2012-03-30,8200485.740831509
2012-04-02,8209535.42149832
2012-04-03,8218057.201134539
2012-04-04,8211899.470161219
2012-04-09,8208491.644221083
2012-04-10,8212466.565011532
2012-04-11,8208007.771435071
2012-04-12,8216554.793345056
2012-04-13,8213626.419048512
2012-04-16,8222062.687389247
2012-04-17,8217708.219997385
2012-04-18,8221216.87237847
2012-04-19,8224351.1783419065
2012-04-20,8215474.584518789
2012-04-23,8193962.647866457
2012-04-24,8189172.856935803
2012-04-25,8190442.96344745
2012-04-26,8181114.129094129
2012-04-27,8176025.955764648
2012-04-30,8181645.711908181
2012-05-02,8191473.794148475
2012-05-03,8187804.425960398
2012-05-04,8183001.5965883
2012-05-07,8195607.9314292325
2012-05-08,8182104.798876856
2012-05-09,8182827.608128043
2012-05-10,8184920.86447347
2012-05-11,8183326.4885039
2012-05-14,8184572.4861154035
2012-05-15,8196867.128270341
2012-05-16,8183779.95097684
2012-05-17,8185995.136076757
2012-05-18,8181371.037014903
2012-05-21,8179835.101626473
2012-05-22,8180437.523726182
2012-05-23,8174135.151228309
2012-05-24,8180926.188785644
2012-05-25,8187021.8750159135
2012-05-28,8195744.446272787
2012-05-29,8192136.219584877
2012-05-30,8190222.541381798
2012-05-31,8179886.674345559
2012-06-01,8168503.702229905
2012-06-04,8159969.290168613
2012-06-05,8165142.783001914
2012-06-06,8172012.45644908
2012-06-07,8172273.847120002
2012-06-08,8178772.440533305
2012-06-11,8174298.779808709
2012-06-12,8176541.4322998645
2012-06-13,8175564.032778251
2012-06-14,8168920.740412082
2012-06-15,8166171.691044501
2012-06-18,8157866.838317273
2012-06-19,8169459.09841767
2012-06-20,8180214.768267987
2012-06-21,8181682.23536667
2012-06-22,8178791.301816094
2012-06-25,8175596.19194682
2012-06-26,8173818.785264524
2012-06-27,8177639.303103047
2012-06-28,8172084.574226606
2012-06-29,8179569.984901314
2012-07-02,8186847.590417917
2012-07-03,8198757.723273495
2012-07-04,8195093.326272597
2012-07-05,8200790.641110821
2012-07-06,8197229.331814305
2012-07-09,8179073.144531537
2012-07-10,8184211.552141955
2012-07-11,8186597.643577594
2012-07-12,8188935.356343546
2012-07-13,8186864.507265983
2012-07-16,8184876.801762867
2012-07-17,8173700.628424007
2012-07-18,8175310.380641688
2012-07-19,8180895.5369167
2012-07-20,8178782.692246011
2012-07-23,8157007.2957791155
2012-07-24,8166158.704725149
2012-07-25,8169259.226706684
2012-07-26,8161672.004431361
2012-07-27,8155227.357806631
2012-07-30,8161046.6178221265
2012-07-31,8173150.642844334
2012-08-01,8179498.972370942
2012-08-02,8186425.061541769
2012-08-03,8171467.078815126
2012-08-06,8162695.040697048
2012-08-07,8170519.812312649
2012-08-08,8163421.573157035
2012-08-09,8172839.591169414
2012-08-10,8175036.430273982
2012-08-13,8181250.100135848
2012-08-14,8171747.923565038
2012-08-16,8177129.198867432
2012-08-17,8180141.812360171
2012-08-21,8198686.326730562
2012-08-22,8187875.581316779
2012-08-23,8198270.963450787
2012-08-24,8191014.936415736
2012-08-27,8175416.6526415115
2012-08-28,8152859.528650547
2012-08-29,8127540.266217105
2012-08-30,8141251.3836586205
2012-08-31,8140904.873818749
2012-09-03,8143645.054372765
2012-09-04,8150857.419352389
2012-09-05,8154130.261815951
2012-09-06,8160469.823424241
2012-09-07,8170500.806105811
2012-09-08,6877106.222074445
2012-09-10,8193969.117408979
2012-09-11,8188965.7535987375
2012-09-12,8196269.189238799
2012-09-13,8197821.047340312
2012-09-14,8193999.707376881
2012-09-17,8172463.207755354
2012-09-18,8175794.80437788
2012-09-20,8165480.837134816
2012-09-21,8182589.738020132
2012-09-24,8164630.22347933
2012-09-25,8173178.037013013
2012-09-26,8171076.453200467
2012-09-27,8182270.585321706
2012-09-28,8211450.079989883
2012-10-01,8238426.1833005985
2012-10-03,8251320.676375785
2012-10-04,8250527.374743253
2012-10-05,8214963.228258732
2012-10-08,8214994.7813902
2012-10-09,8224186.01818404
2012-10-10,8216106.037801308
2012-10-11,8231321.894431358
2012-10-12,8248222.160146077
2012-10-15,8252598.929985167
2012-10-16,8249231.114758114
2012-10-17,8252402.556005101
2012-10-18,8269154.843484506
2012-10-19,8269972.345587793
2012-10-22,8288652.566629958
2012-10-23,8281746.333856754
2012-10-25,8265151.464358209
2012-10-29,8222991.498667556
2012-10-30,8213069.478789046
2012-10-31,8221650.9240840385
2012-11-01,8234412.995785475
2012-11-02,8251538.821392301
2012-11-05,8255143.840846248
2012-11-06,8254766.954366127
2012-11-07,8275938.762001806
2012-11-08,8286143.8891703
2012-11-09,8277193.050825723
2012-11-12,8300992.628827644
2012-11-15,8346230.785988141
2012-11-16,8318266.3632766865
2012-11-19,8280184.351807504
2012-11-20,8263410.6688092565
2012-11-21,8270870.215653699
2012-11-22,8281813.989286101
2012-11-23,8278889.094837415
2012-11-26,8296153.672968714
2012-11-27,8300810.058774204
2012-11-29,8299150.5966029605
2012-11-30,8307995.435950402
2012-12-03,8316782.397031691
2012-12-04,8330096.309604233
2012-12-05,8335459.076277827
2012-12-06,8353844.690587504
2012-12-07,8361887.0183949405
2012-12-10,8371306.821305968
2012-12-11,8352967.514256993
2012-12-12,8355897.333159434
2012-12-13,8334237.495321448
2012-12-14,8338619.871743324
2012-12-17,8332577.929188614
2012-12-18,8347034.196289832
2012-12-19,8352886.248996744
2012-12-20,8333716.7575627
2012-12-21,8302974.143027542
2012-12-24,8303158.119454818
2012-12-26,8301072.736631329
2012-12-27,8292558.745525484
2012-12-28,8294768.903501754
2012-12-31,8294872.63433017
2013-01-01,8309511.744881161
2013-01-02,8317989.516802572
2013-01-03,8314229.4980890835
2013-01-04,8327303.17128268
2013-01-07,8329812.433965524
2013-01-08,8339682.280969786
2013-01-09,8341765.445158116
2013-01-10,8341013.325159501
2013-01-11,8325446.906063754
2013-01-14,8358529.706300047
2013-01-15,8373007.922435168
2013-01-16,8365714.02146935
2013-01-17,8386280.612012555
2013-01-18,8396091.416762166
2013-01-21,8415220.29760282
2013-01-22,8392718.406901538
2013-01-23,8386846.899071201
2013-01-24,8365227.616160025
2013-01-25,8371913.753190398
2013-01-28,8372895.836082243
2013-01-29,8370062.016296968
2013-01-30,8362380.752554966
2013-01-31,8362141.210844871
2013-02-01,8346763.997162408
2013-02-04,8349780.411581172
2013-02-05,8347660.004906202
2013-02-06,8352914.581709041
2013-02-07,8344227.072522835
2013-02-08,8332861.750269966
2013-02-11,8342376.8509744285
2013-02-12,8359942.907435798
2013-02-13,8364235.042508134
2013-02-14,8367671.128753265
2013-02-15,8366467.356414797
2013-02-18,8365859.207445979
2013-02-19,8373979.182160484
2013-02-20,8379118.658960566
2013-02-21,8365711.62520696
2013-02-22,8371808.682299146
2013-02-25,8370819.735149624
2013-02-26,8368132.434126924
2013-02-27,8365916.209743057
2013-02-28,8356872.625123622
2013-03-01,8333727.420444087
2013-03-04,8317284.618153697
2013-03-05,8328048.780732285
2013-03-06,8332962.571015597
2013-03-07,8340654.918860616
2013-03-08,8347753.441798389
2013-03-11,8354295.657157846
2013-03-12,8349718.058859924
2013-03-13,8345464.02852578
2013-03-14,8344323.40921984
2013-03-15,8346192.145031393
2013-03-18,8349300.122300882
2013-03-19,8337008.494708416
2013-03-20,8329599.75930725
2013-03-21,8328703.557318117
2013-03-22,8321517.539501694
2013-03-25,8312372.098776577
2013-03-26,8315087.416328222
2013-03-28,8320397.27842641
2013-04-01,8325437.048034185
2013-04-02,8338271.175651095
2013-04-03,8334705.706529569
2013-04-04,8313583.164987484
2013-04-05,8306525.419231452
2013-04-08,8300478.623144665
2013-04-09,8295346.401435382
2013-04-10,8298179.990474506
2013-04-11,8304694.208169341
2013-04-12,8300391.013839058
2013-04-15,8296301.45317171
2013-04-16,8298798.560951311
2013-04-17,8298282.889505813
2013-04-18,8299995.5986762885
2013-04-22,8305362.41882149
2013-04-23,8309392.231880232
2013-04-25,8325017.614707613
2013-04-26,8320080.557491148
2013-04-29,8328698.43944236
2013-04-30,8341348.504417498
2013-05-02,8359944.339902716
2013-05-03,8347068.197735001
2013-05-06,8352860.634463568
2013-05-07,8367985.032573808
2013-05-08,8367376.647264164
2013-05-09,8350750.463426387
2013-05-10,8377477.441928185
2013-05-13,8354117.29518309
2013-05-14,8358651.108364279
2013-05-15,8405558.428690396
2013-05-16,8411412.641544081
2013-05-17,8416622.452386923
2013-05-20,8407163.561112193
2013-05-21,8381404.697238282
2013-05-22,8388926.281607019
2013-05-23,8353277.83390256
2013-05-24,8368494.508732487
2013-05-27,8387245.738160084
2013-05-28,8395351.367417926
2013-05-29,8401372.254623342
2013-05-30,8428325.451982833
2013-05-31,8407992.556889843
2013-06-03,8404243.718556141
2013-06-04,8409646.85268458
2013-06-05,8399873.363179171
2013-06-06,8399590.321997244
2013-06-07,8388745.250831414
2013-06-10,8369577.696130773
2013-06-11,8343637.9782874305
2013-06-12,8342122.6392724225
2013-06-13,8316649.109658509
2013-06-14,8330456.846069108
2013-06-17,8331951.027261672
2013-06-18,8329122.460964506
2013-06-19,8330409.441293168
2013-06-20,8313222.3181446055
2013-06-21,8306483.895103935
2013-06-24,8299181.265481014
2013-06-25,8291387.491313717
2013-06-26,8286809.304791795
2013-06-27,8296012.457807018
2013-06-28,8303900.580921115
2013-07-01,8308509.356290992
2013-07-02,8312808.504707533
2013-07-03,8311153.732432704
2013-07-04,8323793.245441004
2013-07-05,8318264.210305548
2013-07-08,8312738.708718915
2013-07-09,8319182.954780064
2013-07-10,8324072.923198362
2013-07-11,8332977.030373494
2013-07-12,8348106.517861135
2013-07-15,8361505.521174334
2013-07-16,8359343.476324214
2013-07-17,8366640.154523535
2013-07-18,8371256.215050025
2013-07-19,8384079.871007422
2013-07-22,8383514.622957288
2013-07-23,8387964.651855347
2013-07-24,8400283.671688788
2013-07-25,8395827.439383827
2013-07-26,8396246.936616423
2013-07-29,8387166.3708196785
2013-07-30,8373622.752263563
2013-07-31,8389285.7456297
2013-08-01,8394978.397899859
2013-08-02,8389357.729373416
2013-08-05,8396935.664062846
2013-08-06,8387504.285458056
2013-08-07,8360320.244779958
2013-08-08,8358190.494170287
2013-08-12,8380140.0919263875
2013-08-13,8396641.299694132
2013-08-14,8399888.243288958
2013-08-16,8386164.627447206
2013-08-19,8372485.331118842
2013-08-20,8345300.697945122
2013-08-21,8325711.178846272
2013-08-22,8339872.213088396
2013-08-23,8358553.564692118
2013-08-26,8367836.355435931
2013-08-27,8359818.107407243
2013-08-28,8368500.222924687
2013-08-29,8381844.983191833
2013-08-30,8397150.431346288
2013-09-02,8402825.681159569
2013-09-03,8391362.783660162
2013-09-04,8395024.864480507
2013-09-05,8372775.199572667
2013-09-06,8370323.0377782015
2013-09-10,8384942.493724678
2013-09-11,8389999.749904562
2013-09-12,8385027.35524968
2013-09-13,8375104.2894906
2013-09-16,8348255.942114568
2013-09-17,8362730.885734987
2013-09-18,8362770.745412204
2013-09-19,8367918.7870152
2013-09-20,8370220.561104646
2013-09-23,8382675.242784803
2013-09-24,8377960.378659675
2013-09-25,8388269.398996985
2013-09-26,8395873.89733081
2013-09-27,8390899.818129037
2013-09-30,8403801.951786526
2013-10-01,8400764.759615432
2013-10-03,8428027.32296179
2013-10-04,8436351.51536586
2013-10-07,8458261.241477478
2013-10-08,8452299.710042136
2013-10-09,8468502.075889032
2013-10-10,8489626.873885702
2013-10-11,8504750.728198845
2013-10-14,8521185.031478114
2013-10-15,8515533.38191714
2013-10-17,8482668.76294566
2013-10-18,8494143.234656211
2013-10-21,8495030.67542609
2013-10-22,8508210.910917973
2013-10-23,8489198.190487454
2013-10-24,8476414.597734034
2013-10-25,8496042.171777584
2013-10-28,8489605.709288197
2013-10-29,8501838.575595746
2013-10-30,8502315.799153347
2013-10-31,8509785.646798758
2013-11-01,8496636.427044591
2013-11-05,8499928.041842747
2013-11-06,8523035.511967545
2013-11-07,8536344.942419045
2013-11-08,8536964.91017355
2013-11-11,8527865.066560006
2013-11-12,8526469.47994219
2013-11-13,8519714.482952084
2013-11-14,8534301.24911
2013-11-18,8541543.900948232
2013-11-19,8549286.325355686
2013-11-20,8529045.364388078
2013-11-21,8507942.043451447
2013-11-22,8514265.25110118
2013-11-25,8526462.875300333
2013-11-26,8522734.6992524
2013-11-27,8516420.713754304
2013-11-28,8522399.066788176
2013-11-29,8533487.374981213
2013-12-02,8541907.26262673
2013-12-03,8542481.36963062
2013-12-04,8536500.81767896
2013-12-05,8531247.233737465
2013-12-06,8540946.562007496
2013-12-09,8544214.318830373
2013-12-10,8561464.081733488
2013-12-11,8551595.768856484
2013-12-12,8540818.872304471
2013-12-13,8521532.063188884
2013-12-16,8552628.394692024
2013-12-17,8550207.683730533
2013-12-18,8584774.463097634
2013-12-19,8605241.026742322
2013-12-20,8639600.287321439
2013-12-23,8653629.347815694
2013-12-24,8676973.038324285
2013-12-26,8670499.155563423
2013-12-27,8683418.757703489
2013-12-30,8693280.826975347
2013-12-31,8695093.05190463
2014-01-01,8695545.280784385
2014-01-02,8641387.17224818
2014-01-03,8659342.596811384
2014-01-06,8676883.767613094
2014-01-07,8667510.945922632
2014-01-08,8662339.948118119
2014-01-09,8622435.59320109
2014-01-10,8622069.824464543
2014-01-13,8630301.417659795
2014-01-14,8628033.840309963
2014-01-15,8614319.307626937
2014-01-16,8631769.156164192
2014-01-17,8584825.744834704
2014-01-20,8623780.492042514
2014-01-21,8630452.739813441
2014-01-22,8629013.131044699
2014-01-23,8613583.061311562
2014-01-24,8584335.047538174
2014-01-27,8560451.730748374
2014-01-28,8569387.955647983
2014-01-29,8585641.382846307
2014-01-30,8588915.41446603
2014-01-31,8615289.83872074
2014-02-03,8602351.807500198
2014-02-04,8595736.2544451
2014-02-05,8599642.728739679
2014-02-06,8591682.429694254
2014-02-07,8601262.739698565
2014-02-10,8597618.10241909
2014-02-11,8622241.087064948
2014-02-12,8618213.49230953
2014-02-13,8610485.097547807
2014-02-14,8619405.566082181
2014-02-17,8632004.15780324
2014-02-18,8645670.69118178
2014-02-19,8668167.394074423
2014-02-20,8666535.833925862
2014-02-21,8683597.988720007
2014-02-24,8676755.951321576
2014-02-25,8693826.36031568
2014-02-26,8700370.51418629
2014-02-28,8734294.94763875
2014-03-03,8751375.835467938
2014-03-04,8769904.854143579
2014-03-05,8781748.177231286
2014-03-06,8779102.668364312
2014-03-07,8734069.526003117
2014-03-10,8744668.260672232
2014-03-11,8726663.28326439
2014-03-12,8730967.222243642
2014-03-13,8713066.572182968
2014-03-14,8717198.861930648
2014-03-18,8729165.192923635
2014-03-19,8730104.51062504
2014-03-20,8719839.353514599
2014-03-21,8723860.572432792
2014-03-24,8715943.9505106
2014-03-25,8728904.40189258
2014-03-26,8708516.019928599
2014-03-27,8702628.019629471
2014-03-28,8715005.531243902
2014-03-31,8736142.197233312
2014-04-01,8735498.548441801
2014-04-02,8764606.960746117
2014-04-03,8759651.418693163
2014-04-04,8769477.358894903
2014-04-07,8760800.658018861
2014-04-09,8785688.56831694
2014-04-10,8779159.196769806
2014-04-11,8785218.461083902
2014-04-15,8783579.331525272
2014-04-16,8755106.504159344
2014-04-17,8786673.03935249
2014-04-21,8812651.588432988
2014-04-22,8799501.041559206
2014-04-23,8806457.162396753
2014-04-24,8806457.162396753
2014-04-25,8792491.430372937
2014-04-28,8798899.218201488
2014-04-29,8792626.056387696
2014-04-30,8787163.600469245
2014-05-02,8806203.648859745
2014-05-05,8799163.264145251
2014-05-06,8809293.409991777
2014-05-07,8807571.097739462
2014-05-08,8817766.786703074
2014-05-09,8856331.142549269
2014-05-12,8871325.929696448
2014-05-13,8891635.74950967
2014-05-14,8898083.426028864
2014-05-15,8893403.880629838
2014-05-16,8932105.767026354
2014-05-19,9009828.556297775
2014-05-20,9028478.19298455
2014-05-21,9065561.191414863
2014-05-22,9090543.98335629
2014-05-23,9089238.821573282
2014-05-26,9054957.351553842
2014-05-27,9048738.793091943
2014-05-28,9064359.411012907
2014-05-29,9054356.182655323
2014-05-30,9070308.635930141
2014-06-02,9123775.559471391
2014-06-03,9136316.933816956
2014-06-04,9162971.542020552
2014-06-05,9206633.871394934
2014-06-06,9228131.208570879
2014-06-09,9262024.949861072
2014-06-10,9271040.132402824
2014-06-11,9271823.352801954
2014-06-12,9276039.272097312
2014-06-13,9213088.669351624
2014-06-16,9242982.035106925
2014-06-17,9287664.889725486
2014-06-18,9270079.42622703
2014-06-19,9242731.23276877
2014-06-20,9239215.333072029
2014-06-23,9269254.486195436
2014-06-24,9309494.047762787
2014-06-25,9317362.271464916
2014-06-26,9303052.662921704
2014-06-27,9331352.88417437
2014-06-30,9394563.126905259
2014-07-01,9428604.17644022
2014-07-02,9484923.01573645
2014-07-03,9484331.999342736
2014-07-04,9512507.590692503
2014-07-07,9511317.217557132
2014-07-08,9391695.943862833
2014-07-09,9318490.971489282
2014-07-10,9342958.026381336
2014-07-11,9300999.456978198
2014-07-14,9323519.796842325
2014-07-15,9356167.768614972
2014-07-16,9402979.143369954
2014-07-17,9432897.929268206
2014-07-18,9424420.081871295
2014-07-21,9437880.238848623
2014-07-22,9431743.98177261
2014-07-23,9427005.027571905
2014-07-24,9421739.17428366
2014-07-25,9417938.307968445
2014-07-28,9428664.166463396
2014-07-30,9431652.819043916
2014-07-31,9404646.83836131
2014-08-01,9389715.650149824
2014-08-04,9415160.501610475
2014-08-05,9437954.403713914
2014-08-06,9430949.43450301
2014-08-07,9423377.398326334
2014-08-08,9375918.593365557
2014-08-11,9372954.68652439
2014-08-12,9381048.62828423
2014-08-13,9373616.14511309
2014-08-14,9389641.325266317
2014-08-18,9423398.424425272
2014-08-19,9428927.339300716
2014-08-20,9428060.888273045
2014-08-21,9428476.28654736
2014-08-22,9449780.120519606
2014-08-25,9463361.676149478
2014-08-26,9467373.592441455
2014-08-27,9477564.316459874
2014-08-28,9473424.567919401
2014-09-01,9489061.27753027
2014-09-02,9507728.336658059
2014-09-03,9521048.553848818
2014-09-04,9521055.403626105
2014-09-05,9534018.66157094
2014-09-08,9555900.718967509
2014-09-09,9552528.954581019
2014-09-10,9548102.787718495
2014-09-11,9587618.878138786
2014-09-12,9576437.432255404
2014-09-15,9581310.696689527
2014-09-16,9514649.227127803
2014-09-17,9524768.331921585
2014-09-18,9559078.632392399
2014-09-19,9536494.329089781
2014-09-22,9549769.552300798
2014-09-23,9502463.52268293
2014-09-24,9460701.324108934
2014-09-25,9446130.060285658
2014-09-26,9460536.677193407
2014-09-29,9491193.316594655
2014-09-30,9485079.58770341
2014-10-01,9469920.915506704
2014-10-07,9469111.599409211
2014-10-08,9461512.248819875
2014-10-09,9473707.150911087
2014-10-10,9431335.114416592
2014-10-13,9429616.956634281
2014-10-14,9421156.592976533
2014-10-15,9421156.592976533
2014-10-16,9399403.535230568
2014-10-17,9396920.002564728
2014-10-20,9409838.686204817
2014-10-21,9413109.299355054
2014-10-22,9418521.380973319
2014-10-27,9408760.130767245
2014-10-28,9411975.267452177
2014-10-29,9415446.134646138
2014-10-30,9417245.71256526
2014-10-31,9451236.615885174
2014-11-03,9466700.40587704
2014-11-05,9466842.394870015
2014-11-07,9459764.979165224
2014-11-10,9479842.902696824
2014-11-11,9490942.463721741
2014-11-12,9537317.843068147
2014-11-13,9511388.641673129
2014-11-14,9555178.959841281
2014-11-17,9607157.985052263
2014-11-18,9610512.304979052
2014-11-19,9610326.024787955
2014-11-20,9615623.175767494
2014-11-21,9642088.172815338
2014-11-24,9650704.716974713
2014-11-25,9582311.032257244
2014-11-26,9602993.012823524
2014-11-27,9635410.711090453
2014-11-28,9658513.570389086
2014-12-01,9650242.384210393
2014-12-02,9681596.789411595
2014-12-03,9734785.235014722
2014-12-04,9761961.566151641
2014-12-05,9756284.60336533
2014-12-08,9719475.030218711
2014-12-09,9676481.446421178
2014-12-10,9700642.481861528
2014-12-11,9691765.980383804
2014-12-12,9642902.089655386
2014-12-15,9634713.498897623
2014-12-16,9526589.764854442
2014-12-17,9482980.788833257
2014-12-18,9561990.445119904
2014-12-19,9560732.842646664
2014-12-22,9598262.27722188
2014-12-23,9613158.113166587
2014-12-24,9603170.506230302
2014-12-26,9616919.212552145
2014-12-29,9614033.013656745
2014-12-30,9626039.14426605
2014-12-31,9643380.563925495
2015-01-01,9665648.203317113
2015-01-02,9680543.730133312
2015-01-05,9686568.251488624
2015-01-06,9634821.717949819
2015-01-07,9639094.129377913
2015-01-08,9660079.800305996
2015-01-09,9670405.21110462
2015-01-12,9693068.378496422
2015-01-13,9703582.94257057
2015-01-14,9719977.232607797
2015-01-15,9737693.182116162
2015-01-16,9746779.662269222
2015-01-19,9769325.104457404
2015-01-20,9790925.80426324
2015-01-21,9792497.068156572
2015-01-22,9808505.210743422
2015-01-23,9818458.137588527
2015-01-27,9855560.884310165
2015-01-28,9882594.441216134
2015-01-29,9869829.85358696
2015-01-30,9829266.365329394
2015-02-02,9843103.775838584
2015-02-03,9818148.677814718
2015-02-04,9795597.668147404
2015-02-05,9770752.542466562
2015-02-06,9728673.79087084
2015-02-09,9713327.318988161
2015-02-10,9742393.073652018
2015-02-11,9801325.23936308
2015-02-12,9841711.630365063
2015-02-13,9880376.812906433
2015-02-16,9883219.65144042
2015-02-18,9898941.33969972
2015-02-19,9893385.960219506
2015-02-20,9888775.850926919
2015-02-23,9876328.218447499
2015-02-24,9869976.809596788
2015-02-25,9866822.363467377
2015-02-26,9839579.942467261
2015-02-27,9861738.132713001
2015-03-02,9915389.47387872
2015-03-03,9939424.01567651
2015-03-04,9923229.028666668
2015-03-05,9949775.598568743
2015-03-09,9937532.045198798
2015-03-10,9914882.31272817
2015-03-11,9916088.490420748
2015-03-12,9944382.634064646
2015-03-13,9916251.350050775
2015-03-16,9904070.328047778
2015-03-17,9922050.217576813
2015-03-18,9933657.575398672
2015-03-19,9929103.75370189
2015-03-20,9904816.461833753
2015-03-23,9875663.11566601
2015-03-24,9864199.437465096
2015-03-25,9864838.177035332
2015-03-26,9881858.727581348
2015-03-27,9873934.653974365
2015-03-30,9892635.552570164
2015-03-31,9897273.432084303
2015-04-01,9915418.889895186
2015-04-06,9936269.646634134
2015-04-07,9946462.851258684
2015-04-08,9973324.191093821
2015-04-09,9974128.74588566
2015-04-10,9981196.432412213
2015-04-13,9976776.104589615
2015-04-15,9973249.954735382
2015-04-16,9972197.936180038
2015-04-17,9940991.872753702
2015-04-20,9887939.684844954
2015-04-21,9882078.284408743
2015-04-22,9885030.512565657
2015-04-23,9885849.255207887
2015-04-24,9856865.871239046
2015-04-27,9836954.388823962
2015-04-28,9833730.163433084
2015-04-29,9859421.153128343
2015-04-30,9862778.344903523
2015-05-04,9889960.702701174
2015-05-05,9882716.962565029
2015-05-06,9858223.705442904
2015-05-07,9840044.622540835
2015-05-08,9833141.636723932
2015-05-11,9837731.225273356
2015-05-12,9826709.182864852
2015-05-13,9831881.56584874
2015-05-14,9839279.09265283
2015-05-15,9839298.928283209
2015-05-18,9845462.82972539
2015-05-19,9845669.807831516
2015-05-20,9837454.669521566
2015-05-21,9841309.619001586
2015-05-22,9842421.552740932
2015-05-25,9844327.599009223
2015-05-26,9848520.891964264
2015-05-27,9835090.60440675
2015-05-28,9817321.981809128
2015-05-29,9844862.961499857
2015-06-01,9842636.027336739
2015-06-02,9815962.858874151
2015-06-03,9801006.627648931
2015-06-04,9800914.376790179
2015-06-05,9797147.980272796
2015-06-08,9789311.753522996
2015-06-09,9775218.584768854
2015-06-10,9786041.38154877
2015-06-11,9764390.128017852
2015-06-12,9772839.483074754
2015-06-15,9777474.5775811
2015-06-16,9788570.47338898
2015-06-17,9802448.435777072
2015-06-18,9813242.301224891
2015-06-19,9818526.6448139
2015-06-22,9843942.564934447
2015-06-23,9848012.156286549
2015-06-24,9838486.365741706
2015-06-25,9854670.042040834
2015-06-26,9866139.96197293
2015-06-29,9860957.003850896
2015-06-30,9868226.787218258
2015-07-01,9873746.186140016
2015-07-02,9893479.104041608
2015-07-03,9885208.707804244
2015-07-06,9914360.132997744
2015-07-07,9917643.504987745
2015-07-08,9896272.510598237
2015-07-09,9881709.833420286
2015-07-10,9890544.690446142
2015-07-13,9907736.613406917
2015-07-14,9900433.533248154
2015-07-15,9904579.388737895
2015-07-16,9916387.63809181
2015-07-17,9919757.154147238
2015-07-20,9935783.800530642
2015-07-21,9915254.64267634
2015-07-22,9937546.27998836
2015-07-23,9925953.028750675
2015-07-24,9923547.72249748
2015-07-27,9909880.325853486
2015-07-28,9930872.004149089
2015-07-29,9949628.15854181
2015-07-30,9972391.322414698
2015-07-31,9964935.911335453
2015-08-03,9973574.729105024
2015-08-04,9992514.573628366
2015-08-05,9995588.117551709
2015-08-06,9970907.788034525
2015-08-07,9977061.510464478
2015-08-10,9993694.040918574
2015-08-11,10005510.558939356
2015-08-12,9957606.663250525
2015-08-13,9955839.4050142
2015-08-14,9984163.870494233
2015-08-17,9986728.48818839
2015-08-18,10015858.418286303
2015-08-19,10025763.226254156
2015-08-20,9993755.446874004
2015-08-21,9975488.73078942
2015-08-24,9832161.286495667
2015-08-25,9851483.547947314
2015-08-26,9856658.26659696
2015-08-27,9877084.319038155
2015-08-28,9875769.526199909
2015-08-31,9871331.718944801
2015-09-01,9854979.179596923
2015-09-02,9856560.038327781
2015-09-03,9865541.922980607
2015-09-04,9836595.038340135
2015-09-07,9812693.682666732
2015-09-08,9824712.650192285
2015-09-09,9831034.447152477
2015-09-10,9819201.855221309
2015-09-11,9819816.512673024
2015-09-14,9824283.604774175
2015-09-15,9814757.918810269
2015-09-16,9812441.360709516
2015-09-18,9824588.335618518
2015-09-21,9832398.671025462
2015-09-22,9827741.357361572
2015-09-23,9831389.233451122
2015-09-24,9835610.699506471
2015-09-28,9827667.954598563
2015-09-29,9829271.061859982
2015-09-30,9835558.65622988
2015-10-01,9835840.500212692
2015-10-05,9841150.784692535
2015-10-06,9848637.013354316
2015-10-07,9850270.191354498
2015-10-08,9844638.981174132
2015-10-09,9843797.710899852
2015-10-12,9838209.441544292
2015-10-13,9835225.666503662
2015-10-14,9831014.739710707
2015-10-15,9829589.577921595
2015-10-16,9826594.078792563
2015-10-19,9830434.996610142
2015-10-20,9831559.328103106
2015-10-21,9830796.170705661
2015-10-23,9825752.477610948
2015-10-26,9820402.990852341
2015-10-27,9819774.231760634
2015-10-28,9822532.632507466
2015-10-29,9817402.140727056
2015-10-30,9814781.166018875
2015-11-02,9810408.958797708
2015-11-03,9812719.412248604
2015-11-04,9810175.073429523
2015-11-05,9797184.737262184
2015-11-06,9780449.39257602
2015-11-09,9793450.69212514
2015-11-10,9795339.073646266
2015-11-13,9808760.225636348
2015-11-16,9807754.211692588
2015-11-17,9807127.041183751
2015-11-18,9797298.515229393
2015-11-19,9818253.519089917
2015-11-20,9819197.996087907
2015-11-23,9820499.77299965
2015-11-24,9824724.229649745
2015-11-26,9825702.845006468
2015-11-27,9820499.80440261
2015-11-30,9839406.27101956
2015-12-01,9851236.241217181
2015-12-02,9862767.625785945
2015-12-03,9850155.213897023
2015-12-04,9836018.15028942
2015-12-07,9838338.30704513
2015-12-08,9817220.730098786
2015-12-09,9785233.514596235
2015-12-10,9812156.507000986
2015-12-11,9805230.238050308
2015-12-14,9827679.591839042
2015-12-15,9836990.17969271
2015-12-16,9845857.594157772
2015-12-17,9880546.82129214
2015-12-18,9873490.123551028
2015-12-21,9876209.024964483
2015-12-22,9877778.835861629
2015-12-23,9879310.478851749
2015-12-24,9883967.56544966
2015-12-28,9885609.911296705
2015-12-29,9881831.725566432
2015-12-30,9886428.25576809
2015-12-31,9900838.802017244
2016-01-01,9905416.309947409
2016-01-04,9888780.675548792
2016-01-05,9908421.9879481
2016-01-06,9902654.900973704
2016-01-07,9854202.182906631
2016-01-08,9884431.402657825
2016-01-11,9875044.657662302
2016-01-12,9876125.888452753
2016-01-13,9829837.360907523
2016-01-14,9823068.288421744
2016-01-15,9792727.572639596
2016-01-18,9775293.92228257
2016-01-19,9775627.33744741
2016-01-20,9773940.228679735
2016-01-21,9774529.729333153
2016-01-22,9777802.485151332
2016-01-25,9778684.337978186
2016-01-27,9777890.191049052
2016-01-28,9775847.427847993
2016-01-29,9779586.879622608
2016-02-01,9779501.950038621
2016-02-02,9768884.274345746
2016-02-03,9765287.55855927
2016-02-04,9763940.479321292
2016-02-05,9772678.912512785
2016-02-08,9770324.338583324
2016-02-09,9761113.31388856
2016-02-10,9756511.643964045
2016-02-11,9743817.480443666
2016-02-12,9743503.095776992
2016-02-15,9747034.604156958
2016-02-16,9739211.810915038
2016-02-17,9744334.867884351
2016-02-18,9749676.460651321
2016-02-19,9750901.584654842
2016-02-22,9754464.793216245
2016-02-23,9744278.376668142
2016-02-24,9733149.761102792
2016-02-25,9733284.117743187
2016-02-26,9725119.239306075
2016-02-29,9724515.510897001
2016-03-01,9727453.886239449
2016-03-02,9715512.647309808
2016-03-03,9730624.204394884
2016-03-04,9731516.595489949
2016-03-08,9739425.79396305
2016-03-09,9744479.661490114
2016-03-10,9737352.899432603
2016-03-11,9733950.672652135
2016-03-14,9749661.873454886
2016-03-15,9745910.650943805
2016-03-16,9738565.746718802
2016-03-17,9742727.642532093
2016-03-18,9785503.550204819
2016-03-21,9806670.908436753
2016-03-22,9807697.330338888
2016-03-23,9806292.977003178
2016-03-28,9735266.706437698
2016-03-29,9736734.99089808
2016-03-30,9817578.948100492
2016-03-31,9850636.305140922
2016-04-01,9843153.64595007
2016-04-04,9850168.157758279
2016-04-05,9771138.096022278
2016-04-06,9826304.462174414
2016-04-07,9808237.44981935
2016-04-08,9828123.149471069
2016-04-11,9874031.999948204
2016-04-12,9905665.051534684
2016-04-13,9967443.465260452
2016-04-18,10002900.770947171
2016-04-20,10023789.71432278
2016-04-21,9969694.911107773
2016-04-22,9963192.92946315
2016-04-25,9971387.964574112
2016-04-26,10005459.04722644
2016-04-27,10013164.904296918
2016-04-28,9965242.687981887
2016-04-29,9969974.397140782
2016-05-02,10042372.561262844
2016-05-03,10024087.907913618
2016-05-04,9952021.99556462
2016-05-05,9956521.734273737
2016-05-06,9955470.372776434
2016-05-09,9997286.374985786
2016-05-10,9994219.396809207
2016-05-11,10007395.878469506
2016-05-12,10035033.458734136
2016-05-13,10037247.25840924
2016-05-16,10040273.713040609
2016-05-17,10043794.678038888
2016-05-18,10050450.810565947
2016-05-19,10018512.193815326
2016-05-20,9995113.385480793
2016-05-23,10000552.032258091
2016-05-24,10006603.398275739
2016-05-25,10029155.776666237
2016-05-26,10064922.1937115
2016-05-27,10078247.445868691
2016-05-30,10082280.453617511
2016-05-31,10099884.85539535
2016-06-01,10099541.22760467
2016-06-02,10105737.703984061
2016-06-03,10116022.507130638
2016-06-06,10118853.031351747
2016-06-07,10149467.332869485
2016-06-08,10165144.723605186
2016-06-09,10154308.710562395
2016-06-10,10149984.338090813
2016-06-13,10133391.09186898
2016-06-14,10130941.867746934
2016-06-15,10138375.472908413
2016-06-16,10113815.195000816
2016-06-17,10117885.488967981
2016-06-20,10140177.407301396
2016-06-21,10159432.45531359
2016-06-22,10152336.252973033
2016-06-23,10145060.869860314
2016-06-24,10116523.975796308
2016-06-27,10120213.947553791
2016-06-28,10120619.502928128
2016-06-29,10150147.42576629
2016-06-30,10195616.914544981
2016-07-01,10204343.643283632
2016-07-04,10234303.919988858
2016-07-05,10228485.86127754
2016-07-07,10230923.834626693
2016-07-08,10240237.19741164
2016-07-11,10265083.038828835
2016-07-12,10278834.751358893
2016-07-13,10241546.424045868
2016-07-14,10236723.269761216
2016-07-15,10236421.157668035
2016-07-18,10236807.7380008
2016-07-19,10219993.565337954
2016-07-20,10235846.625553923
2016-07-21,10237360.867300332
2016-07-22,10245441.320307165
2016-07-25,10275351.785071485
2016-07-26,10278799.837912768
2016-07-27,10288261.371241849
2016-07-28,10301302.434049182
2016-07-29,10321998.33475747
2016-08-01,10360846.301360805
2016-08-02,10356618.97785746
2016-08-03,10305170.642625893
2016-08-04,10328052.112019956
2016-08-05,10358833.913773745
2016-08-08,10382805.814872243
2016-08-09,10366268.897590976
2016-08-10,10346029.163897429
2016-08-11,10333705.935459768
2016-08-12,10355177.784663757
2016-08-16,10362603.586769251
2016-08-17,10371825.480275273
2016-08-18,10408853.130022794
2016-08-19,10416702.298513643
2016-08-22,10408833.131091448
2016-08-23,10390312.867717925
2016-08-24,10390845.714446627
2016-08-25,10374605.718674289
2016-08-26,10370345.988362024
2016-08-29,10396618.834142633
2016-08-30,10422135.412691142
2016-08-31,10423894.011331826
2016-09-01,10413807.720570175
2016-09-02,10432392.721879242
2016-09-06,10458917.567279942
2016-09-07,10462886.782048956
2016-09-08,10476123.600145353
2016-09-09,10443614.621567678
2016-09-12,10379990.342452113
2016-09-14,10412917.833714725
2016-09-15,10429649.071177248
2016-09-16,10430590.698372502
2016-09-19,10438827.424240494
2016-09-20,10423405.63935315
2016-09-21,10436089.284338007
2016-09-22,10458635.669883078
2016-09-23,10469773.578160733
2016-09-26,10454650.566684715
2016-09-27,10463059.759421011
2016-09-28,10470917.346057128
2016-09-29,10404552.634080281
2016-09-30,10432023.583053987
2016-10-03,10480751.540291898
2016-10-04,10484007.894649643
2016-10-05,10476182.2541849
2016-10-06,10470064.502557546
2016-10-07,10472892.125279853
2016-10-10,10480274.988224259
2016-10-13,10478180.083273675
2016-10-14,10484725.331585485
2016-10-17,10481982.686000654
2016-10-18,10523007.575901948
2016-10-19,10534422.73549846
2016-10-20,10539115.526987161
2016-10-21,10543548.691607859
2016-10-24,10536329.202017767
2016-10-25,10549137.824429175
2016-10-26,10541233.12350961
2016-10-27,10499949.136145592
2016-10-28,10518641.780256223
2016-11-01,10536668.130701318
2016-11-02,10504730.30103352
2016-11-03,10485018.939207751
2016-11-04,10446325.66386041
2016-11-07,10455463.104247987
2016-11-08,10465314.276586222
2016-11-09,10429877.717818566
2016-11-10,10461646.304202829
2016-11-11,10392104.896272406
2016-11-15,10359434.68358257
2016-11-16,10359585.460336694
2016-11-17,10358668.734029487
2016-11-18,10352108.233641732
2016-11-21,10333768.267458426
2016-11-22,10341995.31422906
2016-11-23,10344128.7231925
2016-11-24,10346539.163741741
2016-11-25,10355063.383588385
2016-11-28,10363334.76302751
2016-11-29,10356550.0881198
2016-11-30,10360159.650963362
2016-12-01,10357304.724793853
2016-12-02,10341887.25751866
2016-12-05,10349581.240642535
2016-12-06,10351908.064199405
2016-12-07,10349748.671626564
2016-12-08,10356613.35889357
2016-12-09,10357405.623244548
2016-12-12,10357728.10684774
2016-12-13,10366656.08499076
2016-12-14,10339921.605295148
2016-12-15,10348397.316323698
2016-12-16,10356217.28407965
2016-12-19,10343800.739687411
2016-12-20,10346137.248147648
2016-12-21,10347324.148721201
2016-12-22,10333332.955808613
2016-12-23,10323282.39994578
2016-12-26,10303569.048291534
2016-12-27,10309153.07141951
2016-12-28,10313561.800835317
2016-12-29,10317156.352043925
2016-12-30,10302439.370777937
2017-01-02,10312558.998835979
2017-01-03,10323908.081162713
2017-01-04,10323763.690131446
2017-01-05,10331863.03688275
2017-01-06,10326730.906348081
2017-01-09,10326477.162964147
2017-01-10,10338401.505700683
2017-01-11,10347025.305303743
2017-01-12,10342606.890954882
2017-01-13,10337602.563293528
2017-01-16,10340626.074111413
2017-01-17,10341652.238921294
2017-01-18,10333808.983768128
2017-01-19,10343994.134018118
2017-01-20,10312055.933220811
2017-01-23,10322645.348551087
2017-01-24,10339383.812688211
2017-01-25,10364580.161075924
2017-01-27,10373271.932657776
2017-01-30,10351721.945224918
2017-01-31,10334594.137915567
2017-02-01,10359830.414370505
2017-02-02,10370379.799403414
2017-02-03,10376079.161642892
2017-02-06,10408884.04473833
2017-02-07,10436805.691508776
2017-02-08,10436745.117232436
2017-02-09,10434611.053979786
2017-02-10,10406625.272424798
2017-02-13,10392199.458873466
2017-02-14,10395844.227415543
2017-02-15,10374690.738397265
2017-02-16,10391483.754120437
2017-02-17,10394610.391030192
2017-02-20,10417321.38041968
2017-02-21,10417828.043529099
2017-02-22,10400234.447005367
2017-02-23,10393003.071066521
2017-02-27,10415031.685283145
2017-02-28,10428224.628487278
2017-03-01,10437143.241170226
2017-03-02,10431655.368124083
2017-03-03,10441310.71683714
2017-03-06,10449886.360511504
2017-03-07,10458113.347849607
2017-03-08,10452444.620725933
2017-03-09,10468999.755015003
2017-03-10,10475607.422501229
2017-03-14,10506891.45138118
2017-03-15,10508315.047119448
2017-03-16,10507194.482730154
2017-03-17,10518395.521166287
2017-03-20,10505477.05328945
2017-03-21,10485593.069011766
2017-03-22,10465388.703552479
2017-03-23,10485440.737814907
2017-03-24,10490823.901459722
2017-03-27,10492723.527346957
2017-03-28,10508828.155410778
2017-03-29,10517376.81595851
2017-03-30,10541494.970307827
2017-03-31,10555604.644901277
2017-04-03,10582835.61293193
2017-04-05,10625320.433087569
2017-04-06,10633563.30185741
2017-04-07,10634541.414518623
2017-04-10,10657849.15104579
2017-04-11,10675450.80250644
2017-04-12,10665039.464606877
2017-04-13,10663056.431419764
2017-04-17,10693179.905932145
2017-04-18,10696971.515655588
2017-04-19,10739360.041858569
2017-04-20,10784879.464577844
2017-04-21,10783716.95980605
2017-04-24,10795433.967551576
2017-04-25,10816105.357472546
2017-04-26,10801875.059248853
2017-04-27,10791025.120513119
2017-04-28,10777390.287715398
2017-05-02,10822621.92392144
2017-05-03,10849550.317890016
2017-05-04,10869986.363355665
2017-05-05,10848196.918580445
2017-05-08,10831709.225348404
2017-05-09,10853228.318662072
2017-05-10,10886447.353192942
2017-05-11,10886420.508722425
2017-05-12,10858855.769259593
2017-05-15,10904774.632270945
2017-05-16,10910740.337096233
2017-05-17,10888506.395862047
2017-05-18,10845632.341385758
2017-05-19,10825034.748466412
2017-05-22,10776353.422185587
2017-05-23,10735392.110275093
2017-05-24,10703005.706084473
2017-05-25,10738165.801275875
2017-05-26,10758189.268701758
2017-05-29,10739612.215377046
2017-05-30,10742261.670480093
2017-05-31,10760073.32138677
2017-06-01,10762501.958275747
2017-06-02,10781320.711604286
2017-06-05,10789427.204759795
2017-06-06,10782278.651806694
2017-06-07,10811414.202819694
2017-06-08,10810107.538467882
2017-06-09,10816826.052279815
2017-06-12,10805144.3851801
2017-06-13,10820064.264597546
2017-06-14,10832158.553580347
2017-06-15,10840436.965601001
2017-06-16,10826543.353656236
2017-06-19,10819035.524817653
2017-06-20,10823364.457709664
2017-06-21,10834815.14204733
2017-06-22,10819931.711357415
2017-06-23,10785192.944375806
2017-06-27,10742779.962248122
2017-06-28,10743192.257739266
2017-06-29,10769679.291489819
2017-06-30,10777307.697322479
2017-07-03,10780413.644465933
2017-07-04,10772660.807271417
2017-07-05,10778583.327736015
2017-07-06,10779210.233315224
2017-07-07,10783444.591461798
2017-07-10,10783820.541266458
2017-07-11,10785646.484793236
2017-07-12,10792566.873745633
2017-07-13,10797064.77962938
2017-07-14,10791699.791542413
2017-07-17,10791556.95792554
2017-07-18,10777703.701212276
2017-07-19,10791430.246408489
2017-07-20,10788088.709510861
2017-07-21,10797210.63107139
2017-07-24,10813100.713901384
2017-07-25,10805034.797461722
2017-07-26,10812088.430794349
2017-07-27,10816334.893156715
2017-07-28,10821619.993412346
2017-07-31,10828551.514041172
2017-08-01,10842932.426973015
2017-08-02,10839288.559491334
2017-08-03,10822885.69271259
2017-08-04,10842109.386188043
2017-08-07,10850094.487795874
2017-08-08,10833386.654297527
2017-08-09,10820392.050968997
2017-08-10,10751545.966651265
2017-08-11,10748116.474987326
2017-08-14,10764835.626692723
2017-08-16,10780529.446281968
2017-08-17,10777550.643032553
2017-08-18,10782909.805082882
2017-08-21,10782560.566890778
2017-08-22,10772878.235463595
2017-08-23,10784753.324127344
2017-08-24,10796407.141856262
2017-08-28,10818750.690596571
2017-08-29,10806315.401875092
2017-08-30,10826119.774987696
2017-08-31,10847824.006266758
2017-09-01,10861965.612243524
2017-09-04,10861865.831759034
2017-09-05,10876753.626278283
2017-09-06,10900563.077894263
2017-09-07,10919153.009336514
2017-09-08,10939279.145484991
2017-09-11,10943484.094254412
2017-09-12,10943909.909096586
2017-09-13,10920641.19018863
2017-09-14,10937292.91309994
2017-09-15,10951279.983517695
2017-09-18,10956949.691146579
2017-09-19,10962263.37450118
2017-09-20,10951164.045679191
2017-09-21,10933242.911332518
2017-09-22,10854176.970532948
2017-09-25,10837456.931765022
2017-09-26,10834720.83709516
2017-09-27,10819195.514349343
2017-09-28,10837012.985902594
2017-09-29,10860144.049652886
2017-10-03,10871695.582255455
2017-10-04,10885376.526677864
2017-10-05,10903366.650107415
2017-10-06,10931149.37381704
2017-10-09,10934537.763288125
2017-10-10,10944998.670913303
2017-10-11,10933878.06065424
2017-10-12,10954881.958109105
2017-10-13,10973564.920589538
2017-10-16,10970271.87042051
2017-10-17,10960437.285433173
2017-10-18,10950625.603840047
2017-10-19,10944125.723216638
2017-10-23,10947017.214129714
2017-10-24,10951324.925450489
2017-10-25,10928145.75750609
2017-10-26,10916620.575141447
2017-10-27,10937332.121148888
2017-10-30,10967099.178474916
2017-10-31,10960012.21772944
2017-11-01,10962667.17080814
2017-11-02,10973326.233602678
2017-11-03,10984417.646318056
2017-11-06,10995312.049365073
2017-11-07,10968023.462406592
2017-11-08,10950044.859062491
2017-11-09,10970645.572002714
2017-11-10,10961693.556664474
2017-11-13,10934903.44960548
2017-11-14,10943479.432752935
2017-11-15,10932105.089040607
2017-11-16,10939478.401398417
2017-11-17,10946951.895358087
2017-11-20,10966669.434238473
2017-11-21,10963027.333355917
2017-11-22,10960550.245302461
2017-11-23,10960335.101595141
2017-11-24,10972278.410839628
2017-11-27,10975774.863677645
2017-11-28,10988859.157403288
2017-11-29,10984876.58172757
2017-11-30,11004134.16205632
2017-12-01,10994861.110690378
2017-12-04,10992245.889079079
2017-12-05,10984676.185199857
2017-12-06,10971039.432184624
2017-12-07,10989468.159095353
2017-12-08,11001893.089494765
2017-12-11,11000577.27382477
2017-12-12,11001304.27857296
2017-12-13,10989412.39148958
2017-12-14,10993296.930905541
2017-12-15,11010028.442371452
2017-12-18,11022753.5056274
2017-12-19,11052740.285757758
2017-12-20,11058691.90075505
2017-12-21,11065206.409823528
2017-12-22,11081230.774511041
2017-12-26,11101044.277870996
2017-12-27,11109312.037043773
2017-12-28,11107856.481954845
2017-12-29,11111301.726233853
2018-01-01,11111385.349589858
2018-01-02,11108764.043884035
2018-01-03,11127876.954945223
2018-01-04,11135178.90619283
2018-01-05,11156217.741118953
2018-01-08,11176658.37488085
2018-01-09,11174186.206750985
2018-01-10,11162516.310016101
2018-01-11,11176048.199708968
2018-01-12,11200959.34817633
2018-01-15,11204362.268381277
2018-01-16,11200508.09104842
2018-01-17,11208504.688246677
2018-01-18,11177183.754563307
2018-01-19,11188961.392393889
2018-01-22,11219979.575089939
2018-01-23,11231204.874270206
2018-01-24,11232580.73995297
2018-01-25,11229944.312484518
2018-01-29,11200904.448311353
2018-01-30,11175485.956056496
2018-01-31,11148943.84199267
2018-02-01,11146506.05961891
2018-02-02,11093638.760708623
2018-02-05,11047524.288091375
2018-02-06,11023982.798325274
2018-02-07,11041726.36670857
2018-02-08,11054616.676501755
2018-02-09,11066716.26431131
2018-02-12,11087594.089511946
2018-02-14,11102862.329443904
2018-02-15,11091371.140809996
2018-02-16,11066625.180201543
2018-02-19,11049911.247751435
2018-02-20,11036666.450834572
2018-02-21,11053969.337332485
2018-02-22,11046964.960213413
2018-02-23,11059562.333583103
2018-02-26,11072324.3816811
2018-02-27,11070258.596694296
2018-02-28,11065755.832271207
2018-03-01,11072063.737935452
2018-03-05,11057345.304847442
2018-03-06,11033927.889832463
2018-03-07,11015808.68865477
2018-03-08,11015037.812916815
2018-03-09,11015874.215866754
2018-03-12,11017784.839085115
2018-03-13,11012322.14737169
2018-03-14,11012831.342663376
2018-03-15,11017406.405677315
2018-03-16,10994619.368459955
2018-03-19,10968762.571158873
2018-03-20,10970269.95493672
2018-03-21,10981579.876278028
2018-03-22,10977210.04409591
2018-03-23,10969602.596390735
2018-03-26,10978121.370089754
2018-03-27,10981682.642658502
2018-03-28,10975164.024120364
2018-04-02,10988733.692310777
2018-04-03,10988665.500058727
2018-04-04,10967394.030734817
2018-04-05,10979017.16258285
2018-04-06,10994377.666119713
2018-04-09,10993375.630546777
2018-04-10,10990369.78305707
2018-04-11,10998095.568671146
2018-04-12,11006108.45823276
2018-04-13,11016219.903134577
2018-04-16,11010008.186402312
2018-04-17,11021743.22761365
2018-04-18,11010996.202472169
2018-04-19,11019871.128345238
2018-04-20,11040103.995496675
2018-04-23,11054004.690560961
2018-04-24,11038787.407876633
2018-04-25,11049895.923011292
2018-04-26,11077445.233339673
2018-04-27,11078426.639504775
2018-04-30,11109230.853450878
2018-05-02,11078117.51069984
2018-05-03,11058104.193313204
2018-05-04,11048005.25732214
2018-05-07,11043771.265736839
2018-05-08,11051913.633690681
2018-05-09,11063752.275197955
2018-05-10,11038418.649220878
2018-05-11,11057838.46145465
2018-05-14,11030475.023818627
2018-05-15,11019441.00762567
2018-05-16,11038068.247308608
2018-05-17,11043225.753896665
2018-05-18,11044376.594675092
2018-05-21,11026363.672100263
2018-05-22,11023862.408862786
2018-05-23,11047392.566254027
2018-05-24,11075138.313560495
2018-05-25,11084731.504587
2018-05-28,11067843.490745189
2018-05-29,11068216.253245661
2018-05-30,11060879.919489453
2018-05-31,11074887.95404807
2018-06-01,11078857.477457078
2018-06-04,11069823.085346265
2018-06-05,11031278.9020308
2018-06-06,11056951.521731801
2018-06-07,11079580.812056389
2018-06-08,11089590.064247984
2018-06-11,11101411.648646252
2018-06-12,11130309.975119414
2018-06-13,11127194.858240915
2018-06-14,11131365.14563518
2018-06-15,11139250.093151804
2018-06-18,11131653.501377663
2018-06-19,11116383.412840247
2018-06-20,11117045.023289293
2018-06-21,11126808.79091412
2018-06-22,11132086.14355285
2018-06-25,11125773.02756403
2018-06-26,11129725.245587515
2018-06-27,11112163.09645278
2018-06-28,11075439.598189998
2018-06-29,11097329.710928494
2018-07-02,11102070.142423872
2018-07-03,11112088.163075622
2018-07-04,11107838.296389472
2018-07-05,11101180.186052589
2018-07-06,11091815.666688876
2018-07-09,11109101.360533796
2018-07-10,11117406.594121559
2018-07-11,11141058.10866152
2018-07-12,11141553.689734653
2018-07-13,11142928.995903969
2018-07-16,11139589.003962602
2018-07-17,11141227.787561929
2018-07-18,11148760.152450936
2018-07-19,11135380.734569585
2018-07-20,11150977.807396377
2018-07-23,11150728.192794304
2018-07-24,11157823.287027707
2018-07-25,11157960.487462686
2018-07-26,11160337.95565651
2018-07-27,11165227.701902563
2018-07-30,11164823.86450995
2018-07-31,11176154.187073847
2018-08-01,11194374.947954787
2018-08-02,11192038.46635229
2018-08-03,11226172.57270529
2018-08-06,11242756.219549628
2018-08-07,11204564.364659049
2018-08-08,11207397.939849311
2018-08-09,11201139.948792115
2018-08-10,11193119.241583748
2018-08-13,11169986.32495832
2018-08-14,11174080.043615969
2018-08-16,11157455.186269341
2018-08-17,11174095.38712408
2018-08-20,11189287.14947491
2018-08-21,11201383.052097436
2018-08-23,11196722.797697758
2018-08-24,11188434.795060638
2018-08-27,11214212.273562744
2018-08-28,11239545.076282281
2018-08-29,11240839.917188017
2018-08-30,11234921.423937276
2018-08-31,11273309.25433551
2018-09-03,11242608.264960194
2018-09-04,11186267.68609517
2018-09-05,11156003.33936781
2018-09-06,11184362.75665413
2018-09-07,11187517.15320863
2018-09-10,11179242.851752482
2018-09-11,11154108.382486396
2018-09-12,11153190.528192054
2018-09-14,11159201.329429077
2018-09-17,11151118.498128615
2018-09-18,11123895.224251749
2018-09-19,11098875.680622648
2018-09-21,11067173.977839638
2018-09-24,11060789.212653987
2018-09-25,11059420.028876662
2018-09-26,11054099.451632293
2018-09-27,11055824.951563075
2018-09-28,11048782.56186783
2018-10-01,11058342.526563982
2018-10-03,11041190.60444409
2018-10-04,11021617.746712623
2018-10-05,11020210.479389975
2018-10-08,11016899.111700794
2018-10-09,11017966.03945853
2018-10-10,11015435.295008428
2018-10-11,11012992.26011599
2018-10-12,11015028.672236992
2018-10-15,11020340.94255756
2018-10-16,11025828.477254085
2018-10-17,11017559.726579541
2018-10-19,11015104.780128805
2018-10-22,11005902.321098303
2018-10-23,10997496.037602447
2018-10-24,10992564.005480522
2018-10-25,10990783.469755651
2018-10-26,10988725.353806844
2018-10-29,11017937.429251218
2018-10-30,11027316.219673205
2018-10-31,11033329.755325822
2018-11-01,11055220.720049394
2018-11-02,11055562.118821708
2018-11-05,11043426.100504242
2018-11-06,11042371.481931973
2018-11-07,11048671.823135354
2018-11-09,11054399.952780059
2018-11-12,11044117.804853035
2018-11-13,11045190.910743287
2018-11-14,11046592.05400293
2018-11-15,11034783.526250748
2018-11-16,11027847.407732567
2018-11-19,11031866.396559542
2018-11-20,11022282.31110193
2018-11-21,11027421.52456218
2018-11-22,11022234.86097179
2018-11-26,11026929.95312523
2018-11-27,11026986.011398863
2018-11-28,11011991.411920805
2018-11-29,11024000.893425943
2018-11-30,11022869.922123224
2018-12-03,11035019.904530749
2018-12-04,11019256.328924337
2018-12-05,11001473.084203955
2018-12-06,10979990.308798622
2018-12-07,10987370.518837618
2018-12-10,10963003.882673709
2018-12-11,10977441.33260721
2018-12-12,11000999.47158585
2018-12-13,11004942.264622524
2018-12-14,11002548.420682836
2018-12-17,11006532.977490913
2018-12-18,11004703.225179886
2018-12-19,11008199.344501575
2018-12-20,11001413.35387586
2018-12-21,10988677.24123142
2018-12-24,10971939.441719534
2018-12-26,10975953.819402881
2018-12-27,10979188.810458077
2018-12-28,10991319.042448731
2018-12-31,10989161.720322264
2019-01-01,10987287.741065562
2019-01-02,10974664.066060938
2019-01-03,10973625.137509877
2019-01-04,10978661.24779041
2019-01-07,10979822.61589229
2019-01-08,10985062.503866674
2019-01-09,10981057.847452395
2019-01-10,10980103.561312407
2019-01-11,10972928.762650987
2019-01-14,10951541.081661183
2019-01-15,10962031.927534387
2019-01-16,10959805.810367893
2019-01-17,10966395.01713155
2019-01-18,10965414.696504101
2019-01-21,10961077.24113921
2019-01-22,10959894.616837256
2019-01-23,10955978.313031796
2019-01-24,10959447.689847527
2019-01-25,10939662.05653172
2019-01-28,10893260.090141546
2019-01-29,10888201.264395
2019-01-30,10891128.34194194
2019-01-31,10897179.925842548
2019-02-01,10900874.894045051
2019-02-04,10919128.506067941
2019-02-05,10917215.847905105
2019-02-06,10915797.52050524
2019-02-07,10916946.816941842
2019-02-08,10910772.588535484
2019-02-11,10905910.77308294
2019-02-12,10892257.049430028
2019-02-14,10892658.684396857
2019-02-15,10880987.41199081
2019-02-18,10870164.396990985
2019-02-19,10874048.517614571
2019-02-20,10875285.474900512
2019-02-21,10879438.518723488
2019-02-22,10884581.971049609
2019-02-25,10884278.603623534
2019-02-26,10880300.259208733
2019-02-27,10877790.83000717
2019-02-28,10888169.789411724
2019-03-01,10904998.752563918
2019-03-05,10919753.730005488
2019-03-06,10928741.916149754
2019-03-07,10922688.89732543
2019-03-08,10926157.825692698
2019-03-11,10932107.093974238
2019-03-12,10942611.607452344
2019-03-13,10925410.73187676
2019-03-14,10924143.20568591
2019-03-15,10926463.249409657
2019-03-18,10923772.048149427
2019-03-19,10925717.86156387
2019-03-20,10924676.689010939
2019-03-22,10931368.776410518
2019-03-25,10908690.328802124
2019-03-26,10923527.587314928
2019-03-27,10935922.51177308
2019-03-28,10958934.620777298
2019-04-01,10971062.80989502
2019-04-02,10965331.829068141
2019-04-03,10963201.844366532
2019-04-04,10957205.405181369
2019-04-05,10974293.435904512
2019-04-08,10955359.534434268
2019-04-09,10965592.448460955
2019-04-10,10969643.687498396
2019-04-11,10970167.9544843
2019-04-12,10977012.620991891
2019-04-15,10972334.957976403
2019-04-16,10984035.43425111
2019-04-18,10982440.200242402
2019-04-22,10952277.299078085
2019-04-23,10952907.139410242
2019-04-24,10967241.887305738
2019-04-25,10978183.09910715
2019-04-26,10984386.836885815
2019-04-30,10990552.688581707
2019-05-02,11002922.981745774
2019-05-03,11011042.145625351
2019-05-06,10991748.731955633
2019-05-07,10984984.275954144
2019-05-08,10978015.012665333
2019-05-09,10987970.798510337
2019-05-10,10987966.47675089
2019-05-13,10957894.175964504
2019-05-14,10956444.243601628
2019-05-15,10961968.453582408
2019-05-16,10965341.644271739
2019-05-17,10966454.538701171
2019-05-20,10989865.344451146
2019-05-21,10988063.28813554
2019-05-22,10989353.630539445
2019-05-23,10976551.705551583
2019-05-24,10975817.550527321
2019-05-27,10975237.920946395
2019-05-28,10976252.069232801
2019-05-29,10968659.061572026
2019-05-30,10967468.346573625
2019-05-31,10980467.080873374
2019-06-03,10979411.051974026
2019-06-04,10981870.383759769
2019-06-06,10968152.298443148
2019-06-07,10981708.528042115
2019-06-10,10979661.616530292
2019-06-11,10980721.33553832
2019-06-12,10986733.924388215
2019-06-13,10982653.831062276
2019-06-14,10977219.745372567
2019-06-17,10962178.142915193
2019-06-18,10961717.538255949
2019-06-19,10954616.256345619
2019-06-20,10966920.041348094
2019-06-21,10959498.074842429
2019-06-24,10958565.847029429
2019-06-25,10950927.893759117
2019-06-26,10960449.420493016
2019-06-27,10967022.769584896
2019-06-28,10966750.163323022
2019-07-01,10973184.67284387
2019-07-02,10976022.333813693
2019-07-03,10982865.163258953
2019-07-04,10973509.55193092
2019-07-05,10946065.791535692
2019-07-08,10915649.831665365
2019-07-09,10921378.188441034
2019-07-10,10897955.92164631
2019-07-11,10909603.595207306
2019-07-12,10914141.085330712
2019-07-15,10910459.767963134
2019-07-16,10917348.814502465
2019-07-17,10916781.564854302
2019-07-18,10906402.778444126
2019-07-19,10894425.092124091
2019-07-22,10891485.0322043
2019-07-23,10893640.475884777
2019-07-24,10883518.508545345
2019-07-25,10883002.39136309
2019-07-26,10889261.59840179
2019-07-29,10877598.86631501
2019-07-30,10866451.399268977
2019-07-31,10866898.552557124
2019-08-01,10863602.207183488
2019-08-02,10872109.083641903
2019-08-05,10850047.413295062
2019-08-06,10868002.853366347
2019-08-07,10865478.969331145
2019-08-08,10869575.604688767
2019-08-09,10868223.657168388
2019-08-13,10858734.22234438
2019-08-14,10863215.915235007
2019-08-16,10869600.386238204
2019-08-19,10873830.169475073
2019-08-20,10868321.0052522
2019-08-21,10854797.337752445
2019-08-22,10842534.51636208
2019-08-23,10853044.660501229
2019-08-26,10861457.318330334
2019-08-27,10862427.18008154
2019-08-28,10872885.883154785
2019-08-29,10869178.621254327
2019-08-30,10874540.852464145
2019-09-03,10855504.152051799
2019-09-04,10848281.05026574
2019-09-05,10847903.731364291
2019-09-06,10852772.084742542
2019-09-09,10863016.634976167
2019-09-11,10862896.681307578
2019-09-12,10858137.764351033
2019-09-13,10870424.504367732
2019-09-16,10855900.349420702
2019-09-17,10839357.003971528
2019-09-18,10854556.217204612
2019-09-19,10844238.180251228
2019-09-20,10887004.477336764
2019-09-23,10949855.491620554
2019-09-24,10942755.00087545
2019-09-25,10944227.370170768
2019-09-26,10959258.961969012
2019-09-27,10962984.00412209
2019-09-30,10944466.462167319
2019-10-01,10943046.28635647
2019-10-03,10946659.632083291
2019-10-04,10925371.608565493
2019-10-07,10919522.98278137
2019-10-09,10933530.041712996
2019-10-10,10938285.876776023
2019-10-11,10942999.932102256
2019-10-14,10948412.411224
2019-10-15,10961467.935597476
2019-10-16,10968103.356435211
2019-10-17,10986921.963226318
2019-10-18,11001853.342645634
2019-10-22,11000887.71050631
2019-10-23,11009233.873259258
2019-10-24,11012073.646350218
2019-10-25,11012018.655101623
2019-10-27,11019187.326174613
2019-10-29,11028994.076375086
2019-10-30,11050387.259259753
2019-10-31,11059475.296272263
2019-11-01,11043214.888204644
2019-11-04,11043234.268215422
2019-11-05,11040912.390916355
2019-11-06,11049846.465929622
2019-11-07,11060172.48545561
2019-11-08,11052870.736889994
2019-11-11,11057945.70791468
2019-11-13,11062855.056544436
2019-11-14,11062731.868794385
2019-11-15,11055239.337556606
2019-11-18,11051945.312567573
2019-11-19,11042280.147308681
2019-11-20,11044291.277536586
2019-11-21,11031632.640505
2019-11-22,11009352.325329825
2019-11-25,11018699.670366472
2019-11-26,11016653.767513748
2019-11-27,11031113.192269012
2019-11-28,11043634.304296114
2019-11-29,11035987.419796608
2019-12-02,11039587.683669383
2019-12-03,11044472.671159519
2019-12-04,11053559.826713905
2019-12-05,11042710.867400514
2019-12-06,11024024.667384567
2019-12-09,11016748.709097771
2019-12-10,10999649.32501817
2019-12-11,11002779.672984166
2019-12-12,11004677.50296871
2019-12-13,11007893.56924456
2019-12-16,10996733.815213585
2019-12-17,11005661.964734599
2019-12-18,11003302.954671705
2019-12-19,11009931.738988508
2019-12-20,11014401.772717424
2019-12-23,11011324.308407834
2019-12-24,11006415.825380845
2019-12-26,11000178.983464384
2019-12-27,11006125.182381568
2019-12-30,11010164.709078358
2019-12-31,11006556.184404759
2020-01-01,11009430.749962347
2020-01-02,11017917.329452353
2020-01-03,11014163.069915906
2020-01-06,10975781.190646887
2020-01-07,10983007.757605448
2020-01-08,10980573.80002716
2020-01-09,10995633.755441474
2020-01-10,11000472.567706017
2020-01-13,11014453.33889071
2020-01-14,11021815.91992773
2020-01-15,11030545.011061281
2020-01-16,11039646.20027705
2020-01-17,11059712.157092365
2020-01-20,11069057.157239059
2020-01-21,11051208.116618687
2020-01-22,11022065.280774586
2020-01-23,11035802.197752781
2020-01-24,11029370.73753192
2020-01-27,11024277.313895196
2020-01-28,11014792.257911405
2020-01-29,11013572.168830005
2020-01-30,10993112.508792158
2020-01-31,11010618.094326342
2020-02-03,10977769.869297165
2020-02-04,10996486.080769382
2020-02-05,10999519.26533399
2020-02-06,11003504.270196991
2020-02-07,11001746.56273501
2020-02-10,10993937.765018897
2020-02-11,10985400.291323652
2020-02-12,10989278.841251252
2020-02-13,10985126.544017699
2020-02-14,10996197.222011698
2020-02-17,10975537.745292375
2020-02-18,10974760.386324052
2020-02-19,11015331.811016718
2020-02-20,11027352.04277504
2020-02-24,10996443.397110924
2020-02-25,10997652.937794022
2020-02-26,10986432.027973922
2020-02-27,10984692.035895975
2020-02-28,10895808.316996759
2020-03-02,10892483.145839233
2020-03-03,10892744.834781816
2020-03-04,10866494.448343657
2020-03-05,10865927.038874544
2020-03-06,10835216.2627202
2020-03-09,10804628.408764727
2020-03-11,10801180.249769164
2020-03-12,10776276.65171239
2020-03-13,10768349.75666701
2020-03-16,10767893.12863877
2020-03-17,10762842.925406685
2020-03-18,10761401.950533718
2020-03-19,10759261.768007575
2020-03-20,10756233.216397345
2020-03-23,10755101.26500131
2020-03-24,10754013.68424967
2020-03-25,10752642.446272815
2020-03-26,10753563.441100052
2020-03-27,10754504.76152083
2020-03-30,10759645.700198874
2020-03-31,10767951.16279695
2020-04-01,10766261.741276888
2020-04-03,10755729.126702884
2020-04-07,10777990.245560022
2020-04-08,10800657.697245426
2020-04-09,10824059.664665492
2020-04-13,10828781.508876761
2020-04-15,10831360.082333967
2020-04-16,10857290.936531033
2020-04-17,10867586.025150886
2020-04-20,10885893.04442432
2020-04-21,10912407.685574224
2020-04-22,10922264.287426597
2020-04-23,10925728.20766783
2020-04-24,10934418.762115771
2020-04-27,10964262.599780276
2020-04-28,10970175.92385657
2020-04-29,10974283.02295765
2020-04-30,10976081.06993517
2020-05-04,10971296.244721867
2020-05-05,10976748.71562766
2020-05-06,10991073.186274707
2020-05-07,11001918.481100043
2020-05-08,11018710.989439972
2020-05-11,11034008.402777756
2020-05-12,11049118.379393464
2020-05-13,11066900.759855034
2020-05-14,11094629.897815885
2020-05-15,11119452.616464473
2020-05-18,11142245.697098328
2020-05-19,11111526.577098882
2020-05-20,11106981.409992639
2020-05-21,11084953.33945683
2020-05-22,11060175.54807631
2020-05-26,11033154.278561184
2020-05-27,10998154.811851136
2020-05-28,11017103.232261628
2020-05-29,11056449.00206826
2020-06-01,11074548.441983867
2020-06-02,11101741.246750634
2020-06-03,11124479.53732693
2020-06-04,11170955.147070913
2020-06-05,11196659.008539032
2020-06-08,11214492.551764797
2020-06-09,11254537.090093803
2020-06-10,11294426.612856045
2020-06-11,11312743.847942824
2020-06-12,11354893.467557035
2020-06-15,11384940.401901577
2020-06-16,11417192.069258759
2020-06-17,11465281.828097051
2020-06-18,11512282.352522036
2020-06-19,11557594.634353051
2020-06-22,11638930.965983832
2020-06-23,11715923.213584997
2020-06-24,11746554.69438189
2020-06-25,11806150.259346215
2020-06-26,11874915.255429415
2020-06-29,11799975.449506449
2020-06-30,11718631.810312804
2020-07-01,11653343.768152174
2020-07-02,11620161.26621394
2020-07-03,11580955.6963071
2020-07-06,11522870.698771115
2020-07-07,11479671.82846529
2020-07-08,11427398.769531975
2020-07-09,11395162.601935038
2020-07-10,11440209.379957125
2020-07-13,11480456.971428977
2020-07-14,11420176.145201223
2020-07-15,11376741.396024166
2020-07-16,11294186.464551372
2020-07-17,11318567.32110428
2020-07-20,11339010.134518625
2020-07-21,11341247.32304492
2020-07-22,11341192.622970536
2020-07-23,11355538.511543812
2020-07-24,11350762.23434195
2020-07-27,11331348.118694613
2020-07-28,11350972.41336351
2020-07-29,11357081.08997846
2020-07-30,11370940.282103287
2020-07-31,11441978.652717602
2020-08-03,11491798.575857896
2020-08-04,11513321.874378279
2020-08-05,11530538.842602497
2020-08-06,11559286.048610143
2020-08-07,11541350.223586595
2020-08-10,11632542.34979291
2020-08-11,11612063.381321127
2020-08-12,11601617.490240978
2020-08-13,11607634.60504564
2020-08-14,11592088.25123876
2020-08-17,11603789.868832968
2020-08-18,11608715.375115113
2020-08-19,11630893.62962788
2020-08-20,11652850.92945024
2020-08-21,11668300.444290413
2020-08-24,11706867.381946772
2020-08-25,11704309.775270691
2020-08-26,11710332.698759181
2020-08-27,11711216.237866102
2020-08-28,11694981.255695751
2020-08-31,11619844.562408598
2020-09-01,11610144.104073303
2020-09-02,11619127.700623814
2020-09-03,11638900.590026323
2020-09-04,11631827.275076043
2020-09-07,11631262.107899895
2020-09-08,11625533.384706816
2020-09-09,11600468.047808405
2020-09-10,11621153.510137115
2020-09-11,11622449.452771448
2020-09-14,11677489.755371869
2020-09-15,11692510.856582947
2020-09-16,11699243.084887456
2020-09-17,11704688.543288678
2020-09-18,11720269.819317425
2020-09-21,11645440.728613473
2020-09-22,11614096.591854978
2020-09-23,11603259.128691535
2020-09-24,11561687.227262862
2020-09-25,11590513.584185952
2020-09-28,11637640.977996746
2020-09-29,11643241.790489443
2020-09-30,11657008.704234134
2020-10-01,11650442.951968722
2020-10-05,11676857.303905213
2020-10-06,11702652.17995449
2020-10-07,11713301.040977145
2020-10-08,11731830.898026265
2020-10-09,11703773.326086225
2020-10-12,11700930.136422839
2020-10-13,11692248.865382858
2020-10-14,11669339.838584637
2020-10-15,11647455.614478309
2020-10-16,11680719.827222785
2020-10-19,11694727.352414677
2020-10-20,11708279.5234316
2020-10-21,11708245.676495343
2020-10-22,11706371.72386555
2020-10-23,11709800.993893968
2020-10-26,11676742.817661224
2020-10-27,11693837.971568981
2020-10-28,11694278.424568633
2020-10-29,11701676.356828406
2020-10-30,11700768.020071734
2020-11-02,11666884.562576693
2020-11-03,11659054.750649258
2020-11-04,11653311.342086304
2020-11-05,11668402.865854222
2020-11-06,11669739.747849574
2020-11-09,11692059.280287772
2020-11-10,11689842.549750857
2020-11-11,11719572.36757658
2020-11-12,11733349.022056608
2020-11-13,11772846.050505757
2020-11-14,11839338.227326116
2020-11-17,11793360.06421511
2020-11-18,11804098.030863298
2020-11-19,11795451.407185348
2020-11-20,11809635.24594309
2020-11-23,11831659.964000067
2020-11-24,11852305.549255563
2020-11-25,11836982.860927828
2020-11-26,11832528.354804233
2020-11-27,11837097.32397656
2020-12-01,11851645.001211772
2020-12-02,11892385.086620865
2020-12-03,11914871.845600013
2020-12-04,11910797.638961714
2020-12-07,11935576.43287461
2020-12-08,11923181.157511633
2020-12-09,11919794.45299484
2020-12-10,11901633.52242351
2020-12-11,11892366.114685604
2020-12-14,11901537.644111216
2020-12-15,11901774.548652522
2020-12-16,11918585.943039251
2020-12-17,11919249.171252998
2020-12-18,11913629.982223501
2020-12-21,11854992.130783003
2020-12-22,11868423.708466116
2020-12-23,11908584.59852348
2020-12-24,11907473.104345197
2020-12-28,11923259.475784987
2020-12-29,11916758.627491813
2020-12-30,11922063.34733042
2020-12-31,11921368.877088003
2021-01-01,11926579.497575697
2021-01-04,11953029.345494797
2021-01-05,11999120.111764425
2021-01-06,11983605.528184125
2021-01-07,11989237.768072655
2021-01-08,12023132.606857313
2021-01-11,12047715.161073307
2021-01-12,12088112.973192852
2021-01-13,12089576.384337809
2021-01-14,12105802.060972704
2021-01-15,12032015.045545911
2021-01-18,11954049.99797529
2021-01-19,12060217.349465057
2021-01-20,12135618.905424155
2021-01-21,12067248.922034541
2021-01-22,12002394.429375447
2021-01-25,11916663.216230065
2021-01-27,11861712.676090531
2021-01-28,11840760.979784003
2021-01-29,11776558.431925641
2021-02-01,11934876.268281842
2021-02-02,12023016.22370204
2021-02-03,12081129.676086193
2021-02-04,12146916.28356038
2021-02-05,12110091.955829589
2021-02-08,12212678.294446617
2021-02-09,12194231.299778659
2021-02-10,12209068.824000739
2021-02-11,12214992.859205024
2021-02-12,12208990.812836524
2021-02-15,12250022.044266518
2021-02-16,12245860.418509524
2021-02-17,12291778.871734833
2021-02-18,12326521.236624243
2021-02-19,12250163.907958128
2021-02-22,12145016.506446939
2021-02-23,12198829.918758385
2021-02-24,12291814.843125567
2021-02-25,12394683.78226241
2021-02-26,12268234.73539782
2021-03-01,12362838.204243334
2021-03-02,12431219.282547455
2021-03-03,12491600.747817535
2021-03-04,12496743.491686968
2021-03-05,12376642.532187581
2021-03-08,12398017.314102681
2021-03-09,12339694.173711672
2021-03-10,12376372.467403052
2021-03-12,12365984.592258552
2021-03-15,12327363.020602575
2021-03-16,12354876.910718823
2021-03-17,12215721.704006262
2021-03-18,12151761.522466272
2021-03-19,12194523.166724354
2021-03-22,12203455.916064987
2021-03-23,12230674.442775834
2021-03-24,12172569.909238005
2021-03-25,12098744.226548597
2021-03-26,12152321.925640538
2021-03-30,12185187.900279155
2021-03-31,12179782.138327993
2021-04-01,12235120.928390084
2021-04-05,12188552.89451534
2021-04-06,12228555.301981412
2021-04-07,12256143.268080154
2021-04-08,12276734.923185233
2021-04-09,12278774.013983412
2021-04-12,12116504.087741332
2021-04-13,12136126.428175908
2021-04-15,12147337.049933981
2021-04-16,12161142.759493973
2021-04-19,12183678.518529888
2021-04-20,12202617.396114374
2021-04-22,12234601.319829319
2021-04-23,12247568.311023789
2021-04-26,12265530.638913244
2021-04-27,12297535.153686121
2021-04-28,12334814.613230187
2021-04-29,12338704.92638275
2021-04-30,12383257.42908567
2021-05-03,12405310.386311516
2021-05-04,12385981.88245395
2021-05-05,12401271.296780799
2021-05-06,12405368.587405948
2021-05-07,12406826.78190708
2021-05-10,12412009.958454344
2021-05-11,12409825.732009009
2021-05-12,12389902.161704414
2021-05-14,12352701.510615679
2021-05-17,12384329.805634169
2021-05-18,12396025.45484155
2021-05-19,12401570.077871373
2021-05-20,12392574.478968486
2021-05-21,12394472.807789259
2021-05-24,12439902.147220468
2021-05-25,12494838.434545524
2021-05-26,12473310.401041536
2021-05-27,12483947.92764799
2021-05-28,12480120.95451413
2021-05-31,12515349.00820415
2021-06-01,12493602.223727856
2021-06-02,12510664.055598563
2021-06-03,12524185.096212296
2021-06-04,12517072.736774972
2021-06-07,12519342.211199185
2021-06-08,12535953.340609077
2021-06-09,12514176.373646751
2021-06-10,12534895.66760072
2021-06-11,12531536.62033711
2021-06-14,12511128.773354365
2021-06-15,12535868.15575653
2021-06-16,12548439.422861302
2021-06-17,12543096.380839616
2021-06-18,12550300.970829802
2021-06-21,12568536.5171478
2021-06-22,12603514.05678756
2021-06-23,12582720.191546176
2021-06-24,12574839.83482913
2021-06-25,12590596.94076601
2021-06-28,12614721.481757823
2021-06-29,12647353.913731173
2021-06-30,12690353.32247077
2021-07-01,12691738.679729447
2021-07-02,12753345.790657276
2021-07-05,12755570.662628025
2021-07-06,12721211.84471223
2021-07-07,12704437.616241993
2021-07-08,12693156.749542251
2021-07-09,12709475.868917204
2021-07-12,12723616.871518543
2021-07-13,12726270.763631217
2021-07-14,12739072.31245641
2021-07-15,12746101.251112184
2021-07-16,12787144.74797749
2021-07-19,12776909.064459568
2021-07-20,12731702.256951708
2021-07-22,12770343.066720117
2021-07-23,12722944.69818476
2021-07-26,12758189.163181236
2021-07-27,12715062.372541022
2021-07-28,12702157.66044958
2021-07-29,12730336.002631387
2021-07-30,12735244.340069637
2021-08-02,12778689.852826048
2021-08-03,12821400.206296772
2021-08-04,12794671.610376718
2021-08-05,12812140.036145844
2021-08-06,12789654.18443492
2021-08-09,12799939.011084663
2021-08-10,12732082.67757697
2021-08-11,12700412.113044994
2021-08-12,12753718.8784098
2021-08-13,12786228.720988369
2021-08-16,12810419.822215829
2021-08-17,12824475.626716474
2021-08-18,12805642.044596296
2021-08-20,12753332.951501008
2021-08-23,12697665.247858576
2021-08-24,12740524.428009002
2021-08-25,12745326.234195203
2021-08-26,12757297.9694839
2021-08-27,12773303.890809651
2021-08-30,12786546.968019899
2021-08-31,12805230.668780215
2021-09-01,12819078.849562984
2021-09-02,12835038.777110577
2021-09-03,12845867.633885482
2021-09-06,12848249.736696687
2021-09-07,12848248.30189246
2021-09-08,12871498.228184994
2021-09-09,12861398.712659474
2021-09-13,12881176.230750639
2021-09-14,12882961.084285496
2021-09-15,12939193.24000606
2021-09-16,12941279.017598772
2021-09-17,12952984.502169693
2021-09-20,12931701.764542915
2021-09-21,12915252.577039788
2021-09-22,12919262.365572779
2021-09-23,12959641.047628805
2021-09-24,12959292.972380353
2021-09-27,12937158.970227845
2021-09-28,12918916.75358906
2021-09-29,12924834.216088304
2021-09-30,12952842.785278823
2021-10-01,12972619.92562009
2021-10-04,13025875.402683083
2021-10-05,13050535.64827213
2021-10-06,13078943.85912894
2021-10-07,13110135.10806364
2021-10-08,13118254.575899085
2021-10-11,13141127.78116868
2021-10-12,13159999.921279443
2021-10-13,13189106.398430552
2021-10-14,13220707.287041083
2021-10-18,13271964.759311583
2021-10-19,13167026.38258989
2021-10-20,13081313.308162045
2021-10-21,13030354.764831074
2021-10-22,13013463.519787632
2021-10-25,12952317.408970458
2021-10-26,12982830.984769043
2021-10-27,12975270.217870906
2021-10-28,12926802.838131972
2021-10-29,12911779.232104791
2021-11-01,12951777.750070017
2021-11-02,12972521.69094279
2021-11-03,12966535.694036828
2021-11-04,12984003.927302055
2021-11-08,13010916.705592249
2021-11-09,13023990.410428943
2021-11-10,13017740.905617429
2021-11-11,13024221.296975818
2021-11-12,13025260.546546353
2021-11-15,13034498.601466138
2021-11-16,13033480.364906251
2021-11-17,13022058.549860533
2021-11-18,12987807.341411948
2021-11-22,12913037.312181529
2021-11-23,12925775.735381601
2021-11-24,12930297.1109465
2021-11-25,12933447.659447404
2021-11-26,12867476.967237636
2021-11-29,12855316.294329416
2021-11-30,12851603.761383431
2021-12-01,12858148.130292999
2021-12-02,12857542.0914798
2021-12-03,12855801.29757278
2021-12-06,12853177.415044041
2021-12-07,12878593.589065041
2021-12-08,12888744.310148377
2021-12-09,12901813.316620309
2021-12-10,12914250.15476209
2021-12-13,12925243.22907537
2021-12-14,12937359.086220015
2021-12-15,12943229.371705987
2021-12-16,12932526.252997588
2021-12-17,12910504.35490375
2021-12-20,12868658.16972106
2021-12-21,12858585.561707675
2021-12-22,12865980.861031378
2021-12-23,12852705.926248755
2021-12-24,12857107.18114536
2021-12-27,12879344.335927675
2021-12-28,12904580.970610606
2021-12-29,12911841.683395233
2021-12-30,12918764.670871979
2021-12-31,12934813.779959375
2022-01-03,12945095.91666812
2022-01-04,12957437.183651827
2022-01-05,12966605.288616413
2022-01-06,12978337.125364149
2022-01-07,12994575.584209219
2022-01-10,13014520.25177959
2022-01-11,13039566.930712527
2022-01-12,13027116.673848715
2022-01-13,13018233.54586888
2022-01-14,13014500.258197721
2022-01-17,13003924.246329121
2022-01-18,12965144.838363344
2022-01-19,12943515.93808854
2022-01-20,12943360.696345584
2022-01-21,12905417.605671266
2022-01-24,12863689.856790002
2022-01-25,12850924.345413003
2022-01-27,12848050.799383037
2022-01-28,12843029.239786962
2022-01-31,12844456.91226172
2022-02-01,12846850.69083605
2022-02-02,12855828.070375053
2022-02-03,12861455.773134314
2022-02-04,12864371.93593041
2022-02-07,12853788.57138902
2022-02-08,12846198.506616244
2022-02-09,12854982.240047261
2022-02-10,12855933.421314485
2022-02-11,12846277.286802653
2022-02-14,12812457.80943139
2022-02-15,12817412.03730479
2022-02-16,12822135.07310598
2022-02-17,12829073.813055167
2022-02-18,12828305.211443529
2022-02-21,12813036.299429035
2022-02-22,12798325.8606732
2022-02-23,12799515.247791419
2022-02-24,12773312.097731799
2022-02-25,12788456.740343247
2022-02-28,12792708.369628958
2022-03-02,12795211.778891928
2022-03-03,12810308.737492718
2022-03-04,12782226.68112069
2022-03-07,12757680.341669323
2022-03-08,12758176.516954811
2022-03-09,12765297.198023569
2022-03-10,12751588.043791557
2022-03-11,12764071.353803225
2022-03-14,12761607.630900074
2022-03-15,12756255.127219485
2022-03-16,12767525.413977096
2022-03-17,12769822.53573706
2022-03-21,12770673.529324025
2022-03-22,12772023.493226925
2022-03-23,12779590.549128301
2022-03-24,12785541.516686525
2022-03-25,12785977.896603122
2022-03-28,12798214.09416272
2022-03-29,12798822.204921506
2022-03-30,12780031.993854607
2022-03-31,12786855.78080825
2022-04-01,12794126.322174877
2022-04-04,12808670.961636368
2022-04-05,12814569.769855423
2022-04-06,12823604.952502996
2022-04-07,12805024.171215633
2022-04-08,12834318.779765438
2022-04-11,12850443.407551872
2022-04-12,12817385.701001704
2022-04-13,12825330.320259197
2022-04-18,12823681.636801956
2022-04-19,12786107.39401533
2022-04-20,12777795.354987696
2022-04-21,12805921.383492872
2022-04-22,12782359.161520826
2022-04-25,12729646.985801535
2022-04-26,12775505.043644698
2022-04-27,12757420.602324635
2022-04-28,12767733.038920393
2022-04-29,12722129.09776589
2022-05-02,12703055.595285729
2022-05-04,12669895.842907509
2022-05-05,12660933.572315956
2022-05-06,12643939.236038001
2022-05-09,12631576.69429764
2022-05-10,12614541.398073131
2022-05-11,12599031.441203713
2022-05-12,12594955.861177845
2022-05-13,12595185.11947029
2022-05-16,12593935.024882538
2022-05-17,12595704.97304977
2022-05-18,12594495.056923358
2022-05-19,12586381.590164384
2022-05-20,12592505.447329367
2022-05-23,12590393.622332906
2022-05-24,12591034.089908939
2022-05-25,12577161.19148626
2022-05-26,12578946.804176962
2022-05-27,12582178.943332495
2022-05-30,12584223.01786926
2022-05-31,12585448.696178328
2022-06-01,12586367.48667731
2022-06-02,12581549.628635041
2022-06-03,12567998.309153838
2022-06-06,12565700.885450352
2022-06-07,12566704.00437249
2022-06-08,12561707.480074791
2022-06-09,12567313.282859664
2022-06-10,12559085.94464121
2022-06-13,12527863.391499689
2022-06-14,12528594.018687142
2022-06-15,12529191.978870885
2022-06-16,12514266.65654651
2022-06-17,12520465.595589833
2022-06-20,12503276.131261863
2022-06-21,12513738.4752971
2022-06-22,12510091.27880121
2022-06-23,12515666.165642813
2022-06-24,12524396.212855952
2022-06-27,12523678.51551977
2022-06-28,12527682.00133579
2022-06-29,12529225.103349114
2022-06-30,12528200.36070467
2022-07-01,12534280.601415271
2022-07-04,12530819.487335386
2022-07-05,12526229.608770246
2022-07-06,12526257.852076631
2022-07-07,12547203.594360972
2022-07-08,12556291.592168756
2022-07-11,12593264.584934812
2022-07-12,12576015.657744223
2022-07-13,12578372.56753109
2022-07-14,12565411.656230604
2022-07-15,12603732.028078258
2022-07-18,12634841.584975865
2022-07-19,12653941.311953703
2022-07-20,12650307.872366056
2022-07-21,12693648.594640652
2022-07-22,12674837.013090942
2022-07-25,12674883.197038045
2022-07-26,12633474.27999042
2022-07-27,12669653.205179432
2022-07-28,12695569.38122096
2022-07-29,12755234.409833776
2022-08-01,12810032.883476578
2022-08-02,12841796.055031773
2022-08-03,12795332.94008204
2022-08-04,12809193.97301882
2022-08-05,12820111.439483056
2022-08-08,12834118.427392421
2022-08-10,12799814.965503281
2022-08-11,12817411.237895485
2022-08-12,12829798.237046218
2022-08-16,12909646.92201629
2022-08-17,12945937.492124345
2022-08-18,12966129.762175284
2022-08-19,12873733.967929024
2022-08-22,12772808.52335878
2022-08-23,12821800.722900655
2022-08-24,12859958.591432517
2022-08-25,12868169.46431094
2022-08-26,12906238.295959288
2022-08-29,12878473.246902285
2022-08-30,12999431.380395766
2022-09-01,13021626.314755265
2022-09-02,12987669.095542759
2022-09-05,13005968.526566222
2022-09-06,13050782.12662672
2022-09-07,13073456.029563257
2022-09-08,13098092.557840116
2022-09-09,13069703.874281004
2022-09-12,13102487.081141952
2022-09-13,13105927.568874096
2022-09-14,13115952.73783122
2022-09-15,13185213.95908768
2022-09-16,13030534.729622573
2022-09-19,13035828.569533752
2022-09-20,13112465.74629693
2022-09-21,13064978.368008308
2022-09-22,13094622.733702326
2022-09-23,12969299.198814264
2022-09-26,12861788.702635912
2022-09-27,12843389.313310869
2022-09-28,12841276.738124438
2022-09-29,12823249.270183505
2022-09-30,12877904.94526385
2022-10-03,12828831.960588656
2022-10-04,12904687.299417945
2022-10-06,12944381.525583075
2022-10-07,12946903.763727566
2022-10-10,12908810.98296736
2022-10-11,12865347.27368336
2022-10-12,12872111.813161146
2022-10-13,12864364.31345363
2022-10-14,12850850.797781773
2022-10-17,12868047.133076975
2022-10-18,12893484.291726666
2022-10-19,12921129.630338453
2022-10-20,12897837.81298756
2022-10-21,12874432.36633466
2022-10-24,12892083.14763052
2022-10-25,12899770.816447334
2022-10-27,12894469.577179404
2022-10-28,12881108.442567762
2022-10-31,12905155.461500706
2022-11-01,12892022.731249643
2022-11-02,12879783.993851148
2022-11-03,12889020.818279851
2022-11-04,12897286.961082976
2022-11-07,12922594.395101238
2022-11-09,12932282.465506488
2022-11-10,12901797.091274222
2022-11-11,12910456.589563416
2022-11-14,12894309.203102129
2022-11-15,12918032.829260465
2022-11-16,12906317.171731776
2022-11-17,12926498.174063405
2022-11-18,12912685.681925189
2022-11-21,12901009.427859286
2022-11-22,12917897.365147285
2022-11-23,12932577.601195466
2022-11-24,12954162.350971306
2022-11-25,12976231.91577149
2022-11-28,13006603.921972705
2022-11-29,13014514.305973632
2022-11-30,13014526.4474397
2022-12-01,13038973.700007387
2022-12-02,13063659.808944285
2022-12-05,13068841.580992766
2022-12-06,13085331.620507348
2022-12-07,13092540.364469834
2022-12-08,13121496.445469989
2022-12-09,13067606.488558566
2022-12-12,13103825.25366676
2022-12-13,13170751.334997056
2022-12-14,13190904.525504319
2022-12-15,13165705.546274016
2022-12-16,13113662.414411046
2022-12-19,13149245.65135203
2022-12-20,13148038.349635074
2022-12-21,13058943.51232083
2022-12-22,13006427.90643264
2022-12-23,12893260.950441476
2022-12-26,12931152.722133586
2022-12-27,12944038.528047385
2022-12-28,12947029.109474596
2022-12-29,12944792.361145569
2022-12-30,12982076.827927914
2023-01-02,13023716.625019627
2023-01-03,13026538.96171057
2023-01-04,13018087.176713215
2023-01-05,13028277.388301358
2023-01-06,13014220.500701278
2023-01-09,13031821.989343073
2023-01-10,13017690.78492569
2023-01-11,13007822.329836447
2023-01-12,13000670.566801473
2023-01-13,12996091.8516679
2023-01-16,12986178.479703845
2023-01-17,12988084.050592447
2023-01-18,12995980.309870351
2023-01-19,12998848.119886825
2023-01-20,12988552.120142391
2023-01-23,12967337.141649451
2023-01-24,12957600.248442622
2023-01-25,12939072.651178304
2023-01-27,12903679.61905561
2023-01-30,12906434.311895767
2023-01-31,12921810.943681607
2023-02-01,12908859.11361474
2023-02-02,12906425.549951458
2023-02-03,12910256.22300123
2023-02-06,12911771.545011017
2023-02-07,12905782.078890799
2023-02-08,12908008.349321185
2023-02-09,12908868.313882463
2023-02-10,12912634.904842187
2023-02-13,12898013.84920618
2023-02-14,12891883.408719782
2023-02-15,12896179.33898126
2023-02-16,12902794.16152468
2023-02-17,12897199.570175685
2023-02-20,12891658.931846047
2023-02-21,12902673.679875782
2023-02-22,12891915.160210518
2023-02-23,12897180.79971048
2023-02-24,12903125.860952407
2023-02-27,12883376.452506855
2023-02-28,12892787.276506757
2023-03-01,12903459.80687002
2023-03-02,12890077.540937033
2023-03-03,12896710.471789427
2023-03-06,12902210.585162124
2023-03-08,12901745.229064332
2023-03-09,12898472.326226678
2023-03-10,12893276.226881914
2023-03-13,12875233.212187352
2023-03-14,12866842.413675528
2023-03-15,12866819.040751921
2023-03-16,12861681.811231239
2023-03-17,12870779.446536396
2023-03-20,12863342.541435419
2023-03-21,12870993.924777772
2023-03-22,12864027.911750726
2023-03-23,12863269.824944496
2023-03-24,12857422.010460364
2023-03-27,12854253.085081462
2023-03-28,12860864.49443072
2023-03-29,12872117.327969315
2023-03-30,12027874.063007567
2023-03-31,12887465.477392266
2023-04-03,12889767.346706528
2023-04-04,11833151.637398591
2023-04-05,12886534.477110129
2023-04-06,12888522.160373632
2023-04-10,12891107.79136019
2023-04-11,12888925.441777691
2023-04-12,12883291.600325473
2023-04-13,12880608.124186706
2023-04-14,11806841.776420247
2023-04-17,12882503.23031911
2023-04-18,12874633.869041387
2023-04-19,12873847.616176536
2023-04-20,12880151.85237738
2023-04-21,12882852.03393205
2023-04-24,12892794.324146844
2023-04-25,12894825.626823304
2023-04-26,12890220.556443736
2023-04-27,12902941.691360416
2023-04-28,12912627.298929704
2023-05-01,11706359.85707252
2023-05-02,12908519.243115915
2023-05-03,12925227.042557957
2023-05-04,12930019.85173038
2023-05-05,12936915.501313956
2023-05-08,12959786.5737195
2023-05-09,12934472.547764499
2023-05-10,12951818.221525107
2023-05-11,12951804.64159603
2023-05-12,12964098.524036484
2023-05-15,12969617.786058705
2023-05-16,12977608.507774666
2023-05-17,12981615.013039093
2023-05-18,12963042.21940203
2023-05-19,12954529.201210542
2023-05-22,12946474.809358055
2023-05-23,12943036.31140144
2023-05-24,12942641.38756596
2023-05-25,12943634.405593071
2023-05-26,12944908.173002101
2023-05-29,12941250.891254742
2023-05-30,12930086.155736523
2023-05-31,12958288.227314945
2023-06-01,12956449.057626175
2023-06-02,12967506.922036745
2023-06-05,12971015.761127243
2023-06-06,12970874.033127356
2023-06-07,12994077.191707049
2023-06-08,12969729.860995159
2023-06-09,12972351.858707055
2023-06-12,12988781.197855745
2023-06-13,13006315.108492784
2023-06-14,12996997.699133074
2023-06-15,13002300.260564499
2023-06-16,13017064.515447548
2023-06-19,13017493.550312359
2023-06-20,13013767.503318397
2023-06-21,13029317.44635563
2023-06-22,13009242.429229336
2023-06-23,12993021.307656258
2023-06-26,13027858.27680235
2023-06-27,13059557.586851211
2023-06-28,13057027.767699191
2023-06-29,11035250.207572615
2023-06-30,13067104.675424017
2023-07-03,13067766.512976611
2023-07-04,13052332.608047491
2023-07-05,13077915.338310113
2023-07-06,13109111.871065091
2023-07-07,13123838.483427854
2023-07-10,13103138.670141295
2023-07-11,13129935.618356297
2023-07-12,13149827.622010898
2023-07-13,13161814.353223892
2023-07-14,13177683.970942086
2023-07-17,13193414.579107415
2023-07-18,13190892.887572601
2023-07-19,13221669.061204627
2023-07-20,13249717.835390136
2023-07-21,13245081.862515366
2023-07-24,13266613.387348782
2023-07-25,13272790.397958457
2023-07-26,13290785.165147625
2023-07-27,13300625.461874126
2023-07-28,13281597.040988779
2023-07-31,13314046.847368192
2023-08-01,13330129.365754094
2023-08-02,13303207.820318941
2023-08-03,13302606.355886716
2023-08-04,13333624.77632384
2023-08-07,13367583.03201005
2023-08-08,13368735.536388302
2023-08-09,13399059.981730185
2023-08-10,13373820.014429076
2023-08-11,13392641.6440513
2023-08-14,13376123.502406832
2023-08-15,11077273.419046696
2023-08-16,13384831.676609088
2023-08-17,13403673.224384174
2023-08-18,13396184.75385353
2023-08-21,13410889.251427645
2023-08-22,13422237.865902107
2023-08-23,13408462.063442133
2023-08-24,13429002.68373994
2023-08-25,13426408.973657161
2023-08-28,13424879.343394574
2023-08-29,13434350.108062496
2023-08-30,13439135.69349169
2023-08-31,13454715.761642352
2023-09-01,13458812.425868064
2023-09-04,13467630.41625451
2023-09-05,13492060.147662379
2023-09-06,13477912.233526811
2023-09-07,13472661.419373594
2023-09-08,13465393.447098665
2023-09-11,13474219.269266427
2023-09-12,13421177.872062998
2023-09-13,13423854.737970568
2023-09-14,13452780.233848123
2023-09-15,13452927.370382193
2023-09-18,13438114.53081918
2023-09-19,11375454.016802559
2023-09-20,13432159.577190729
2023-09-21,13397786.825773504
2023-09-22,13399187.009185234
2023-09-25,13402625.139001403
2023-09-26,13420829.740195686
2023-09-27,13440838.95339863
2023-09-28,13415951.556022722
2023-09-29,13418511.759112792
2023-10-02,11872489.844748193
2023-10-03,13425444.569720874
2023-10-04,13412535.835793432
2023-10-05,13422781.500430087
2023-10-06,13426029.39739303
2023-10-09,13394497.588135444
2023-10-10,13419492.28994691
2023-10-11,13430229.031039743
2023-10-12,13447657.875488859
2023-10-13,13430938.96848293
2023-10-16,13436473.865592841
2023-10-17,13467755.42193558
2023-10-18,13462556.466003485
2023-10-19,13484816.29187406
2023-10-20,13464368.904404886
2023-10-23,13405132.031225406
2023-10-24,12271440.80450389
2023-10-25,13395568.935691908
2023-10-26,13412045.710089715
2023-10-27,13422848.54530511
2023-10-30,13423652.12406711
2023-10-31,13425717.834832475
2023-11-01,13445321.092172781
2023-11-02,13449559.420317145
2023-11-03,13464153.238037763
2023-11-06,13477837.98948101
2023-11-07,13483459.926266039
2023-11-08,13516560.863033919
2023-11-09,13524458.378473239
2023-11-10,13527810.940523492
2023-11-13,13569912.147375856
2023-11-14,11059404.882371282
2023-11-15,13613788.106666273
2023-11-16,13612826.817200953
2023-11-17,13682019.222759314
2023-11-20,13734307.778969707
2023-11-21,13713066.574240785
2023-11-22,13715491.215325022
2023-11-23,13713042.391442573
2023-11-24,13717413.087877044
2023-11-27,10618744.882371282
2023-11-28,13735002.847629663
2023-11-29,13757595.980858274
2023-11-30,13813252.626218686
2023-12-01,13804423.41361728
2023-12-04,13840831.938671809
2023-12-05,13853950.169974342
2023-12-06,13865230.619843246
2023-12-07,13869407.512776475
2023-12-08,13840331.014603352
2023-12-11,13863949.99465414
2023-12-12,13875462.545604609
2023-12-13,13891206.059900148
2023-12-14,13955963.11996903
2023-12-15,13982093.744205365
2023-12-18,13976182.328033328
2023-12-19,13971040.915930755
2023-12-20,13894268.304332355
2023-12-21,13923418.505875645
2023-12-22,13959025.225603074
2023-12-26,13978663.97812727
2023-12-27,14007847.864436744
2023-12-28,14002954.407772953
2023-12-29,14032143.141042057
2024-01-01,14026413.23416986
2024-01-02,14008635.127562946
2024-01-03,14034470.19400351
2024-01-04,14082116.071472023
2024-01-05,14129959.901769597
2024-01-08,14120910.917098835
2024-01-09,14129683.675007073
2024-01-10,14134888.864493273
2024-01-11,14174607.748022644
2024-01-12,14231539.178763015
2024-01-15,14240010.941668855
2024-01-16,14210348.236572068
2024-01-17,14185741.295173127
2024-01-18,14170803.394344756
2024-01-19,14210498.4174514
2024-01-22,10862495.379392346
2024-01-23,14151556.11804002
2024-01-24,14201894.536397008
2024-01-25,14237548.784062011
2024-01-26,11246423.642454635
2024-01-29,14276186.00178927
2024-01-30,14307147.181395238
2024-01-31,14330960.321022484
2024-02-01,14348678.134686572
2024-02-02,14374279.060594155
2024-02-05,14362918.17720553
2024-02-06,14394744.645260131
2024-02-07,14433449.88743741
2024-02-08,14446447.967452554
2024-02-09,14456599.249554886
2024-02-12,14394699.774075173
2024-02-13,14435667.0033966
2024-02-14,14471065.83545236
2024-02-15,14513899.857229467
2024-02-16,14539203.478225207
2024-02-19,14550644.333322637
2024-02-20,14534424.994564682
2024-02-21,14518727.154397368
2024-02-22,14580043.508082747
2024-02-23,14568701.522857618
2024-02-26,14561920.675660912
2024-02-27,14570875.982060231
2024-02-28,14514604.94871225
2024-02-29,14543227.69932404
2024-03-01,14588442.393927163
2024-03-04,14644345.240614232
2024-03-05,14662389.311638659
2024-03-06,14668333.03592189
2024-03-07,14700290.41832691
2024-03-11,14662824.976411367
2024-03-12,14575093.320991863
2024-03-13,14458842.900559781
2024-03-14,14451388.951364977
2024-03-15,14415139.599303083
2024-03-18,14401990.042841945
2024-03-19,14377104.556024022
2024-03-20,14360479.310772577
2024-03-21,14355053.006998276
2024-03-22,14361965.412231356
2024-03-25,13305905.996834006
2024-03-26,14346012.414878832
2024-03-27,14352286.09598605
2024-03-28,14372010.98654827
2024-04-01,14386174.15900822
2024-04-02,14391596.17773734
2024-04-03,14408173.588830031
2024-04-04,14430733.93918396
2024-04-05,14442949.022310508
2024-04-08,14465497.854332669
2024-04-09,14475057.69777971
2024-04-10,14490619.50929874
2024-04-11,10628154.678362483
2024-04-12,14485787.979205705
2024-04-15,14461947.078557735
2024-04-16,14452840.674669696
2024-04-17,10740871.291075991
2024-04-18,14465594.036123145
2024-04-19,14501764.02486555
2024-04-22,14545723.86195004
2024-04-23,14570336.03364802
2024-04-24,14566334.752564533
2024-04-25,14572874.220135277
2024-04-26,14586270.107022999
2024-04-29,14573741.615568519
2024-04-30,14589832.77997206
2024-05-01,10437970.736856218
2024-05-02,14624152.398132348
2024-05-03,14602070.780244837
2024-05-06,14572091.753147706
2024-05-07,14493206.961666426
2024-05-08,14524672.720492547
2024-05-09,14441499.910574142
2024-05-10,14488144.81415634
2024-05-13,14501669.813300125
2024-05-14,14543638.472218914
2024-05-15,14567508.428840214
2024-05-16,14579521.223709926
2024-05-17,14599724.081923721
2024-05-20,10976767.311155511
2024-05-21,14607677.77658828
2024-05-22,14602982.044017628
2024-05-23,14612661.914083254
2024-05-24,14623679.749221042
2024-05-27,14635720.384750929
2024-05-28,14626846.127345584
2024-05-29,14647309.865833364
2024-05-30,14624211.026258288
2024-05-31,14638398.140427522
2024-06-03,14715758.684704456
2024-06-04,14447852.394394534
2024-06-05,14532874.982051902
2024-06-06,14566205.12076506
2024-06-07,14609521.583964301
2024-06-10,14621894.078820596
2024-06-11,14630154.180467056
2024-06-12,14669050.310103584
2024-06-13,14688669.57235203
2024-06-14,14723352.406247757
2024-06-17,12389594.280951355
2024-06-18,14740352.891204467
2024-06-19,14719052.812737305
2024-06-20,14726088.577577673
2024-06-21,14716860.001680948
2024-06-24,14722012.2126797
2024-06-25,14730372.912043657
2024-06-26,14719725.743928675
2024-06-27,14742001.261077385
2024-06-28,14750655.649544382
2024-07-01,14776782.504749805
2024-07-02,14781299.668546097
2024-07-03,14791435.318177702
2024-07-04,14799915.450358298
2024-07-05,14807852.3391102
2024-07-08,14781610.327245811
2024-07-09,14775677.313396633
2024-07-10,14753994.107001066
2024-07-11,14756111.884098986
2024-07-12,14750040.296149721
2024-07-15,14771681.922467543
2024-07-16,14758862.981333
2024-07-17,12389594.280951355
2024-07-18,14708333.841150096
2024-07-19,14635272.017166449
2024-07-22,14645064.148448491
2024-07-23,14628221.011618769
2024-07-24,14644864.859643333
2024-07-25,14640696.235002046
2024-07-26,14670518.294472538
2024-07-29,14700168.395830624
2024-07-30,14683224.299953032
2024-07-31,14694650.879759228
2024-08-01,14677630.600740068
2024-08-02,14652100.192790464
2024-08-05,14608510.031111773
2024-08-06,14601730.122052126
2024-08-07,14621348.020734584
2024-08-08,14619844.019520631
2024-08-09,14629593.594136238
2024-08-12,14633608.985261649
2024-08-13,14642054.24443051
2024-08-14,14643722.79378058
2024-08-15,13940673.952864477
2024-08-16,14663509.456908256
2024-08-19,14678798.221076436
2024-08-20,14678606.807772769
2024-08-21,14689089.632975483
2024-08-22,14696402.434763439
2024-08-23,14703405.21837548
2024-08-26,14709376.225996058
2024-08-27,14714905.623677557
2024-08-28,14723183.777149303
2024-08-29,14727671.389811598
2024-08-30,14733552.492026545
2024-09-02,14453959.222156541
2024-09-03,14736820.579794573
2024-09-04,14731898.093429578
2024-09-05,14730553.933335902
2024-09-06,14722067.803422105
2024-09-09,14732549.534149947
2024-09-10,14751445.031120079
2024-09-11,14739315.370902149
2024-09-12,14767304.706033647
2024-09-13,14786457.964142848
2024-09-16,14818545.960638992
2024-09-17,14815678.595163822
2024-09-18,14814157.070157813
2024-09-19,14830826.25751184
2024-09-20,14907625.70552459
2024-09-23,14952496.39342067
2024-09-24,14970554.421382181
2024-09-25,15005069.534130631
2024-09-26,15034410.398725428
2024-09-27,15065342.159628829
2024-09-30,15073935.362221243
2024-10-01,15086266.895374188
2024-10-02,11320050.664969727
2024-10-03,15034046.922161873
2024-10-04,15025573.196460774
2024-10-07,14974260.641435333
2024-10-08,15039487.56914223
2024-10-09,15074753.05073309
2024-10-10,15107283.970115649
2024-10-11,15169080.955688592
2024-10-14,15181890.687401522
2024-10-15,15206460.072457016
2024-10-16,15226368.76573557
2024-10-17,15197512.196950005
2024-10-18,15190781.260810398
2024-10-21,15165047.019870827
2024-10-22,15117008.625567466
2024-10-23,15122050.274000423
2024-10-24,15098500.836672941
2024-10-25,15064659.0570605
2024-10-28,15091056.010590848
2024-10-29,15108793.909085907
2024-10-30,15123755.273655593
2024-10-31,15155060.685174586
2024-11-01,15321954.050588056
2024-11-04,15160449.021285325
2024-11-05,15181120.581884986
2024-11-06,15239490.957102869
2024-11-07,15265407.319477633
2024-11-08,15292934.662622856
2024-11-11,15306458.970739782
2024-11-12,15329159.014208447
2024-11-13,15323765.652098887
2024-11-14,15348457.768435966
2024-11-15,13590841.543758929
2024-11-18,15356045.96158697
2024-11-19,15381800.09220134
2024-11-20,13614080.190391945
2024-11-21,15382865.444218298
2024-11-22,15423035.698266963
2024-11-25,15475911.71616624
2024-11-26,15518432.2396407
2024-11-27,15546306.328510901
2024-11-28,13926885.231210757
2024-11-29,15561167.141933478
2024-12-02,15597269.417687139
2024-12-03,15622515.004792234
2024-12-04,15653421.511552732
2024-12-05,15665208.858121641
2024-12-06,15685832.598213535
2024-12-09,15711822.60015795
2024-12-10,15723851.862975847
2024-12-11,15742552.12360143
2024-12-12,15729773.811075658
2024-12-13,15730197.422164924
2024-12-16,15773707.141855817
2024-12-17,15800851.675919227
2024-12-18,15825627.310842903
2024-12-19,15788803.20994292
2024-12-20,15739864.914197497
2024-12-23,15729131.279744338
2024-12-24,15732749.334891254
2024-12-26,15732572.995774314
2024-12-27,15722082.455331216
2024-12-30,15674144.565519331
2024-12-31,15660851.956662681
2025-01-01,14416726.909231467
2025-01-02,15676445.39634524
2025-01-03,15681396.501412189
2025-01-06,15656898.252701052
2025-01-07,15656381.301771797
2025-01-08,15617572.765665492
2025-01-09,14394106.393057382
2025-01-10,15574702.046232386
2025-01-13,15583922.35111304
2025-01-14,15607731.695289366
2025-01-15,15587236.968512423
2025-01-16,15583813.387190446
2025-01-17,15573571.783821963
2025-01-20,14510742.379899792
2025-01-21,15506860.720187
2025-01-22,15459255.563999603
2025-01-23,15455604.365299797
2025-01-24,15441935.772517195
2025-01-27,15429012.919009222
2025-01-28,15415989.401603403
2025-01-29,15413468.262550363
2025-01-30,15412304.278023044
2025-01-31,15412539.836368281
2025-02-01,14875633.631644787
2025-02-03,15395828.609720213
2025-02-04,15390162.019479087
2025-02-05,15378614.644455511
2025-02-06,15365257.884153014
2025-02-07,15364914.422167307
2025-02-10,15344705.594797095
2025-02-11,15324604.470784843
2025-02-12,15317441.803501924
2025-02-13,15312279.693058925
2025-02-14,15301422.196634613
2025-02-17,15145824.592570778
2025-02-18,15305133.876444343
2025-02-19,15304780.70769319
2025-02-20,15296963.106382417
2025-02-21,15295110.165795207
2025-02-24,15293776.118723903
2025-02-25,15288281.253411146
2025-02-26,14236875.17523281
2025-02-27,15291212.180227563
2025-02-28,15284495.621659674
2025-03-03,15291616.822461074
2025-03-04,15295794.099265274
2025-03-05,15300358.618401239
2025-03-06,15305043.908185218
2025-03-07,15302314.790974516
2025-03-10,15295256.681868188
2025-03-11,15315226.416759968
2025-03-12,15314375.510561557
2025-03-13,15312790.177029457
2025-03-14,14083754.819932623
2025-03-17,15325437.95855218
2025-03-18,15334578.878756454
2025-03-19,15358838.722631352
2025-03-20,15359638.968199333
2025-03-21,15366178.877620924
2025-03-24,15379770.98763918
2025-03-25,15373352.470940303
2025-03-26,15369760.181140281
2025-03-27,15375562.692550046
2025-03-28,15371111.351735087
2025-03-31,14024465.36864826
2025-04-01,15366754.815736078
2025-04-02,15369449.923079105
2025-04-03,15370973.3053337
2025-04-04,15300889.665219633
2025-04-07,15201920.542774534
2025-04-08,15227831.598507809
2025-04-09,15227838.471751451
2025-04-10,13703501.424986541
2025-04-11,15217799.221681599
2025-04-14,13983760.764593925
2025-04-15,15248511.98438882
2025-04-16,15265645.072255392
2025-04-17,15280422.86676007
2025-04-21,15301700.692395441
2025-04-22,15315147.210185612
2025-04-23,15335908.407494856
2025-04-24,15345039.508140543
2025-04-25,15320727.93424309
2025-04-28,15354990.523995977
2025-04-29,15361889.744090647
2025-04-30,15353026.507352125
2025-05-01,13432216.788681667
2025-05-02,15361961.290206453
2025-05-05,15387411.192741439
2025-05-06,15356422.95437557
2025-05-07,15385106.100551303
2025-05-08,15353345.573615778
2025-05-09,15351175.276184315
2025-05-12,15391544.600308271
2025-05-13,15405507.359099073
2025-05-14,15439172.745345112
2025-05-15,15461170.089068241
2025-05-16,15471275.339509152
2025-05-19,15483580.964681968
2025-05-20,15493736.330555007
2025-05-21,15518466.578159977
2025-05-22,15527268.349357495
2025-05-23,15540096.855532253
2025-05-26,15405192.503084954
2025-05-27,15556529.47489821
2025-05-28,15546524.336200422
2025-05-29,15532732.035252642
2025-05-30,15521835.07994053
2025-06-02,15524511.071520789
2025-06-03,15492665.844910547
2025-06-04,15482868.394194879
2025-06-05,15495570.106467148
2025-06-06,15490849.151224984
2025-06-09,15499370.74548895
2025-06-10,15505613.103539942
2025-06-11,15513850.572636481
2025-06-12,15494056.998998571
2025-06-13,15514626.933763495
2025-06-16,15562418.16850583
2025-06-17,15583454.245490644
2025-06-18,15624006.59389997
2025-06-19,15231177.004770018
2025-06-20,15682905.095089646
2025-06-23,15779368.650341459
2025-06-24,15833274.448959127
2025-06-25,15886434.964821044
2025-06-26,15920785.153539952
2025-06-27,15939311.14785825
2025-06-30,15987447.069045966
2025-07-01,16007011.103702007
2025-07-02,15988226.291053422
2025-07-03,16031959.725124385
2025-07-04,15753220.986431884
2025-07-07,16068235.408339538
2025-07-08,16086169.61476261
2025-07-09,16109704.631465742
2025-07-10,16123715.261777554
2025-07-11,16151712.311934277
2025-07-14,16195330.898879662
2025-07-15,16251837.057309011
2025-07-16,16291210.656388305
2025-07-17,16312782.81712935
2025-07-18,16301621.406226894
2025-07-21,16347109.40836585
2025-07-22,16382199.290164547
2025-07-23,16410241.897295624
2025-07-24,16400208.495277232
2025-07-25,16369039.917699406
2025-07-28,16397058.319569733
2025-07-29,16476968.990527535
2025-07-30,16510485.02194423
2025-07-31,16539966.633530334
2025-08-01,16551924.94195198
2025-08-04,16598808.957220374
2025-08-05,16634045.00720523
2025-08-06,16632968.49017811
2025-08-07,16637514.038784169
2025-08-08,16638357.066074552
2025-08-11,16675456.245851036
2025-08-12,16699644.475113058
2025-08-13,16746581.371922202
2025-08-14,16777875.453731522
2025-08-15,13636569.34333888
2025-08-18,16814672.634954873
2025-08-19,16854750.877628647
2025-08-20,16893551.351590194
2025-08-21,16946518.150152683
2025-08-22,16982284.74190376
2025-08-25,17041631.12550098
2025-08-26,17099995.967397366
2025-08-27,13929251.792734709
2025-08-28,17143140.17800628
2025-08-29,17109325.734310165
2025-09-01,16910279.289162204
2025-09-02,17048765.763295546
2025-09-03,17009784.754428107
2025-09-04,16944790.54884869
2025-09-05,16891365.025690492
2025-09-08,16815513.90530374
2025-09-09,16779362.79722751
2025-09-10,16718094.030126583
2025-09-11,16675653.961152043
2025-09-12,16642259.474222973
2025-09-15,16554662.88850769
2025-09-16,16389713.454743357
2025-09-17,16404314.181029584
2025-09-18,16411200.1857574
2025-09-19,16422865.773874378
2025-09-22,16420443.68275624
2025-09-23,16432952.57495836
2025-09-24,16418545.10069253
2025-09-25,16400461.347951293
2025-09-26,16335852.751738664
2025-09-29,16341289.203058008
2025-09-30,16322160.956876762
2025-10-01,16352391.300145201
2025-10-02,14141582.973590113
2025-10-03,16363164.114173666
2025-10-06,16374589.451538786
2025-10-07,16373190.64927344
2025-10-08,16352830.575944515
2025-10-09,16336737.756310383
2025-10-10,16323627.963730648
2025-10-13,16321594.76809788
2025-10-14,16295805.162694344
2025-10-15,16315317.372594103
2025-10-16,16326314.570014566
2025-10-17,16325226.625027524
2025-10-20,16350622.92208445
2025-10-21,16360976.116505397
2025-10-22,14168653.134633247
2025-10-23,16339348.995950103
2025-10-24,16339273.463674637
2025-10-27,16363277.211050037
2025-10-28,16379540.737370944
2025-10-29,16365736.54280746
2025-10-30,16352828.389379052
2025-10-31,16352349.491587201
2025-11-03,16363000.528561465
2025-11-04,16355829.236755323
2025-11-05,14272739.375541588
2025-11-06,16305798.547139697
2025-11-07,16348061.005738787
2025-11-10,16341550.864220003
2025-11-11,16353786.41951171
2025-11-12,16346546.828532789
2025-11-13,16360380.543027883
2025-11-14,16380226.506802635
2025-11-17,16375016.128551403
2025-11-18,16351629.458304608
2025-11-19,16354201.456006095
2025-11-20,16347725.733139256
2025-11-21,16323852.791148223
2025-11-24,16289322.995289756
2025-11-25,16301753.295512078
2025-11-26,16313140.200737363
2025-11-27,15933380.761879517
2025-11-28,16335593.893906616
2025-12-01,16342159.558335142
2025-12-02,16318676.93302398
2025-12-03,16316611.076419244
2025-12-04,16307265.28540698
2025-12-05,16315446.783845128
2025-12-08,16295745.747450788
2025-12-09,16307942.022278832
2025-12-10,16307029.512872178
2025-12-11,16309738.395218268
2025-12-12,16326933.7959959
2025-12-15,16333309.237390695
2025-12-16,16320136.40294765
2025-12-17,16322031.071184667
2025-12-18,16334179.90027958
2025-12-19,16334385.45609603
2025-12-22,16338220.094289439
2025-12-23,16334607.435973374
2025-12-24,16336501.540176788
2025-12-26,16327936.536242954
2025-12-29,16316654.806805396
2025-12-30,16343180.047895618
2025-12-31,16353661.017111821
2026-01-01,15998680.067675637
2026-01-02,16380774.008461174
2026-01-05,16354431.116463035
2026-01-06,16329740.146091051
2026-01-07,16326117.838526344
2026-01-08,16311649.290726429
2026-01-09,16304937.885328246
2026-01-12,16303707.53994723
2026-01-13,16300315.034294916
2026-01-14,16301363.266873222
2026-01-15,16186911.448494835
2026-01-16,16309029.673697334
2026-01-19,16075633.312879976
2026-01-20,16307721.25638235
2026-01-21,16300136.425581982
2026-01-22,16305866.100347083
2026-01-23,16294469.051551249
2026-01-26,15552034.473798355
2026-01-27,16296134.712525152
2026-01-28,16293905.479052436
2026-01-29,16294346.751636092
2026-01-30,16265695.54690957
2026-02-02,16220424.137125777
2026-02-03,16253154.474738108
2026-02-04,16257277.875288613
2026-02-05,16261112.132564878
2026-02-06,16276068.452148488
2026-02-09,16310285.14741386
2026-02-10,16333269.990002027
2026-02-11,16337153.140237056
2026-02-12,16324206.642943285
2026-02-13,16300822.016705582
2026-02-16,15876371.67252884
2026-02-17,16291280.37000526
2026-02-18,16283875.161220362
2026-02-19,16254383.592676708
2026-02-20,16279203.616734292
2026-02-23,16288032.936801026
2026-02-24,16292173.364066357
2026-02-25,16303386.68963617
2026-02-26,16304570.262589471
2026-02-27,16282559.420254067
2026-03-02,16245361.796166614
2026-03-03,14456875.658865027
2026-03-04,16174890.076710314
2026-03-05,16205720.90887784
2026-03-06,16085637.344373994
2026-03-09,16173737.514303578
2026-03-10,16186016.103102619
2026-03-11,16173712.784120701
2026-03-12,16177443.920483958
2026-03-13,16127783.072842015
2026-03-16,16115642.373810206
2026-03-17,16130342.069524292
2026-03-18,16061591.893418208
2026-03-19,16039574.134710139
2026-03-20,16041968.793327704
2026-03-23,16024653.548561858
2026-03-24,16029633.64151386
2026-03-25,16037548.968352836
2026-03-27,16028990.095292356
2026-03-30,16023638.020928344
2026-04-01,16034529.766259516
2026-04-02,16027267.210860914
2026-04-06,16029360.47217235
2026-04-07,16031013.623333214
2026-04-08,16005831.938041616
2026-04-09,16024331.237079805
2026-04-10,16051238.657290207
2026-04-13,16043568.322344158
2026-04-15,16063985.911989773
2026-04-16,16075549.144549828
2026-04-17,16114766.349202156
2026-04-20,16113334.72147925
2026-04-21,16109727.962061394
2026-04-22,16132252.197065601
2026-04-23,16140956.49108043
2026-04-24,16128051.940464118
2026-04-27,16144448.892019825
2026-04-28,16151944.766387872
2026-04-29,16148574.797858085
2026-04-30,16146775.432954865
2026-05-04,16158679.87590204
