date,pv
1996-01-01,1000000.0
1996-01-02,1000000.0
1996-01-03,1000000.0
1996-01-04,1000000.0
1996-01-05,1000000.0
1996-01-08,1000000.0
1996-01-09,1000000.0
1996-01-10,1000000.0
1996-01-11,1000000.0
1996-01-12,1000000.0
1996-01-15,1000000.0
1996-01-16,1000000.0
1996-01-17,1000000.0
1996-01-18,1000000.0
1996-01-19,1000000.0
1996-01-22,1000000.0
1996-01-23,1000000.0
1996-01-24,1000000.0
1996-01-25,1000000.0
1996-01-26,1000000.0
1996-01-29,1000000.0
1996-01-30,1000000.0
1996-01-31,1000000.0
1996-02-01,1000000.0
1996-02-02,1000000.0
1996-02-05,1000000.0
1996-02-06,1000000.0
1996-02-07,1000000.0
1996-02-08,1000000.0
1996-02-09,1000000.0
1996-02-12,1000000.0
1996-02-13,1000000.0
1996-02-14,1000000.0
1996-02-15,1000000.0
1996-02-16,1000000.0
1996-02-19,1000000.0
1996-02-20,1000000.0
1996-02-21,1000000.0
1996-02-22,1000000.0
1996-02-23,1000000.0
1996-02-26,1000000.0
1996-02-27,1000000.0
1996-02-28,1000000.0
1996-02-29,1000000.0
1996-03-01,1000000.0
1996-03-04,1000000.0
1996-03-05,1000000.0
1996-03-06,1000000.0
1996-03-07,1000000.0
1996-03-08,1000000.0
1996-03-11,1000000.0
1996-03-12,1000000.0
1996-03-13,1000000.0
1996-03-14,1000000.0
1996-03-15,999950.01998002
1996-03-18,999950.01998002
1996-03-19,1000239.2275425348
1996-03-20,1000239.2275425348
1996-03-21,1000239.2275425348
1996-03-22,1000214.2375325448
1996-03-25,1000214.2375325448
1996-03-26,1000214.2375325448
1996-03-27,1000214.2375325448
1996-03-28,1000114.2774925848
1996-03-29,998977.7359413343
1996-04-01,999292.9384114366
1996-04-02,999287.4658006682
1996-04-03,999888.6462459256
1996-04-04,999901.8149669588
1996-04-05,999120.993858477
1996-04-08,1001587.2227603236
1996-04-09,1002446.6578870931
1996-04-10,1003501.8374510009
1996-04-11,1003689.8424246672
1996-04-12,1004262.1139835544
1996-04-15,1009656.7063018641
1996-04-16,1011844.3746920638
1996-04-17,1021464.6156878908
1996-04-18,1024365.0464321765
1996-04-19,1027296.2391667672
1996-04-22,1015075.9601247256
1996-04-23,1017283.7620216055
1996-04-24,1035353.7628096819
1996-04-25,1032157.9675095547
1996-04-26,1034841.0342877464
1996-04-29,1031120.8629580848
1996-04-30,1038453.7455468432
1996-05-01,1043960.6188326444
1996-05-02,1040630.6875461929
1996-05-03,1038186.0292778427
1996-05-06,1023204.9397648057
1996-05-07,1027680.8719588595
1996-05-08,1036073.1784812381
1996-05-09,1033321.6808279186
1996-05-10,1016926.2545653254
1996-05-13,1017199.4602218347
1996-05-14,1022249.6767461157
1996-05-15,1025468.2941048938
1996-05-16,1033079.3882098804
1996-05-17,1026310.9930298285
1996-05-20,1021439.2324365542
1996-05-21,1016623.3958154786
1996-05-22,1013896.507322409
1996-05-23,1009167.6024492146
1996-05-24,1011565.2900909493
1996-05-27,1001905.918280043
1996-05-28,998191.534408333
1996-05-29,1004951.7748764496
1996-05-30,1003660.7304699436
1996-05-31,1000122.197021987
1996-06-03,1002683.5757423206
1996-06-04,999718.5909502424
1996-06-05,996279.3382419666
1996-06-06,1003345.8712494371
1996-06-07,1004762.2246036329
1996-06-10,1010355.5845898797
1996-06-11,1007272.1873660863
1996-06-12,1011792.0683155139
1996-06-13,1012803.2135555107
1996-06-14,1017993.276265972
1996-06-17,1014928.6619238468
1996-06-18,1014152.8630794539
1996-06-19,1018708.0524337884
1996-06-20,1016233.9187706818
1996-06-21,1014383.6558051673
1996-06-24,1008556.7290208397
1996-06-25,998769.7217005934
1996-06-26,1004159.088700326
1996-06-27,1006087.9984910616
1996-06-28,1004955.8770946091
1996-07-01,1001970.7850536146
1996-07-02,1000397.9676187743
1996-07-03,996523.7683019956
1996-07-04,999407.0964346088
1996-07-05,1001319.65950346
1996-07-08,1007077.616134996
1996-07-09,1002636.7411043938
1996-07-10,1000116.8873255596
1996-07-11,1002114.372653094
1996-07-12,1000360.387512295
1996-07-15,997363.5932406756
1996-07-16,986860.892970165
1996-07-17,994850.2738915667
1996-07-18,996257.5615248686
1996-07-19,1002084.3722646921
1996-07-22,1008813.4227290227
1996-07-23,1002326.2250198347
1996-07-24,986318.557291996
1996-07-25,981270.8275341451
1996-07-26,973050.9607106906
1996-07-29,962841.2218142427
1996-07-30,946156.905958312
1996-07-31,956733.826546026
1996-08-01,963786.7978918352
1996-08-02,955593.6140013791
1996-08-05,954524.9878435386
1996-08-06,954274.5188197949
1996-08-07,955153.9669521251
1996-08-08,955128.465548002
1996-08-09,953791.8386753657
1996-08-12,950827.014345654
1996-08-13,946804.8638337768
1996-08-14,947684.2013497516
1996-08-15,947684.2013497516
1996-08-16,942118.44173285
1996-08-19,938475.5879411919
1996-08-20,939087.0004238754
1996-08-21,942640.7175532163
1996-08-22,942210.8023029863
1996-08-23,944743.9330808416
1996-08-26,943780.8629976485
1996-08-27,943783.352448065
1996-08-28,945039.5452370711
1996-08-29,946039.9490725239
1996-08-30,945907.3075213416
1996-09-02,943444.2354029703
1996-09-03,939861.7592215949
1996-09-04,943395.1050253048
1996-09-05,945245.198477577
1996-09-06,946840.1988201845
1996-09-09,942184.0314312596
1996-09-10,940127.807330889
1996-09-11,940330.7334310779
1996-09-12,940994.37475633
1996-09-13,940284.0532969321
1996-09-16,940765.6142264729
1996-09-17,942870.9550771395
1996-09-18,943101.4929139704
1996-09-19,943298.3997412148
1996-09-20,943200.4244236738
1996-09-23,943789.2487126072
1996-09-24,942878.4148039157
1996-09-25,943349.5796589283
1996-09-26,940349.9821564789
1996-09-27,940949.6921051976
1996-09-30,940930.1815932697
1996-10-01,938494.31187668
1996-10-02,938494.31187668
1996-10-03,938158.8459435307
1996-10-04,932789.0532812373
1996-10-07,931974.794238175
1996-10-08,932594.7533604448
1996-10-09,932567.95337137
1996-10-10,932918.8258526662
1996-10-11,933777.3246310938
1996-10-14,933446.1033825473
1996-10-15,933713.4610875457
1996-10-16,932814.1080323168
1996-10-17,932127.2211204218
1996-10-18,932015.6835649541
1996-10-21,932015.6835649541
1996-10-22,932572.8587230293
1996-10-23,934634.1314353003
1996-10-24,932076.593478149
1996-10-25,933233.7125352919
1996-10-28,934413.4263552664
1996-10-29,934087.7596439945
1996-10-30,934087.7596439945
1996-10-31,931002.8701735861
1996-11-01,931134.4289287692
1996-11-04,930376.2769896366
1996-11-05,928382.4650250488
1996-11-06,920319.9677904507
1996-11-07,920636.4775773728
1996-11-08,921306.9121844125
1996-11-11,922111.0382104312
1996-11-12,1254574.0585211043
1996-11-13,922885.9190372084
1996-11-14,922219.6583211697
1996-11-15,922188.4755832214
1996-11-18,922796.1508561814
1996-11-19,922458.0411090491
1996-11-20,921886.5513126971
1996-11-21,920555.6293280497
1996-11-22,917959.5929301727
1996-11-25,918508.1353663629
1996-11-26,919526.272875843
1996-11-27,916680.5979154863
1996-11-28,917362.693812997
1996-11-29,918558.7317722104
1996-12-02,918675.989703
1996-12-03,920317.8220482282
1996-12-04,917042.0180797552
1996-12-05,916399.8056718257
1996-12-06,917889.2128018326
1996-12-09,923139.0233038495
1996-12-10,926376.6129008924
1996-12-11,929138.7040315362
1996-12-12,926594.2551393119
1996-12-13,926282.7951208991
1996-12-16,931830.8853731669
1996-12-17,929852.2421590517
1996-12-18,930201.4494924202
1996-12-19,929743.6136637065
1996-12-20,928631.8469417575
1996-12-23,927532.1909177247
1996-12-24,923989.9372841117
1996-12-25,923989.9372841117
1996-12-26,932238.4634575698
1996-12-27,932113.5134076199
1996-12-30,932113.5134076199
1996-12-31,927507.3476141307
1997-01-01,934763.5335218414
1997-01-02,932881.1104407195
1997-01-03,935497.7678253533
1997-01-06,936201.3869042206
1997-01-07,931948.0612623645
1997-01-08,943115.0459641913
1997-01-09,952973.1507283808
1997-01-10,959466.8670082899
1997-01-13,958326.3024675914
1997-01-14,956283.9569630795
1997-01-15,992909.2044664491
1997-01-16,966632.2190007782
1997-01-17,958483.8602535673
1997-01-20,941770.4173378862
1997-01-21,926955.447685683
1997-01-22,944872.1363401373
1997-01-23,944872.1363401373
1997-01-24,932918.5186886481
1997-01-27,946159.9209096796
1997-01-28,946601.7489580145
1997-01-29,945940.577777984
1997-01-30,939565.2490237827
1997-01-31,927645.3317919096
1997-02-03,915891.3103720362
1997-02-04,915468.1210914175
1997-02-05,920853.1944098552
1997-02-06,916730.0068054834
1997-02-07,924468.0631060802
1997-02-10,927296.7240501834
1997-02-11,939568.6149841053
1997-02-12,948554.4711744539
1997-02-13,953762.8137410862
1997-02-14,952357.0838332643
1997-02-17,954924.0285021869
1997-02-18,948231.6781575757
1997-02-19,953799.3844417592
1997-02-20,947584.4237759949
1997-02-21,940936.1778239767
1997-02-24,925559.2946576399
1997-02-25,926079.835901103
1997-02-26,930475.0501673538
1997-02-27,945199.0399389099
1997-02-28,987099.5931032515
1997-03-03,1081725.4803188553
1997-03-04,1088488.1939591956
1997-03-05,1119494.3790090412
1997-03-06,1128359.8713809205
1997-03-07,1185763.2868972153
1997-03-10,1074345.0500717524
1997-03-11,1063673.6922754424
1997-03-12,1079329.2307734848
1997-03-13,1064451.7843416806
1997-03-14,1071363.5177072694
1997-03-17,1072420.2571425247
1997-03-18,1064353.178477928
1997-03-19,1052173.774977896
1997-03-20,1047443.40974506
1997-03-21,1050288.0283763662
1997-03-24,1050288.0283763662
1997-03-25,1056347.0568579505
1997-03-26,1060351.9435184232
1997-03-27,1061979.9018702528
1997-03-28,1061979.9018702528
1997-03-31,986685.9586056954
1997-04-01,990249.1629230242
1997-04-02,1019773.8925507908
1997-04-03,1041103.2338737494
1997-04-04,1056267.8852076533
1997-04-07,1057790.2171457727
1997-04-08,1057790.2171457727
1997-04-09,1077069.969367532
1997-04-10,1057526.9351752305
1997-04-11,1060984.523838032
1997-04-14,1151595.9710699257
1997-04-15,1062048.531217658
1997-04-16,1062048.531217658
1997-04-17,1071718.3593659936
1997-04-18,1071718.3593659936
1997-04-21,1083634.8908255703
1997-04-22,1085392.0626336534
1997-04-23,1089222.2327684953
1997-04-24,1090924.9166473877
1997-04-25,1096790.2899214625
1997-04-28,1110968.8293666963
1997-04-29,1107135.7605699846
1997-04-30,1126185.0186489716
1997-05-01,1126185.0186489716
1997-05-02,1124237.666099293
1997-05-05,1121335.7471134374
1997-05-06,1122016.682534654
1997-05-07,1129641.5231316127
1997-05-08,1157103.5950005956
1997-05-09,1163054.8983316377
1997-05-12,1154440.095431415
1997-05-13,1153161.010492012
1997-05-14,1145711.7184315405
1997-05-15,1141624.9913343708
1997-05-16,1140857.3442997902
1997-05-19,1146442.9523830188
1997-05-20,1159528.7942040453
1997-05-21,1147124.8648854976
1997-05-22,1132143.3993697097
1997-05-23,1130645.1878816518
1997-05-26,1128676.4592510858
1997-05-27,1120978.8227489153
1997-05-28,1118956.143951512
1997-05-29,1123527.9900283804
1997-05-30,1139442.6015943491
1997-06-02,1150660.175680114
1997-06-03,1168725.1072629616
1997-06-04,1187183.4431705074
1997-06-05,1185208.3897187694
1997-06-06,1183580.5219488102
1997-06-09,1184347.481943499
1997-06-10,1198621.6201639145
1997-06-11,1207558.6937677714
1997-06-12,1207055.3799818885
1997-06-13,1197712.6651453206
1997-06-16,1180608.7138351335
1997-06-17,1196100.3553861906
1997-06-18,1217719.913058035
1997-06-19,1218610.0792238356
1997-06-20,1208890.419016747
1997-06-23,1204111.6059807683
1997-06-24,1196923.637393902
1997-06-25,1214528.0752579654
1997-06-26,1220653.7008245187
1997-06-27,1213033.6507541123
1997-06-30,1229677.135963637
1997-07-01,1241767.132996358
1997-07-02,1250609.2150120276
1997-07-03,1252706.1660964242
1997-07-04,1267210.6826957774
1997-07-07,1288003.8212704763
1997-07-08,1283609.7468787578
1997-07-09,1330490.4647873137
1997-07-10,1342658.4717567342
1997-07-11,1351748.798814758
1997-07-14,1351927.958144323
1997-07-15,1338538.3249998803
1997-07-16,1352150.885462257
1997-07-17,1365819.0345232037
1997-07-18,1365819.0345232037
1997-07-21,1326479.4450882704
1997-07-22,1323299.128410999
1997-07-23,1353008.7502857596
1997-07-24,1347190.2355789095
1997-07-25,1326601.7627080695
1997-07-28,1335372.603077768
1997-07-29,1345691.2883368428
1997-07-30,1357030.0526819904
1997-07-31,1375534.3842621748
1997-08-01,1413631.2517103138
1997-08-04,1457927.1257111619
1997-08-05,1469778.3429657456
1997-08-06,1477992.1191946552
1997-08-07,1479595.9255825742
1997-08-08,1480785.1593013613
1997-08-11,1499469.097202771
1997-08-12,1472825.064683151
1997-08-13,1468530.8291953076
1997-08-14,1450389.3506323607
1997-08-15,1450389.3506323607
1997-08-18,1452747.967016032
1997-08-19,1424553.7506391865
1997-08-20,1451536.0410338547
1997-08-21,1448340.7751379677
1997-08-22,1429488.5917751323
1997-08-25,1420817.5495828479
1997-08-26,1432199.026403575
1997-08-27,1443108.2380123716
1997-08-28,1405335.9002142537
1997-08-29,1387344.9316306922
1997-09-01,1393867.2461010963
1997-09-02,1415940.2392436627
1997-09-03,1430698.6324897027
1997-09-04,1424423.8608302756
1997-09-05,1441954.186138883
1997-09-08,1490044.7029602793
1997-09-09,1527609.5693088628
1997-09-10,1533601.5647732127
1997-09-11,1507757.3747202794
1997-09-12,1505616.731472662
1997-09-15,1491685.7761247857
1997-09-16,1496364.6945468322
1997-09-17,1485688.0577461715
1997-09-18,1449091.3237004785
1997-09-19,1472673.6512490567
1997-09-22,1470176.031765219
1997-09-23,1501616.3228456422
1997-09-24,1517131.865876522
1997-09-25,1531520.853451278
1997-09-26,1558615.2250860946
1997-09-29,1577514.7803551757
1997-09-30,1585563.534889316
1997-10-01,1571949.1216796192
1997-10-02,1571949.1216796192
1997-10-03,1571949.1216796192
1997-10-06,1571949.1216796192
1997-10-07,1571949.1216796192
1997-10-08,1571949.1216796192
1997-10-09,1534522.8638601701
1997-10-10,1564999.0746914963
1997-10-13,1571718.507415684
1997-10-14,1544733.802279727
1997-10-15,1536816.644596743
1997-10-16,1519628.4826394906
1997-10-17,1530773.2666687088
1997-10-20,2206528.642337177
1997-10-21,2246637.4255231866
1997-10-22,1594491.9607410964
1997-10-23,1569451.3772985872
1997-10-24,1555649.5548202067
1997-10-27,1560072.3962822044
1997-10-28,1489207.2312843788
1997-10-29,1559045.4102233043
1997-10-30,1533092.862041195
1997-10-31,1535385.1928313463
1997-11-03,1522781.026687651
1997-11-04,1522144.755974182
1997-11-05,1471593.2678743713
1997-11-06,1453658.2155211223
1997-11-07,1444258.4212334214
1997-11-10,1431741.5684170574
1997-11-11,1451001.4535964439
1997-11-12,1419718.5679013801
1997-11-13,1400938.8548518405
1997-11-14,1388304.5849716233
1997-11-17,1394188.2515215888
1997-11-18,1386341.2992931036
1997-11-19,1400836.1532701168
1997-11-20,1428254.3287537065
1997-11-21,1417382.4749245504
1997-11-24,1407751.7323473925
1997-11-25,1431005.9358938686
1997-11-26,1426128.330071533
1997-11-27,1431307.3500200182
1997-11-28,1416045.3079987145
1997-12-01,1427763.7158689178
1997-12-02,1424202.6592551316
1997-12-03,1427939.7623729515
1997-12-04,1419112.9417210876
1997-12-05,1420174.126708716
1997-12-08,1407701.9987920995
1997-12-09,1396774.976116468
1997-12-10,1395956.4160781521
1997-12-11,1368568.226314649
1997-12-12,1336136.328404309
1997-12-15,1337706.9177698784
1997-12-16,1338186.4380824205
1997-12-17,1338144.1220561983
1997-12-18,1337714.6257431097
1997-12-19,1337315.7711542996
1997-12-22,1338480.3101071469
1997-12-23,1336342.0480137633
1997-12-24,1338899.2230743307
1997-12-25,1338899.2230743307
1997-12-26,1335283.7369388079
1997-12-29,1339882.385102393
1997-12-30,1341306.5654961772
1997-12-31,1344796.7750589894
1998-01-01,1339379.3738765018
1998-01-02,1336681.3975815282
1998-01-05,1341279.9298800698
1998-01-06,1333048.0331726347
1998-01-07,1339664.3937347962
1998-01-08,1331352.7296975967
1998-01-09,1320439.2987054081
1998-01-12,1312242.9922635865
1998-01-13,1310655.2571470656
1998-01-14,1312473.5322474958
1998-01-15,1309750.293315918
1998-01-16,1311685.8158625588
1998-01-19,1312908.647637424
1998-01-20,1310237.675543751
1998-01-21,1310551.6079397905
1998-01-22,1307378.3276600032
1998-01-23,1303352.7160274945
1998-01-26,1303352.7160274945
1998-01-27,1302404.486523673
1998-01-28,1301248.5690482415
1998-01-29,1300316.5453372684
1998-01-30,1300847.8097442626
1998-02-02,1301466.5287059331
1998-02-03,1300976.050374411
1998-02-04,1298792.1087565294
1998-02-05,1300286.709556067
1998-02-06,1300575.2976125015
1998-02-09,1300869.3659753876
1998-02-10,1298974.3720143414
1998-02-11,1298733.0089191718
1998-02-12,1299845.9492210243
1998-02-13,1299502.1343357745
1998-02-16,1299502.1343357745
1998-02-17,1300170.222884161
1998-02-18,1299900.688570967
1998-02-19,1301009.5245810365
1998-02-20,1300399.5838306844
1998-02-23,1301774.1379082375
1998-02-24,1301685.0835720017
1998-02-25,1306456.3621464432
1998-02-26,1306569.6811546858
1998-02-27,1306150.8299528975
1998-03-02,1313937.5879467188
1998-03-03,1308849.015236219
1998-03-04,1317334.1265494751
1998-03-05,1314318.4962438152
1998-03-06,1315494.53625555
1998-03-09,1318533.777245827
1998-03-10,1316848.5295681763
1998-03-11,1317986.1252158605
1998-03-12,1320841.0510212241
1998-03-13,1321433.1403426735
1998-03-16,1329657.3955501511
1998-03-17,1328577.9338241743
1998-03-18,1343555.0496202798
1998-03-19,1353845.377942516
1998-03-20,1359011.736118723
1998-03-23,1361483.9777087246
1998-03-24,1358513.1138092726
1998-03-25,1366538.3135479763
1998-03-26,1353245.8713696843
1998-03-27,1357309.8611737676
1998-03-30,1350215.4640620474
1998-03-31,1351049.6736084307
1998-04-01,1393988.656060523
1998-04-02,1395489.7147149409
1998-04-03,1399411.2829424103
1998-04-06,1424451.0756270112
1998-04-07,1429604.4555361993
1998-04-08,1429604.4555361993
1998-04-09,1489052.3369925746
1998-04-10,1498299.7764743366
1998-04-13,1468500.6361440825
1998-04-14,1468500.6361440825
1998-04-15,1535876.728351381
1998-04-16,1553458.907005309
1998-04-17,1573134.4672306955
1998-04-20,1576246.5579079913
1998-04-21,1584598.8431832027
1998-04-22,1594924.2653448756
1998-04-23,1574305.191065733
1998-04-24,1551884.0133258752
1998-04-27,1539900.2631501206
1998-04-28,1523034.2461808198
1998-04-29,1542240.8093591603
1998-04-30,1554374.5396200689
1998-05-01,1554443.4985406601
1998-05-04,1586376.8390289699
1998-05-05,1581652.9222832194
1998-05-06,1578252.4007964828
1998-05-07,1578252.4007964828
1998-05-08,1569007.9080320185
1998-05-11,1572066.032592846
1998-05-12,1545560.6326786904
1998-05-13,1499408.638717425
1998-05-14,1550994.9496916302
1998-05-15,1549068.2561473604
1998-05-18,1593199.1115327452
1998-05-19,1622400.908587828
1998-05-20,1685265.905674116
1998-05-21,1646611.3675145525
1998-05-22,1654309.6152296672
1998-05-25,1654344.2206530552
1998-05-26,1651613.2797832896
1998-05-27,1689327.0057339834
1998-05-28,1678522.870547414
1998-05-29,1657254.0803534049
1998-06-01,1654787.4994125392
1998-06-02,1621392.3301952614
1998-06-03,1631402.720348163
1998-06-04,1623540.245229494
1998-06-05,1556591.843624547
1998-06-08,1518356.3671703846
1998-06-09,1557928.8130373005
1998-06-10,1527362.975821873
1998-06-11,1527604.5942841994
1998-06-12,1546548.0540498823
1998-06-15,1506030.604185053
1998-06-16,1486318.8202660067
1998-06-17,1542598.7930041186
1998-06-18,1525570.0797511975
1998-06-19,1492263.4496620412
1998-06-22,1472952.7019406066
1998-06-23,1465280.8522753762
1998-06-24,1510022.409824891
1998-06-25,1526478.1739609162
1998-06-26,1525295.8537583074
1998-06-29,1560688.1551600494
1998-06-30,1549401.2936317315
1998-07-01,1554111.6954443713
1998-07-02,1543584.4435098984
1998-07-03,1521809.184983979
1998-07-06,1549224.536297178
1998-07-07,1561403.736410638
1998-07-08,1560165.7437286829
1998-07-09,1554474.8808270753
1998-07-10,1564727.8904952223
1998-07-13,1564539.84248261
1998-07-14,1558508.343930445
1998-07-15,1561863.4122500059
1998-07-16,1578367.9567844106
1998-07-17,1567056.0644308703
1998-07-20,1553656.5153099336
1998-07-21,1550313.2144783444
1998-07-22,1552838.256009073
1998-07-23,1541427.0527246385
1998-07-24,1532237.329193544
1998-07-27,1538203.1112460017
1998-07-28,1576896.130797615
1998-07-29,1595110.985543432
1998-07-30,1600901.5600257807
1998-07-31,1610689.582425142
1998-08-03,1593585.1181339177
1998-08-04,1578030.8028170578
1998-08-05,1592534.37350087
1998-08-06,1585003.8460533042
1998-08-07,1604453.8344527148
1998-08-10,1598223.8003580873
1998-08-11,1605865.6226052702
1998-08-12,1567621.8595453799
1998-08-13,1573387.780377871
1998-08-14,1566139.209936158
1998-08-17,1545787.310106527
1998-08-18,1523162.5437887502
1998-08-19,1533283.4544608567
1998-08-20,1566423.7058954712
1998-08-21,1563175.539902295
1998-08-24,1574843.284079782
1998-08-25,1586397.2509002779
1998-08-26,1586397.2509002779
1998-08-27,1580314.178980715
1998-08-28,1561784.439621586
1998-08-31,1559852.404472185
1998-09-01,1539218.8769812945
1998-09-02,1532917.3154502802
1998-09-03,1537929.1056748095
1998-09-04,1543031.554164945
1998-09-07,1548587.4642380155
1998-09-08,1554877.6030077212
1998-09-09,1546201.6357061
1998-09-10,1538241.6286875452
1998-09-11,1518648.4593923076
1998-09-14,1520654.377869495
1998-09-15,1535303.8733973245
1998-09-16,1546702.2985097866
1998-09-17,1544295.0072530392
1998-09-18,1538237.154629279
1998-09-21,1532629.9246798852
1998-09-22,1521238.6800243785
1998-09-23,1544120.5981750546
1998-09-24,1552411.9302269896
1998-09-25,1550619.0969367845
1998-09-28,1548816.8478631536
1998-09-29,1540667.8572508427
1998-09-30,1570376.8690212579
1998-10-01,1570376.8690212579
1998-10-02,1570376.8690212579
1998-10-05,1511747.0530507823
1998-10-06,1517511.3781746104
1998-10-07,1553627.3572763968
1998-10-08,1536022.5298696328
1998-10-09,1534287.0713532274
1998-10-12,1530018.252795824
1998-10-13,1516519.119859675
1998-10-14,1526238.2339057627
1998-10-15,1522396.6348794554
1998-10-16,1519543.9456087486
1998-10-19,1506094.24858711
1998-10-20,1496256.346011579
1998-10-21,1496256.346011579
1998-10-22,1422211.2448311092
1998-10-23,1428621.6533533067
1998-10-26,1434699.4736586877
1998-10-27,1434389.334835797
1998-10-28,1435135.3025163696
1998-10-29,1434040.0387386396
1998-10-30,1431647.5115828589
1998-11-02,1426718.6721482123
1998-11-03,1427101.690129973
1998-11-04,1742945.7300102997
1998-11-05,1433864.4817010956
1998-11-06,1435001.89397587
1998-11-09,1441925.3880011241
1998-11-10,1447136.0771559433
1998-11-11,1449895.9348641913
1998-11-12,1448481.8847627775
1998-11-13,1448592.579433852
1998-11-16,1447603.0185072238
1998-11-17,1446254.5368397054
1998-11-18,1452952.4551428251
1998-11-19,1450011.4194395358
1998-11-20,1447105.277190687
1998-11-23,1440248.6815210015
1998-11-24,1439982.816696
1998-11-25,1945164.1820318473
1998-11-26,1433970.4317116896
1998-11-27,1433668.7504759172
1998-11-30,1441998.8196702057
1998-12-01,1444218.245784094
1998-12-02,1452466.1049873778
1998-12-03,1461041.4014706498
1998-12-04,1460818.1042720967
1998-12-07,1469208.7030722497
1998-12-08,1479103.470540501
1998-12-09,1475430.2172280133
1998-12-10,1475892.8551582764
1998-12-11,1487428.6517487636
1998-12-14,1485028.4385770909
1998-12-15,1483345.8263142803
1998-12-16,1480552.713604575
1998-12-17,1471004.181255463
1998-12-18,1479996.7731733238
1998-12-21,1502989.1510767646
1998-12-22,1501895.7360981433
1998-12-23,1501152.7718192607
1998-12-24,1503230.2071425915
1998-12-25,2269372.3106664796
1998-12-28,1512665.7714129586
1998-12-29,1514513.8126755238
1998-12-30,1526094.792862874
1998-12-31,1513991.573875904
1999-01-01,1515278.1311513335
1999-01-04,1520940.6697345136
1999-01-05,1514290.1110945453
1999-01-06,1531417.7747271438
1999-01-07,1536456.9608809466
1999-01-08,1565994.1375658913
1999-01-11,1585522.206135737
1999-01-12,1567028.7965656342
1999-01-13,1579288.8019352476
1999-01-14,1581281.9424906839
1999-01-15,1560114.6026134728
1999-01-18,1577799.1210860764
1999-01-19,1577568.6137932432
1999-01-20,1577568.6137932432
1999-01-21,1631022.0951554035
1999-01-22,1652741.8908837207
1999-01-25,1653684.917849285
1999-01-26,1653684.917849285
1999-01-27,1672204.2878716546
1999-01-28,1645945.5382910224
1999-01-29,1649984.1340302648
1999-02-01,1646064.7417032851
1999-02-02,1646062.5772470383
1999-02-03,1673237.173266396
1999-02-04,1666692.2921117276
1999-02-05,1678990.246543412
1999-02-08,1675710.154215614
1999-02-09,1680469.765743826
1999-02-10,1688366.3485875386
1999-02-11,1693228.3030303954
1999-02-12,1711502.453531116
1999-02-15,1691337.825680825
1999-02-16,1697181.4537571282
1999-02-17,1700581.1107200312
1999-02-18,1704804.3257059418
1999-02-19,1710541.3107459776
1999-02-22,1687765.097123396
1999-02-23,1687707.0476887822
1999-02-24,1694033.731664746
1999-02-25,1703508.9717689645
1999-02-26,1698314.4812473792
1999-03-01,1793681.9347946204
1999-03-02,2671060.4364714227
1999-03-03,1840046.354713248
1999-03-04,1809724.7348937385
1999-03-05,1808473.1133141383
1999-03-08,1790010.696968802
1999-03-09,1808371.8517580382
1999-03-10,1815834.1557079372
1999-03-11,1827308.0316103147
1999-03-12,1842780.88673813
1999-03-15,1857347.3603924052
1999-03-16,1828224.5228620502
1999-03-17,1853805.0645774144
1999-03-18,1877103.7894157723
1999-03-19,1847455.5575928302
1999-03-22,1835915.1521160654
1999-03-23,1831988.0300855527
1999-03-24,1828143.6178742487
1999-03-25,1827779.9622117435
1999-03-26,2563059.980082856
1999-03-29,2563059.980082856
1999-03-30,2600564.062754972
1999-03-31,2647365.830588664
1999-04-01,2656235.1297530304
1999-04-02,2657906.3638669443
1999-04-05,2594544.2387082325
1999-04-06,2587532.7715931796
1999-04-07,2573321.648798171
1999-04-08,2550681.955194558
1999-04-09,2532975.2869110177
1999-04-12,2543466.505471814
1999-04-13,2527804.0782757895
1999-04-14,2527804.0782757895
1999-04-15,2503342.1145295002
1999-04-16,2602197.393193371
1999-04-19,2560247.2688887347
1999-04-20,2575679.713349414
1999-04-21,2592415.9262616048
1999-04-22,2578452.771645687
1999-04-23,2579814.1326461965
1999-04-26,2504447.641092021
1999-04-27,2504447.641092021
1999-04-28,2497232.3669304224
1999-04-29,2526069.413558808
1999-04-30,2544923.474973513
1999-05-03,2521588.772218723
1999-05-04,2570129.001953516
1999-05-05,2573670.1603539586
1999-05-06,2577213.128768652
1999-05-07,2592256.248564357
1999-05-10,2593799.107610282
1999-05-11,2573436.1044734237
1999-05-12,2574153.371571918
1999-05-13,2600763.422095993
1999-05-14,2595542.7009111284
1999-05-17,2553270.8790646587
1999-05-18,2552623.9658635547
1999-05-19,2572886.455294061
1999-05-20,2587051.3595402515
1999-05-21,2588557.464543688
1999-05-24,2580789.4243229292
1999-05-25,2573877.840710218
1999-05-26,2559170.2676661504
1999-05-27,2541908.3700685278
1999-05-28,2534583.202810905
1999-05-31,2559076.67490436
1999-06-01,2530884.1840892932
1999-06-02,2536736.802386758
1999-06-03,2540999.752479682
1999-06-04,2542420.3365327213
1999-06-07,2529880.1143372213
1999-06-08,2564702.3779058815
1999-06-09,2530801.7894136445
1999-06-10,2542171.078223963
1999-06-11,2527459.087362275
1999-06-14,2511060.1115525938
1999-06-15,2501598.282199778
1999-06-16,2510997.0743883313
1999-06-17,2518329.2188438233
1999-06-18,2509978.352483709
1999-06-21,2530793.591626612
1999-06-22,2542673.880058877
1999-06-23,2535956.7902743025
1999-06-24,2533662.5768792443
1999-06-25,2549582.6951685757
1999-06-28,2558503.5205357894
1999-06-29,2555559.091988304
1999-06-30,2552729.4705321053
1999-07-01,2547683.312559262
1999-07-02,2551130.9804973616
1999-07-05,2570905.40508345
1999-07-06,2575038.3644600725
1999-07-07,2580443.4547888236
1999-07-08,2582676.673888365
1999-07-09,2609172.0034988006
1999-07-12,2663321.0921128592
1999-07-13,2658898.5400603386
1999-07-14,2699235.0724379383
1999-07-15,2700431.6127860174
1999-07-16,2733944.474161053
1999-07-19,2801515.96756053
1999-07-20,2751200.5116310744
1999-07-21,2770507.3676368725
1999-07-22,2748446.561919883
1999-07-23,2732793.5168236806
1999-07-26,2739535.624591493
1999-07-27,2739364.4326751204
1999-07-28,2764114.600169199
1999-07-29,2746126.4506372344
1999-07-30,2746260.7575596482
1999-08-02,2758958.2870297995
1999-08-03,2762609.447926846
1999-08-04,2806950.5754587883
1999-08-05,2826422.1735640923
1999-08-06,2870052.547071363
1999-08-09,2907524.9711593674
1999-08-10,2894595.2459578747
1999-08-11,2926048.9178605773
1999-08-12,2932146.978586027
1999-08-13,2927531.5289833248
1999-08-16,2981498.7394745154
1999-08-17,3020129.642668413
1999-08-18,3070884.635127659
1999-08-19,3023229.3427756014
1999-08-20,3054929.8293448524
1999-08-23,3092047.756106672
1999-08-24,3081798.851374735
1999-08-25,3090070.337805394
1999-08-26,3152447.9655554798
1999-08-27,3167563.344121573
1999-08-30,3137103.7081113523
1999-08-31,3148714.5176535435
1999-09-01,3118880.0448998176
1999-09-02,3088433.273675042
1999-09-03,3105407.00290608
1999-09-06,3174726.688485268
1999-09-07,3187636.924816007
1999-09-08,3229675.6200701417
1999-09-09,3250531.79696042
1999-09-10,3272043.476490593
1999-09-13,3272043.476490593
1999-09-14,3300133.0880599506
1999-09-15,3304306.688002186
1999-09-16,3267463.092944403
1999-09-17,3327346.628754022
1999-09-20,3379968.654613326
1999-09-21,3414264.6838999963
1999-09-22,3504881.955481369
1999-09-23,3564273.8727172506
1999-09-24,3599692.501265092
1999-09-27,3569481.9114060747
1999-09-28,3557807.405460124
1999-09-29,3670675.0360533693
1999-09-30,3633267.574590222
1999-10-01,3616354.3062860374
1999-10-04,3541452.140328659
1999-10-05,3579000.8635693053
1999-10-06,3625869.4825213035
1999-10-07,3754707.868914524
1999-10-08,3771300.1818450876
1999-10-11,3817644.205638474
1999-10-12,3839398.32371116
1999-10-13,3922099.9063133243
1999-10-14,3954559.7137073246
1999-10-15,3835019.061789068
1999-10-18,3884614.8022642215
1999-10-19,3884614.8022642215
1999-10-20,3989664.882763184
1999-10-21,3889078.9776517623
1999-10-22,3814364.9810057194
1999-10-25,3709792.195620944
1999-10-26,3655731.0030202167
1999-10-27,3673383.142017249
1999-10-28,3588447.045153727
1999-10-29,3520624.442852121
1999-11-01,3435491.666390731
1999-11-02,3540510.418008076
1999-11-03,3507325.923706877
1999-11-04,3380465.086126329
1999-11-05,3455532.8605180667
1999-11-08,3786324.227399312
1999-11-09,3480227.261847002
1999-11-10,3529414.4879895747
1999-11-11,3491428.471219817
1999-11-12,3501769.079096125
1999-11-15,3502148.5961493817
1999-11-16,3514772.9098057775
1999-11-17,3498792.592313723
1999-11-18,3526507.84311719
1999-11-19,3545869.0940279975
1999-11-22,3597686.038942202
1999-11-23,3931868.6462672353
1999-11-24,3641404.000760114
1999-11-25,3666264.748487326
1999-11-26,3729625.311959914
1999-11-29,3745562.601311332
1999-11-30,3788659.2929665027
1999-12-01,3800350.356794044
1999-12-02,3828378.68386981
1999-12-03,3854570.753523015
1999-12-06,3932572.8465283574
1999-12-07,3980847.1625962737
1999-12-08,3966748.1528879795
1999-12-09,3935815.1042393036
1999-12-10,3965814.899992464
1999-12-13,3958208.0431647105
1999-12-14,3952963.1656769477
1999-12-15,3905106.806982417
1999-12-16,3973737.982209951
1999-12-17,4028350.4946191474
1999-12-20,4088181.830339667
1999-12-21,4125823.8158165445
1999-12-22,4193172.3565458544
1999-12-23,4223935.121640683
1999-12-24,4155108.576268589
1999-12-27,4084413.52475331
1999-12-28,4087326.7795900404
1999-12-29,4222478.909435181
1999-12-30,4318560.655498005
1999-12-31,4317112.599348645
2000-01-03,4522525.689517848
2000-01-04,4650340.22289734
2000-01-05,4526090.137369974
2000-01-06,4436646.1595535185
2000-01-07,4268060.331115016
2000-01-10,4262756.365616547
2000-01-11,4132898.4014450386
2000-01-12,4164956.200610591
2000-01-13,4056546.279679202
2000-01-14,4102148.4751700293
2000-01-17,4114685.0519246375
2000-01-18,4101901.443855372
2000-01-19,4208625.949619199
2000-01-20,4172604.720890072
2000-01-21,4215866.419652234
2000-01-24,4222074.108968886
2000-01-25,4242494.872914925
2000-01-26,4242494.872914925
2000-01-27,4313793.129286128
2000-01-28,4347546.524734642
2000-01-31,4261536.918391228
2000-02-01,4300562.44263284
2000-02-02,4321085.585261139
2000-02-03,4323975.734099534
2000-02-04,4387919.070441502
2000-02-07,4489998.817612258
2000-02-08,4548586.580165543
2000-02-09,4529135.878856687
2000-02-10,4623673.913160655
2000-02-11,4739839.0450300975
2000-02-14,4881185.0406961385
2000-02-15,4772013.6104530245
2000-02-16,4816461.694505052
2000-02-17,4881582.892345311
2000-02-18,4829391.545035788
2000-02-21,4921247.181460056
2000-02-22,4829305.637013847
2000-02-23,4714239.049726471
2000-02-24,4702532.758677212
2000-02-25,4615023.466669712
2000-02-28,4536944.486157635
2000-02-29,4550681.619765881
2000-03-01,4688027.894264538
2000-03-02,4826560.760783178
2000-03-03,4933437.443254176
2000-03-06,5072028.309999373
2000-03-07,5207716.362265999
2000-03-08,5125768.42251359
2000-03-09,5025492.103584971
2000-03-10,4992373.537983475
2000-03-13,4834939.735059006
2000-03-14,4687788.068826858
2000-03-15,4683134.926159852
2000-03-16,4545516.747708196
2000-03-17,4545178.701885205
2000-03-20,4545178.701885205
2000-03-21,4640352.963945135
2000-03-22,4760767.649605656
2000-03-23,4703399.429988253
2000-03-24,4772631.764835871
2000-03-27,4687642.039934983
2000-03-28,4636236.568747768
2000-03-29,4678268.795216946
2000-03-30,4607616.744289852
2000-03-31,4480259.981407138
2000-04-03,4353851.082678824
2000-04-04,4225247.781185797
2000-04-05,4242265.167704297
2000-04-06,4327476.032439065
2000-04-07,4462990.601528894
2000-04-10,4583424.384163692
2000-04-11,4707707.350015531
2000-04-12,4638155.15099719
2000-04-13,4524223.357249173
2000-04-14,4524223.357249173
2000-04-17,4393279.324678275
2000-04-18,4288665.552231853
2000-04-19,4188218.3595221485
2000-04-20,4244316.387699991
2000-04-21,4244321.518645315
2000-04-24,4199878.086331652
2000-04-25,4167021.3457403267
2000-04-26,4268149.738047041
2000-04-27,4297005.607952777
2000-04-28,4312300.957368019
2000-05-01,4312300.957368019
2000-05-02,4264097.645802132
2000-05-03,4218281.6040899595
2000-05-04,4307398.001671405
2000-05-05,4372992.996173717
2000-05-08,4222365.2862665905
2000-05-09,4264220.631218757
2000-05-10,4183099.359657215
2000-05-11,4075804.8192169545
2000-05-12,4044729.2146155005
2000-05-15,4056401.8985970938
2000-05-16,4044632.8074881216
2000-05-17,4060144.445795908
2000-05-18,4050151.46116132
2000-05-19,3949644.410905712
2000-05-22,3949551.8375516147
2000-05-23,3950478.224360835
2000-05-24,3949139.9248339385
2000-05-25,3951211.8910187236
2000-05-26,3951668.9432217535
2000-05-29,3951479.6481496356
2000-05-30,3952068.0022761095
2000-05-31,3948351.6899053603
2000-06-01,3943701.7126888605
2000-06-02,3944579.3741895286
2000-06-05,3945791.3478112724
2000-06-06,3946333.2209721464
2000-06-07,3946222.611413868
2000-06-08,3948126.8945456054
2000-06-09,3946853.8247616705
2000-06-12,3947349.095570848
2000-06-13,3943924.454709056
2000-06-14,3943952.792321417
2000-06-15,3942492.4983665724
2000-06-16,3946422.215695813
2000-06-19,3948638.5367686134
2000-06-20,3952865.7750381813
2000-06-21,3949346.8246261803
2000-06-22,3948164.634210757
2000-06-23,3946538.9967016443
2000-06-26,3938444.2375776004
2000-06-27,3932641.6990411445
2000-06-28,3929965.1001096857
2000-06-29,3931918.020831835
2000-06-30,3931141.1403564704
2000-07-03,3934884.973804977
2000-07-04,3936270.855049894
2000-07-05,3939649.996652666
2000-07-06,3938690.3405779237
2000-07-07,3943140.3255277565
2000-07-10,3939963.891247325
2000-07-11,3942160.4386798586
2000-07-12,3944836.049806895
2000-07-13,3941248.382063812
2000-07-14,3938511.027960963
2000-07-17,3937598.3939530193
2000-07-18,3935474.6333598536
2000-07-19,3925747.837716985
2000-07-20,3924996.8118576338
2000-07-21,3921610.684769073
2000-07-24,3909603.232392639
2000-07-25,3915111.886209165
2000-07-26,3915699.3954343707
2000-07-27,3914247.6720605553
2000-07-28,3912988.6639213515
2000-07-31,3909528.480663873
2000-08-01,3907116.1123209856
2000-08-02,3908785.1284903814
2000-08-03,3906071.4694834384
2000-08-04,3904287.906402861
2000-08-07,3903484.0966762793
2000-08-08,3903972.3691346524
2000-08-09,3906114.76261362
2000-08-10,3906784.7058398416
2000-08-11,3907467.4756672005
2000-08-14,3915573.5433518365
2000-08-15,3915573.5433518365
2000-08-16,3925665.256824087
2000-08-17,3934389.975137178
2000-08-18,3938248.7872295044
2000-08-21,3936414.301338419
2000-08-22,3941136.7011677697
2000-08-23,3933626.5874401513
2000-08-24,3933977.0904318755
2000-08-25,3941388.504621495
2000-08-28,3951660.5472166697
2000-08-29,3957141.219336145
2000-08-30,3965534.0828716154
2000-08-31,3981496.3232364934
2000-09-01,3981496.3232364934
2000-09-04,3985891.1414688798
2000-09-05,3991371.97764639
2000-09-06,3986475.9954927177
2000-09-07,3982453.62963345
2000-09-08,3979691.9590140916
2000-09-11,3975939.1725059925
2000-09-12,3975937.968110438
2000-09-13,3966250.8056337433
2000-09-14,3958029.6871339874
2000-09-15,3946357.5614458546
2000-09-18,3924681.8455385207
2000-09-19,3915044.9098991673
2000-09-20,3914619.428111619
2000-09-21,3912748.056509202
2000-09-22,3907303.269072174
2000-09-25,3908580.164111713
2000-09-26,3907146.3476962913
2000-09-27,3909051.4408524525
2000-09-28,3908496.260435316
2000-09-29,3908028.076970835
2000-10-02,3908028.076970835
2000-10-03,3908036.389543546
2000-10-04,3908689.1722966204
2000-10-05,3908078.94975565
2000-10-06,3907144.7635516645
2000-10-09,3906751.4105289946
2000-10-10,3906539.990583334
2000-10-11,3907386.6393783037
2000-10-12,3905759.0228915196
2000-10-13,3902614.612725897
2000-10-16,3903317.725443685
2000-10-17,3902888.2603371404
2000-10-18,3902296.381730293
2000-10-19,3900550.3265000875
2000-10-20,3900520.657037049
2000-10-23,3900493.5691081723
2000-10-24,3900868.945991026
2000-10-25,3900608.3339393
2000-10-26,3901419.5835300083
2000-10-27,3901475.091136524
2000-10-30,3900896.4213371393
2000-10-31,3902149.9029733567
2000-11-01,3904856.903072686
2000-11-02,3904627.3704746356
2000-11-03,3906196.974045623
2000-11-06,3904435.8662493266
2000-11-07,3903623.6052539833
2000-11-08,3907169.6531932116
2000-11-09,3906506.4900288037
2000-11-10,3905152.1311087157
2000-11-13,3902454.915288771
2000-11-14,3905243.949513164
2000-11-15,3909642.182538651
2000-11-16,3903769.2683556126
2000-11-17,3902954.480291567
2000-11-20,3901080.8463256657
2000-11-21,3899882.06684974
2000-11-22,3899588.784349455
2000-11-23,3898567.8087924435
2000-11-24,3898238.0943030748
2000-11-27,3904302.386561487
2000-11-28,3911438.3149189353
2000-11-29,3907829.9978021006
2000-11-30,3908502.064916931
2000-12-01,3910088.6407638295
2000-12-04,3911440.603657171
2000-12-05,3920897.5824334756
2000-12-06,3924630.726078703
2000-12-07,3925010.552690318
2000-12-08,3928185.214374539
2000-12-11,3937769.3000084376
2000-12-12,3941215.6453851927
2000-12-13,3943839.5210390575
2000-12-14,3944102.9615264307
2000-12-15,3919626.326754288
2000-12-18,3923638.5435716636
2000-12-19,3929625.828318212
2000-12-20,3925175.134313503
2000-12-21,3918812.392892529
2000-12-22,3898102.8961782744
2000-12-25,3898102.8961782744
2000-12-26,3860609.425612064
2000-12-27,3875401.9609193224
2000-12-28,3894915.547143114
2000-12-29,3916437.0891553583
2001-01-01,3922552.886978526
2001-01-02,3934074.8528569667
2001-01-03,3957099.0985332644
2001-01-04,3949968.28381522
2001-01-05,3947921.5256815674
2001-01-08,3941899.368617511
2001-01-09,3937842.671865341
2001-01-10,3929435.91527333
2001-01-11,3930865.115850661
2001-01-12,3945602.124536111
2001-01-15,3968706.725160885
2001-01-16,3964639.4074522043
2001-01-17,3957929.2142427084
2001-01-18,3964889.3971327622
2001-01-19,3969917.4073654963
2001-01-22,3993659.3281169757
2001-01-23,3990316.0713403877
2001-01-24,4001402.928940392
2001-01-25,4030728.0925928717
2001-01-26,4030728.0925928717
2001-01-29,3985382.5839305846
2001-01-30,4007065.155113921
2001-01-31,4011259.5998132164
2001-02-01,3999096.300254277
2001-02-02,4040989.935997161
2001-02-05,4091557.576513524
2001-02-06,4091706.285831257
2001-02-07,4112869.7885719496
2001-02-08,4153140.6666257787
2001-02-09,4161653.5104212565
2001-02-12,4140385.94950292
2001-02-13,4130340.078379793
2001-02-14,4146089.7686610767
2001-02-15,4164996.3654732774
2001-02-16,4120423.984944829
2001-02-19,4144275.9485084508
2001-02-20,4170136.632579214
2001-02-21,4139690.134808078
2001-02-22,4114973.045937671
2001-02-23,4058547.6633266397
2001-02-26,4052873.319542979
2001-02-27,4032736.299534616
2001-02-28,4044175.9858866897
2001-03-01,4074453.084055583
2001-03-02,4053354.4549500067
2001-03-05,4007582.5445001996
2001-03-06,4007582.5445001996
2001-03-07,3999924.131273088
2001-03-08,4007134.893886399
2001-03-09,3943340.084816672
2001-03-12,3898036.0985002797
2001-03-13,3868072.9057162763
2001-03-14,3848062.412948821
2001-03-15,3864718.327307179
2001-03-16,3852604.584834505
2001-03-19,3843314.9349062503
2001-03-20,3840709.891728623
2001-03-21,3847880.3902104516
2001-03-22,3840987.8550190595
2001-03-23,3832930.88236306
2001-03-26,3832048.4952523545
2001-03-27,3837061.867350149
2001-03-28,3848761.999748887
2001-03-29,3847304.379325945
2001-03-30,3839658.160641074
2001-04-02,3828598.0909683327
2001-04-03,3838403.1019538245
2001-04-04,3837584.313276533
2001-04-05,3837584.313276533
2001-04-06,3842640.7294801264
2001-04-09,3842500.494136613
2001-04-10,3839058.03885197
2001-04-11,3829238.545469145
2001-04-12,3821326.7866362506
2001-04-13,3821326.7866362506
2001-04-16,3820167.6157407584
2001-04-17,3826902.7433962636
2001-04-18,3834696.5420269356
2001-04-19,3829197.7734185886
2001-04-20,3827908.3148840577
2001-04-23,3832401.2212047293
2001-04-24,3828436.6196367643
2001-04-25,3830747.452798464
2001-04-26,3828900.020087685
2001-04-27,3819995.0939629977
2001-04-30,3821656.601021793
2001-05-01,3821656.601021793
2001-05-02,3828121.9196181423
2001-05-03,3825578.5933936145
2001-05-04,3826813.078929344
2001-05-07,3827166.5058117695
2001-05-08,3832318.122808833
2001-05-09,3832664.9363930845
2001-05-10,3829094.286901199
2001-05-11,3828112.904102663
2001-05-14,3826715.1802575705
2001-05-15,3826474.711334641
2001-05-16,3829200.764406273
2001-05-17,3831351.1273327847
2001-05-18,3833617.1172231585
2001-05-21,3830368.0081819366
2001-05-22,3826924.3398450743
2001-05-23,3826544.716649396
2001-05-24,3824276.004382349
2001-05-25,3820133.0429120706
2001-05-28,3825662.4245086
2001-05-29,3831394.0910850684
2001-05-30,3828315.4056012216
2001-05-31,3825847.0363774016
2001-06-01,3824547.7092363797
2001-06-04,3820027.425020602
2001-06-05,3813899.9068158655
2001-06-06,3813931.912920479
2001-06-07,3808182.1366347857
2001-06-08,3812723.415278037
2001-06-11,3815395.4522893634
2001-06-12,3808702.7255441104
2001-06-13,3807518.364693011
2001-06-14,3820607.424092816
2001-06-15,3813358.0184663087
2001-06-18,3809974.9967482975
2001-06-19,3812456.0916254874
2001-06-20,3816070.1840947988
2001-06-21,3816285.7085193205
2001-06-22,3808952.612385673
2001-06-25,3805777.799391715
2001-06-26,3813663.845396632
2001-06-27,3803238.1069879574
2001-06-28,3795480.148137574
2001-06-29,3799871.976718264
2001-07-02,3801690.2346789036
2001-07-03,3801274.491207304
2001-07-04,3796065.6701194635
2001-07-05,3794581.1504091476
2001-07-06,3795818.2839472126
2001-07-09,3796193.1518424526
2001-07-10,3798347.4278654843
2001-07-11,3795451.9174607066
2001-07-12,3794368.54576019
2001-07-13,3791207.2245814144
2001-07-16,3794014.978785533
2001-07-17,3793026.179268702
2001-07-18,3790863.103519733
2001-07-19,3792217.907633297
2001-07-20,3791194.8768035253
2001-07-23,3791859.94422913
2001-07-24,3790360.6719027553
2001-07-25,3787358.2577085453
2001-07-26,3786420.8903320553
2001-07-27,3791961.322954524
2001-07-30,3796916.6984107643
2001-07-31,3796116.266905491
2001-08-01,3795820.784366802
2001-08-02,3795635.5273068245
2001-08-03,3799252.2999289753
2001-08-06,3801165.092391915
2001-08-07,3801326.861177669
2001-08-08,3801108.7561642984
2001-08-09,3804234.3569704606
2001-08-10,3804277.126854771
2001-08-13,3799615.387687968
2001-08-14,3802500.4024408394
2001-08-15,3802500.4024408394
2001-08-16,3801909.371055513
2001-08-17,3799620.319091354
2001-08-20,3798586.70321271
2001-08-21,3797175.5944395843
2001-08-22,3797175.5944395843
2001-08-23,3799318.486708669
2001-08-24,3797590.925522426
2001-08-27,3796968.259924652
2001-08-28,3797463.575697577
2001-08-29,3797737.839654453
2001-08-30,3796896.0197325866
2001-08-31,3792275.4909161115
2001-09-03,3791915.5863159406
2001-09-04,3793079.609806573
2001-09-05,3794325.634477849
2001-09-06,3796386.670934326
2001-09-07,3795519.8616938135
2001-09-10,3791832.6313813454
2001-09-11,3787052.6981280404
2001-09-12,3778987.492299397
2001-09-13,3776491.5131508308
2001-09-14,3751017.0469272714
2001-09-17,3743001.3116311603
2001-09-18,3746533.5956624313
2001-09-19,3747628.111852668
2001-09-20,3744493.133799521
2001-09-21,3742961.0381432595
2001-09-24,3742449.8200812484
2001-09-25,3744903.678312364
2001-09-26,3744164.7105439664
2001-09-27,3743982.2266745064
2001-09-28,3744804.6062011453
2001-10-01,3744507.6298307795
2001-10-02,3744507.6298307795
2001-10-03,3743790.5834370498
2001-10-04,3744776.926495489
2001-10-05,3745030.989461547
2001-10-08,3744675.35139105
2001-10-09,3745009.7567125433
2001-10-10,3800232.3268469004
2001-10-11,3801246.5285116592
2001-10-12,3801086.0730302897
2001-10-15,3735809.976292517
2001-10-16,3736745.082723311
2001-10-17,3740257.286282103
2001-10-18,3737581.6749122785
2001-10-19,3738416.5022748117
2001-10-22,3743052.280742799
2001-10-23,3749769.7956201374
2001-10-24,3753815.150822025
2001-10-25,3745787.2349881483
2001-10-26,3747185.1812510807
2001-10-29,3747190.335353384
2001-10-30,3741908.1953700827
2001-10-31,3741255.595002167
2001-11-01,3751018.2190413433
2001-11-02,3743858.727482639
2001-11-05,3746055.8666441203
2001-11-06,3747768.9224699656
2001-11-07,3745950.167108446
2001-11-08,3754260.8350102734
2001-11-09,3752772.4650918604
2001-11-12,3766891.7248049052
2001-11-13,3764422.014100543
2001-11-14,3773007.7425676943
2001-11-15,3773431.291247109
2001-11-16,3773431.291247109
2001-11-19,3780462.242485231
2001-11-20,3770671.1602937733
2001-11-21,3774869.8102393416
2001-11-22,3773738.7291205097
2001-11-23,3768531.9126303825
2001-11-26,3797921.906064057
2001-11-27,3793522.4437677083
2001-11-28,3797313.1579946657
2001-11-29,3797919.5534432293
2001-11-30,3799622.93433074
2001-12-03,3817286.136561054
2001-12-04,3829860.632633115
2001-12-05,3834561.583024044
2001-12-06,3830651.85176148
2001-12-07,3822292.23043955
2001-12-10,3823026.482102815
2001-12-11,3823078.7664728393
2001-12-12,3807435.0569938268
2001-12-13,3786316.1006996357
2001-12-14,3784387.257888568
2001-12-17,3784387.257888568
2001-12-18,3776602.1825150596
2001-12-19,3738157.397211828
2001-12-20,3724905.4597438225
2001-12-21,3696110.8480328503
2001-12-24,3687484.5655086306
2001-12-25,3687484.5655086306
2001-12-26,3688116.316235851
2001-12-27,3684215.5807336383
2001-12-28,3697139.7082634233
2001-12-31,3711255.7686740817
2002-01-01,3708999.701351679
2002-01-02,3715124.955728008
2002-01-03,3728056.102618428
2002-01-04,3739693.9272950827
2002-01-07,3756049.971733994
2002-01-08,3755088.3051824225
2002-01-09,3747490.531873933
2002-01-10,3752817.0805652873
2002-01-11,3756866.322290731
2002-01-14,3787782.478578273
2002-01-15,3782828.943838617
2002-01-16,3783033.216436695
2002-01-17,3801611.616791224
2002-01-18,3814486.009389454
2002-01-21,3821515.056430127
2002-01-22,3825267.687465592
2002-01-23,3823294.3180830954
2002-01-24,3814951.6495407117
2002-01-25,3810060.2810466303
2002-01-28,3808533.2482339074
2002-01-29,3819112.0898467284
2002-01-30,3813305.0822825236
2002-01-31,3830705.5969749065
2002-02-01,3839085.7552878247
2002-02-04,3846008.4291525893
2002-02-05,3846239.626854986
2002-02-06,3908323.363510712
2002-02-07,3935293.891784196
2002-02-08,3938960.642484187
2002-02-11,3947208.7326871315
2002-02-12,3922968.037642439
2002-02-13,3940799.0342486207
2002-02-14,3965333.877888044
2002-02-15,3990062.473084183
2002-02-18,4000989.142161246
2002-02-19,3971565.436287222
2002-02-20,4009003.322556906
2002-02-21,4023094.2719085994
2002-02-22,4059263.881175539
2002-02-25,4046038.6026772396
2002-02-26,4089292.0079782223
2002-02-27,4105448.447321192
2002-02-28,4022631.5882536657
2002-03-01,4105868.7399857664
2002-03-04,4135797.3310604827
2002-03-05,4148209.523235638
2002-03-06,4129515.6770039415
2002-03-07,4117200.369883652
2002-03-08,4113930.4129602793
2002-03-11,4079360.2890448165
2002-03-12,4054807.8959791726
2002-03-13,4080642.348390365
2002-03-14,4086041.301753381
2002-03-15,4097701.069019337
2002-03-18,4087719.587056556
2002-03-19,4052446.822209295
2002-03-20,4050444.796728025
2002-03-21,4075108.1825015424
2002-03-22,4063771.4292635233
2002-03-25,4063771.4292635233
2002-03-26,4044188.083333358
2002-03-27,4057733.786964228
2002-03-28,4085890.3465021076
2002-03-29,4086677.0592419608
2002-04-01,4135310.1841739183
2002-04-02,4138678.498385093
2002-04-03,4155416.2545064953
2002-04-04,4192709.92281735
2002-04-05,4185732.9030522704
2002-04-08,4176835.8048440344
2002-04-09,4159531.9611269343
2002-04-10,4163449.813103352
2002-04-11,4177306.2775906096
2002-04-12,4196765.959255449
2002-04-15,4167299.50339428
2002-04-16,4191211.1468137326
2002-04-17,4198873.192501614
2002-04-18,4191284.0263727237
2002-04-19,4152264.1444053384
2002-04-22,4153431.0773839755
2002-04-23,4157734.0351602556
2002-04-24,4177877.861718571
2002-04-25,4194889.646647035
2002-04-26,4238885.808612777
2002-04-29,4233043.161003015
2002-04-30,4271562.447399893
2002-05-01,4271562.447399893
2002-05-02,4263119.912171149
2002-05-03,4256223.314829123
2002-05-06,4257351.487767457
2002-05-07,4291773.897338167
2002-05-08,4299340.155692576
2002-05-09,4303293.922755108
2002-05-10,4254018.135479537
2002-05-13,4266745.799265614
2002-05-14,4283438.393858947
2002-05-15,4250040.997925136
2002-05-16,4227303.76643347
2002-05-17,4195998.498936821
2002-05-20,4158954.6837038556
2002-05-21,4124290.088378471
2002-05-22,4124142.441172684
2002-05-23,4135832.825564286
2002-05-24,4183322.7674719677
2002-05-27,4219155.365480876
2002-05-28,4173078.047654528
2002-05-29,4196885.195920006
2002-05-30,4198928.397123195
2002-05-31,4202158.179427688
2002-06-03,4288093.9277752815
2002-06-04,4312551.694529795
2002-06-05,4320251.4518909
2002-06-06,4345436.905593605
2002-06-07,4300344.13632595
2002-06-10,4359137.121201388
2002-06-11,4389611.429460723
2002-06-12,4381771.69488679
2002-06-13,4405901.919555664
2002-06-14,4405846.295143021
2002-06-17,4410223.521101741
2002-06-18,4387764.117787065
2002-06-19,4383770.280726266
2002-06-20,4395182.126694768
2002-06-21,4402458.073229928
2002-06-24,4400450.40533917
2002-06-25,4389874.937320353
2002-06-26,4361996.763739059
2002-06-27,4399662.039334667
2002-06-28,4453370.014901223
2002-07-01,4478132.210227231
2002-07-02,4498566.239040554
2002-07-03,4514961.392942607
2002-07-04,4565083.640361502
2002-07-05,4587318.094072831
2002-07-08,4582439.663504775
2002-07-09,4592529.357770174
2002-07-10,4572666.286090102
2002-07-11,4561835.617512873
2002-07-12,4558858.532992615
2002-07-15,4497822.263138701
2002-07-16,4485399.324777171
2002-07-17,4473158.499665876
2002-07-18,4523549.446791851
2002-07-19,4515527.637461556
2002-07-22,4429268.601380835
2002-07-23,4446424.080416795
2002-07-24,4412908.099873356
2002-07-25,4408279.66987332
2002-07-26,4327359.764532435
2002-07-29,4303977.592899911
2002-07-30,4258411.5602157805
2002-07-31,4260260.592903691
2002-08-01,4252331.6152863875
2002-08-02,4261502.783255237
2002-08-05,4269939.41673395
2002-08-06,4270219.20609133
2002-08-07,4274420.240249492
2002-08-08,4258701.666335724
2002-08-09,4261040.897769178
2002-08-12,4263546.086208755
2002-08-13,4270030.477425742
2002-08-14,4256988.115055905
2002-08-15,4256988.115055905
2002-08-16,4253035.277773691
2002-08-19,4257013.277280826
2002-08-20,4266748.329168045
2002-08-21,4263477.794671118
2002-08-22,4254195.46927485
2002-08-23,4242228.57214506
2002-08-26,4240722.014441739
2002-08-27,4229469.314451935
2002-08-28,4235369.51658316
2002-08-29,4233330.401841845
2002-08-30,4233550.314497728
2002-09-02,4231701.23895002
2002-09-03,4230767.666903328
2002-09-04,4235029.383349134
2002-09-05,4229951.382586205
2002-09-06,4220437.400644299
2002-09-09,4211291.502404199
2002-09-10,4211291.502404199
2002-09-11,4213726.813663161
2002-09-12,4217530.26223144
2002-09-13,4219452.024124858
2002-09-16,4213889.387982034
2002-09-17,4211740.1785130985
2002-09-18,4200910.045252065
2002-09-19,4198508.341266509
2002-09-20,4194810.788407134
2002-09-23,4191341.8155262847
2002-09-24,4186249.2431403412
2002-09-25,4185956.6503946763
2002-09-26,4190337.149719621
2002-09-27,4204741.997538055
2002-09-30,4207858.320808146
2002-10-01,4204626.492072423
2002-10-02,4204626.492072423
2002-10-03,4182773.8010392194
2002-10-04,4186737.925242927
2002-10-07,4190301.429182223
2002-10-08,4191290.2126025734
2002-10-09,4199865.948857234
2002-10-10,4205146.357895123
2002-10-11,4215584.899178011
2002-10-14,4223479.882750213
2002-10-15,4223479.882750213
2002-10-16,4219720.326045013
2002-10-17,4221157.725957184
2002-10-18,4233879.138029254
2002-10-21,4231836.316597302
2002-10-22,4209435.749108737
2002-10-23,4207055.38462853
2002-10-24,4198011.748638965
2002-10-25,4191658.9037014614
2002-10-28,4186171.6693152627
2002-10-29,4199429.102698022
2002-10-30,4194676.5127593335
2002-10-31,4201639.594704021
2002-11-01,4216508.657019614
2002-11-04,4229254.0633286545
2002-11-05,4230258.81231138
2002-11-06,4230258.81231138
2002-11-07,4225609.4734684415
2002-11-08,4222226.063577879
2002-11-11,4215559.300342148
2002-11-12,4221736.9076906955
2002-11-13,4225636.734778038
2002-11-14,4229242.086565231
2002-11-15,4237616.370600795
2002-11-18,4252173.522141324
2002-11-19,4252173.522141324
2002-11-20,4261671.8339263005
2002-11-21,4264520.143065552
2002-11-22,4275919.616638037
2002-11-25,4295953.582534015
2002-11-26,4302632.777965205
2002-11-27,4307634.763574129
2002-11-28,4313822.168452211
2002-11-29,4327355.682284537
2002-12-02,4352088.524612148
2002-12-03,4339602.321796255
2002-12-04,4317294.0618720725
2002-12-05,4337744.715282092
2002-12-06,4349964.067696881
2002-12-09,4336904.928596421
2002-12-10,4320144.907368578
2002-12-11,4318085.152683158
2002-12-12,4334826.942001821
2002-12-13,4336697.423560336
2002-12-16,4336195.88985804
2002-12-17,4334103.256908805
2002-12-18,4339510.782639766
2002-12-19,4341585.415624036
2002-12-20,4350025.631697207
2002-12-23,4349554.080320645
2002-12-24,4360247.113591618
2002-12-25,4360247.113591618
2002-12-26,4370103.1352139
2002-12-27,4388492.39732668
2002-12-30,4401835.2475302145
2002-12-31,4400586.118357257
2003-01-01,4410290.252913681
2003-01-02,4399058.8391764285
2003-01-03,4400566.897770458
2003-01-06,4383070.289071144
2003-01-07,4397950.930193401
2003-01-08,4402411.263714163
2003-01-09,4403456.300700488
2003-01-10,4372406.36720861
2003-01-13,4377005.138403328
2003-01-14,4389553.028791197
2003-01-15,4408267.009702579
2003-01-16,4451506.980242946
2003-01-17,4452163.655570645
2003-01-20,4438135.351223424
2003-01-21,4430850.159517088
2003-01-22,4428984.094493389
2003-01-23,4396691.113366891
2003-01-24,4381046.785886907
2003-01-27,4366589.62702548
2003-01-28,4376984.206965612
2003-01-29,4367856.459091229
2003-01-30,4374044.043322545
2003-01-31,4379675.990073132
2003-02-03,4396524.053341412
2003-02-04,4394223.098887905
2003-02-05,4393819.299805912
2003-02-06,4419652.922873935
2003-02-07,4415459.668115073
2003-02-10,4395381.504000076
2003-02-11,4389126.923762986
2003-02-12,4385946.482269118
2003-02-13,4385946.482269118
2003-02-14,4386938.497363727
2003-02-17,4401571.393003154
2003-02-18,4417101.712520079
2003-02-19,4427574.484655176
2003-02-20,4423755.768458393
2003-02-21,4418690.717715178
2003-02-24,4411509.996266309
2003-02-25,4399649.230318404
2003-02-26,4401434.802425024
2003-02-27,4421828.613099074
2003-02-28,4427710.721153658
2003-03-03,4425448.109642064
2003-03-04,4412725.49212741
2003-03-05,4405088.750406937
2003-03-06,4404168.707863542
2003-03-07,4382026.154971774
2003-03-10,4364850.871076368
2003-03-11,4356097.227457177
2003-03-12,4358307.295642429
2003-03-13,4352126.961432592
2003-03-14,4347541.379675141
2003-03-17,4337412.52787905
2003-03-18,4337412.52787905
2003-03-19,4345485.015820249
2003-03-20,4358722.235145493
2003-03-21,4362215.207686025
2003-03-24,4354823.96884791
2003-03-25,4356070.49073958
2003-03-26,4350017.2040376095
2003-03-27,4345704.429850943
2003-03-28,4346192.272035397
2003-03-31,4337118.256760742
2003-04-01,4336126.7847825335
2003-04-02,4351001.394125031
2003-04-03,4350646.522276335
2003-04-04,4356131.551549534
2003-04-07,4368836.993983444
2003-04-08,4368750.539123363
2003-04-09,4362986.995298723
2003-04-10,4349730.874732552
2003-04-11,4352584.617694804
2003-04-14,3694740.0949149183
2003-04-15,4352217.243945346
2003-04-16,4351031.32270026
2003-04-17,4349949.509398239
2003-04-18,4349949.509398239
2003-04-21,4357682.402520176
2003-04-22,4353139.204368391
2003-04-23,4350224.157696726
2003-04-24,4357514.372148232
2003-04-25,4356324.1329784235
2003-04-28,4366225.307588321
2003-04-29,4360088.372413453
2003-04-30,4363381.8353850795
2003-05-01,4363381.8353850795
2003-05-02,4380214.928032643
2003-05-05,4395475.77001766
2003-05-06,4395531.3572120685
2003-05-07,4395477.478842565
2003-05-08,4398333.947638058
2003-05-09,4410456.291892807
2003-05-12,4453013.147716135
2003-05-13,4443695.710175806
2003-05-14,4473705.670106109
2003-05-15,4481935.979249214
2003-05-16,4487131.7548160255
2003-05-19,4468361.400472848
2003-05-20,4505720.8579073455
2003-05-21,4504833.639987148
2003-05-22,4512271.876946834
2003-05-23,4515855.216265963
2003-05-26,4550274.076934963
2003-05-27,4541144.906282972
2003-05-28,4585815.339122684
2003-05-29,4592901.446776681
2003-05-30,4589049.613576907
2003-06-02,4534353.450124698
2003-06-03,4552217.026896864
2003-06-04,4571174.873979827
2003-06-05,4551544.945586109
2003-06-06,4540952.459848046
2003-06-09,4556015.290431659
2003-06-10,4506637.608973274
2003-06-11,4554599.119848329
2003-06-12,4558630.365283617
2003-06-13,4572663.3943307055
2003-06-16,4559840.161951084
2003-06-17,4594655.519863231
2003-06-18,4583234.735495327
2003-06-19,4596056.156467147
2003-06-20,4599866.676326264
2003-06-23,4607703.378491023
2003-06-24,4624599.439189893
2003-06-25,4639626.776798918
2003-06-26,4625352.9441626
2003-06-27,4637696.159272058
2003-06-30,4647895.954644231
2003-07-01,4632712.963133897
2003-07-02,4627464.04112903
2003-07-03,4680241.809127652
2003-07-04,4689354.259900386
2003-07-07,4691604.0429717405
2003-07-08,4707991.58478698
2003-07-09,4681003.277255369
2003-07-10,4724781.021755386
2003-07-11,4727580.9745341
2003-07-14,4752977.593657786
2003-07-15,4711210.01650094
2003-07-16,4758741.282821511
2003-07-17,4714825.628827181
2003-07-18,4710077.9278199505
2003-07-21,4691450.855355336
2003-07-22,4669253.093575325
2003-07-23,4680420.644380139
2003-07-24,4707042.748259966
2003-07-25,4770148.498944136
2003-07-28,4799867.395273948
2003-07-29,4786482.56883118
2003-07-30,4804478.969516884
2003-07-31,4770088.820054181
2003-08-01,4774342.662102511
2003-08-04,4790099.755546067
2003-08-05,4737433.718457641
2003-08-06,4725224.375327818
2003-08-07,4768701.799594753
2003-08-08,4817716.483312694
2003-08-11,4820177.62095267
2003-08-12,4813426.090909762
2003-08-13,4840478.814919371
2003-08-14,4847378.648722495
2003-08-15,4847185.362652146
2003-08-18,4901120.975190011
2003-08-19,4874342.256428369
2003-08-20,4873431.043878999
2003-08-21,4881211.528076428
2003-08-22,4891860.85470376
2003-08-25,4776655.9106022315
2003-08-26,4885244.962818988
2003-08-27,4922538.125250788
2003-08-28,4924345.728342538
2003-08-29,4936054.167990392
2003-09-01,4955965.674497708
2003-09-02,4964724.011209627
2003-09-03,4928116.640782889
2003-09-04,4936380.90671501
2003-09-05,4976793.858487903
2003-09-08,5025339.203154756
2003-09-09,5095871.968279663
2003-09-10,5092389.677556554
2003-09-11,5121347.67103302
2003-09-12,5066371.807940318
2003-09-15,4951482.802360368
2003-09-16,5037246.238755501
2003-09-17,5018934.903739091
2003-09-18,4904436.621323319
2003-09-19,4903364.205993133
2003-09-22,4916736.619207926
2003-09-23,4961120.130122038
2003-09-24,5038882.37251995
2003-09-25,5034247.331538626
2003-09-26,5022095.959177408
2003-09-29,5043644.59538153
2003-09-30,5089955.604762175
2003-10-01,5100081.986381338
2003-10-02,5060930.1595904585
2003-10-03,5165977.081979493
2003-10-06,5262958.683746028
2003-10-07,5231137.1895622425
2003-10-08,5241321.590969034
2003-10-09,5304331.020358418
2003-10-10,5319854.8222186975
2003-10-13,5391859.239132977
2003-10-14,5341428.733372609
2003-10-15,5374594.274559246
2003-10-16,5445714.177705915
2003-10-17,5449656.276127247
2003-10-20,5384254.534514571
2003-10-21,5283125.562076707
2003-10-22,5256793.259948245
2003-10-23,5206975.530106193
2003-10-24,5253317.907994685
2003-10-27,5279499.567675565
2003-10-28,5241933.560502261
2003-10-29,5286834.318017663
2003-10-30,5357325.738598124
2003-10-31,5468696.142625774
2003-11-03,5514372.39487432
2003-11-04,5533364.508024612
2003-11-05,5507045.251534055
2003-11-06,5516589.224610705
2003-11-07,5512761.79989904
2003-11-10,5530460.438998557
2003-11-11,5565120.611304768
2003-11-12,5580776.360526754
2003-11-13,5503657.89632714
2003-11-14,5413781.1713716
2003-11-17,5550592.631343144
2003-11-18,5507071.5620154515
2003-11-19,5476221.924137154
2003-11-20,5453151.885553724
2003-11-21,5487450.236548139
2003-11-24,5548695.966129343
2003-11-25,5629706.49072046
2003-11-26,6735480.6241844315
2003-11-27,5657190.485267112
2003-11-28,5674583.749365833
2003-12-01,5814747.86810277
2003-12-02,5824623.315470275
2003-12-03,5906058.15306836
2003-12-04,5947917.582542174
2003-12-05,5884742.127829059
2003-12-08,5921269.67024112
2003-12-09,6003011.83077302
2003-12-10,6013877.076514819
2003-12-11,6073854.248087761
2003-12-12,6129144.370474717
2003-12-15,6172829.849620398
2003-12-16,6182592.1085690055
2003-12-17,6204910.711328913
2003-12-18,6271337.255117948
2003-12-19,6357695.949198264
2003-12-22,6452850.622204606
2003-12-23,6445143.196550564
2003-12-24,6454529.16474393
2003-12-25,7739968.497581621
2003-12-26,6540038.681527404
2003-12-29,6630810.840819259
2003-12-30,6530059.5517663965
2003-12-31,6482929.277438312
2004-01-01,6580524.053603707
2004-01-02,6666889.746278641
2004-01-05,6605123.335553019
2004-01-06,6493694.559573823
2004-01-07,6447912.34255939
2004-01-08,6552469.696284019
2004-01-09,6542525.078195006
2004-01-12,6508604.833978652
2004-01-13,6492655.539647135
2004-01-14,6599586.501647979
2004-01-15,6491033.004645258
2004-01-16,6346487.851549668
2004-01-19,6466683.29262209
2004-01-20,6388757.872581176
2004-01-21,6166672.749939565
2004-01-22,6012831.98517844
2004-01-23,6212321.340963043
2004-01-26,6212321.340963043
2004-01-27,6268519.171464495
2004-01-28,6220442.228735082
2004-01-29,6198910.32458058
2004-01-30,6113384.152324342
2004-02-02,6113384.152324342
2004-02-03,6070657.977487595
2004-02-04,6102541.216556837
2004-02-05,6088333.144695774
2004-02-06,6148167.751006598
2004-02-09,6207319.273842516
2004-02-10,6198821.6689381935
2004-02-11,6200489.666202226
2004-02-12,6213553.304761873
2004-02-13,6215148.606078622
2004-02-16,6256488.501527179
2004-02-17,6287374.483847351
2004-02-18,6283181.727002877
2004-02-19,6217861.108942778
2004-02-20,6211599.101604828
2004-02-23,6168753.691481982
2004-02-24,6157035.223808827
2004-02-25,6098676.055359644
2004-02-26,6088706.155652716
2004-02-27,6142151.389761243
2004-03-01,6210950.5504078055
2004-03-02,6210950.5504078055
2004-03-03,6230964.852019093
2004-03-04,6191849.32486026
2004-03-05,6246415.194470452
2004-03-08,6247928.723492317
2004-03-09,6240945.911528593
2004-03-10,6214103.451569502
2004-03-11,6170459.273011439
2004-03-12,6182617.6729825875
2004-03-15,6121718.7571784295
2004-03-16,6104399.99456329
2004-03-17,6120080.164351463
2004-03-18,6080840.775024434
2004-03-19,6096897.096340618
2004-03-22,6046116.549155412
2004-03-23,6046643.364611853
2004-03-24,6045998.7984599685
2004-03-25,6064513.616237957
2004-03-26,6095696.167213226
2004-03-29,6121061.066497426
2004-03-30,6117212.460074705
2004-03-31,6127596.708522808
2004-04-01,6161263.149907748
2004-04-02,6151346.304457983
2004-04-05,6179226.463441514
2004-04-06,6166529.081133497
2004-04-07,6177565.167789819
2004-04-08,6201547.3725944245
2004-04-09,6194981.064929245
2004-04-12,6202226.512216977
2004-04-13,6249526.027698341
2004-04-14,6249526.027698341
2004-04-15,6256392.473400336
2004-04-16,6260771.089088389
2004-04-19,6234338.788048576
2004-04-20,6241215.2179950485
2004-04-21,6282884.27113356
2004-04-22,6298942.962497167
2004-04-23,6288065.567753544
2004-04-26,5203592.281381995
2004-04-27,6189311.110538895
2004-04-28,6188410.12245289
2004-04-29,6178299.360613494
2004-04-30,6198764.98531168
2004-05-03,6164886.055156231
2004-05-04,6208532.791473675
2004-05-05,6191418.2529359795
2004-05-06,6192351.168960689
2004-05-07,6179380.585320873
2004-05-10,6151166.521459372
2004-05-11,6067320.286061952
2004-05-12,6087137.0119277425
2004-05-13,6067850.532958203
2004-05-14,5871613.66455821
2004-05-17,5825819.512004398
2004-05-18,5854318.118567431
2004-05-19,5853537.476442823
2004-05-20,5855195.148333688
2004-05-21,5856842.824341082
2004-05-24,5890394.1414353205
2004-05-25,5887878.329609873
2004-05-26,5892107.482427302
2004-05-27,5886290.390360658
2004-05-28,5855897.5264273565
2004-05-31,5858558.974313521
2004-06-01,5864425.9004244935
2004-06-02,5869511.996152465
2004-06-03,5854551.448765194
2004-06-04,5858555.978756557
2004-06-07,5865889.925974942
2004-06-08,5863523.766214615
2004-06-09,5863377.663066519
2004-06-10,5870511.75328454
2004-06-11,5856028.969180758
2004-06-14,5838856.019972132
2004-06-15,5845377.222927242
2004-06-16,5848478.533370862
2004-06-17,5853882.338530889
2004-06-18,5853446.067751423
2004-06-21,5852348.696247993
2004-06-22,5853952.345377107
2004-06-23,5851104.686826483
2004-06-24,5860713.654906242
2004-06-25,5870197.443180783
2004-06-28,5879822.517719038
2004-06-29,5879599.780596629
2004-06-30,5871770.44218318
2004-07-01,5882263.646066152
2004-07-02,5880372.36090049
2004-07-05,5875316.072978334
2004-07-06,5877980.262776154
2004-07-07,5861209.869841346
2004-07-08,5855742.350847564
2004-07-09,5866400.617841248
2004-07-12,5867273.22201738
2004-07-13,5873239.393015316
2004-07-14,5888145.016068894
2004-07-15,5899324.581887348
2004-07-16,5911288.171743697
2004-07-19,5913432.172240396
2004-07-20,5903569.117469565
2004-07-21,5906388.45316465
2004-07-22,5913314.040661923
2004-07-23,5933938.047548103
2004-07-26,5938538.112658756
2004-07-27,5928249.510684241
2004-07-28,5944733.421169648
2004-07-29,5950718.101103719
2004-07-30,5961256.373092186
2004-08-02,5960377.572652762
2004-08-03,5962693.699898858
2004-08-04,5954662.541498772
2004-08-05,5968608.394700059
2004-08-06,5963116.763384559
2004-08-09,5965084.538880252
2004-08-10,5967684.91650135
2004-08-11,5967065.212117376
2004-08-12,5962668.262686732
2004-08-13,5956626.063080511
2004-08-16,6666959.380423089
2004-08-17,6685965.484544549
2004-08-18,6686782.84870912
2004-08-19,6703299.751946509
2004-08-20,6692605.648431806
2004-08-23,6692329.068250743
2004-08-24,6737239.857684179
2004-08-25,6714418.555610625
2004-08-26,6740764.563532426
2004-08-27,6753716.8523472315
2004-08-30,6750514.987230929
2004-08-31,6731420.03600722
2004-09-01,6733616.891282361
2004-09-02,6723365.221103598
2004-09-03,6738216.671422569
2004-09-06,6786109.597978201
2004-09-07,6849266.018442579
2004-09-08,6946592.9020016305
2004-09-09,6889693.442017744
2004-09-10,6934520.033395422
2004-09-13,6964596.972600318
2004-09-14,6941462.435129537
2004-09-15,7003220.921869408
2004-09-16,7019707.127132084
2004-09-17,7021021.88970578
2004-09-20,6975497.103591731
2004-09-21,6985831.401715018
2004-09-22,7000786.837477168
2004-09-23,6961451.040387587
2004-09-24,6925437.391511435
2004-09-27,6954569.1183803845
2004-09-28,6933241.228056231
2004-09-29,6973406.913654523
2004-09-30,6969065.210689392
2004-10-01,6960653.445657886
2004-10-04,7008433.134534288
2004-10-05,6996959.02517765
2004-10-06,6966001.293303318
2004-10-07,6970533.614035254
2004-10-08,6957570.906788482
2004-10-11,6967358.146378363
2004-10-12,6945667.197077096
2004-10-13,5346879.579621842
2004-10-14,6947228.7767380485
2004-10-15,6988290.402667489
2004-10-18,6975456.450322824
2004-10-19,6989632.47675346
2004-10-20,6990819.194970924
2004-10-21,6983457.527692469
2004-10-22,6983456.6060684705
2004-10-25,6979699.970698939
2004-10-26,6982504.229620107
2004-10-27,6989571.0108036185
2004-10-28,7020933.229864013
2004-10-29,7015001.047891614
2004-11-01,7041315.5797230415
2004-11-02,7052592.3947302075
2004-11-03,7074814.658673122
2004-11-04,7059021.40404408
2004-11-05,7061133.70324123
2004-11-08,7078135.791157436
2004-11-09,7082575.454485609
2004-11-10,7088588.155702012
2004-11-11,7087184.539462117
2004-11-12,7094942.538264843
2004-11-15,7094942.538264843
2004-11-16,7111605.782000322
2004-11-17,7116097.4828094905
2004-11-18,7129416.7742489055
2004-11-19,7113566.146734687
2004-11-22,7121518.046835457
2004-11-23,7128935.885405427
2004-11-24,7135432.63009306
2004-11-25,7127564.882266293
2004-11-26,7127564.882266293
2004-11-29,7137841.367285814
2004-11-30,7134585.1198526835
2004-12-01,7122530.085180697
2004-12-02,7129363.866932824
2004-12-03,7140365.631176898
2004-12-06,7127950.55469299
2004-12-07,7124381.981939217
2004-12-08,7113463.271909473
2004-12-09,7108766.527337486
2004-12-10,7113441.333379888
2004-12-13,7135260.212557025
2004-12-14,7154591.22547733
2004-12-15,7152683.526629144
2004-12-16,7170720.3829832515
2004-12-17,7168128.061948608
2004-12-20,7187008.860241407
2004-12-21,7196230.955005181
2004-12-22,7170830.625498765
2004-12-23,7170745.216905982
2004-12-24,7168592.511811911
2004-12-27,7178896.67358455
2004-12-28,7179402.351827763
2004-12-29,7165327.589555665
2004-12-30,7136838.151678567
2004-12-31,7177751.689859913
2005-01-03,7195887.866322464
2005-01-04,7194387.654696117
2005-01-05,7131757.401990683
2005-01-06,7101322.720818531
2005-01-07,7123572.407954543
2005-01-10,7127326.884259801
2005-01-11,7114220.585258443
2005-01-12,7057003.458138725
2005-01-13,7105532.57616133
2005-01-14,7102403.458616327
2005-01-17,7092066.711101617
2005-01-18,7099064.522193399
2005-01-19,7096988.632349139
2005-01-20,7079075.243322433
2005-01-24,7077115.490375371
2005-01-25,7089439.835120472
2005-01-27,7124060.665699699
2005-01-28,7129853.6517126
2005-01-31,7147130.145967683
2005-02-01,7163101.960766802
2005-02-02,7176938.880421876
2005-02-03,7188236.182032852
2005-02-04,7191158.334317056
2005-02-07,7187118.058277082
2005-02-08,7212125.779082693
2005-02-09,7213880.541313855
2005-02-10,7207628.215996044
2005-02-11,7227378.872806876
2005-02-14,7232935.006828964
2005-02-15,7211894.046907519
2005-02-16,7187871.161626153
2005-02-17,7186263.477835909
2005-02-18,7183006.979154682
2005-02-21,7163708.579711789
2005-02-22,7169541.420623099
2005-02-23,7164115.3583914405
2005-02-24,7179043.992849124
2005-02-25,7160347.1930730725
2005-02-28,7176708.096032802
2005-03-01,7183102.027038233
2005-03-02,7197676.38021741
2005-03-03,7213745.214253814
2005-03-04,7205067.41983971
2005-03-07,7200522.000442953
2005-03-08,7193838.7998540765
2005-03-09,7185690.736645345
2005-03-10,7213256.566525136
2005-03-11,7206541.293143575
2005-03-14,7193513.617410425
2005-03-15,7173497.667436049
2005-03-16,7160806.026150438
2005-03-17,7169000.736267918
2005-03-18,7144854.4510926455
2005-03-21,7144410.678979221
2005-03-22,7100839.836798482
2005-03-23,7044752.738224503
2005-03-24,7017262.680267885
2005-03-28,7044183.943438775
2005-03-29,7002168.817020889
2005-03-30,7031890.412111371
2005-03-31,7071378.883788427
2005-04-01,7103386.182025161
2005-04-04,7134411.897592758
2005-04-05,7113755.991228702
2005-04-06,7118655.1280877115
2005-04-07,7106943.274118896
2005-04-08,7056355.299461824
2005-04-11,7035270.7878258405
2005-04-12,7039067.884646792
2005-04-13,7042204.626671554
2005-04-15,7019516.279054165
2005-04-18,6998772.416753712
2005-04-19,7016911.25674991
2005-04-20,7016326.548337463
2005-04-21,7041242.261290691
2005-04-22,7056710.391403936
2005-04-25,7068805.3723838115
2005-04-26,7067397.108415395
2005-04-27,7071439.199982223
2005-04-28,7067934.34140892
2005-04-29,7053719.826219546
2005-05-02,7045390.553347218
2005-05-03,7042685.196471078
2005-05-04,7053185.664084202
2005-05-05,7064054.651132608
2005-05-06,7060760.434555596
2005-05-09,7076537.627789177
2005-05-10,7076260.765860782
2005-05-11,7078504.774258904
2005-05-12,7113553.140240479
2005-05-13,7150034.836912878
2005-05-16,7155898.601293633
2005-05-17,7130394.871286203
2005-05-18,7133824.733710433
2005-05-19,7131464.174600214
2005-05-20,7126342.462577378
2005-05-23,7152398.164702424
2005-05-24,7145996.48292103
2005-05-25,7151509.546183013
2005-05-26,7157172.512804546
2005-05-27,7140399.837251352
2005-05-30,7115860.201283426
2005-05-31,7139010.274320262
2005-06-01,7156735.905112813
2005-06-02,7144555.701127169
2005-06-03,7174871.290991213
2005-06-06,7202569.909327186
2005-06-07,7200549.177969829
2005-06-08,7194984.851942248
2005-06-09,7209824.581316064
2005-06-10,7205204.392100262
2005-06-13,7095161.023196257
2005-06-14,7240759.234389018
2005-06-15,7246276.962975982
2005-06-16,7241281.910553572
2005-06-17,7201447.696396956
2005-06-20,7182905.280148132
2005-06-21,7192601.13377421
2005-06-22,7190464.38932465
2005-06-23,7223234.291905458
2005-06-24,7248270.350739696
2005-06-27,7255545.744359207
2005-06-28,7212634.574240881
2005-06-29,7254221.895688974
2005-06-30,7260988.490806636
2005-07-01,7268788.644925552
2005-07-04,7299015.694987926
2005-07-05,7323989.021454961
2005-07-06,7365150.253329656
2005-07-07,7350953.8629131
2005-07-08,7418581.198496617
2005-07-11,7484715.263591741
2005-07-12,7492855.630160628
2005-07-13,7553530.476900152
2005-07-14,7563764.337748983
2005-07-15,7597838.027671879
2005-07-18,7719570.46234961
2005-07-19,7756315.573929863
2005-07-20,7745058.075330969
2005-07-21,7791040.739647335
2005-07-22,7811258.037867727
2005-07-25,7824120.925022897
2005-07-26,7794321.860493041
2005-07-27,7782194.896725258
2005-07-28,11131007.716341315
2005-07-29,7702089.185195751
2005-08-01,7727930.14180693
2005-08-02,7783778.561931817
2005-08-03,7790270.2649284275
2005-08-04,7797839.83864432
2005-08-05,7814412.187885795
2005-08-08,7782519.1295614885
2005-08-09,7819367.102017853
2005-08-10,7896043.591606539
2005-08-11,7916774.522983237
2005-08-12,7897859.362720731
2005-08-16,7945535.073446329
2005-08-17,7959118.486777765
2005-08-18,7921475.661009685
2005-08-19,7916012.209971973
2005-08-22,7915016.976715575
2005-08-23,7853855.273168098
2005-08-24,7837500.633837152
2005-08-25,7868704.062814907
2005-08-26,7880374.142854625
2005-08-29,7857699.8469150355
2005-08-30,7916916.394354307
2005-08-31,7972051.264689415
2005-09-01,8004981.482297998
2005-09-02,8045155.45962626
2005-09-05,8050175.360392718
2005-09-06,8062806.303373069
2005-09-08,8114195.43614367
2005-09-09,8074206.785573549
2005-09-12,8133840.427945295
2005-09-13,8163226.296169412
2005-09-14,8113016.933835845
2005-09-15,8141855.09545979
2005-09-16,8152373.874933215
2005-09-19,8214722.998028312
2005-09-20,8246366.278792351
2005-09-21,8190432.556797564
2005-09-22,7965065.18581374
2005-09-23,7980731.166338565
2005-09-26,8077872.828805387
2005-09-27,8096433.067969191
2005-09-28,8122768.582635323
2005-09-29,8098351.100431565
2005-09-30,8117656.73340808
2005-10-03,8168467.500195244
2005-10-04,8219864.807927038
2005-10-05,8222476.225938565
2005-10-06,8177774.794776508
2005-10-07,8152103.772969999
2005-10-10,8130773.896840915
2005-10-11,8115271.966591195
2005-10-13,8095426.916272025
2005-10-14,8019032.479375669
2005-10-17,8004604.753708761
2005-10-18,7990629.911483805
2005-10-19,7897999.076407163
2005-10-20,7856538.848557477
2005-10-21,7899645.332595481
2005-10-24,7912562.548337928
2005-10-25,7903774.430692144
2005-10-26,7911216.6334111
2005-10-27,7918537.388423838
2005-10-28,7895750.28458858
2005-10-31,7922493.890669424
2005-11-02,7919626.301208593
2005-11-04,7919626.301208593
2005-11-07,7929852.9944713935
2005-11-08,7945154.519235677
2005-11-09,7917429.994338696
2005-11-10,7922195.514936498
2005-11-11,7976241.133925963
2005-11-14,8007678.641995622
2005-11-16,8056436.977203254
2005-11-17,8051913.04827083
2005-11-18,8031405.854574815
2005-11-21,8014608.059607584
2005-11-22,7995722.642048373
2005-11-23,8002336.008706859
2005-11-24,8034139.075048925
2005-11-25,8034360.813157748
2005-11-28,8063865.33939785
2005-11-29,8075830.12397414
2005-11-30,8083742.178996587
2005-12-01,8100121.499684114
2005-12-02,8111086.824850259
2005-12-05,8112513.0269650975
2005-12-06,8109054.200036651
2005-12-07,8118120.067019663
2005-12-08,8138975.76815529
2005-12-09,8134486.344813612
2005-12-12,8128571.823049892
2005-12-13,8116708.504243117
2005-12-14,8103772.714088849
2005-12-15,8084169.185282124
2005-12-16,8088715.01318319
2005-12-19,8143416.17627666
2005-12-20,8143522.656605681
2005-12-21,8167910.862005914
2005-12-22,8167671.865394617
2005-12-23,8141773.529284361
2005-12-26,8109100.638177818
2005-12-27,8123066.791449709
2005-12-28,8112653.429298028
2005-12-29,8145288.580382842
2005-12-30,8155680.971133497
2006-01-02,8197074.39076242
2006-01-03,8248033.342249222
2006-01-04,8261345.251004291
2006-01-05,8274765.30103484
2006-01-06,8298896.310966812
2006-01-09,8314524.677081242
2006-01-10,8286463.331769786
2006-01-12,8291977.544901711
2006-01-13,8317265.0030003935
2006-01-16,8313826.668310108
2006-01-17,8287818.232685051
2006-01-18,8245522.490495273
2006-01-19,8321789.62584865
2006-01-20,8313739.280214305
2006-01-23,8327369.055641989
2006-01-24,8359613.996364784
2006-01-25,8289833.752944279
2006-01-27,8300724.350766236
2006-01-30,8216984.130365461
2006-01-31,8245679.505300956
2006-02-01,8195976.630499375
2006-02-02,8157125.430320315
2006-02-03,8183486.612390272
2006-02-06,8235546.889455406
2006-02-07,8267914.703031658
2006-02-08,8262308.4606236415
2006-02-10,8290882.935360927
2006-02-13,8321391.180552889
2006-02-14,8301261.104068805
2006-02-15,8281441.549087575
2006-02-16,8284250.038523189
2006-02-17,8259050.19338991
2006-02-20,8231100.252321985
2006-02-21,8238700.93079971
2006-02-22,8219129.386089054
2006-02-23,8214790.3864264265
2006-02-24,8217604.010078254
2006-02-27,8218955.26041089
2006-02-28,8235276.83737707
2006-03-01,8269941.279882295
2006-03-02,8276869.282670745
2006-03-03,8279916.457280554
2006-03-06,8323170.357583011
2006-03-07,8351986.4034475
2006-03-08,8293730.044431702
2006-03-09,8283552.422221704
2006-03-10,8315056.4382371195
2006-03-13,8312441.026993534
2006-03-14,8296846.965172304
2006-03-16,8289460.330576632
2006-03-17,8290567.687562733
2006-03-20,8312624.227817849
2006-03-21,8311994.960628968
2006-03-22,8294916.705700807
2006-03-23,8296587.026033732
2006-03-24,8322628.701179105
2006-03-27,8353946.8407171685
2006-03-28,8341169.790386482
2006-03-29,8364938.879769141
2006-03-30,8408130.312513968
2006-03-31,8421811.95892416
2006-04-03,8478406.785074828
2006-04-04,8495960.213004192
2006-04-05,8510659.04956314
2006-04-07,8439416.847226983
2006-04-10,8427814.315892855
2006-04-12,8350486.825572885
2006-04-13,8305358.0319114085
2006-04-17,8341781.838680018
2006-04-18,8430064.09775198
2006-04-19,8444120.709667897
2006-04-20,8467229.9335722
2006-04-21,8453159.722849054
2006-04-24,8457289.243336957
2006-04-25,8402485.808785759
2006-04-26,8430282.716267718
2006-04-27,8409522.632120999
2006-04-28,8400123.579375688
2006-05-02,8480056.792845521
2006-05-03,8480388.25981217
2006-05-04,8464712.587960145
2006-05-05,8464128.953881659
2006-05-08,8472086.093707133
2006-05-09,8498142.030835606
2006-05-10,8523810.865709325
2006-05-11,8501545.23319985
2006-05-12,8500677.208823808
2006-05-15,8418305.841484468
2006-05-16,8397235.44488344
2006-05-17,8459048.487636954
2006-05-18,8277406.147290361
2006-05-19,8186141.335429543
2006-05-22,8146075.398378677
2006-05-23,8191187.103935647
2006-05-24,8166872.756783692
2006-05-25,8170442.349572644
2006-05-26,8177701.851726211
2006-05-29,8199651.852610334
2006-05-30,8198906.381201319
2006-05-31,8167441.013899958
2006-06-01,8145142.015882651
2006-06-02,8142212.696873456
2006-06-05,8128624.700587645
2006-06-06,8091730.198823413
2006-06-07,8065123.805636364
2006-06-08,8011989.585069081
2006-06-09,8051464.484859657
2006-06-12,8050569.2263706485
2006-06-13,8049274.296411334
2006-06-14,8048102.1212352
2006-06-15,8047961.656545272
2006-06-16,8049666.101541517
2006-06-19,8050158.155004459
2006-06-20,8050547.021910525
2006-06-21,8051157.251869349
2006-06-22,8051498.360132537
2006-06-23,8051416.438372854
2006-06-26,8050883.249728454
2006-06-27,8050786.512331383
2006-06-28,8050922.641893748
2006-06-29,8051121.171434766
2006-06-30,8051362.230570171
2006-07-03,8052001.917502157
2006-07-04,8052380.849216091
2006-07-05,8052469.568738811
2006-07-06,8052541.729607978
2006-07-07,8052318.623539057
2006-07-10,8052492.402250553
2006-07-11,8052636.898290503
2006-07-12,8051844.706433125
2006-07-13,8051982.718015703
2006-07-14,8051620.540982379
2006-07-17,8050479.58853994
2006-07-18,8049999.7793103475
2006-07-19,8047619.061891417
2006-07-20,8048407.4026566595
2006-07-21,8047967.96814956
2006-07-24,8048657.275982687
2006-07-25,8048912.411995674
2006-07-26,8049368.365489146
2006-07-27,8049727.13405443
2006-07-28,8049522.834034012
2006-07-31,8050740.795265971
2006-08-01,8050783.719041371
2006-08-02,8051381.667368367
2006-08-03,8051132.02892757
2006-08-04,8048777.081950451
2006-08-07,8048506.955226191
2006-08-08,8050507.710067134
2006-08-09,8054691.172985431
2006-08-10,8054833.851275
2006-08-11,8055320.484256829
2006-08-14,8057404.260021385
2006-08-16,8059247.598446425
2006-08-17,8059489.9778846465
2006-08-18,8060064.882754436
2006-08-21,8060735.663441273
2006-08-22,8059250.5117975855
2006-08-23,8056457.989785567
2006-08-24,8058952.719723982
2006-08-25,8058077.368272013
2006-08-28,8060061.341409629
2006-08-29,8059853.558289653
2006-08-30,8064955.7642938085
2006-08-31,8061267.97048342
2006-09-01,8064428.506955222
2006-09-04,8073308.797742967
2006-09-05,8077022.152957622
2006-09-06,8077450.165540681
2006-09-07,8081590.567906708
2006-09-08,8092860.866616366
2006-09-11,8071901.671836807
2006-09-12,8081340.346157895
2006-09-13,8085232.768866843
2006-09-14,8087482.3463502
2006-09-15,8081971.605367236
2006-09-18,8087763.433545638
2006-09-19,8067562.045247695
2006-09-20,8075130.637795924
2006-09-21,8084177.638937447
2006-09-22,8080833.387540528
2006-09-25,8077620.730430692
2006-09-26,8089396.831730645
2006-09-27,8089266.333201337
2006-09-28,8098036.987794121
2006-09-29,8108191.439742481
2006-10-03,8106036.838446068
2006-10-04,8085006.424855222
2006-10-05,8125235.7364433305
2006-10-06,8140066.206865778
2006-10-09,8161636.507472523
2006-10-10,8165495.044374073
2006-10-11,8134224.087912294
2006-10-12,8165510.60730794
2006-10-13,8179261.104264575
2006-10-16,8168155.537727081
2006-10-17,8152493.232638526
2006-10-18,8149368.152919202
2006-10-19,8131506.775784089
2006-10-20,8152160.153495403
2006-10-23,8140848.666993424
2006-10-26,8166721.9570412645
2006-10-27,8189217.882704714
2006-10-30,8176931.1610324895
2006-10-31,8173488.397870789
2006-11-01,8224723.159531252
2006-11-02,8236749.3147782115
2006-11-03,8234051.976945671
2006-11-06,8242656.491710591
2006-11-07,8233333.570285128
2006-11-08,8209212.6598222
2006-11-09,8220588.589816164
2006-11-10,8229116.3066720925
2006-11-13,8267264.681109974
2006-11-14,8261934.0152281355
2006-11-15,8274052.343022161
2006-11-16,8292595.502175025
2006-11-17,8247196.768902893
2006-11-20,8211567.707641064
2006-11-21,8254358.5061809365
2006-11-22,8270536.641995948
2006-11-23,8296667.8937134985
2006-11-24,8320703.919957746
2006-11-27,8336957.25713874
2006-11-28,8313535.031966323
2006-11-29,8349189.1192593025
2006-11-30,8348244.706770628
2006-12-01,8399113.336748434
2006-12-04,8423255.98350996
2006-12-05,8408361.941011975
2006-12-06,8392143.860221487
2006-12-07,8390848.886645475
2006-12-08,8371197.207393468
2006-12-11,8246736.851989473
2006-12-12,8107337.494408283
2006-12-13,8150040.292633034
2006-12-14,8228799.298773683
2006-12-15,8247568.84357286
2006-12-18,8264915.581907179
2006-12-19,8226479.925217979
2006-12-20,8221925.214750426
2006-12-21,8208512.388476704
2006-12-22,8232034.517964593
2006-12-26,8247766.493792472
2006-12-27,8282636.682423548
2006-12-28,8306316.235203987
2006-12-29,8306813.804060166
2007-01-02,8330408.7796133505
2007-01-03,8336962.03671807
2007-01-04,8327770.734319395
2007-01-05,8325540.787809793
2007-01-08,8298924.382891368
2007-01-09,8300823.444537773
2007-01-10,8301159.139798122
2007-01-11,8322805.262643238
2007-01-12,8364251.766122102
2007-01-15,8388538.99293603
2007-01-16,8414221.789686568
2007-01-17,8431204.705650296
2007-01-18,8442230.441977939
2007-01-19,8434148.702605499
2007-01-22,8439249.177180078
2007-01-23,8408251.105661605
2007-01-24,8424405.448309192
2007-01-25,8433735.479313437
2007-01-29,8414229.368139809
2007-01-31,8396858.648757763
2007-02-01,8419156.028349431
2007-02-02,8453009.647795413
2007-02-05,8480958.903533317
2007-02-06,8460084.274479916
2007-02-07,8483871.387826469
2007-02-08,8502493.80540406
2007-02-09,8464025.676092226
2007-02-12,8358262.87494453
2007-02-13,8332962.6705047535
2007-02-14,8310667.978648107
2007-02-15,8368490.351991464
2007-02-19,8362603.460761593
2007-02-20,8320829.197218397
2007-02-21,8312143.327149851
2007-02-22,8250388.566849063
2007-02-23,8200910.801108402
2007-02-26,8188841.928937951
2007-02-27,8193674.6009292165
2007-02-28,8135451.230171847
2007-03-01,8122868.127657162
2007-03-02,8090715.418712702
2007-03-05,8046083.247751633
2007-03-06,8045999.9560609
2007-03-07,8028650.421152009
2007-03-08,8050220.084263217
2007-03-09,8048024.582473274
2007-03-12,8052558.487075302
2007-03-13,8056780.349923017
2007-03-14,8051523.181442869
2007-03-15,8056440.852886258
2007-03-16,8038769.059257161
2007-03-19,8032594.197589891
2007-03-20,8046078.305384877
2007-03-21,8038987.1042937385
2007-03-22,8045912.0309725655
2007-03-23,8039901.9863902815
2007-03-26,8032423.51274719
2007-03-28,8022098.263708125
2007-03-29,8026253.514876958
2007-03-30,8026229.993055482
2007-04-02,8004042.683626628
2007-04-03,8017400.664463583
2007-04-04,8022648.399548228
2007-04-05,8028835.339871097
2007-04-09,8041105.209663172
2007-04-10,8048443.807582247
2007-04-11,8065458.557211463
2007-04-12,8062818.542604368
2007-04-13,8072578.830687061
2007-04-16,8072473.416829245
2007-04-17,8076467.655818991
2007-04-18,8070972.994761129
2007-04-19,8070875.094155973
2007-04-20,8087016.448851966
2007-04-23,8112412.815843376
2007-04-24,8115575.194573628
2007-04-25,8112094.001431562
2007-04-26,8097258.667314106
2007-04-27,8093253.318540352
2007-04-30,8109722.857056858
2007-05-03,8133025.476179482
2007-05-04,8120050.011685046
2007-05-07,8121736.299253784
2007-05-08,8105468.401289902
2007-05-09,8108147.219080194
2007-05-10,8103626.4253751235
2007-05-11,8102830.21086405
2007-05-14,8160542.63185774
2007-05-15,8183928.003429334
2007-05-16,8196610.099201376
2007-05-17,8186510.02747543
2007-05-18,8175952.166248181
2007-05-21,8197333.318087798
2007-05-22,8201988.121290336
2007-05-23,8181244.971741527
2007-05-24,8177369.876278548
2007-05-25,8192032.179597459
2007-05-28,8220883.057200124
2007-05-29,8226851.613860106
2007-05-30,8216880.082524651
2007-05-31,8212385.979708167
2007-06-01,8205007.30158433
2007-06-04,8188158.383770382
2007-06-05,8217116.258156894
2007-06-06,8192819.64656547
2007-06-07,8193630.686934615
2007-06-08,8172259.554500454
2007-06-11,8165180.929901107
2007-06-12,8131675.334138307
2007-06-13,8124652.294007388
2007-06-14,8149787.193235489
2007-06-15,8155489.486993334
2007-06-18,8153734.304583378
2007-06-19,8165958.700412163
2007-06-20,8208990.754223828
2007-06-21,8219970.791335287
2007-06-22,8210591.8520453535
2007-06-25,8224039.925314395
2007-06-26,8228185.122654878
2007-06-27,8237813.233179816
2007-06-28,8396584.832027707
2007-06-29,8430192.06561005
2007-07-02,8454179.916684782
2007-07-03,8464670.275467968
2007-07-04,8442347.132701153
2007-07-05,8453536.640324632
2007-07-06,8464676.88406059
2007-07-09,8493706.373016026
2007-07-10,8480717.965590576
2007-07-11,8493415.628582032
2007-07-12,8517699.12438148
2007-07-13,8516340.359390413
2007-07-16,8554710.1500875
2007-07-17,8513212.00198284
2007-07-18,8490070.577355308
2007-07-19,8507400.906261297
2007-07-20,8524729.617288273
2007-07-23,8561391.872457955
2007-07-24,8570956.891789816
2007-07-25,8538747.591392815
2007-07-26,8538095.479074117
2007-07-27,8449362.691430036
2007-07-30,8474328.481073251
2007-07-31,8545956.033894803
2007-08-01,8404578.486849591
2007-08-02,8449962.724485213
2007-08-03,8494573.625286324
2007-08-06,8471268.661224125
2007-08-07,8497991.708217092
2007-08-08,8536561.639188636
2007-08-09,8490583.368550247
2007-08-10,8475850.733335491
2007-08-13,8518452.695407465
2007-08-14,8489996.531183109
2007-08-16,8375325.9123088075
2007-08-17,8359734.974997391
2007-08-20,8379478.558574957
2007-08-21,8317378.599246766
2007-08-22,8331489.497015807
2007-08-23,8290421.635442948
2007-08-24,8323231.1184151
2007-08-27,8366583.19178513
2007-08-28,8384186.047829181
2007-08-29,8390814.17910017
2007-08-30,8414344.54903605
2007-08-31,8434140.475896683
2007-09-03,8474866.204730561
2007-09-04,8485852.863674862
2007-09-05,8482599.452691881
2007-09-06,8497802.697943393
2007-09-07,8493299.602074893
2007-09-10,8513091.653827572
2007-09-11,8531875.572734077
2007-09-12,8538714.956612231
2007-09-13,8555248.359975085
2007-09-14,8534508.380296083
2007-09-17,8535855.000663389
2007-09-18,8552551.378240084
2007-09-19,8585489.821291504
2007-09-20,8599428.459383009
2007-09-21,8659614.954545334
2007-09-24,8740808.039704083
2007-09-25,8800999.586215805
2007-09-26,8766263.947032847
2007-09-27,8744755.348443467
2007-09-28,8795386.446235785
2007-10-01,8808008.718216218
2007-10-03,8814982.592205023
2007-10-04,8851040.913107589
2007-10-05,8833318.263349947
2007-10-08,8730181.292194068
2007-10-09,8845138.874832772
2007-10-10,8860062.489266295
2007-10-11,8901588.717878724
2007-10-12,8862617.079140792
2007-10-15,8936752.777154732
2007-10-16,8924959.658798425
2007-10-17,8861362.371726498
2007-10-18,8785150.770087583
2007-10-19,8697560.276266286
2007-10-22,8717317.459251832
2007-10-23,8842802.869572759
2007-10-24,8904485.143731989
2007-10-25,8980594.826284798
2007-10-26,9081201.744660683
2007-10-29,9159618.376152076
2007-10-30,9176125.538641417
2007-10-31,9289803.98603547
2007-11-01,9268295.394521786
2007-11-02,9314663.353369089
2007-11-05,9356833.295621663
2007-11-06,9302209.182458859
2007-11-07,9274394.785774924
2007-11-08,9230674.41694326
2007-11-12,9254718.48425581
2007-11-13,9309176.505771834
2007-11-14,9376990.99557052
2007-11-15,9430855.944247399
2007-11-16,9413841.426795606
2007-11-19,9538248.317236735
2007-11-20,9494314.86761095
2007-11-21,9293697.313189832
2007-11-22,9257342.062897276
2007-11-23,9387214.692430915
2007-11-26,9498773.709582537
2007-11-27,9471998.216705775
2007-11-28,9435037.22931786
2007-11-29,9454550.943190677
2007-11-30,9556914.221677173
2007-12-03,9651601.468738532
2007-12-04,9693183.337790988
2007-12-05,9760379.273817116
2007-12-06,9722750.316435236
2007-12-07,9699288.248633312
2007-12-10,9687695.108618742
2007-12-11,9728432.13265783
2007-12-12,9769492.551286658
2007-12-13,9756753.976243459
2007-12-14,9799516.35891558
2007-12-17,9662464.493397616
2007-12-18,9611630.015234848
2007-12-19,9621028.54619753
2007-12-20,9550598.859050805
2007-12-24,9605893.454571959
2007-12-26,9672420.013665073
2007-12-27,9643228.188153695
2007-12-28,9722775.062850755
2007-12-31,9779958.121822702
2008-01-01,9801897.843651714
2008-01-02,9833540.756934576
2008-01-03,9876761.338857733
2008-01-04,9876837.439537242
2008-01-07,9866000.297372201
2008-01-08,9817213.120332947
2008-01-09,9782630.714060469
2008-01-10,9655998.184257595
2008-01-11,9693673.788573889
2008-01-14,9769204.919170791
2008-01-15,9700763.104297977
2008-01-16,9671016.155426424
2008-01-17,9707269.904477298
2008-01-18,9511901.677372035
2008-01-21,9228364.603038391
2008-01-22,9075747.093296658
2008-01-23,9197963.259135233
2008-01-24,9118638.218708409
2008-01-25,9275166.7194469
2008-01-28,9282010.080194337
2008-01-29,9270436.39551893
2008-01-30,9248640.465391152
2008-01-31,9264068.98952872
2008-02-01,9253946.063540664
2008-02-04,9269861.217682164
2008-02-05,9260450.068384923
2008-02-06,9245904.052804867
2008-02-07,9225829.991969513
2008-02-08,9227692.107012935
2008-02-11,9197830.196935087
2008-02-12,9184466.935175048
2008-02-13,9194461.979005354
2008-02-14,9238963.57219957
2008-02-15,9243968.472354218
2008-02-18,9255024.442030665
2008-02-19,9258723.69119951
2008-02-20,9237239.251648637
2008-02-21,9238375.320356548
2008-02-22,9224440.562819572
2008-02-25,9225182.357350353
2008-02-26,9232883.370719468
2008-02-27,9232947.621314611
2008-02-28,9225819.569464484
2008-02-29,9226811.364402786
2008-03-03,9199514.859905597
2008-03-04,9188256.102378435
2008-03-05,9179175.530805936
2008-03-07,9149144.332375312
2008-03-10,9126870.983111555
2008-03-11,9131029.499284351
2008-03-12,9129160.09227509
2008-03-13,9108281.392623646
2008-03-14,9106651.561288357
2008-03-17,9090244.372540805
2008-03-18,9088935.64360584
2008-03-19,9087766.67008038
2008-03-24,9084269.798063418
2008-03-25,9111780.117001595
2008-03-26,9103966.928919911
2008-03-27,9106452.895366699
2008-03-28,9102601.86374648
2008-03-31,9098800.929489821
2008-04-01,9093704.453946946
2008-04-02,9100711.19110376
2008-04-03,9096879.03506744
2008-04-04,9092542.39720236
2008-04-07,9096144.778229969
2008-04-08,9093290.340292681
2008-04-09,9093636.168348175
2008-04-10,9093460.998098033
2008-04-11,9094032.392539043
2008-04-15,9098547.827143313
2008-04-16,9095620.175566113
2008-04-17,9097805.559038717
2008-04-21,9100215.689036168
2008-04-22,9102559.282491548
2008-04-23,9101610.105943315
2008-04-24,9099311.335544333
2008-04-25,9100961.966778385
2008-04-28,9100695.544372823
2008-04-29,9107641.410989376
2008-04-30,9107025.29496433
2008-05-02,9108738.219566077
2008-05-05,9105872.371825239
2008-05-06,9107133.505462965
2008-05-07,9107369.79225084
2008-05-08,9106612.350729171
2008-05-09,9098593.366296928
2008-05-12,9094333.81887349
2008-05-13,9094950.810966367
2008-05-14,9095096.026289266
2008-05-15,9090369.791866532
2008-05-16,9099970.098828323
2008-05-20,9095994.97034188
2008-05-21,9089714.02184764
2008-05-22,9085154.528387582
2008-05-23,9083200.482326914
2008-05-26,9082721.120515855
2008-05-27,9080718.759978574
2008-05-28,9092390.644493204
2008-05-29,9083349.59261684
2008-05-30,9081312.630976975
2008-06-02,9078931.068877857
2008-06-03,9075105.056200761
2008-06-04,9060379.27587284
2008-06-05,9070909.713691162
2008-06-06,9067183.431201333
2008-06-09,9063806.40955495
2008-06-10,9059427.099247308
2008-06-11,9060418.576679304
2008-06-12,9064813.955588268
2008-06-13,9060798.568328518
2008-06-16,9065281.299207134
2008-06-17,9068263.237990955
2008-06-18,9060383.494678875
2008-06-19,9058488.44798543
2008-06-20,9049461.35473793
2008-06-23,9043656.834039101
2008-06-24,9032595.797995115
2008-06-25,9030910.172885703
2008-06-26,9034232.12507862
2008-06-27,9025206.867944958
2008-06-30,9023672.749155125
2008-07-01,9023538.729472456
2008-07-02,9025685.983497899
2008-07-03,9021843.129527338
2008-07-04,9023058.939622572
2008-07-07,9023853.95047544
2008-07-08,9021490.651586398
2008-07-09,9022883.015590103
2008-07-10,9021235.34998306
2008-07-11,9019779.301900262
2008-07-14,9025524.463161169
2008-07-15,9022295.88368992
2008-07-16,9022183.308482304
2008-07-17,9025128.954978418
2008-07-18,9028326.38883206
2008-07-21,9033872.032431483
2008-07-22,9035711.608907185
2008-07-23,9045508.396158982
2008-07-24,9040078.555280916
2008-07-25,9034764.80762877
2008-07-28,9040519.728464536
2008-07-29,9039609.09987869
2008-07-30,9042824.26685204
2008-07-31,9046972.423566889
2008-08-01,9045812.023265474
2008-08-04,9052330.950515827
2008-08-05,9051339.6893283
2008-08-06,9049631.168454228
2008-08-07,9052356.570202945
2008-08-08,9049828.891976925
2008-08-11,9052260.391758516
2008-08-12,9050532.648749802
2008-08-13,9050134.2388446
2008-08-14,9049656.98526741
2008-08-18,9051348.371548956
2008-08-19,9051080.41590318
2008-08-20,9057850.757738575
2008-08-21,9046656.071699498
2008-08-22,9049427.733955681
2008-08-25,9049840.731403224
2008-08-26,9052697.45093124
2008-08-27,9053066.253907269
2008-08-28,9043884.67993892
2008-08-29,9046801.216935193
2008-09-01,9053369.471556794
2008-09-02,9057327.212739708
2008-09-04,9053189.814184815
2008-09-05,9051240.350530092
2008-09-08,9055629.361600736
2008-09-09,9053779.932202052
2008-09-10,9056091.469050763
2008-09-11,9043365.91742303
2008-09-12,9039011.95769239
2008-09-15,9022996.373982359
2008-09-16,9017093.754072938
2008-09-17,9015927.277527846
2008-09-18,9008731.801136425
2008-09-19,9014881.85904242
2008-09-22,9012670.497972032
2008-09-23,9007165.805752167
2008-09-24,9006683.36321556
2008-09-25,9009086.938102953
2008-09-26,9005094.030895974
2008-09-29,8995974.080536965
2008-09-30,8995358.976555388
2008-10-01,9003518.388504537
2008-10-03,8986792.304857643
2008-10-06,8976311.672340699
2008-10-07,8973740.527077802
2008-10-08,8970743.597517876
2008-10-10,8959625.603463128
2008-10-13,8963596.299016822
2008-10-14,8966066.290506272
2008-10-15,8963483.165391846
2008-10-16,8965244.921982706
2008-10-17,8960038.88735521
2008-10-20,8961022.854641214
2008-10-21,8961583.210220492
2008-10-22,8956477.793728197
2008-10-23,8952004.730414717
2008-10-24,8942795.543181986
2008-10-27,8939768.369567389
2008-10-29,8939768.369567389
2008-10-31,8939768.369567389
2008-11-03,8940217.888882503
2008-11-04,8939367.80227748
2008-11-05,8938632.681406965
2008-11-06,8938930.497774586
2008-11-07,8938165.226538587
2008-11-10,8938018.200811943
2008-11-11,8937373.569851434
2008-11-12,8937788.246054795
2008-11-14,8938166.138845107
2008-11-17,8938294.308949258
2008-11-18,8937689.260046836
2008-11-19,8936435.799744155
2008-11-20,8935617.742080428
2008-11-21,8935236.988919593
2008-11-24,8934660.211806847
2008-11-25,8934671.52207526
2008-11-26,8934824.199054755
2008-11-27,8934824.199054755
2008-11-28,8934554.65447681
2008-12-01,8934586.698943526
2008-12-02,8934004.262815217
2008-12-03,8933962.79441861
2008-12-04,8935946.089973077
2008-12-05,8935096.82532187
2008-12-08,8935354.349188842
2008-12-10,8937314.69315521
2008-12-11,8937331.44927763
2008-12-12,8937126.022951642
2008-12-15,8937387.859122219
2008-12-16,8936819.654716216
2008-12-17,8937132.276607916
2008-12-18,8937296.178006891
2008-12-19,8942326.336887004
2008-12-22,8941245.89330325
2008-12-23,8938623.455068272
2008-12-24,8940915.421327332
2008-12-26,8938935.516962286
2008-12-29,8939353.075649709
2008-12-30,8944060.174358925
2008-12-31,8940422.851977138
2009-01-02,8942235.616101988
2009-01-05,8942005.638233082
2009-01-06,8941187.754412409
2009-01-07,8922749.52389845
2009-01-09,8922202.425306946
2009-01-12,8919011.244396148
2009-01-13,8918309.303321144
2009-01-14,8921338.324728074
2009-01-15,8912978.370123778
2009-01-16,8916215.691979501
2009-01-19,8917265.769346807
2009-01-20,8917945.528091248
2009-01-21,8918476.874066172
2009-01-22,8914797.812483367
2009-01-23,8909306.983007353
2009-01-27,8912571.900331859
2009-01-28,8911262.650029873
2009-01-29,8912612.982159026
2009-01-30,8915222.572166536
2009-02-02,8911790.356698332
2009-02-03,8912145.697289934
2009-02-04,8913381.327083265
2009-02-05,8911052.668778604
2009-02-06,8914806.726379791
2009-02-09,8915503.509459447
2009-02-10,8917780.495054746
2009-02-11,8917232.737074092
2009-02-12,8920596.817152964
2009-02-13,8918860.151672512
2009-02-16,8910086.926571513
2009-02-17,8907617.671803964
2009-02-18,8910659.506219964
2009-02-19,8907891.71657273
2009-02-20,8904239.176211985
2009-02-24,8902766.136996755
2009-02-25,8898365.746694004
2009-02-26,8895624.255265346
2009-02-27,8902035.52980775
2009-03-02,8896641.05650466
2009-03-03,8892952.788103124
2009-03-04,8893593.238638574
2009-03-05,8888730.14175527
2009-03-06,8883578.636999441
2009-03-09,8874297.828671677
2009-03-12,8874452.735670594
2009-03-13,8876021.147898968
2009-03-16,8879178.575864594
2009-03-17,8877463.254626418
2009-03-18,8875852.122012917
2009-03-19,8880333.557320366
2009-03-20,8880259.45225294
2009-03-23,8886202.023000808
2009-03-24,8886224.159263082
2009-03-25,8884946.271244515
2009-03-26,8893817.762723811
2009-03-27,8895728.811945412
2009-03-30,8891737.386496328
2009-03-31,8906745.218938502
2009-04-01,8888514.450952526
2009-04-02,8894510.745350735
2009-04-06,8892781.958592907
2009-04-08,8900821.441077122
2009-04-09,8901929.798638258
2009-04-13,8908693.582918491
2009-04-15,8920218.914628146
2009-04-16,8916075.154873326
2009-04-17,8917247.117203867
2009-04-20,8919673.676379384
2009-04-21,8907691.179559806
2009-04-22,8901169.6514848
2009-04-23,8914072.976534007
2009-04-24,8915276.27692435
2009-04-27,8909354.507050416
2009-04-28,8901772.87436785
2009-04-29,8909012.945374515
2009-04-30,8910347.549756791
2009-05-04,8931657.706344267
2009-05-05,8933848.309023404
2009-05-06,8920164.226731092
2009-05-07,8925963.039573442
2009-05-08,8922968.942257205
2009-05-11,8919834.913880242
2009-05-12,8937755.142883306
2009-05-13,8932255.726894036
2009-05-14,8942808.56988659
2009-05-15,8961519.795237439
2009-05-18,9025458.54285652
2009-05-19,9013429.44066605
2009-05-20,9034804.228949616
2009-05-21,9040564.16347793
2009-05-22,9058566.52521331
2009-05-25,9079396.195792697
2009-05-26,9050339.17007596
2009-05-27,9069770.513606163
2009-05-28,9091765.557421977
2009-05-29,9114053.664668277
2009-06-01,9140226.22966115
2009-06-02,9127315.43382378
2009-06-03,9137790.558659265
2009-06-04,9145792.127067868
2009-06-05,9135075.895267984
2009-06-08,9100346.355593693
2009-06-09,9124956.494523637
2009-06-10,9151686.985192392
2009-06-11,9139478.466016933
2009-06-12,9132798.502322372
2009-06-15,9121910.691023882
2009-06-16,9120241.95005013
2009-06-17,9104315.031410575
2009-06-18,9081905.32340533
2009-06-19,9106392.480012009
2009-06-22,9092541.716264457
2009-06-23,9104159.596044691
2009-06-24,9117243.104525587
2009-06-25,9112246.366840228
2009-06-26,9140598.75587385
2009-06-29,9133235.429384438
2009-06-30,9119530.618331494
2009-07-01,9101960.62434584
2009-07-02,9109530.16407458
2009-07-03,9119352.815361748
2009-07-06,9081847.657536205
2009-07-07,9112532.866419973
2009-07-08,9106754.046586383
2009-07-09,9118572.052200245
2009-07-10,9124071.923072305
2009-07-13,9100588.861708878
2009-07-14,9115227.960313542
2009-07-15,9133404.284669545
2009-07-16,9159418.173270883
2009-07-17,9189739.256541412
2009-07-20,9240201.661672678
2009-07-21,9256074.03087858
2009-07-22,9251057.453690374
2009-07-23,9278000.842417652
2009-07-24,9306551.335342212
2009-07-27,9345737.477304522
2009-07-28,9362996.589457463
2009-07-29,9344314.307939613
2009-07-30,9375666.628494209
2009-07-31,9390119.697507355
2009-08-03,9426635.181104973
2009-08-04,9424322.08226041
2009-08-05,9402647.942539955
2009-08-06,9365664.406900894
2009-08-07,9353981.150878455
2009-08-10,9328965.903550344
2009-08-11,9341434.246273931
2009-08-12,9343719.795177922
2009-08-13,9400613.876358226
2009-08-14,9407015.959940722
2009-08-17,9344375.12545345
2009-08-18,9380623.006956639
2009-08-19,9395505.987491898
2009-08-20,9407306.23145426
2009-08-21,9406438.284949776
2009-08-24,9461228.669357358
2009-08-25,9483623.828904156
2009-08-26,9495449.763067538
2009-08-27,9522125.483487464
2009-08-28,9531774.128585195
2009-08-31,9526783.189212589
2009-09-01,9554326.768283634
2009-09-02,9552470.604552362
2009-09-03,9576937.535712205
2009-09-04,9623946.841310874
2009-09-07,9646318.989056071
2009-09-08,9656333.961856509
2009-09-09,9624912.185738124
2009-09-10,9611689.518323163
2009-09-11,9598029.821268005
2009-09-14,9593714.991115905
2009-09-15,9623982.229230372
2009-09-16,9635247.438591745
2009-09-17,9653821.834714264
2009-09-18,9666187.071458371
2009-09-22,9700172.903956326
2009-09-23,9664275.24325844
2009-09-24,9668254.550901322
2009-09-25,9658841.268994646
2009-09-29,9685095.847220605
2009-09-30,9713039.04669495
2009-10-01,9714422.953103619
2009-10-05,9680472.998960448
2009-10-06,9685479.093943499
2009-10-07,9652079.6342478
2009-10-08,9638641.718579782
2009-10-09,9625556.36151635
2009-10-12,9655440.061461743
2009-10-13,9655096.266614048
2009-10-14,9650416.66730024
2009-10-15,9665363.365397625
2009-10-16,9659578.03304886
2009-10-20,9687362.717478262
2009-10-21,9700703.085075047
2009-10-22,9671280.624465901
2009-10-23,9695227.972139575
2009-10-26,9705207.811929263
2009-10-27,9676556.289946137
2009-10-28,9661950.747034695
2009-10-29,9635758.491633229
2009-10-30,9642491.342397472
2009-11-03,9618744.944474075
2009-11-04,9632765.22215963
2009-11-05,9648705.797612712
2009-11-06,9692858.347083334
2009-11-09,9716167.28639631
2009-11-10,9725003.249445893
2009-11-11,9755931.559195025
2009-11-12,9724982.387565563
2009-11-13,9733388.173688723
2009-11-16,9728247.854758747
2009-11-17,9728140.817772685
2009-11-18,9704257.536510734
2009-11-19,9679838.214532385
2009-11-20,9683967.239734305
2009-11-23,9674983.442659626
2009-11-24,9677017.894388238
2009-11-25,9665760.789033832
2009-11-26,9654622.048386605
2009-11-27,9642805.727927247
2009-11-30,9663777.18282111
2009-12-01,9670375.675580332
2009-12-02,9651756.48769626
2009-12-03,9674541.253859285
2009-12-04,9673471.00021232
2009-12-07,9670090.307027765
2009-12-08,9672948.492825298
2009-12-09,9671797.570041876
2009-12-10,9674225.29977805
2009-12-11,9679272.451043056
2009-12-14,9674331.704777455
2009-12-15,9660991.62306599
2009-12-16,9664350.899057493
2009-12-17,9670949.529141596
2009-12-18,9688253.73859207
2009-12-21,9681745.365609411
2009-12-22,9687995.564422244
2009-12-23,9698289.572797429
2009-12-24,9695193.835304188
2009-12-29,9696645.285343561
2009-12-30,9696700.278466342
2009-12-31,9702272.06877683
2010-01-04,9712863.49325417
2010-01-05,9720281.473793045
2010-01-06,9723708.755450577
2010-01-07,9707748.278082065
2010-01-08,9753323.182579653
2010-01-11,9756115.3625332
2010-01-12,9754644.63558983
2010-01-13,9758271.18747356
2010-01-14,9763437.19375359
2010-01-15,9780451.735893374
2010-01-18,9796642.751234423
2010-01-19,9777512.14308414
2010-01-20,9772822.276566593
2010-01-21,9743920.031958846
2010-01-22,9736306.271451507
2010-01-25,9739935.401843086
2010-01-27,9717102.91114661
2010-01-28,9727003.575885544
2010-01-29,9722040.70656807
2010-02-01,9747744.498957478
2010-02-02,9748912.448681435
2010-02-03,9755878.521642018
2010-02-04,9758189.752153428
2010-02-05,9749298.002645133
2010-02-06,8664681.411808418
2010-02-08,9752111.774087891
2010-02-09,9754572.529551513
2010-02-10,9750590.000369715
2010-02-11,9743643.021462047
2010-02-15,9742144.32047227
2010-02-16,9747490.564300414
2010-02-17,9755885.336476212
2010-02-18,9757816.268616159
2010-02-19,9751542.045354243
2010-02-22,9748456.537311405
2010-02-23,9746996.741390172
2010-02-24,9747026.673294716
2010-02-25,9746329.28594484
2010-02-26,9752425.706028359
2010-03-02,9755220.105498334
2010-03-03,9761302.860770784
2010-03-04,9770621.88143872
2010-03-05,9769071.049816055
2010-03-08,9778575.298836391
2010-03-09,9779628.286037711
2010-03-10,9776298.175442003
2010-03-11,9783437.270523947
2010-03-12,9788662.842653342
2010-03-15,9785289.100268153
2010-03-16,9796113.199561993
2010-03-17,9801882.985743202
2010-03-18,9794624.064405816
2010-03-19,9808404.982950006
2010-03-22,9806018.267343286
2010-03-23,9822766.118201157
2010-03-25,9820164.845566388
2010-03-26,9816029.944632793
2010-03-29,9807711.020046284
2010-03-30,9801728.469099512
2010-03-31,9807579.661215002
2010-04-01,9811287.966868626
2010-04-05,9830717.12469732
2010-04-06,9825783.05973378
2010-04-07,9831550.840068104
2010-04-08,9832706.747452054
2010-04-09,9821268.948980296
2010-04-12,9815739.887434077
2010-04-13,9809910.669452207
2010-04-15,9822614.068868378
2010-04-16,9819936.8275893
2010-04-19,9805820.293094857
2010-04-20,9821946.762766177
2010-04-21,9827569.06001675
2010-04-22,9830868.6876579
2010-04-23,9843477.556768484
2010-04-26,9849885.279446308
2010-04-27,9849894.258785393
2010-04-28,9830445.90199386
2010-04-29,9834027.649661263
2010-04-30,9847848.404801253
2010-05-03,9859272.903202113
2010-05-04,9832048.914267614
2010-05-05,9838619.25313426
2010-05-06,9845169.63214597
2010-05-07,9815783.900793482
2010-05-10,9843916.958577363
2010-05-11,9829217.408798696
2010-05-12,9846815.374064768
2010-05-13,9877245.645724766
2010-05-14,9889407.96416812
2010-05-17,9893422.695141084
2010-05-18,9939370.219286997
2010-05-19,9877772.551748687
2010-05-20,9891477.326420533
2010-05-21,9878517.830918055
2010-05-24,9868897.944981696
2010-05-25,9804534.974473346
2010-05-26,9827999.46493575
2010-05-27,9830819.076096993
2010-05-28,9852021.732928934
2010-05-31,9866604.952156642
2010-06-01,9870767.10509727
2010-06-02,9874335.719367176
2010-06-03,9898001.039869742
2010-06-04,9908305.098412912
2010-06-07,9898239.41772158
2010-06-08,9898296.036857292
2010-06-09,9929687.684268361
2010-06-10,9958785.029926559
2010-06-11,9942622.953397118
2010-06-14,9941486.195630351
2010-06-15,9956301.26933454
2010-06-16,9960770.623845872
2010-06-17,9987361.831976334
2010-06-18,9980500.117355334
2010-06-21,10001392.45984414
2010-06-22,10007613.237394774
2010-06-23,10041962.87084549
2010-06-24,10038667.164408319
2010-06-25,10022380.37541544
2010-06-28,10053310.346413545
2010-06-29,10056156.715733973
2010-06-30,10062605.40868931
2010-07-01,10052689.304688355
2010-07-02,10065185.476015177
2010-07-05,10096487.476629026
2010-07-06,10112479.132570088
2010-07-07,10115510.129530974
2010-07-08,10134973.330309413
2010-07-09,10135115.168037638
2010-07-12,10136131.246803494
2010-07-13,10163375.55205998
2010-07-14,10164731.065276371
2010-07-15,10167912.56773215
2010-07-16,10183627.070296135
2010-07-19,10189579.941075386
2010-07-20,10189071.84555019
2010-07-21,10184380.214510588
2010-07-22,10184024.09649589
2010-07-23,10183716.385197435
2010-07-26,10179945.371207964
2010-07-27,10174490.90221198
2010-07-28,10166921.149643963
2010-07-29,10158535.203596648
2010-07-30,10167570.682244765
2010-08-02,10224497.46898526
2010-08-03,10223138.679660201
2010-08-04,10234053.725374103
2010-08-05,10231950.127028333
2010-08-06,10257304.886722675
2010-08-09,10284474.595551431
2010-08-10,10241893.038164834
2010-08-11,10234737.884981442
2010-08-12,10251696.533302592
2010-08-13,10286241.545221563
2010-08-16,10297257.610132858
2010-08-17,10319394.577696666
2010-08-18,10335736.398178466
2010-08-19,10358095.267805321
2010-08-20,10375361.28989035
2010-08-23,10401477.966801444
2010-08-24,10395960.900993675
2010-08-25,10373820.161355808
2010-08-26,10371673.136236198
2010-08-27,10365911.209391266
2010-08-30,10343487.464454357
2010-08-31,10317307.66903426
2010-09-01,10364139.821409762
2010-09-02,10377208.991667084
2010-09-03,10413478.195797272
2010-09-06,10458308.004039418
2010-09-07,10467676.698689371
2010-09-08,10466618.950742658
2010-09-09,10477755.911850227
2010-09-13,10488454.851239527
2010-09-14,10484556.375598386
2010-09-15,10487775.759429256
2010-09-16,10472994.997862848
2010-09-17,10512863.218162622
2010-09-20,10486949.321658975
2010-09-21,10448035.52191576
2010-09-22,10442572.360685147
2010-09-23,10455926.015320204
2010-09-24,10469416.522384202
2010-09-27,10472119.27431344
2010-09-28,10464451.674553435
2010-09-29,10458997.473923052
2010-09-30,10481216.071080102
2010-10-01,10502898.414689125
2010-10-04,10527441.940438218
2010-10-05,10521239.97317021
2010-10-06,10545977.601429535
2010-10-07,10539281.160341188
2010-10-08,10552934.892867867
2010-10-11,10565370.263129963
2010-10-12,10567543.348615121
2010-10-13,10568400.10650513
2010-10-14,10560915.478553591
2010-10-15,10517514.579526467
2010-10-18,10502257.088364318
2010-10-19,10502756.220818592
2010-10-20,10514088.080942214
2010-10-21,10540413.091453385
2010-10-22,10543260.475978876
2010-10-25,10584319.200399803
2010-10-26,10591610.477222018
2010-10-27,10592586.532074986
2010-10-28,10589054.753218293
2010-10-29,10588907.351772461
2010-11-01,10637071.333299581
2010-11-02,10649707.189516546
2010-11-03,10639769.098364916
2010-11-04,10661276.901027266
2010-11-08,10655746.204238605
2010-11-09,10661801.782410767
2010-11-10,10686137.409823876
2010-11-11,10694871.783451127
2010-11-12,10682045.019760516
2010-11-15,10693655.801869594
2010-11-16,10650089.649965525
2010-11-18,10658111.665636031
2010-11-19,10631536.176961638
2010-11-22,10664469.293926151
2010-11-23,10662931.12234788
2010-11-24,10628995.53500575
2010-11-25,10609385.329318048
2010-11-26,10562892.37236145
2010-11-29,10574385.368861577
2010-11-30,10593811.300550718
2010-12-01,10612016.904061602
2010-12-02,10616209.646521822
2010-12-03,10604981.838888887
2010-12-06,10600992.775604336
2010-12-07,10594334.958693111
2010-12-08,10575458.301555287
2010-12-09,10510714.78466115
2010-12-10,10541120.5848621
2010-12-13,10554171.676124979
2010-12-14,10563349.731865577
2010-12-15,10531805.935135774
2010-12-16,10530642.171869086
2010-12-20,10523286.40844856
2010-12-21,10539865.056410786
2010-12-22,10537175.025866564
2010-12-23,10538245.68257504
2010-12-24,10548348.532410618
2010-12-27,10550645.346691597
2010-12-28,10542907.728284083
2010-12-29,10554594.103289781
2010-12-30,10574935.914358469
2010-12-31,10584333.08983693
2011-01-03,10591240.215964781
2011-01-04,10584142.120160127
2011-01-05,10579044.697788365
2011-01-06,10564010.613808429
2011-01-07,10534493.861704504
2011-01-10,10502828.482804779
2011-01-11,10497109.90513458
2011-01-12,10517369.537241712
2011-01-13,10510814.650872812
2011-01-14,10502329.51445661
2011-01-17,10506962.590915741
2011-01-18,10521782.501462698
2011-01-19,10517738.196414273
2011-01-20,10525212.689996827
2011-01-21,10510406.201232074
2011-01-24,10511514.340434888
2011-01-25,10512931.5975936
2011-01-27,10505365.538443845
2011-01-28,10482893.437851889
2011-01-31,10484752.224323217
2011-02-01,10476779.315614982
2011-02-02,10474903.463025792
2011-02-03,10477426.058632825
2011-02-04,10467161.440797385
2011-02-07,10462259.323533412
2011-02-08,10448366.302127175
2011-02-09,10437538.475787401
2011-02-10,10437774.10257743
2011-02-11,10440066.149258943
2011-02-14,10442482.101978492
2011-02-15,10442373.739070423
2011-02-16,10441498.092996212
2011-02-17,10441249.370970486
2011-02-18,10438262.668613192
2011-02-21,10441853.651345724
2011-02-22,10440992.8042155
2011-02-23,10440332.273994334
2011-02-24,10436495.466856245
2011-02-25,10438502.262385719
2011-02-28,10438408.815186776
2011-03-01,10440698.716136953
2011-03-03,10440512.885631077
2011-03-04,10439077.186840558
2011-03-07,10437172.327728895
2011-03-08,10439714.60396907
2011-03-09,10443850.49469956
2011-03-10,10441974.743205756
2011-03-11,10439736.645077452
2011-03-14,10444563.057612242
2011-03-15,10434448.10570222
2011-03-16,10439767.908863425
2011-03-17,10434244.951068532
2011-03-18,10436683.341087693
2011-03-21,10432661.309813645
2011-03-22,10436229.24271917
2011-03-23,10433324.71511204
2011-03-24,10435698.345793962
2011-03-25,10437352.755409466
2011-03-28,10433314.877423413
2011-03-29,10430819.263040135
2011-03-30,10430528.217168845
2011-03-31,10435513.148705123
2011-04-01,10432650.92514111
2011-04-04,10446907.631521817
2011-04-05,10450692.822558297
2011-04-06,10450399.025422446
2011-04-07,10453550.04778519
2011-04-08,10443378.939829446
2011-04-11,10434713.616983442
2011-04-13,10450927.73816295
2011-04-15,10443047.470536264
2011-04-18,10411940.80039736
2011-04-19,10421719.50055024
2011-04-20,10439634.656164212
2011-04-21,10433520.456609648
2011-04-25,10439020.19720294
2011-04-26,10438761.788910443
2011-04-27,10439316.434636163
2011-04-28,10432457.544432063
2011-04-29,10425988.346024632
2011-05-02,10413527.261249758
2011-05-03,10389652.304762786
2011-05-04,10378668.948043052
2011-05-05,10362187.16489547
2011-05-06,10377398.092742857
2011-05-09,10384414.875307878
2011-05-10,10384089.409011839
2011-05-11,10387004.506232236
2011-05-12,10376990.101412233
2011-05-13,10385733.04967579
2011-05-16,10381514.312700452
2011-05-17,10381707.369368507
2011-05-18,10369878.770964777
2011-05-19,10369477.731840016
2011-05-20,10373642.832102504
2011-05-23,10369171.460322069
2011-05-24,10369711.718369227
2011-05-25,10370510.298037734
2011-05-26,10374033.183395887
2011-05-27,10380665.059763756
2011-05-30,10392095.44405321
2011-05-31,10405129.414157039
2011-06-01,10408595.300792312
2011-06-02,10404565.39153947
2011-06-03,10399120.448036779
2011-06-06,10402092.53357247
2011-06-07,10410592.741736332
2011-06-08,10416531.169104606
2011-06-09,10419123.393870741
2011-06-10,10424583.00703735
2011-06-13,10431583.926356798
2011-06-14,10436842.876895087
2011-06-15,10433217.659976356
2011-06-16,10431824.426896308
2011-06-17,10422186.092405349
2011-06-20,10398639.236593021
2011-06-21,10397528.565845363
2011-06-22,10387943.850553345
2011-06-23,10393480.761218064
2011-06-24,10411788.999221034
2011-06-27,10416703.074089117
2011-06-28,10430168.190672413
2011-06-29,10450907.211657245
2011-06-30,10464193.33132875
2011-07-01,10463437.646468801
2011-07-04,10474851.893364388
2011-07-05,10467031.893381584
2011-07-06,10469574.780640634
2011-07-07,10499619.049378382
2011-07-08,10452257.970582446
2011-07-11,10459268.005179506
2011-07-12,10447761.445335383
2011-07-13,10459893.974003926
2011-07-14,10473775.56300864
2011-07-15,10477918.412575107
2011-07-18,10489239.291262835
2011-07-19,10499751.534383884
2011-07-20,10493904.461341215
2011-07-21,10484939.008856788
2011-07-22,10500386.150209999
2011-07-25,10505611.904883007
2011-07-26,10487007.459770545
2011-07-27,10495662.512594907
2011-07-28,10497399.804960998
2011-07-29,10501882.527350754
2011-08-01,10509534.742190579
2011-08-02,10497967.61663157
2011-08-03,10492743.308034437
2011-08-04,10478905.678776065
2011-08-05,10443472.793054389
2011-08-08,10423006.243154367
2011-08-09,10414503.44550291
2011-08-10,10439703.746442717
2011-08-11,10444972.366159609
2011-08-12,10454207.125165604
2011-08-16,10453365.572020823
2011-08-17,10447990.36492393
2011-08-18,10426510.804745805
2011-08-19,10392527.635460367
2011-08-22,10409312.506765807
2011-08-23,10423841.583021864
2011-08-24,10427558.607961928
2011-08-25,10421930.14903157
2011-08-26,10394392.125472153
2011-08-29,10402784.179634564
2011-08-30,10406870.964170905
2011-09-02,10414132.027453775
2011-09-05,10421103.882863835
2011-09-06,10426265.687044421
2011-09-07,10436360.33409267
2011-09-08,10424082.606540868
2011-09-09,10432133.009090789
2011-09-12,10410874.614828045
2011-09-13,10410582.25695919
2011-09-14,10412297.481763659
2011-09-15,10420563.811320173
2011-09-16,10414523.825902753
2011-09-19,10413851.151245678
2011-09-20,10429547.884068213
2011-09-21,10430192.969045402
2011-09-22,10395107.418822968
2011-09-23,10383383.063523002
2011-09-26,10361669.422412708
2011-09-27,10375146.679278294
2011-09-28,10357184.662931059
2011-09-29,10356135.262197098
2011-09-30,10355447.8928765
2011-10-03,10342944.18327226
2011-10-04,10339739.179247469
2011-10-05,10331774.629206883
2011-10-07,10337816.205935137
2011-10-10,10341564.159033917
2011-10-11,10341192.896860097
2011-10-12,10350897.445751961
2011-10-13,10348198.365506295
2011-10-14,10348955.26826807
2011-10-17,10353764.862812366
2011-10-18,10350336.819136564
2011-10-19,10355882.277010713
2011-10-20,10354836.572028477
2011-10-21,10358421.842239972
2011-10-24,10362938.525212267
2011-10-25,10359724.32767283
2011-10-28,10366010.791238919
2011-10-31,10365887.328618295
2011-11-01,10364324.45800426
2011-11-02,10368221.344225917
2011-11-03,10375641.804550283
2011-11-04,10382228.5485638
2011-11-08,10383753.994206473
2011-11-09,10376906.215946928
2011-11-11,10371396.281083615
2011-11-14,10367595.677651267
2011-11-15,10356343.590317847
2011-11-16,10354815.090262575
2011-11-17,10341877.935930131
2011-11-18,10335865.642064918
2011-11-21,10328260.806739323
2011-11-22,10323768.075252343
2011-11-23,10311662.274371013
2011-11-24,10312476.934973989
2011-11-25,10302207.089330958
2011-11-28,10307319.109238144
2011-11-29,10308415.502338812
2011-11-30,10306321.759413738
2011-12-01,10308459.897906218
2011-12-02,10312974.833151061
2011-12-05,10311349.43696482
2011-12-07,10314375.370439513
2011-12-08,10308566.31251344
2011-12-09,10307821.286697218
2011-12-12,10300396.501614586
2011-12-13,10296236.706915904
2011-12-14,10292813.060404655
2011-12-15,10291207.251233097
2011-12-16,10290667.940131767
2011-12-19,10285177.677053912
2011-12-20,10282787.700628493
2011-12-21,10284761.512436002
2011-12-22,10286721.666633224
2011-12-23,10290977.609555108
2011-12-26,10291880.782708867
2011-12-27,10290643.942424897
2011-12-28,10288578.392124342
2011-12-29,10287539.2706131
2011-12-30,10287850.54287888
2012-01-02,10286060.18378871
2012-01-03,10291854.193583949
2012-01-04,10288593.057807636
2012-01-05,10290672.424995221
2012-01-06,10290936.024308864
2012-01-07,9843265.90949013
2012-01-09,10293197.36273689
2012-01-10,10300809.121281536
2012-01-11,10297152.458257964
2012-01-12,10299772.121152677
2012-01-13,10298921.939389883
2012-01-16,10295457.490687046
2012-01-17,10301902.448284857
2012-01-18,10296106.246949341
2012-01-19,10299047.1227885
2012-01-20,10298484.199323488
2012-01-23,10303990.27751444
2012-01-24,10307333.679165432
2012-01-25,10315310.529435918
2012-01-27,10309864.049809853
2012-01-30,10295849.979241638
2012-01-31,10309008.799602145
2012-02-01,10313765.27929033
2012-02-02,10317954.178283526
2012-02-03,10318448.059033826
2012-02-06,10331317.30601394
2012-02-07,10332277.488931509
2012-02-08,10338521.656933181
2012-02-09,10344018.254864037
2012-02-10,10339325.444891289
2012-02-13,10343200.993662776
2012-02-14,10345132.988177473
2012-02-15,10361717.418964783
2012-02-16,10358633.152281052
2012-02-17,10356429.528390069
2012-02-21,10371485.629376637
2012-02-22,10282474.799112923
2012-02-23,10255298.101678818
2012-02-24,10231498.449395096
2012-02-27,10147271.64373921
2012-02-28,10243931.295967462
2012-02-29,10273884.0937511
2012-03-01,10258341.504006976
2012-03-02,10249919.897144098
2012-03-03,7116336.823409331
2012-03-05,10212999.248714346
2012-03-06,10186926.319455342
2012-03-07,10186300.405393101
2012-03-09,10256432.218962159
2012-03-12,10282180.486461954
2012-03-13,10305113.96972884
2012-03-14,10308558.169974709
2012-03-15,10252482.708136566
2012-03-16,10232815.288579933
2012-03-19,10206748.56990457
2012-03-20,10230700.160728175
2012-03-21,10288284.577953547
2012-03-22,10216178.814969523
2012-03-23,10238796.08884657
2012-03-26,10190307.202059302
2012-03-27,10186004.008675087
2012-03-28,10161136.24400081
2012-03-29,10161812.68047406
2012-03-30,10241614.060758898
2012-04-02,10259375.025369298
2012-04-03,10279828.640407385
2012-04-04,10296444.906805329
2012-04-09,10257510.579568116
2012-04-10,10245438.987345602
2012-04-11,10222802.97311123
2012-04-12,10263544.429565575
2012-04-13,10245380.4068049
2012-04-16,10255749.163772963
2012-04-17,10291273.34049106
2012-04-18,10328702.415571345
2012-04-19,10325842.493307315
2012-04-20,10300485.63895856
2012-04-23,10238287.756294077
2012-04-24,10227866.343203953
2012-04-25,10208506.967346555
2012-04-26,10202052.036934873
2012-04-27,10213319.021057282
2012-04-30,10236067.926360322
2012-05-02,10218789.236743428
2012-05-03,10187653.771600902
2012-05-04,10112346.59126932
2012-05-07,10132014.340687556
2012-05-08,10101170.221232135
2012-05-09,10087699.79156773
2012-05-10,10088129.243403142
2012-05-11,10074548.5416174
2012-05-14,10067553.45550369
2012-05-15,10079254.944892442
2012-05-16,10051565.33713947
2012-05-17,10052415.017397858
2012-05-18,10037039.387562096
2012-05-21,10037295.890628379
2012-05-22,10041545.703265844
2012-05-23,10060814.756558381
2012-05-24,10065373.618773663
2012-05-25,10065966.531159865
2012-05-28,10083631.862512197
2012-05-29,10073474.389115397
2012-05-30,10061444.823469382
2012-05-31,10080097.348440075
2012-06-01,10051301.166035734
2012-06-04,10050722.428959763
2012-06-05,10049035.62996412
2012-06-06,10066245.420359494
2012-06-07,10071591.038241195
2012-06-08,10080149.920776736
2012-06-11,10080987.481553463
2012-06-12,10082441.238918835
2012-06-13,10082929.372404158
2012-06-14,10064787.97064674
2012-06-15,10075015.499491017
2012-06-18,10067992.50434839
2012-06-19,10073873.712149035
2012-06-20,10082180.500862664
2012-06-21,10083661.66987455
2012-06-22,10080411.453194465
2012-06-25,10082884.725511456
2012-06-26,10079225.231473299
2012-06-27,10088970.39389166
2012-06-28,10085380.517962644
2012-06-29,10100076.493287664
2012-07-02,10102479.850343036
2012-07-03,10106927.362630315
2012-07-04,10107336.046516282
2012-07-05,10124347.313162362
2012-07-06,10115555.365157105
2012-07-09,10113345.12950474
2012-07-10,10121593.204729386
2012-07-11,10116082.213889409
2012-07-12,10114976.44565394
2012-07-13,10116081.62575082
2012-07-16,10109972.32220335
2012-07-17,10106568.439414373
2012-07-18,10117956.484109249
2012-07-19,10122223.389288006
2012-07-20,10129107.130967638
2012-07-23,10115660.60992603
2012-07-24,10133407.712606892
2012-07-25,10128909.347988253
2012-07-26,10120185.308900742
2012-07-27,10108881.086240433
2012-07-30,10122733.98296582
2012-07-31,10132140.147671841
2012-08-01,10157991.320330258
2012-08-02,10154358.284078116
2012-08-03,10145035.413235515
2012-08-06,10158511.841965567
2012-08-07,10168045.728504619
2012-08-08,10188854.295044435
2012-08-09,10194521.105002694
2012-08-10,10208779.12589085
2012-08-13,10225752.980805967
2012-08-14,10239823.817610487
2012-08-16,10244982.578814654
2012-08-17,10263266.0118106
2012-08-21,10277228.908462714
2012-08-22,10280285.514465604
2012-08-23,10285979.526615541
2012-08-24,10282134.64347905
2012-08-27,10267086.629316673
2012-08-28,10235104.175440773
2012-08-29,10240018.788142119
2012-08-30,10267327.840224136
2012-08-31,10260853.750224886
2012-09-03,10261651.802850904
2012-09-04,10263866.081022045
2012-09-05,10264202.527150426
2012-09-06,10281449.993545061
2012-09-07,10310299.417717787
2012-09-08,8827771.928059427
2012-09-10,10334440.848493598
2012-09-11,10320514.16568705
2012-09-12,10314628.0882855
2012-09-13,10312732.386824628
2012-09-14,10314904.146824682
2012-09-17,10295894.84004266
2012-09-18,10282708.468885766
2012-09-20,10257740.434221169
2012-09-21,10281190.843832674
2012-09-24,10267416.527778288
2012-09-25,10280876.350105146
2012-09-26,10296957.25060618
2012-09-27,10311902.778596822
2012-09-28,10327338.183355844
2012-10-01,10328614.595869293
2012-10-03,10332411.294601656
2012-10-04,10325384.359327016
2012-10-05,10307033.274780551
2012-10-08,10303557.260876765
2012-10-09,10314312.690112835
2012-10-10,10292780.345635008
2012-10-11,10312368.07903818
2012-10-12,10334005.001411252
2012-10-15,10337633.669973549
2012-10-16,10338261.862633206
2012-10-17,10342158.694317747
2012-10-18,10344671.518066386
2012-10-19,10341538.055962997
2012-10-22,10379204.23820336
2012-10-23,10395136.20460275
2012-10-25,10375990.839125931
2012-10-29,10320938.462083759
2012-10-30,10316235.707021903
2012-10-31,10343181.25464322
2012-11-01,10367456.654252162
2012-11-02,10369013.150334468
2012-11-05,10367810.510465657
2012-11-06,10377790.052036325
2012-11-07,10407864.386060085
2012-11-08,10422788.14460932
2012-11-09,10408303.137925612
2012-11-12,10419039.720229456
2012-11-15,10437947.188904662
2012-11-16,10412752.91724626
2012-11-19,10394222.974861948
2012-11-20,10383590.386119936
2012-11-21,10374402.599475268
2012-11-22,10382565.447111225
2012-11-23,10382839.445898158
2012-11-26,10400517.447015718
2012-11-27,10400520.907351451
2012-11-29,10391152.957167469
2012-11-30,10392045.880508367
2012-12-03,10418711.978504164
2012-12-04,10434225.914546542
2012-12-05,10435116.201989084
2012-12-06,10440729.69727572
2012-12-07,10434788.50680832
2012-12-10,10447532.133153953
2012-12-11,10425529.758369239
2012-12-12,10419614.946332982
2012-12-13,10404222.732063347
2012-12-14,10422494.889349276
2012-12-17,10443166.980036553
2012-12-18,10473025.196379095
2012-12-19,10499717.199088989
2012-12-20,10499827.733091274
2012-12-21,10457809.53524161
2012-12-24,10487921.94125041
2012-12-26,10481170.467203042
2012-12-27,10486751.469444398
2012-12-28,10496671.308967305
2012-12-31,10505319.494225306
2013-01-01,10551921.30501752
2013-01-02,10584132.630369214
2013-01-03,10599389.308288503
2013-01-04,10627620.036796665
2013-01-07,10654120.833672846
2013-01-08,10662925.345193852
2013-01-09,10677799.90186252
2013-01-10,10683950.322319219
2013-01-11,10655143.408960702
2013-01-14,10700712.397359056
2013-01-15,10712320.943020385
2013-01-16,10703923.313149134
2013-01-17,10724462.122535357
2013-01-18,10722144.905684445
2013-01-21,10732865.625634503
2013-01-22,10685460.424311679
2013-01-23,10661610.17688105
2013-01-24,10617438.539621936
2013-01-25,10657820.579840636
2013-01-28,10662086.37062287
2013-01-29,10641873.005273364
2013-01-30,10642187.322073475
2013-01-31,10668387.415621202
2013-02-01,10652840.737552792
2013-02-04,10667045.088859057
2013-02-05,10651934.299871588
2013-02-06,10665785.838613136
2013-02-07,10642200.623796431
2013-02-08,10609414.445940059
2013-02-11,10631262.406915333
2013-02-12,10652434.396554776
2013-02-13,10634797.100146776
2013-02-14,10616747.16654525
2013-02-15,10629527.410712255
2013-02-18,10632903.789667241
2013-02-19,10663737.896133792
2013-02-20,10669367.1093082
2013-02-21,10623171.326027943
2013-02-22,10629103.403986717
2013-02-25,10618311.97611363
2013-02-26,10611657.659807554
2013-02-27,10623611.970322039
2013-02-28,10616352.375373214
2013-03-01,10591617.303966468
2013-03-04,10557415.610382807
2013-03-05,10575363.80539784
2013-03-06,10586807.188330583
2013-03-07,10610276.31322742
2013-03-08,10619166.66541376
2013-03-11,10625572.814577216
2013-03-12,10621356.191558296
2013-03-13,10588191.868867679
2013-03-14,10589337.962832525
2013-03-15,10580702.457350606
2013-03-18,10580303.334098762
2013-03-19,10572660.406297999
2013-03-20,10572141.939105002
2013-03-21,10568369.620314084
2013-03-22,10558872.576107504
2013-03-25,10539164.92200373
2013-03-26,10549708.497269098
2013-03-28,10565925.318890527
2013-04-01,10597506.063540427
2013-04-02,10592290.007951
2013-04-03,10587392.931452768
2013-04-04,10576340.767834906
2013-04-05,10566086.65092983
2013-04-08,10570691.969854707
2013-04-09,10569582.497999586
2013-04-10,10573216.80309839
2013-04-11,10561873.064542234
2013-04-12,10509563.28705745
2013-04-15,10502084.56306622
2013-04-16,10497829.492961857
2013-04-17,10498930.482390597
2013-04-18,10505924.435223965
2013-04-22,10510773.73281196
2013-04-23,10507029.129666183
2013-04-25,10518729.40020422
2013-04-26,10510155.984859277
2013-04-29,10513023.89881942
2013-04-30,10525146.896433732
2013-05-02,10531429.143902494
2013-05-03,10533868.924305983
2013-05-06,10532333.01936255
2013-05-07,10533079.237400329
2013-05-08,10541974.77539962
2013-05-09,10538828.854411297
2013-05-10,10558307.34893144
2013-05-13,10554766.366305543
2013-05-14,10563002.11969902
2013-05-15,10579698.898211136
2013-05-16,10588895.118331838
2013-05-17,10584368.061475443
2013-05-20,10577430.428135347
2013-05-21,10575525.536945248
2013-05-22,10570117.87685356
2013-05-23,10567661.517084269
2013-05-24,10561614.843763387
2013-05-27,10573329.480855018
2013-05-28,10573148.728891395
2013-05-29,10578466.628125187
2013-05-30,10579074.835063921
2013-05-31,10576558.085366385
2013-06-03,10577221.739606569
2013-06-04,10587480.571695536
2013-06-05,10585836.94990996
2013-06-06,10567908.773816919
2013-06-07,10567069.42092974
2013-06-10,10558124.048561664
2013-06-11,10550547.87541773
2013-06-12,10545376.173630277
2013-06-13,10524918.525181033
2013-06-14,10536554.420602426
2013-06-17,10545145.485182399
2013-06-18,10545599.047208449
2013-06-19,10545594.223580802
2013-06-20,10532912.906957228
2013-06-21,10524257.002713809
2013-06-24,10522752.586305976
2013-06-25,10519599.518291144
2013-06-26,10506538.076565133
2013-06-27,10520025.158219706
2013-06-28,10530144.615100391
2013-07-01,10536699.476401659
2013-07-02,10541084.59681743
2013-07-03,10544343.027504513
2013-07-04,10552547.54936379
2013-07-05,10554254.777125549
2013-07-08,10551503.500660496
2013-07-09,10558587.225219177
2013-07-10,10564546.756057113
2013-07-11,10569755.764239505
2013-07-12,10575564.932238644
2013-07-15,10579648.627640756
2013-07-16,10580172.517536277
2013-07-17,10577285.803346299
2013-07-18,10583302.149075136
2013-07-19,10580329.384902053
2013-07-22,10579317.504822508
2013-07-23,10577594.604651922
2013-07-24,10580642.53670563
2013-07-25,10569560.062518273
2013-07-26,10573553.89678837
2013-07-29,10571709.637567723
2013-07-30,10561353.882707784
2013-07-31,10570192.305360276
2013-08-01,10568786.985311165
2013-08-02,10560668.298284322
2013-08-05,10558388.920095408
2013-08-06,10547375.196338834
2013-08-07,10539273.04095195
2013-08-08,10531796.63025582
2013-08-12,10541893.153633988
2013-08-13,10559634.352809282
2013-08-14,10558764.528484395
2013-08-16,10544875.660276143
2013-08-19,10526935.159997987
2013-08-20,10505341.96883376
2013-08-21,10490311.21947445
2013-08-22,10506060.074891362
2013-08-23,10523578.398731608
2013-08-26,10529108.011160344
2013-08-27,10513039.89098356
2013-08-28,10514605.787181448
2013-08-29,10527968.765466604
2013-08-30,10533345.846241001
2013-09-02,10539855.544437993
2013-09-03,10535821.373035757
2013-09-04,10551417.71921887
2013-09-05,10541627.794652695
2013-09-06,10544145.817219652
2013-09-10,10553021.854393343
2013-09-11,10562680.175772429
2013-09-12,10558971.366363686
2013-09-13,10550092.606501415
2013-09-16,10541645.9502201
2013-09-17,10542790.097908678
2013-09-18,10545963.652666314
2013-09-19,10551308.623797044
2013-09-20,10553996.396673582
2013-09-23,10547494.329639252
2013-09-24,10549300.819375712
2013-09-25,10555188.472414725
2013-09-26,10561868.593419021
2013-09-27,10564213.803712009
2013-09-30,10570545.111868234
2013-10-01,10571977.82060729
2013-10-03,10587157.117236406
2013-10-04,10594104.319431927
2013-10-07,10609910.52416135
2013-10-08,10613571.404422589
2013-10-09,10633986.938185785
2013-10-10,10647429.351107629
2013-10-11,10650616.67256405
2013-10-14,10654005.661570797
2013-10-15,10652886.42137847
2013-10-17,10629203.55270034
2013-10-18,10636782.607769955
2013-10-21,10634468.477555167
2013-10-22,10639476.581488311
2013-10-23,10626064.628615044
2013-10-24,10611204.100131776
2013-10-25,10610076.511422452
2013-10-28,10592980.826583406
2013-10-29,10604820.81033652
2013-10-30,10617646.834625702
2013-10-31,10618215.117187513
2013-11-01,10603802.273278054
2013-11-05,10591464.486423865
2013-11-06,10601178.358310578
2013-11-07,10606745.041297669
2013-11-08,10618508.008244207
2013-11-11,10618810.720232325
2013-11-12,10616878.484263387
2013-11-13,10615719.048647085
2013-11-14,10615196.388655981
2013-11-18,10629135.048476886
2013-11-19,10628769.648123719
2013-11-20,10613179.149426302
2013-11-21,10596078.309105387
2013-11-22,10590166.38944123
2013-11-25,10598518.098329341
2013-11-26,10600072.779847022
2013-11-27,10594197.315143561
2013-11-28,10601603.953278113
2013-11-29,10609215.491664747
2013-12-02,10618175.829577342
2013-12-03,10617928.743452743
2013-12-04,10625974.336267617
2013-12-05,10610194.77075822
2013-12-06,10606431.58278062
2013-12-09,10608136.645386143
2013-12-10,10619751.214603396
2013-12-11,10625471.229606677
2013-12-12,10624953.438573392
2013-12-13,10617136.670999033
2013-12-16,10633690.190492524
2013-12-17,10635328.856820567
2013-12-18,10656091.988669299
2013-12-19,10672227.867999865
2013-12-20,10699392.174126195
2013-12-23,10701043.69706693
2013-12-24,10703957.884562878
2013-12-26,10706826.824015746
2013-12-27,10728321.928124659
2013-12-30,10734264.737076452
2013-12-31,10744843.396432823
2014-01-01,10749798.524923146
2014-01-02,10722317.58521367
2014-01-03,10746148.165098516
2014-01-06,10753282.37014942
2014-01-07,10749387.935501685
2014-01-08,10765056.628514439
2014-01-09,10754014.623879405
2014-01-10,10763696.476155614
2014-01-13,10786357.332013754
2014-01-14,10792526.198113788
2014-01-15,10774712.971687654
2014-01-16,10791826.45113371
2014-01-17,10744180.716763834
2014-01-20,10785659.000880396
2014-01-21,10797873.626605948
2014-01-22,10804090.678438243
2014-01-23,10784132.516396224
2014-01-24,10748105.123708036
2014-01-27,10716118.619134275
2014-01-28,10711679.885427948
2014-01-29,10709728.023847397
2014-01-30,10690232.325398976
2014-01-31,10736062.429426294
2014-02-03,10718418.4094743
2014-02-04,10707785.509908848
2014-02-05,10721170.642700342
2014-02-06,10719866.145566551
2014-02-07,10736852.081057167
2014-02-10,10729721.755410856
2014-02-11,10762126.929481765
2014-02-12,10778520.9612917
2014-02-13,10765659.248132966
2014-02-14,10777432.466310592
2014-02-17,10784629.09627286
2014-02-18,10805551.16484284
2014-02-19,10836800.28670857
2014-02-20,10847756.653902898
2014-02-21,10892369.65686883
2014-02-24,10904644.266406812
2014-02-25,10909295.976071598
2014-02-26,10919983.0899543
2014-02-28,10953014.427328829
2014-03-03,10957634.44962646
2014-03-04,10969245.938499654
2014-03-05,10971905.193537585
2014-03-06,10958124.200102564
2014-03-07,10894335.754889162
2014-03-10,10904037.925987562
2014-03-11,10893457.900356537
2014-03-12,10902500.049618417
2014-03-13,10861647.520151978
2014-03-14,10861395.041792622
2014-03-18,10869347.708385315
2014-03-19,10858200.922308797
2014-03-20,10860324.678491494
2014-03-21,10877000.648814563
2014-03-24,10883577.02407497
2014-03-25,10882720.541617036
2014-03-26,10868020.656108368
2014-03-27,10884866.924936237
2014-03-28,10900448.010664627
2014-03-31,10911388.560387336
2014-04-01,10939208.256802045
2014-04-02,10967884.308080357
2014-04-03,10948282.755259473
2014-04-04,10957896.738457004
2014-04-07,10956186.410955861
2014-04-09,10958897.248352755
2014-04-10,10944517.31533705
2014-04-11,10946749.693009464
2014-04-15,10943059.823762294
2014-04-16,10936416.569019524
2014-04-17,10958123.547054043
2014-04-21,10980165.604901424
2014-04-22,10972479.068218306
2014-04-23,10970310.908066008
2014-04-24,10970310.908066008
2014-04-25,10953614.0630756
2014-04-28,11003282.023941854
2014-04-29,11010432.048403079
2014-04-30,10986396.412631836
2014-05-02,10973890.106270164
2014-05-05,10980940.860475088
2014-05-06,11019589.508722633
2014-05-07,11003708.246951466
2014-05-08,10998568.479456022
2014-05-09,10982029.299645955
2014-05-12,11001992.22275602
2014-05-13,11025562.173468761
2014-05-14,11043828.853832556
2014-05-15,11008242.415428322
2014-05-16,11022454.394822676
2014-05-19,11145649.160469111
2014-05-20,11202180.487634413
2014-05-21,11239218.771030156
2014-05-22,11308391.70492905
2014-05-23,11354798.15205231
2014-05-26,11300109.166604308
2014-05-27,11278498.483099956
2014-05-28,11304345.589413596
2014-05-29,11291703.610725736
2014-05-30,11275486.186131636
2014-06-02,11356095.138588574
2014-06-03,11372926.04020106
2014-06-04,11451674.255204795
2014-06-05,11486982.750887647
2014-06-06,11520833.897294257
2014-06-09,11588317.971906466
2014-06-10,11601087.526773961
2014-06-11,11588804.484233234
2014-06-12,11596865.877124833
2014-06-13,11499115.297363505
2014-06-16,11525782.720195815
2014-06-17,11630455.481231406
2014-06-18,11645143.091447892
2014-06-19,11638269.381206417
2014-06-20,11606262.009492971
2014-06-23,11642561.02409287
2014-06-24,11700474.12636795
2014-06-25,11693900.104588347
2014-06-26,11660700.943139264
2014-06-27,11701825.593581416
2014-06-30,11814466.325686544
2014-07-01,11880289.730543192
2014-07-02,11964061.467509102
2014-07-03,11967631.486122692
2014-07-04,11999407.98734236
2014-07-07,12002194.742473561
2014-07-08,11831321.83736879
2014-07-09,11753410.707275236
2014-07-10,11789581.449594164
2014-07-11,11642592.742777199
2014-07-14,11612223.667480009
2014-07-15,11723974.024597624
2014-07-16,11806474.160138527
2014-07-17,11885397.700949388
2014-07-18,11894454.87212686
2014-07-21,11924163.307729844
2014-07-22,11942240.34891891
2014-07-23,11970018.69752134
2014-07-24,12006941.133179318
2014-07-25,11920656.977770738
2014-07-28,11876554.634955201
2014-07-30,11922753.130469462
2014-07-31,11907633.021577874
2014-08-01,11855292.744296804
2014-08-04,11891534.753634773
2014-08-05,11979372.392683566
2014-08-06,11971929.611391652
2014-08-07,11963712.705254525
2014-08-08,11892806.939368963
2014-08-11,11936796.493868917
2014-08-12,11982224.145933885
2014-08-13,11946175.268157221
2014-08-14,12010814.968400689
2014-08-18,12093001.396271441
2014-08-19,12183373.527849864
2014-08-20,12207564.638942447
2014-08-21,12237052.905730074
2014-08-22,12219650.598658308
2014-08-25,12221988.832451064
2014-08-26,12224172.42894412
2014-08-27,12287171.225038154
2014-08-28,12270136.925748805
2014-09-01,12330513.186005613
2014-09-02,12392872.749191288
2014-09-03,12436701.91142216
2014-09-04,12472035.251726339
2014-09-05,12567142.979026722
2014-09-08,12682160.54550105
2014-09-09,12675413.636833185
2014-09-10,12650508.060532108
2014-09-11,12714980.456385218
2014-09-12,12759341.812025378
2014-09-15,12749089.908005146
2014-09-16,12527340.103615511
2014-09-17,12554846.71045154
2014-09-18,12670342.873231424
2014-09-19,12712113.62914704
2014-09-22,12767794.467553316
2014-09-23,12648252.064186253
2014-09-24,12548947.849893395
2014-09-25,12467416.98793541
2014-09-26,12519022.241482543
2014-09-29,12579511.5990647
2014-09-30,12673791.410417002
2014-10-01,12659019.156471772
2014-10-07,12589167.005154269
2014-10-08,12619573.89135743
2014-10-09,12674449.02404776
2014-10-10,12606894.829430424
2014-10-13,12601163.034195766
2014-10-14,12599380.864513708
2014-10-15,12599380.864513708
2014-10-16,12456169.90843744
2014-10-17,12451638.544343572
2014-10-20,12506554.665482262
2014-10-21,12555911.78534842
2014-10-22,12566038.225981163
2014-10-27,12614757.329970028
2014-10-28,12594883.000570212
2014-10-29,12670482.070438707
2014-10-30,12694724.183123462
2014-10-31,12727003.950718308
2014-11-03,12780512.860971753
2014-11-05,12843104.13836371
2014-11-07,12855509.582357625
2014-11-10,12854487.034998877
2014-11-11,12900686.755489562
2014-11-12,12962342.403702144
2014-11-13,12981013.496854905
2014-11-14,12953135.069391387
2014-11-17,12970308.111167613
2014-11-18,13006965.192671847
2014-11-19,12996102.859098187
2014-11-20,13024882.474274354
2014-11-21,13015619.906749006
2014-11-24,13041814.834584191
2014-11-25,12971053.926961899
2014-11-26,12960279.381715186
2014-11-27,13006554.499615647
2014-11-28,13022932.105832586
2014-12-01,12997072.386542788
2014-12-02,13017298.230235202
2014-12-03,13086452.24710199
2014-12-04,13136495.744372979
2014-12-05,13130090.75515992
2014-12-08,13116486.072432786
2014-12-09,13076442.314866489
2014-12-10,13107770.317413198
2014-12-11,13093480.169189852
2014-12-12,13030216.766198663
2014-12-15,13050858.539169937
2014-12-16,12941074.802558677
2014-12-17,12923527.719359951
2014-12-18,13025881.378832735
2014-12-19,13049265.169126356
2014-12-22,13066332.991185745
2014-12-23,13061580.750274256
2014-12-24,13058402.816398473
2014-12-26,13069607.243432509
2014-12-29,13096166.74325599
2014-12-30,13093363.519127745
2014-12-31,13109645.443770353
2015-01-01,13141234.398774937
2015-01-02,13168317.183630295
2015-01-05,13171596.871971551
2015-01-06,13075438.807626316
2015-01-07,13108703.420591507
2015-01-08,13180261.722451886
2015-01-09,13206961.280865183
2015-01-12,13222959.520113014
2015-01-13,13255092.699382469
2015-01-14,13291909.125648329
2015-01-15,13334104.289352177
2015-01-16,13339856.271233056
2015-01-19,13348544.089025747
2015-01-20,13413496.622026965
2015-01-21,13380529.221730899
2015-01-22,13397127.70631471
2015-01-23,13439657.121363148
2015-01-27,13511825.082828265
2015-01-28,13546858.94389863
2015-01-29,13567386.591195654
2015-01-30,13576008.094728075
2015-02-02,13579219.459010996
2015-02-03,13518360.949927617
2015-02-04,13500495.80352524
2015-02-05,13474305.391875226
2015-02-06,13399721.249842878
2015-02-09,13373345.828287603
2015-02-10,13387738.933729405
2015-02-11,13420084.116711665
2015-02-12,13438035.69068711
2015-02-13,13442213.63189978
2015-02-16,13454727.904285507
2015-02-18,13472046.278521845
2015-02-19,13416897.306987919
2015-02-20,13446890.028679296
2015-02-23,13427149.167830905
2015-02-24,13375822.054560706
2015-02-25,13351366.352836505
2015-02-26,13354440.100379165
2015-02-27,13432090.153009038
2015-03-02,13473441.958205855
2015-03-03,13550686.680697493
2015-03-04,13526853.111876808
2015-03-05,13532393.29086506
2015-03-09,13482864.590992406
2015-03-10,13481672.337765023
2015-03-11,13467689.38434582
2015-03-12,13509524.819537582
2015-03-13,13459716.483417809
2015-03-16,13425413.58773315
2015-03-17,13454213.342834378
2015-03-18,13466693.01830791
2015-03-19,13470635.023306902
2015-03-20,13414623.793581279
2015-03-23,13395167.641091151
2015-03-24,13381718.339596078
2015-03-25,13383869.209575385
2015-03-26,13363551.414607543
2015-03-27,13379310.722926807
2015-03-30,13449594.03868135
2015-03-31,13520977.511240298
2015-04-01,13614320.53968202
2015-04-06,13603697.43361622
2015-04-07,13617911.285117194
2015-04-08,13727472.348130379
2015-04-09,13727046.477481972
2015-04-10,13790968.46919028
2015-04-13,13844626.886897156
2015-04-15,13822411.751576833
2015-04-16,13778254.371497909
2015-04-17,13708884.292945098
2015-04-20,13609723.087110326
2015-04-21,13634903.145798719
2015-04-22,13642350.422819514
2015-04-23,13709914.533637613
2015-04-24,13543650.178702116
2015-04-27,13493235.960876787
2015-04-28,13573880.150115225
2015-04-29,13638833.160069076
2015-04-30,13663345.87489983
2015-05-04,13736142.130851822
2015-05-05,13711620.144682609
2015-05-06,13613216.36997169
2015-05-07,13599966.865431963
2015-05-08,13632036.087640285
2015-05-11,13645949.740430923
2015-05-12,13634833.77972004
2015-05-13,13676815.732403655
2015-05-14,13711217.161062745
2015-05-15,13690703.795652246
2015-05-18,13700520.661796587
2015-05-19,13749245.694155663
2015-05-20,13727353.154174795
2015-05-21,13722448.180048808
2015-05-22,13747173.494534452
2015-05-25,13748510.543810831
2015-05-26,13764162.757065209
2015-05-27,13755932.045542808
2015-05-28,13729598.75633371
2015-05-29,13780305.038037179
2015-06-01,13794240.616494637
2015-06-02,13743880.280964544
2015-06-03,13692446.713363264
2015-06-04,13709059.08299388
2015-06-05,13711243.96106983
2015-06-08,13691448.06617278
2015-06-09,13663988.11124606
2015-06-10,13685688.416948436
2015-06-11,13657657.775462177
2015-06-12,13659026.55356946
2015-06-15,13665058.225446902
2015-06-16,13686381.414825303
2015-06-17,13719285.573319789
2015-06-18,13758216.31793605
2015-06-19,13781446.035327686
2015-06-22,13871107.057005402
2015-06-23,13869102.612729812
2015-06-24,13852704.122348335
2015-06-25,13853884.646698114
2015-06-26,13892139.061739752
2015-06-29,13875265.00071238
2015-06-30,13908059.383676047
2015-07-01,13892962.804230394
2015-07-02,13950222.650870984
2015-07-03,13927042.846329281
2015-07-06,14020973.463104753
2015-07-07,14026975.879082244
2015-07-08,14009845.66005106
2015-07-09,13999332.981265707
2015-07-10,14028208.008924786
2015-07-13,14073424.129302178
2015-07-14,14075712.528863369
2015-07-15,14087735.461386615
2015-07-16,14132678.618082177
2015-07-17,14168269.338075997
2015-07-20,14179117.736371001
2015-07-21,14106921.47369712
2015-07-22,14183781.138006944
2015-07-23,14188643.032824373
2015-07-24,14198462.336565731
2015-07-27,14165500.526280684
2015-07-28,14250878.874559343
2015-07-29,14313856.505052945
2015-07-30,14385319.206452724
2015-07-31,14391860.275938302
2015-08-03,14474530.555060074
2015-08-04,14449918.45992416
2015-08-05,14462121.526295904
2015-08-06,14363197.850095332
2015-08-07,14382098.352103572
2015-08-10,14381195.409824278
2015-08-11,14347962.25295247
2015-08-12,14221952.042382024
2015-08-13,14203662.109859113
2015-08-14,14272669.614320412
2015-08-17,14265291.983357238
2015-08-18,14359310.847955838
2015-08-19,14419383.973322826
2015-08-20,14344123.902361564
2015-08-21,14337265.645763127
2015-08-24,13923522.735973753
2015-08-25,13951576.74243366
2015-08-26,13945582.101173306
2015-08-27,14049900.952831544
2015-08-28,14062419.180202395
2015-08-31,14057152.993457656
2015-09-01,13989992.300192466
2015-09-02,14009423.299236672
2015-09-03,14033809.839905545
2015-09-04,13905754.798501799
2015-09-07,13865937.431120997
2015-09-08,13898333.897017125
2015-09-09,14066539.81989282
2015-09-10,14097241.385621952
2015-09-11,14167768.548128825
2015-09-14,14176283.98668178
2015-09-15,14161369.842663804
2015-09-16,14141071.549115282
2015-09-18,14211597.131239299
2015-09-21,14191772.237847803
2015-09-22,14157479.544450827
2015-09-23,14169266.816399729
2015-09-24,14226204.470542643
2015-09-28,14189155.299371008
2015-09-29,14206989.1511217
2015-09-30,14232988.769622872
2015-10-01,14236671.371783039
2015-10-05,14318721.733066207
2015-10-06,14371344.578782093
2015-10-07,14300235.653265541
2015-10-08,14229730.004560657
2015-10-09,14124844.839354742
2015-10-12,14171116.87366692
2015-10-13,14145665.197345283
2015-10-14,14175661.094953313
2015-10-15,14131978.085754832
2015-10-16,14087295.423148282
2015-10-19,14102208.918930572
2015-10-20,14101885.36040551
2015-10-21,14108123.073448654
2015-10-23,14095616.373687783
2015-10-26,14070192.810649721
2015-10-27,14091308.00087402
2015-10-28,14088115.66931186
2015-10-29,14080700.512027139
2015-10-30,14052311.116552135
2015-11-02,14056009.784487007
2015-11-03,14052525.028084213
2015-11-04,14050090.363884658
2015-11-05,14013589.894718895
2015-11-06,13975253.291973056
2015-11-09,13990914.731772432
2015-11-10,13982626.208172586
2015-11-13,13977035.479627773
2015-11-16,13988658.203818146
2015-11-17,13988542.244161995
2015-11-18,13974448.555615157
2015-11-19,13988624.776988087
2015-11-20,13999184.256216336
2015-11-23,14004885.98227916
2015-11-24,14004704.669470867
2015-11-26,13999766.180510873
2015-11-27,13998718.084727254
2015-11-30,14008479.11707792
2015-12-01,14015298.382631572
2015-12-02,14012211.375812681
2015-12-03,14008648.454166446
2015-12-04,13995938.621672722
2015-12-07,14013651.861989073
2015-12-08,13984966.22196995
2015-12-09,13945415.037832394
2015-12-10,13969073.471041312
2015-12-11,13964754.478441786
2015-12-14,13981129.121545747
2015-12-15,13999215.262554862
2015-12-16,13994855.161273094
2015-12-17,14025363.88459747
2015-12-18,14020329.316518335
2015-12-21,14032594.844977805
2015-12-22,14033026.201230658
2015-12-23,14042573.776882099
2015-12-24,14044225.283948654
2015-12-28,14048101.356602944
2015-12-29,14049839.88372829
2015-12-30,14048934.986354815
2015-12-31,14057117.162140526
2016-01-01,14072056.333973462
2016-01-04,14048073.518961621
2016-01-05,14061267.941895416
2016-01-06,14054357.878803654
2016-01-07,13997474.685330046
2016-01-08,14021579.40725895
2016-01-11,14005317.554544726
2016-01-12,13995284.09413021
2016-01-13,13945862.982872596
2016-01-14,13928703.36875259
2016-01-15,13872439.632057145
2016-01-18,13826148.517008018
2016-01-19,13833152.285768287
2016-01-20,13811519.30531012
2016-01-21,13807324.29335905
2016-01-22,13828705.469465641
2016-01-25,13831475.850084728
2016-01-27,13834701.057698568
2016-01-28,13829296.795209873
2016-01-29,13825528.88553818
2016-02-01,13830181.833647277
2016-02-02,13821906.590460677
2016-02-03,13814900.00680478
2016-02-04,13819687.635743061
2016-02-05,13829088.69643889
2016-02-08,13827427.45661608
2016-02-09,13813522.96984422
2016-02-10,13809680.780842267
2016-02-11,13789145.288617162
2016-02-12,13777894.881662682
2016-02-15,13785517.632203698
2016-02-16,13779082.92788669
2016-02-17,13778292.940459387
2016-02-18,13783650.153523985
2016-02-19,13785999.751672177
2016-02-22,13789398.986095905
2016-02-23,13786373.36485738
2016-02-24,13784044.811900891
2016-02-25,13779158.616617646
2016-02-26,13776303.46426963
2016-02-29,13780209.346838249
2016-03-01,13784187.31937852
2016-03-02,13786959.112573775
2016-03-03,13792402.62738061
2016-03-04,13794056.263000669
2016-03-08,13797364.898735492
2016-03-09,13800213.360133152
2016-03-10,13800822.673815588
2016-03-11,13798240.496074475
2016-03-14,13800612.180158958
2016-03-15,13797232.227701053
2016-03-16,13793413.007913817
2016-03-17,13792125.320938205
2016-03-18,13802429.369086346
2016-03-21,13807290.22918228
2016-03-22,13805496.816750396
2016-03-23,13807431.066958677
2016-03-28,13796609.994848877
2016-03-29,13801717.236983972
2016-03-30,13817785.63001329
2016-03-31,13829262.144253416
2016-04-01,13825943.822942901
2016-04-04,13826080.516388435
2016-04-05,13810205.545924053
2016-04-06,13828289.665583393
2016-04-07,13820219.963311534
2016-04-08,13829004.792267894
2016-04-11,13837119.183623563
2016-04-12,13841606.981564637
2016-04-13,13849959.014667505
2016-04-18,13863796.072594678
2016-04-20,13867088.506930266
2016-04-21,13851888.887307301
2016-04-22,13845749.881353986
2016-04-25,13838615.28343709
2016-04-26,13863510.664380286
2016-04-27,13856833.550684268
2016-04-28,13830970.783934003
2016-04-29,13831080.150422247
2016-05-02,13838097.953542084
2016-05-03,13822303.67782314
2016-05-04,13790418.300779656
2016-05-05,13788390.327220911
2016-05-06,13789971.359248428
2016-05-09,13820328.608669842
2016-05-10,13811078.461483425
2016-05-11,13814848.307169357
2016-05-12,13832664.149334626
2016-05-13,13845260.349361215
2016-05-16,13835298.316635465
2016-05-17,13848928.884188216
2016-05-18,13851486.2436152
2016-05-19,13828572.47364992
2016-05-20,13818977.4472244
2016-05-23,13824129.153388923
2016-05-24,13827913.316318432
2016-05-25,13856992.733750867
2016-05-26,13873223.203344047
2016-05-27,13893553.704555424
2016-05-30,13917803.215544008
2016-05-31,13928284.70057278
2016-06-01,13927295.757961867
2016-06-02,13945881.73362937
2016-06-03,13944990.359863715
2016-06-06,13949595.487974148
2016-06-07,13978937.172777701
2016-06-08,13990346.137075821
2016-06-09,13971534.35165968
2016-06-10,13956718.317220991
2016-06-13,13937614.57254516
2016-06-14,13944367.958005399
2016-06-15,13977966.064751027
2016-06-16,13954886.251739258
2016-06-17,13966984.014542729
2016-06-20,13991494.952713022
2016-06-21,14005482.284351582
2016-06-22,13994852.270384433
2016-06-23,14001315.866627771
2016-06-24,13963908.738218183
2016-06-27,13998497.859856354
2016-06-28,14016171.058586447
2016-06-29,14055113.306521669
2016-06-30,14095160.720002329
2016-07-01,14139087.399929555
2016-07-04,14182426.423778733
2016-07-05,14159942.048262333
2016-07-07,14186536.749719318
2016-07-08,14177102.87802512
2016-07-11,14215666.25297101
2016-07-12,14243313.314076783
2016-07-13,14210504.31612454
2016-07-14,14217036.259670012
2016-07-15,14214240.110154586
2016-07-18,14204149.921980215
2016-07-19,14208070.207038047
2016-07-20,14234498.514608465
2016-07-21,14224619.655707791
2016-07-22,14271865.0496743
2016-07-25,14321277.1668369
2016-07-26,14294537.069341602
2016-07-27,14320410.820383223
2016-07-28,14350679.282150256
2016-07-29,14375711.203961248
2016-08-01,14412948.819795724
2016-08-02,14412510.873692576
2016-08-03,14327662.405016936
2016-08-04,14367036.434552852
2016-08-05,14464294.372378604
2016-08-08,14554361.853131747
2016-08-09,14486328.181503447
2016-08-10,14452956.64791719
2016-08-11,14415991.625169897
2016-08-12,14443399.773366828
2016-08-16,14474658.904949566
2016-08-17,14505041.066690458
2016-08-18,14548972.034046384
2016-08-19,14583783.020710966
2016-08-22,14562141.631241355
2016-08-23,14529544.839618016
2016-08-24,14555829.760317301
2016-08-25,14533510.529821858
2016-08-26,14557199.576453408
2016-08-29,14584014.755602324
2016-08-30,14633856.816889638
2016-08-31,14654690.090703715
2016-09-01,14617681.109544184
2016-09-02,14640519.152525585
2016-09-06,14687649.590610145
2016-09-07,14729076.37453401
2016-09-08,14746905.456973461
2016-09-09,14684574.173125071
2016-09-12,14548757.526305001
2016-09-14,14620646.18152235
2016-09-15,14612105.55338416
2016-09-16,14603768.985233283
2016-09-19,14638556.247143362
2016-09-20,14628127.998977367
2016-09-21,14622172.707541712
2016-09-22,14683411.835024254
2016-09-23,14664136.79962485
2016-09-26,14657278.743404215
2016-09-27,14632545.870584412
2016-09-28,14663668.31530898
2016-09-29,14521688.309983712
2016-09-30,14613686.106669743
2016-10-03,14693490.011257185
2016-10-04,14729810.286827205
2016-10-05,14755136.665175203
2016-10-06,14755692.050837101
2016-10-07,14750651.124312257
2016-10-10,14758978.979883678
2016-10-13,14734452.623247877
2016-10-14,14775626.169737047
2016-10-17,14744749.272543408
2016-10-18,14785553.555165453
2016-10-19,14795177.216644134
2016-10-20,14784290.824365433
2016-10-21,14786875.550546769
2016-10-24,14800466.88090498
2016-10-25,14820328.712218516
2016-10-26,14800849.94436239
2016-10-27,14751826.086048547
2016-10-28,14776813.897799477
2016-11-01,14779157.409829386
2016-11-02,14718379.52449222
2016-11-03,14704916.32277321
2016-11-04,14658960.53537158
2016-11-07,14690336.313919289
2016-11-08,14707106.371261517
2016-11-09,14629749.853159253
2016-11-10,14668267.00028169
2016-11-11,14553242.91210803
2016-11-15,14456101.350462165
2016-11-16,14461542.292600935
2016-11-17,14464683.779133081
2016-11-18,14459479.793428868
2016-11-21,14422276.971674671
2016-11-22,14443041.333791874
2016-11-23,14450010.962721042
2016-11-24,14446612.030737221
2016-11-25,14455353.87429067
2016-11-28,14466574.825596891
2016-11-29,14461194.28331741
2016-11-30,14482847.329088839
2016-12-01,14509825.000889165
2016-12-02,14497355.173602236
2016-12-05,14501480.109741377
2016-12-06,14509775.924955817
2016-12-07,14503445.374380648
2016-12-08,14511490.673531068
2016-12-09,14506627.967670856
2016-12-12,14495209.247922841
2016-12-13,14525593.910895847
2016-12-14,14496628.233544575
2016-12-15,14509646.801172974
2016-12-16,14513551.315550761
2016-12-19,14489775.712889422
2016-12-20,14487357.13560145
2016-12-21,14484573.69053957
2016-12-22,14458347.84076777
2016-12-23,14450201.742864348
2016-12-26,14433716.582661362
2016-12-27,14451822.010868274
2016-12-28,14443917.80952007
2016-12-29,14457701.025477119
2016-12-30,14474094.425345238
2017-01-02,14476553.80432523
2017-01-03,14493181.171671571
2017-01-04,14492538.045341598
2017-01-05,14502214.864003994
2017-01-06,14500878.379871244
2017-01-09,14496894.798809387
2017-01-10,14500939.28336342
2017-01-11,14508935.681920234
2017-01-12,14517531.052848892
2017-01-13,14514311.990092529
2017-01-16,14518777.990747422
2017-01-17,14534876.697051778
2017-01-18,14545197.14737678
2017-01-19,14552465.49826142
2017-01-20,14525399.289194217
2017-01-23,14530364.081332108
2017-01-24,14552150.022278938
2017-01-25,14573378.545701474
2017-01-27,14593733.209183726
2017-01-30,14570749.768587165
2017-01-31,14530574.137418993
2017-02-01,14564880.033890363
2017-02-02,14581803.58621145
2017-02-03,14587672.605584877
2017-02-06,14602217.990812294
2017-02-07,14588025.01997301
2017-02-08,14601531.910756787
2017-02-09,14614532.866280593
2017-02-10,14589791.995187396
2017-02-13,14583505.543022206
2017-02-14,14580689.112770937
2017-02-15,14568112.931864591
2017-02-16,14589081.044002626
2017-02-17,14593121.81393015
2017-02-20,14602195.976220459
2017-02-21,14607782.824445779
2017-02-22,14596299.9003969
2017-02-23,14603340.756968623
2017-02-27,14609006.519856203
2017-02-28,14618357.412792107
2017-03-01,14622814.172703674
2017-03-02,14611106.092771074
2017-03-03,14605496.334355282
2017-03-06,14613943.867369195
2017-03-07,14613267.001848398
2017-03-08,14605119.081535261
2017-03-09,14602533.988997523
2017-03-10,14600784.625688901
2017-03-14,14610111.66270358
2017-03-15,14626226.78562276
2017-03-16,14652811.296605058
2017-03-17,14646891.248143533
2017-03-20,14649359.970532145
2017-03-21,14643850.115138706
2017-03-22,14627841.343856836
2017-03-23,14636542.315865865
2017-03-24,14635732.529744435
2017-03-27,14623986.28275411
2017-03-28,14624226.109773189
2017-03-29,14629082.459334714
2017-03-30,14633125.840744052
2017-03-31,14646848.932592401
2017-04-03,14668179.690451242
2017-04-05,14687881.300335333
2017-04-06,14691289.866746051
2017-04-07,14685534.621916795
2017-04-10,14706083.381502958
2017-04-11,14735225.19715671
2017-04-12,14714947.088973917
2017-04-13,14721582.110348755
2017-04-17,14736030.882266104
2017-04-18,14756876.757939434
2017-04-19,14770579.40650838
2017-04-20,14792878.748011136
2017-04-21,14791839.833777497
2017-04-24,14823353.277694134
2017-04-25,14849113.161458315
2017-04-26,14822580.53653176
2017-04-27,14828207.468493218
2017-04-28,14826583.395569127
2017-05-02,14876234.096938215
2017-05-03,14873483.303093867
2017-05-04,14860988.820690913
2017-05-05,14852034.126896411
2017-05-08,14873575.215510275
2017-05-09,14894177.051297374
2017-05-10,14910709.327168899
2017-05-11,14883273.374225123
2017-05-12,14866924.595570972
2017-05-15,14907190.40269111
2017-05-16,14927710.240486627
2017-05-17,14927716.132053204
2017-05-18,14857675.750176303
2017-05-19,14833079.136337064
2017-05-22,14765035.493570648
2017-05-23,14707542.065885244
2017-05-24,14664852.584496276
2017-05-25,14709517.593680408
2017-05-26,14738399.815599872
2017-05-29,14676233.780229181
2017-05-30,14716939.30156544
2017-05-31,14735454.815896815
2017-06-01,14784262.256194156
2017-06-02,14802250.018834911
2017-06-05,14816510.302568255
2017-06-06,14833003.963214168
2017-06-07,14846938.419134038
2017-06-08,14863129.242042134
2017-06-09,14883041.973920284
2017-06-12,14862777.222695915
2017-06-13,14879099.076231498
2017-06-14,14901937.955591917
2017-06-15,14927223.023819217
2017-06-16,14928379.964880154
2017-06-19,14972006.38605841
2017-06-20,14974158.837906037
2017-06-21,14974891.38860244
2017-06-22,14972179.095438171
2017-06-23,14904202.081185216
2017-06-27,14850611.104975542
2017-06-28,14861891.75387766
2017-06-29,14876778.608980512
2017-06-30,14886493.21502756
2017-07-03,14938600.13830126
2017-07-04,14918663.749717496
2017-07-05,14942064.664993698
2017-07-06,14955948.523983672
2017-07-07,14966769.098510085
2017-07-10,14968831.275536494
2017-07-11,14950801.183047941
2017-07-12,14978882.432184914
2017-07-13,14990839.648689741
2017-07-14,14978117.1278884
2017-07-17,14971325.461617969
2017-07-18,14942125.935126582
2017-07-19,14978539.527968226
2017-07-20,14977601.141729783
2017-07-21,14981189.885850128
2017-07-24,14961253.74734218
2017-07-25,14983442.707941253
2017-07-26,14981536.72596832
2017-07-27,14965341.108878188
2017-07-28,14974524.29427284
2017-07-31,14991197.013749247
2017-08-01,15001277.552172258
2017-08-02,15004014.462193916
2017-08-03,14989683.505176185
2017-08-04,14982152.98714107
2017-08-07,15043959.064849827
2017-08-08,14992855.877903271
2017-08-09,14933514.038726935
2017-08-10,14854208.947706893
2017-08-11,14854353.301768124
2017-08-14,14886622.811143503
2017-08-16,14911470.419807874
2017-08-17,14933818.392987132
2017-08-18,14922564.187978411
2017-08-21,14915319.883886868
2017-08-22,14907702.510942124
2017-08-23,14913240.744637819
2017-08-24,14920758.802935172
2017-08-28,14943012.599765312
2017-08-29,14926496.82491378
2017-08-30,14955289.225778926
2017-08-31,14985844.060946971
2017-09-01,15003850.819275903
2017-09-04,14983419.837933568
2017-09-05,15023762.636332942
2017-09-06,15055603.191139696
2017-09-07,15065431.970534092
2017-09-08,15073643.640125245
2017-09-11,15086342.394536009
2017-09-12,15102533.368042173
2017-09-13,15093219.750987753
2017-09-14,15117952.392628672
2017-09-15,15118921.319781512
2017-09-18,15134891.992213458
2017-09-19,15154976.167906238
2017-09-20,15151053.107504133
2017-09-21,15136434.896030804
2017-09-22,15081652.730435573
2017-09-25,15052080.937280446
2017-09-26,15081906.914248247
2017-09-27,15045599.685196815
2017-09-28,15056002.294868056
2017-09-29,15090802.335643096
2017-10-03,15134087.938587409
2017-10-04,15162219.118732832
2017-10-05,15195988.547820095
2017-10-06,15215607.066730615
2017-10-09,15217790.910743745
2017-10-10,15241227.594320906
2017-10-11,15208294.261278255
2017-10-12,15246552.352810035
2017-10-13,15268335.991602648
2017-10-16,15276470.955950225
2017-10-17,15291828.094135812
2017-10-18,15300014.49124645
2017-10-19,15290198.68479852
2017-10-23,15286012.819063883
2017-10-24,15272687.201388283
2017-10-25,15254408.969124623
2017-10-26,15281919.428843122
2017-10-27,15282410.485813625
2017-10-30,15302077.770707259
2017-10-31,15296380.1294963
2017-11-01,15296346.661436167
2017-11-02,15293469.660701795
2017-11-03,15303052.322383398
2017-11-06,15337579.789927492
2017-11-07,15322835.184379349
2017-11-08,15293969.00760747
2017-11-09,15305837.24722706
2017-11-10,15297804.861773819
2017-11-13,15283298.185740951
2017-11-14,15297838.04384944
2017-11-15,15249235.493757395
2017-11-16,15244408.897263676
2017-11-17,15278623.149828788
2017-11-20,15278520.332198564
2017-11-21,15279733.993166145
2017-11-22,15290662.258568948
2017-11-23,15288689.971419621
2017-11-24,15290196.052147595
2017-11-27,15308062.97755335
2017-11-28,15306385.29150088
2017-11-29,15305839.574111778
2017-11-30,15294613.449543444
2017-12-01,15284513.641111242
2017-12-04,15276483.197533794
2017-12-05,15277596.654927386
2017-12-06,15267616.246295985
2017-12-07,15297202.852300411
2017-12-08,15314337.501807174
2017-12-11,15315565.09516096
2017-12-12,15311600.823898748
2017-12-13,15296485.288994888
2017-12-14,15292252.0726915
2017-12-15,15315203.339209475
2017-12-18,15309314.34202588
2017-12-19,15341029.13723231
2017-12-20,15339110.0729648
2017-12-21,15355625.703853393
2017-12-22,15360407.677553432
2017-12-26,15353919.45315455
2017-12-27,15344635.90484456
2017-12-28,15352151.501880284
2017-12-29,15368305.038403407
2018-01-01,15361696.1241811
2018-01-02,15381656.504829846
2018-01-03,15428232.780502
2018-01-04,15452528.186976846
2018-01-05,15496026.343950005
2018-01-08,15591449.892092545
2018-01-09,15565502.957881276
2018-01-10,15559687.659284178
2018-01-11,15578246.702949768
2018-01-12,15574947.80113839
2018-01-15,15570217.14402005
2018-01-16,15521582.827261401
2018-01-17,15502813.785700852
2018-01-18,15470872.596023848
2018-01-19,15493197.151485601
2018-01-22,15507095.245374527
2018-01-23,15522614.669149207
2018-01-24,15493438.61166089
2018-01-25,15506986.376821019
2018-01-29,15505203.444078244
2018-01-30,15474364.1465685
2018-01-31,15435259.005409474
2018-02-01,15422672.870853988
2018-02-02,15323273.66158194
2018-02-05,15297420.704273814
2018-02-06,15250461.05915935
2018-02-07,15279362.230899002
2018-02-08,15302931.444912992
2018-02-09,15316365.880819522
2018-02-12,15346602.912130518
2018-02-14,15364982.647905957
2018-02-15,15353358.440243656
2018-02-16,15345356.295858953
2018-02-19,15341349.732614813
2018-02-20,15347227.894095954
2018-02-21,15347755.669720983
2018-02-22,15354338.961271562
2018-02-23,15371389.68287455
2018-02-26,15370984.871019572
2018-02-27,15379849.358062783
2018-02-28,15377942.904938871
2018-03-01,15371022.801595764
2018-03-05,15343256.275358148
2018-03-06,15327984.03207239
2018-03-07,15309686.019932307
2018-03-08,15297075.916892748
2018-03-09,15282862.072827326
2018-03-12,15299165.009009419
2018-03-13,15305209.045743547
2018-03-14,15299823.917469162
2018-03-15,15303569.039857913
2018-03-16,15294035.45010373
2018-03-19,15279714.9422549
2018-03-20,15270998.744525826
2018-03-21,15276490.592237454
2018-03-22,15264739.432872862
2018-03-23,15253915.522991568
2018-03-26,15255950.87906571
2018-03-27,15261015.385240799
2018-03-28,15262183.909323527
2018-04-02,15268670.074659238
2018-04-03,15266180.031118391
2018-04-04,15259828.40001548
2018-04-05,15263492.253821978
2018-04-06,15268032.90083801
2018-04-09,15268674.379535196
2018-04-10,15268673.142463777
2018-04-11,15268936.192942003
2018-04-12,15271123.407002384
2018-04-13,15278018.559228042
2018-04-16,15282430.845528042
2018-04-17,15285298.49834093
2018-04-18,15282575.305984175
2018-04-19,15285123.007332625
2018-04-20,15287799.604625978
2018-04-23,15291209.39491324
2018-04-24,15287880.017037973
2018-04-25,15294021.237322
2018-04-26,15299436.812107991
2018-04-27,15300465.582889225
2018-04-30,15310212.087143661
2018-05-02,15300722.894413957
2018-05-03,15298275.503749283
2018-05-04,15301726.833140405
2018-05-07,15309879.602539154
2018-05-08,15305386.63824119
2018-05-09,15302136.613718955
2018-05-10,15298490.198094422
2018-05-11,15313556.285120409
2018-05-14,15298917.806591902
2018-05-15,15290510.931610549
2018-05-16,15300535.57768415
2018-05-17,15299655.99594506
2018-05-18,15297276.385292014
2018-05-21,15267699.183115873
2018-05-22,15278144.183191506
2018-05-23,15278645.834017072
2018-05-24,15284945.632218342
2018-05-25,15296114.910922159
2018-05-28,15297113.179563604
2018-05-29,15280813.053965786
2018-05-30,15277411.51402353
2018-05-31,15286794.260728905
2018-06-01,15275494.331722789
2018-06-04,15266800.119799519
2018-06-05,15259826.893918008
2018-06-06,15274637.535713563
2018-06-07,15286759.402739305
2018-06-08,15288193.603303757
2018-06-11,15291965.982293649
2018-06-12,15297148.494250407
2018-06-13,15296797.478635935
2018-06-14,15298662.141542071
2018-06-15,15304909.76964424
2018-06-18,15300287.48985197
2018-06-19,15285538.312588336
2018-06-20,15289880.693168834
2018-06-21,15288063.463360721
2018-06-22,15295612.364447104
2018-06-25,15300444.282622091
2018-06-26,15304534.373520212
2018-06-27,15300486.857119378
2018-06-28,15283483.807110792
2018-06-29,15289348.266735459
2018-07-02,15290979.60684154
2018-07-03,15297305.416958835
2018-07-04,15306668.901959237
2018-07-05,15306250.012977993
2018-07-06,15302695.070461638
2018-07-09,15313789.75133899
2018-07-10,15315348.97048794
2018-07-11,15315459.545523534
2018-07-12,15322712.816843212
2018-07-13,15327794.176142706
2018-07-16,15329148.483902682
2018-07-17,15323381.043837845
2018-07-18,15316039.730827212
2018-07-19,15312514.071937317
2018-07-20,15336440.42335893
2018-07-23,15351774.44224657
2018-07-24,15347052.201488102
2018-07-25,15344396.19564832
2018-07-26,15346697.620000498
2018-07-27,15348893.343626464
2018-07-30,15346225.29938094
2018-07-31,15369292.3849438
2018-08-01,15379264.907492023
2018-08-02,15375960.636478627
2018-08-03,15372110.257641196
2018-08-06,15373306.308694392
2018-08-07,15374390.009140493
2018-08-08,15388588.511442466
2018-08-09,15390534.43973453
2018-08-10,15390772.772909885
2018-08-13,15380949.862204952
2018-08-14,15390161.736342719
2018-08-16,15391693.529458135
2018-08-17,15412064.797526006
2018-08-20,15417695.85251825
2018-08-21,15417955.680264153
2018-08-23,15430276.89018693
2018-08-24,15421839.34146934
2018-08-27,15442722.079674454
2018-08-28,15433453.99080204
2018-08-29,15432552.504674982
2018-08-30,15424345.783213137
2018-08-31,15434411.745061237
2018-09-03,15397239.152515909
2018-09-04,15363105.81998251
2018-09-05,15346999.038647776
2018-09-06,15345818.905778738
2018-09-07,15348006.185887251
2018-09-10,15321391.875639386
2018-09-11,15287063.916540565
2018-09-12,15303573.27260055
2018-09-14,15317724.609317228
2018-09-17,15301711.382196698
2018-09-18,15288049.431184504
2018-09-19,15288806.198194312
2018-09-21,15241113.834019296
2018-09-24,15215566.485051243
2018-09-25,15223101.93925588
2018-09-26,15221725.00781059
2018-09-27,15214343.499061277
2018-09-28,15189633.725377133
2018-10-01,15190599.741853561
2018-10-03,15172250.999053046
2018-10-04,15154928.72244525
2018-10-05,15148015.8555756
2018-10-08,15142684.536754396
2018-10-09,15144285.561024934
2018-10-10,15147947.668705953
2018-10-11,15141107.501232082
2018-10-12,15143803.398649978
2018-10-15,15147671.865856092
2018-10-16,15150245.348277068
2018-10-17,15149597.195921382
2018-10-19,15149079.207534177
2018-10-22,15150354.916101594
2018-10-23,15145234.130876934
2018-10-24,15144171.968308195
2018-10-25,15143072.420329425
2018-10-26,15141412.414352303
2018-10-29,15146182.844551636
2018-10-30,15150151.322931688
2018-10-31,15154457.78102324
2018-11-01,15160766.944020502
2018-11-02,15159204.380173463
2018-11-05,15160009.072984872
2018-11-06,15155995.584316015
2018-11-07,15158782.360486701
2018-11-09,15162899.433624964
2018-11-12,15158880.859494526
2018-11-13,15159635.729478396
2018-11-14,15161300.823383551
2018-11-15,15160436.89522234
2018-11-16,15156773.175281556
2018-11-19,15158057.888257938
2018-11-20,15152186.995272886
2018-11-21,15152094.762298476
2018-11-22,15146461.631111464
2018-11-26,15147766.759778623
2018-11-27,15146022.57651969
2018-11-28,15139498.463899337
2018-11-29,15145270.387443718
2018-11-30,15143909.529834045
2018-12-03,15154596.059098717
2018-12-04,15156322.408936074
2018-12-05,15146998.48606477
2018-12-06,15137763.337848354
2018-12-07,15138680.76572034
2018-12-10,15125339.799054038
2018-12-11,15131541.87930128
2018-12-12,15139756.77020668
2018-12-13,15141616.521727623
2018-12-14,15141136.058229176
2018-12-17,15142727.314421194
2018-12-18,15145620.451251846
2018-12-19,15148227.282631403
2018-12-20,15144790.912272114
2018-12-21,15134772.800251117
2018-12-24,15133578.96831326
2018-12-26,15131002.323275112
2018-12-27,15135479.377889896
2018-12-28,15144248.438178051
2018-12-31,15147648.279286953
2019-01-01,15145285.415114705
2019-01-02,15141352.747280322
2019-01-03,15143851.740898639
2019-01-04,15144437.983619504
2019-01-07,15144352.543818276
2019-01-08,15145138.056609279
2019-01-09,15146871.084543124
2019-01-10,15145003.005226402
2019-01-11,15144669.349357637
2019-01-14,15132767.132543819
2019-01-15,15139565.761172306
2019-01-16,15141581.01220843
2019-01-17,15137770.734983405
2019-01-18,15143841.030395113
2019-01-21,15134931.080561712
2019-01-22,15138587.677308884
2019-01-23,15141695.75808904
2019-01-24,15143991.188263595
2019-01-25,15133867.687983124
2019-01-28,15119176.622010188
2019-01-29,15125565.096619057
2019-01-30,15128981.383081185
2019-01-31,15138266.355465077
2019-02-01,15143203.326099318
2019-02-04,15143707.322959706
2019-02-05,15144923.263095837
2019-02-06,15149638.861536283
2019-02-07,15157186.547911124
2019-02-08,15151635.109876888
2019-02-11,15147047.30000786
2019-02-12,15147783.62669757
2019-02-14,15157063.98008678
2019-02-15,15155231.523909843
2019-02-18,15156257.743525637
2019-02-19,15159477.969563827
2019-02-20,15164304.455973417
2019-02-21,15169327.05139181
2019-02-22,15175356.644021044
2019-02-25,15182889.884628799
2019-02-26,15187125.38753809
2019-02-27,15175662.346103184
2019-02-28,15178116.901413932
2019-03-01,15186925.83774756
2019-03-05,15195707.95440854
2019-03-06,15206036.297084052
2019-03-07,15191591.898236701
2019-03-08,15177873.667626007
2019-03-11,15186882.899262087
2019-03-12,15193188.753008218
2019-03-13,15185522.753777264
2019-03-14,15192801.808479037
2019-03-15,15204883.535154782
2019-03-18,15201161.019683652
2019-03-19,15196330.003464337
2019-03-20,15176832.066020977
2019-03-22,15175548.144735487
2019-03-25,15181484.288360108
2019-03-26,15182464.36797226
2019-03-27,15180771.36324459
2019-03-28,15195636.812021371
2019-04-01,15206849.582774337
2019-04-02,15208454.780407889
2019-04-03,15196512.581254952
2019-04-04,15197797.109301522
2019-04-05,15219378.753301272
2019-04-08,15191428.835142972
2019-04-09,15194852.167998498
2019-04-10,15193629.231812168
2019-04-11,15186216.597548908
2019-04-12,15200663.156706216
2019-04-15,15212238.532314366
2019-04-16,15215930.71729317
2019-04-18,15201933.097565794
2019-04-22,15162648.221924806
2019-04-23,15167479.024487296
2019-04-24,15180787.032189371
2019-04-25,15177760.204143107
2019-04-26,15178491.574751552
2019-04-30,15180551.897362808
2019-05-02,15175489.162097631
2019-05-03,15177165.143134912
2019-05-06,15155645.78535423
2019-05-07,15126263.423870143
2019-05-08,15101628.016550766
2019-05-09,15099101.829939514
2019-05-10,15108443.2744826
2019-05-13,15096085.956932385
2019-05-14,15103577.85922245
2019-05-15,15115953.597154982
2019-05-16,15120220.097750109
2019-05-17,15134650.51238299
2019-05-20,15177051.030369831
2019-05-21,15168003.275408095
2019-05-22,15171159.014618874
2019-05-23,15163502.134046722
2019-05-24,15192553.867408512
2019-05-27,15221263.505634846
2019-05-28,15212129.27598895
2019-05-29,15200255.435848985
2019-05-30,15204451.661592089
2019-05-31,15199371.517566493
2019-06-03,15211935.962864723
2019-06-04,15219473.99885255
2019-06-06,15194170.286856165
2019-06-07,15189204.950387007
2019-06-10,15187340.005456582
2019-06-11,15193260.723166931
2019-06-12,15182159.22506413
2019-06-13,15187837.13772494
2019-06-14,15171834.849676019
2019-06-17,15149665.325587573
2019-06-18,15162650.933008414
2019-06-19,15156263.998343091
2019-06-20,15173937.094769558
2019-06-21,15170112.826617055
2019-06-24,15158640.941612784
2019-06-25,15178665.075108984
2019-06-26,15185014.121780537
2019-06-27,15191863.768622184
2019-06-28,15193997.959178887
2019-07-01,15198639.26107353
2019-07-02,15201792.925712893
2019-07-03,15198306.249555884
2019-07-04,15203725.886290008
2019-07-05,15182583.697942719
2019-07-08,15151955.124331977
2019-07-09,15136539.728511067
2019-07-10,15124938.96995713
2019-07-11,15122956.723903323
2019-07-12,15128640.399038102
2019-07-15,15132263.966042569
2019-07-16,15131116.455619859
2019-07-17,15141477.049432578
2019-07-18,15141959.470084837
2019-07-19,15120705.60991399
2019-07-22,15097474.800006125
2019-07-23,15113086.225566264
2019-07-24,15094355.428420171
2019-07-25,15089251.502961842
2019-07-26,15084655.79385135
2019-07-29,15084738.226798901
2019-07-30,15081047.817886585
2019-07-31,15084801.930485863
2019-08-01,15079656.830821147
2019-08-02,15080050.289271753
2019-08-05,15070265.429340469
2019-08-06,15080704.851313043
2019-08-07,15077092.74318958
2019-08-08,15083462.771403115
2019-08-09,15084436.109919203
2019-08-13,15066981.94849806
2019-08-14,15070985.838262811
2019-08-16,15074697.63802666
2019-08-19,15083065.51596478
2019-08-20,15078058.784165474
2019-08-21,15056110.640227905
2019-08-22,15041152.325644944
2019-08-23,15047380.43968433
2019-08-26,15059321.133292004
2019-08-27,15070804.149078762
2019-08-28,15072564.396409715
2019-08-29,15069407.466650752
2019-08-30,15075461.300932629
2019-09-03,15059402.373919213
2019-09-04,15060730.517173316
2019-09-05,15060202.755393507
2019-09-06,15063111.285642698
2019-09-09,15065960.76449079
2019-09-11,15065173.669082597
2019-09-12,15060545.109341387
2019-09-13,15066077.753324356
2019-09-16,15061998.700567188
2019-09-17,15047691.248796158
2019-09-18,15047479.685262203
2019-09-19,15038424.93524841
2019-09-20,15083763.534194233
2019-09-23,15118930.751076728
2019-09-24,15119241.815813918
2019-09-25,15105727.298692452
2019-09-26,15114912.616337795
2019-09-27,15115173.84540665
2019-09-30,15103168.903479677
2019-10-01,15082398.788604075
2019-10-03,15077605.349814516
2019-10-04,15064176.808943203
2019-10-07,15060917.791895634
2019-10-09,15078467.145773266
2019-10-10,15087705.254979135
2019-10-11,15100825.390299879
2019-10-14,15103046.106103506
2019-10-15,15103555.225001682
2019-10-16,15108221.288342241
2019-10-17,15134292.540386356
2019-10-18,15161721.877733262
2019-10-22,15174694.693069328
2019-10-23,15180094.996842738
2019-10-24,15175458.508706177
2019-10-25,15178899.751849521
2019-10-27,15205019.952022504
2019-10-29,15207797.939527482
2019-10-30,15201721.21680124
2019-10-31,15211766.611683346
2019-11-01,15194866.238114394
2019-11-04,15195956.120133506
2019-11-05,15197246.284724308
2019-11-06,15187704.488265539
2019-11-07,15205200.720956063
2019-11-08,15186890.13976965
2019-11-11,15188529.126454566
2019-11-13,15204843.998365637
2019-11-14,15219967.397910984
2019-11-15,15214938.52688271
2019-11-18,15206753.737365471
2019-11-19,15210207.326984135
2019-11-20,15195191.524014963
2019-11-21,15192525.987957861
2019-11-22,15184609.42489621
2019-11-25,15190121.700651696
2019-11-26,15201630.651638195
2019-11-27,15216048.30150574
2019-11-28,15224843.507979082
2019-11-29,15209045.91740153
2019-12-02,15205311.146825155
2019-12-03,15214902.26409338
2019-12-04,15216185.975384442
2019-12-05,15207327.39252941
2019-12-06,15196957.78522969
2019-12-09,15178827.204636602
2019-12-10,15158424.466647968
2019-12-11,15164722.157896543
2019-12-12,15165521.027406659
2019-12-13,15169241.610756356
2019-12-16,15162676.469238007
2019-12-17,15173120.711303057
2019-12-18,15172145.732487042
2019-12-19,15179810.652774882
2019-12-20,15185970.645969821
2019-12-23,15190776.060890695
2019-12-24,15189155.072226757
2019-12-26,15189371.276344249
2019-12-27,15196749.334530678
2019-12-30,15200457.526338605
2019-12-31,15195803.19002473
2020-01-01,15207165.008510409
2020-01-02,15224806.812651541
2020-01-03,15219183.020497425
2020-01-06,15183252.285712466
2020-01-07,15199568.324183445
2020-01-08,15204851.883901054
2020-01-09,15241722.01560388
2020-01-10,15241234.322906345
2020-01-13,15256678.754262079
2020-01-14,15281266.863507735
2020-01-15,15290195.860121924
2020-01-16,15318565.430678131
2020-01-17,15329064.291428816
2020-01-20,15317240.882410211
2020-01-21,15300980.845834443
2020-01-22,15311487.471750446
2020-01-23,15334588.292634105
2020-01-24,15342298.879182585
2020-01-27,15340895.423954917
2020-01-28,15340006.411071124
2020-01-29,15339537.9720249
2020-01-30,15299835.759489287
2020-01-31,15282524.816296656
2020-02-03,15254166.581024382
2020-02-04,15272680.092402829
2020-02-05,15288455.188448496
2020-02-06,15291905.40576259
2020-02-07,15317068.971951893
2020-02-10,15327192.507854328
2020-02-11,15326464.275792986
2020-02-12,15332450.231360681
2020-02-13,15346910.039936068
2020-02-14,15353739.130728085
2020-02-17,15352731.331713505
2020-02-18,15330407.035578953
2020-02-19,15365020.165230842
2020-02-20,15357374.604707016
2020-02-24,15342435.886578783
2020-02-25,15336227.017991992
2020-02-26,15324837.105131002
2020-02-27,15320981.310252083
2020-02-28,15257843.038826806
2020-03-02,15241234.920855131
2020-03-03,15276759.879726578
2020-03-04,15272111.09537536
2020-03-05,15273500.360882843
2020-03-06,15266862.343750399
2020-03-09,15221250.545060616
2020-03-11,15217106.716667147
2020-03-12,15133659.86444494
2020-03-13,15078410.748680001
2020-03-16,15058492.571126262
2020-03-17,15064020.094607262
2020-03-18,15051718.622300457
2020-03-19,15039314.436809292
2020-03-20,15039704.105447097
2020-03-23,15007406.339162808
2020-03-24,15027254.210599642
2020-03-25,15034583.188313466
2020-03-26,15034542.296754228
2020-03-27,15043428.63691646
2020-03-30,15033661.903157132
2020-03-31,15032857.979543015
2020-04-01,15031145.311696492
2020-04-03,15010590.471028175
2020-04-07,15020618.433234427
2020-04-08,15044262.130255911
2020-04-09,15048758.391033728
2020-04-13,15050583.130849393
2020-04-15,15050926.767840099
2020-04-16,15053898.049724638
2020-04-17,15058147.570462918
2020-04-20,15063985.450250393
2020-04-21,15063247.892837772
2020-04-22,15064305.27927425
2020-04-23,15063052.716842586
2020-04-24,15061360.329766143
2020-04-27,15069947.774446169
2020-04-28,15072484.862921806
2020-04-29,15073730.317264512
2020-04-30,15070745.373783367
2020-05-04,15063805.325550722
2020-05-05,15064461.46337519
2020-05-06,15077700.196870772
2020-05-07,15079812.065628478
2020-05-08,15090272.737258913
2020-05-11,15090753.744927198
2020-05-12,15089663.541129893
2020-05-13,15083782.693732653
2020-05-14,15087210.14562499
2020-05-15,15089290.087779498
2020-05-18,15081576.4577457
2020-05-19,15076030.94844869
2020-05-20,15091527.199301418
2020-05-21,15090996.997107666
2020-05-22,15086399.708147628
2020-05-26,15092059.369271006
2020-05-27,15089089.097055696
2020-05-28,15089308.597763527
2020-05-29,15103535.705866054
2020-06-01,15102194.60852168
2020-06-02,15105440.4561064
2020-06-03,15106225.669167213
2020-06-04,15116824.302484212
2020-06-05,15131224.975400416
2020-06-08,15130448.521298343
2020-06-09,15120737.243381128
2020-06-10,15132943.828529965
2020-06-11,15132538.01520502
2020-06-12,15137357.91051798
2020-06-15,15140416.00648539
2020-06-16,15148906.13624488
2020-06-17,15150568.355413415
2020-06-18,15151777.819591854
2020-06-19,15156467.522192955
2020-06-22,15167958.458291102
2020-06-23,15183196.250150215
2020-06-24,15171910.350631539
2020-06-25,15178486.690129923
2020-06-26,15181755.94501846
2020-06-29,15177286.574881548
2020-06-30,15168269.237774614
2020-07-01,15159848.914578928
2020-07-02,15161934.00843637
2020-07-03,15157306.659440309
2020-07-06,15154806.371619115
2020-07-07,15146841.272744007
2020-07-08,15140810.209989483
2020-07-09,15139987.875557585
2020-07-10,15146660.390948787
2020-07-13,15164101.876358982
2020-07-14,15153947.230432646
2020-07-15,15148018.305246951
2020-07-16,15141702.631235596
2020-07-17,15128173.602688946
2020-07-20,15148961.27313018
2020-07-21,15154865.535633719
2020-07-22,15148611.223772565
2020-07-23,15163723.779230531
2020-07-24,15168589.149104748
2020-07-27,15168662.81922978
2020-07-28,15189338.088792806
2020-07-29,15189949.6419977
2020-07-30,15190357.659575988
2020-07-31,15211815.170124527
2020-08-03,15216774.20576871
2020-08-04,15235891.234265214
2020-08-05,15242433.80406085
2020-08-06,15270912.351199288
2020-08-07,15291023.036824578
2020-08-10,15362104.434492119
2020-08-11,15342112.971007632
2020-08-12,15321607.082262907
2020-08-13,15336234.669268953
2020-08-14,15324950.461254122
2020-08-17,15371033.414418446
2020-08-18,15390434.567138316
2020-08-19,15395086.629125357
2020-08-20,15390489.317595134
2020-08-21,15392993.063050648
2020-08-24,15427135.786743466
2020-08-25,15409095.979401972
2020-08-26,15410062.99198116
2020-08-27,15425352.969444755
2020-08-28,15407904.721004033
2020-08-31,15277081.043050922
2020-09-01,15319658.521362437
2020-09-02,15386127.07409814
2020-09-03,15420306.877761222
2020-09-04,15363206.70380015
2020-09-07,15349408.825456182
2020-09-08,15356632.095576888
2020-09-09,15350845.985733207
2020-09-10,15394249.882286103
2020-09-11,15420753.58205911
2020-09-14,15564944.013022894
2020-09-15,15613568.418838719
2020-09-16,15667288.281646919
2020-09-17,15707370.294479502
2020-09-18,15759843.691163875
2020-09-21,15590385.539387925
2020-09-22,15524668.832749706
2020-09-23,15504696.330528026
2020-09-24,15379824.651498035
2020-09-25,15505394.6902347
2020-09-28,15609070.752957694
2020-09-29,15608767.924237756
2020-09-30,15617780.20969908
2020-10-01,15624228.203584079
2020-10-05,15657832.210840648
2020-10-06,15682693.61283223
2020-10-07,15693643.968307013
2020-10-08,15727693.538023114
2020-10-09,15698159.018087607
2020-10-12,15715429.170783963
2020-10-13,15767110.268022997
2020-10-14,15743079.803177625
2020-10-15,15664689.519152196
2020-10-16,15683624.007605148
2020-10-19,15715558.361556629
2020-10-20,15720072.523737732
2020-10-21,15708641.75795883
2020-10-22,15707480.70756535
2020-10-23,15716011.749622708
2020-10-26,15643076.912408868
2020-10-27,15676068.688833345
2020-10-28,15630751.317897066
2020-10-29,15629376.85334097
2020-10-30,15626954.498411201
2020-11-02,15588574.468310868
2020-11-03,15614368.986270774
2020-11-04,15607360.45694378
2020-11-05,15651992.561306238
2020-11-06,15641282.494763665
2020-11-09,15629201.611606648
2020-11-10,15530998.272649014
2020-11-11,15565163.642753508
2020-11-12,15596263.461500414
2020-11-13,15597772.716127139
2020-11-14,15627732.324613372
2020-11-17,15615307.332321975
2020-11-18,15616827.027356
2020-11-19,15602113.48949929
2020-11-20,15640828.238795051
2020-11-23,15724459.745034577
2020-11-24,15748156.834230568
2020-11-25,15701247.318771249
2020-11-26,15727715.207135465
2020-11-27,15797193.318750681
2020-12-01,15824163.391889352
2020-12-02,15830842.15866648
2020-12-03,15846790.283519022
2020-12-04,15871591.377208764
2020-12-07,15890014.357638566
2020-12-08,15903735.29396828
2020-12-09,15916030.926045626
2020-12-10,15931391.411199037
2020-12-11,15934385.572347362
2020-12-14,15951817.277005242
2020-12-15,15972779.177519105
2020-12-16,16008561.700356713
2020-12-17,16003055.478809116
2020-12-18,16000885.823359864
2020-12-21,15921258.271465726
2020-12-22,15970648.39743959
2020-12-23,16084751.881673977
2020-12-24,16075827.231641598
2020-12-28,16096389.138252223
2020-12-29,16104818.421758592
2020-12-30,16121414.427393464
2020-12-31,16121334.321075233
2021-01-01,16137963.771919403
2021-01-04,16173784.820196657
2021-01-05,16266959.194731336
2021-01-06,16255426.367867833
2021-01-07,16282955.214822806
2021-01-08,16314421.525635818
2021-01-11,16332019.310451012
2021-01-12,16348004.63566591
2021-01-13,16320712.796542564
2021-01-14,16341471.983099604
2021-01-15,16290313.159551015
2021-01-18,16253603.470377026
2021-01-19,16290175.240409931
2021-01-20,16332851.638099328
2021-01-21,16310102.982379053
2021-01-22,16316728.691247974
2021-01-25,16304997.001647813
2021-01-27,16311881.832320508
2021-01-28,16260908.36746359
2021-01-29,16226514.443475507
2021-02-01,16275196.816090954
2021-02-02,16337046.662220737
2021-02-03,16389644.947898405
2021-02-04,16465486.360616192
2021-02-05,16525359.601264436
2021-02-08,16630460.944453958
2021-02-09,16641001.71814245
2021-02-10,16679394.65019879
2021-02-11,16734060.775535462
2021-02-12,16721929.197895603
2021-02-15,16720101.748854842
2021-02-16,16729497.259458512
2021-02-17,16763655.728721613
2021-02-18,16816384.1344409
2021-02-19,16776680.163088622
2021-02-22,16744916.953605318
2021-02-23,16730563.088895326
2021-02-24,16753785.634766674
2021-02-25,16753995.60684275
2021-02-26,16700115.726954708
2021-03-01,16725196.115492357
2021-03-02,16752818.658104962
2021-03-03,16793695.157911398
2021-03-04,16802296.87245877
2021-03-05,16735682.956911318
2021-03-08,16741920.559775224
2021-03-09,16749106.054453941
2021-03-10,16853715.87407489
2021-03-12,16887897.991379
2021-03-15,16903281.253579486
2021-03-16,17009678.362467434
2021-03-17,16894272.410486635
2021-03-18,16872487.870726522
2021-03-19,16972600.464251332
2021-03-22,16990529.60944085
2021-03-23,16955564.0324424
2021-03-24,16918167.8828021
2021-03-25,16837390.473885942
2021-03-26,16875677.594367936
2021-03-30,16988201.205201786
2021-03-31,17033107.211151987
2021-04-01,17073432.06806946
2021-04-05,17134445.144782737
2021-04-06,17212976.939655155
2021-04-07,17248502.76051317
2021-04-08,17249412.2629011
2021-04-09,17260629.982142136
2021-04-12,17160583.183280434
2021-04-13,17163739.25015719
2021-04-15,17155508.241996977
2021-04-16,17195934.299746115
2021-04-19,17193245.260500845
2021-04-20,17242617.36174017
2021-04-22,17295649.967805777
2021-04-23,17296563.73604811
2021-04-26,17303354.098371822
2021-04-27,17313058.410945233
2021-04-28,17336064.81674865
2021-04-29,17339362.209321246
2021-04-30,17332962.250252455
2021-05-03,17409614.839702766
2021-05-04,17394845.892301366
2021-05-05,17393108.21496326
2021-05-06,17507513.477231894
2021-05-07,17523821.58072497
2021-05-10,17559669.2737245
2021-05-11,17470966.53916029
2021-05-12,17354223.637550604
2021-05-14,17318225.23853066
2021-05-17,17340513.001757227
2021-05-18,17359520.057886343
2021-05-19,17385375.707897726
2021-05-20,17400654.084199782
2021-05-21,17448866.920290343
2021-05-24,17459690.059101563
2021-05-25,17477962.294964656
2021-05-26,17494522.36277787
2021-05-27,17509932.378360674
2021-05-28,17484973.81950176
2021-05-31,17497676.658055943
2021-06-01,17482162.418882098
2021-06-02,17518139.65495789
2021-06-03,17511689.61268935
2021-06-04,17518246.80346522
2021-06-07,17537036.678147454
2021-06-08,17610342.20651516
2021-06-09,17556641.046973377
2021-06-10,17594886.3146228
2021-06-11,17586786.04301112
2021-06-14,17598866.930320613
2021-06-15,17619448.87762602
2021-06-16,17622242.723182797
2021-06-17,17607039.82333193
2021-06-18,17550124.154715814
2021-06-21,17573784.550401382
2021-06-22,17613502.33426409
2021-06-23,17605322.70062372
2021-06-24,17610621.46428852
2021-06-25,17635765.157146115
2021-06-28,17670585.7433329
2021-06-29,17691769.905232802
2021-06-30,17770509.6561408
2021-07-01,17794049.988860264
2021-07-02,17871262.01137862
2021-07-05,17906650.33868963
2021-07-06,17857775.310881183
2021-07-07,17855361.228238717
2021-07-08,17847341.525161847
2021-07-09,17862974.594710544
2021-07-12,17892552.790212847
2021-07-13,17885002.202226855
2021-07-14,17917302.533725027
2021-07-15,18000301.764897794
2021-07-16,18101050.673061658
2021-07-19,18074201.296747364
2021-07-20,17964408.98714891
2021-07-22,18081207.94217008
2021-07-23,18142093.422593545
2021-07-26,18181884.19441333
2021-07-27,18142226.30970282
2021-07-28,18106694.28383974
2021-07-29,18138379.013929885
2021-07-30,18269007.376629267
2021-08-02,18342992.150534205
2021-08-03,18358920.115294196
2021-08-04,18309684.93471833
2021-08-05,18293697.96667513
2021-08-06,18330001.3398893
2021-08-09,18285278.577109087
2021-08-10,18172544.43200131
2021-08-11,18178914.09478172
2021-08-12,18388428.14496248
2021-08-13,18391587.380840924
2021-08-16,18341643.826765157
2021-08-17,18357788.419206128
2021-08-18,18354643.822216094
2021-08-20,18200707.831449986
2021-08-23,18130595.596670505
2021-08-24,18184710.661142863
2021-08-25,18209064.620183032
2021-08-26,18212761.15726023
2021-08-27,18292809.52364823
2021-08-30,18384983.429460812
2021-08-31,18462443.774179816
2021-09-01,18435870.337188534
2021-09-02,18466898.407896545
2021-09-03,18524746.89821844
2021-09-06,18636018.03111664
2021-09-07,18641721.58342714
2021-09-08,18696158.40870949
2021-09-09,18746796.78818705
2021-09-13,18786675.527987592
2021-09-14,18812038.813083928
2021-09-15,18950906.287611138
2021-09-16,18923768.92322283
2021-09-17,18901469.073783442
2021-09-20,18746384.22003025
2021-09-21,18751296.590471487
2021-09-22,18811324.55746798
2021-09-23,18906992.30758901
2021-09-24,18934647.1504427
2021-09-27,18909190.299457453
2021-09-28,18920016.71050835
2021-09-29,18920581.473326255
2021-09-30,19000293.294232648
2021-10-01,19045741.468107983
2021-10-04,19151366.165161803
2021-10-05,19154301.070084307
2021-10-06,19079861.399047058
2021-10-07,19186910.40441776
2021-10-08,19282331.70485238
2021-10-11,19265008.1425575
2021-10-12,19302610.614315663
2021-10-13,19372257.12877865
2021-10-14,19553437.533332456
2021-10-18,19653143.519814428
2021-10-19,19521557.863943126
2021-10-20,19322572.49879538
2021-10-21,19231835.18698429
2021-10-22,19127411.81311515
2021-10-25,18943764.882645354
2021-10-26,19090713.6696581
2021-10-27,19132244.44879525
2021-10-28,19016642.407165263
2021-10-29,18952170.505911797
2021-11-01,19038940.747711007
2021-11-02,19073462.776524104
2021-11-03,19043525.15268751
2021-11-04,19091224.43340274
2021-11-08,19141198.91426581
2021-11-09,19166781.776569646
2021-11-10,19148384.634670794
2021-11-11,19123960.802776366
2021-11-12,19118195.316880442
2021-11-15,19153353.13414713
2021-11-16,19207556.433601677
2021-11-17,19206827.26815394
2021-11-18,19160892.690911938
2021-11-22,19059551.041575532
2021-11-23,19122546.358845476
2021-11-24,19109286.44159187
2021-11-25,19154890.53131772
2021-11-26,19009499.89853753
2021-11-29,18986387.86581843
2021-11-30,19034837.449308705
2021-12-01,19072958.656351
2021-12-02,19147024.973051634
2021-12-03,19167404.255658727
2021-12-06,19139825.838787504
2021-12-07,19165934.67329011
2021-12-08,19182306.1425426
2021-12-09,19209621.819928713
2021-12-10,19234658.976192757
2021-12-13,19272223.580456413
2021-12-14,19297352.86206921
2021-12-15,19331709.83996574
2021-12-16,19351456.543385252
2021-12-17,19361056.289515834
2021-12-20,19262434.70089332
2021-12-21,19271888.44897245
2021-12-22,19294314.901453774
2021-12-23,19293346.808270946
2021-12-24,19310025.16441143
2021-12-27,19345293.547940876
2021-12-28,19401205.672140487
2021-12-29,19442740.006764084
2021-12-30,19489948.900038265
2021-12-31,19557178.001152836
2022-01-03,19595802.54867877
2022-01-04,19637496.467420973
2022-01-05,19653009.680276446
2022-01-06,19685347.84854896
2022-01-07,19735722.990507573
2022-01-10,19791317.994349636
2022-01-11,19826900.175924916
2022-01-12,19796476.2887325
2022-01-13,19796194.619383976
2022-01-14,19749871.607799556
2022-01-17,19700787.914412063
2022-01-18,19620869.265110433
2022-01-19,19589138.116465565
2022-01-20,19572314.443459827
2022-01-21,19498452.93638618
2022-01-24,19380702.976214472
2022-01-25,19374298.950529113
2022-01-27,19324559.611160368
2022-01-28,19289771.862978514
2022-01-31,19330121.790980913
2022-02-01,19361862.467722014
2022-02-02,19396705.52533496
2022-02-03,19407893.073720224
2022-02-04,19422527.297518726
2022-02-07,19392389.948723767
2022-02-08,19345994.922837593
2022-02-09,19369663.87719799
2022-02-10,19383028.736820612
2022-02-11,19349111.085974384
2022-02-14,19285112.69816379
2022-02-15,19320502.67075633
2022-02-16,19321975.03577404
2022-02-17,19304558.084086318
2022-02-18,19288024.672325443
2022-02-21,19266687.208809983
2022-02-22,19239938.90301436
2022-02-23,19256563.504698966
2022-02-24,19177903.759765442
2022-02-25,19214743.24309931
2022-02-28,19240180.65331633
2022-03-02,19279078.40626051
2022-03-03,19294539.480738718
2022-03-04,19248336.281926688
2022-03-07,19215991.50026113
2022-03-08,19234367.2143271
2022-03-09,19251817.186360303
2022-03-10,19277920.468344353
2022-03-11,19303337.174469974
2022-03-14,19313951.02380479
2022-03-15,19304361.8055609
2022-03-16,19318382.274785075
2022-03-17,19334926.635005303
2022-03-21,19323465.42636541
2022-03-22,19328739.45915082
2022-03-23,19337603.81298117
2022-03-24,19348436.53208009
2022-03-25,19354067.290070042
2022-03-28,19339254.66553069
2022-03-29,19338097.307807613
2022-03-30,19330899.686301727
2022-03-31,19310896.589702435
2022-04-01,19340860.45814052
2022-04-04,19377502.27814406
2022-04-05,19401256.068889484
2022-04-06,19397172.05356462
2022-04-07,19366961.516035758
2022-04-08,19383193.00234648
2022-04-11,19395917.206251558
2022-04-12,19371839.411843825
2022-04-13,19379848.3499067
2022-04-18,19367345.29193432
2022-04-19,19342214.21231994
2022-04-20,19326233.541144792
2022-04-21,19351011.835736983
2022-04-22,19353237.290318076
2022-04-25,19309447.599244654
2022-04-26,19330547.384644598
2022-04-27,19314725.794644143
2022-04-28,19327129.302047573
2022-04-29,19299238.057521127
2022-05-02,19299888.15727902
2022-05-04,19267180.607049547
2022-05-05,19256968.674525
2022-05-06,19207487.478894353
2022-05-09,19175314.142887563
2022-05-10,19136788.652554706
2022-05-11,19110662.34066365
2022-05-12,19077785.892788105
2022-05-13,19081841.635474123
2022-05-16,19090349.411519565
2022-05-17,19109156.49453534
2022-05-18,19115941.776073907
2022-05-19,19113212.72815771
2022-05-20,19129032.661611058
2022-05-23,19118969.62721771
2022-05-24,19105297.410979573
2022-05-25,19085582.69870681
2022-05-26,19098684.161747783
2022-05-27,19094779.904153172
2022-05-30,19098792.558196962
2022-05-31,19100902.910251517
2022-06-01,19096572.988099877
2022-06-02,19094525.46688698
2022-06-03,19095832.560053952
2022-06-06,19108064.194816872
2022-06-07,19135519.631066147
2022-06-08,19149647.80129835
2022-06-09,19150637.870744262
2022-06-10,19134621.465239044
2022-06-13,19104151.56934611
2022-06-14,19078993.196240183
2022-06-15,19095534.199214227
2022-06-16,19060875.300175622
2022-06-17,19054746.8803449
2022-06-20,19003358.346716255
2022-06-21,19034980.100305874
2022-06-22,19034459.117562078
2022-06-23,19031196.07850235
2022-06-24,19033128.01293778
2022-06-27,19031796.825696185
2022-06-28,19055269.633679695
2022-06-29,19057458.073533926
2022-06-30,19047140.83824925
2022-07-01,19032045.84180862
2022-07-04,19029935.68599039
2022-07-05,19022492.322294958
2022-07-06,19009491.524369385
2022-07-07,19016818.571385533
2022-07-08,19015940.01495517
2022-07-11,19026941.51735799
2022-07-12,19021972.10394125
2022-07-13,19017257.456222814
2022-07-14,19014974.98159829
2022-07-15,19025714.06033151
2022-07-18,19034902.899960082
2022-07-19,19043553.651861653
2022-07-20,19049984.066441454
2022-07-21,19054958.84812492
2022-07-22,19055983.08651293
2022-07-25,19055688.537374347
2022-07-26,19041014.572924875
2022-07-27,19038058.133886963
2022-07-28,19045079.551264722
2022-07-29,19050036.98753422
2022-08-01,19080525.846869964
2022-08-02,19087697.57412595
2022-08-03,19073082.9366991
2022-08-04,19081483.980917398
2022-08-05,19086033.36033097
2022-08-08,19093206.904754635
2022-08-10,19076661.652480714
2022-08-11,19071192.54648377
2022-08-12,19083830.31820157
2022-08-16,19121005.305434994
2022-08-17,19130741.999545295
2022-08-18,19134609.98773774
2022-08-19,19104297.528549485
2022-08-22,19077087.79654742
2022-08-23,19115659.58711401
2022-08-24,19150436.420184586
2022-08-25,19154904.024986956
2022-08-26,19173400.983018678
2022-08-29,19164284.101235222
2022-08-30,19223274.998447
2022-09-01,19219835.18899573
2022-09-02,19213130.921324685
2022-09-05,19217195.60599011
2022-09-06,19225582.116254978
2022-09-07,19245737.093827024
2022-09-08,19253376.01731677
2022-09-09,19234903.922144786
2022-09-12,19242313.752678167
2022-09-13,19258424.601411328
2022-09-14,19257868.50153048
2022-09-15,19267612.05641895
2022-09-16,19193583.168294318
2022-09-19,19186721.228060745
2022-09-20,19243299.48486189
2022-09-21,19224226.0790853
2022-09-22,19257923.6449157
2022-09-23,19177064.91803565
2022-09-26,19056851.22184463
2022-09-27,19053485.047223736
2022-09-28,19057579.0072423
2022-09-29,19076799.11616756
2022-09-30,19129054.99321463
2022-10-03,19092533.95069043
2022-10-04,19165877.90951601
2022-10-06,19187377.744262762
2022-10-07,19183320.798941012
2022-10-10,19156001.77048853
2022-10-11,19110278.006186794
2022-10-12,19118553.48060849
2022-10-13,19115238.66529616
2022-10-14,19104684.85236446
2022-10-17,19122248.334645778
2022-10-18,19136103.805214737
2022-10-19,19155874.366468724
2022-10-20,19148300.930648588
2022-10-21,19122553.302888755
2022-10-24,19145986.472191155
2022-10-25,19145744.225161552
2022-10-27,19149758.429186232
2022-10-28,19146734.107288823
2022-10-31,19187316.448525988
2022-11-01,19185324.577221416
2022-11-02,19185471.955279715
2022-11-03,19187328.819311935
2022-11-04,19187906.64429924
2022-11-07,19189557.01276045
2022-11-09,19192558.873949375
2022-11-10,19167630.07041331
2022-11-11,19178108.286949392
2022-11-14,19172187.988438137
2022-11-15,19181992.255713362
2022-11-16,19164531.71805168
2022-11-17,19167723.720968217
2022-11-18,19152901.528845683
2022-11-21,19142598.075275373
2022-11-22,19133827.544792023
2022-11-23,19145157.841521192
2022-11-24,19150148.525450137
2022-11-25,19151673.728395786
2022-11-28,19162446.493182138
2022-11-29,19156936.518256515
2022-11-30,19176356.433207523
2022-12-01,19203690.66597474
2022-12-02,19209099.71051867
2022-12-05,19218890.06590302
2022-12-06,19213432.998361945
2022-12-07,19211912.006917648
2022-12-08,19230155.61094276
2022-12-09,19217839.716470312
2022-12-12,19218481.453517064
2022-12-13,19245080.318315167
2022-12-14,19245147.174886506
2022-12-15,19228847.463320743
2022-12-16,19206288.240117952
2022-12-19,19225232.84478825
2022-12-20,19239553.15807061
2022-12-21,19199312.240396418
2022-12-22,19174629.3031144
2022-12-23,19119136.50625942
2022-12-26,19133719.648606166
2022-12-27,19152035.843668237
2022-12-28,19171393.309341755
2022-12-29,19177252.491278943
2022-12-30,19191891.78223882
2023-01-02,19207200.57828392
2023-01-03,19205673.704971466
2023-01-04,19200201.75901526
2023-01-05,19211479.08837991
2023-01-06,19203694.337425645
2023-01-09,19215769.729632463
2023-01-10,19207205.138682395
2023-01-11,19204655.732339215
2023-01-12,19201787.93467427
2023-01-13,19195114.544933885
2023-01-16,19187083.808284204
2023-01-17,19193218.063109614
2023-01-18,19199896.5630649
2023-01-19,19200037.71279629
2023-01-20,19192283.777358245
2023-01-23,19181416.39781707
2023-01-24,19171542.82970615
2023-01-25,19158962.20639628
2023-01-27,19132416.634401742
2023-01-30,19137484.11564579
2023-01-31,19167741.995667264
2023-02-01,19136546.32462546
2023-02-02,19128762.92998338
2023-02-03,19115829.749087695
2023-02-06,19111415.580754954
2023-02-07,19110542.849899974
2023-02-08,19126144.262594067
2023-02-09,19128355.034763515
2023-02-10,19146805.00093827
2023-02-13,19127083.342310257
2023-02-14,19122941.055879503
2023-02-15,19141469.431472678
2023-02-16,19150432.02286918
2023-02-17,19143882.693648174
2023-02-20,19145154.989522874
2023-02-21,19148914.402876124
2023-02-22,19123588.22960478
2023-02-23,19127039.276604712
2023-02-24,19123649.225154754
2023-02-27,19101578.663432747
2023-02-28,19110291.91873127
2023-03-01,19118522.605200034
2023-03-02,19114836.449757222
2023-03-03,19122037.795723137
2023-03-06,19134221.698354132
2023-03-08,19155470.52886699
2023-03-09,19178320.589998715
2023-03-10,19175343.762532547
2023-03-13,19149131.70181579
2023-03-14,19139631.881069083
2023-03-15,19139716.55175323
2023-03-16,19123813.92764924
2023-03-17,19137670.20414006
2023-03-20,19121868.086754996
2023-03-21,19120447.783822913
2023-03-22,19128261.290792983
2023-03-23,19122306.823157918
2023-03-24,19106583.269494854
2023-03-27,19100665.459611207
2023-03-28,19099392.500436936
2023-03-29,19107292.40896598
2023-03-30,18431419.752959855
2023-03-31,19107307.607640497
2023-04-03,19120441.65032297
2023-04-04,18431419.752959855
2023-04-05,19114546.661804676
2023-04-06,19129909.39859564
2023-04-10,19141162.13830558
2023-04-11,19138802.786122285
2023-04-12,19144560.811495118
2023-04-13,19143533.915149182
2023-04-14,18431419.752959855
2023-04-17,19136330.328303616
2023-04-18,19145595.839726403
2023-04-19,19155870.90916122
2023-04-20,19160437.362508852
2023-04-21,19153303.757944554
2023-04-24,19161614.197150167
2023-04-25,19163165.412442952
2023-04-26,19161531.253591396
2023-04-27,19160003.43924835
2023-04-28,19163661.18753993
2023-05-01,18341284.752959855
2023-05-02,19172862.297385305
2023-05-03,19177736.002196755
2023-05-04,19183289.550696734
2023-05-05,19186945.75467436
2023-05-08,19185771.546966348
2023-05-09,19185612.885613646
2023-05-10,19177746.872770168
2023-05-11,19176852.831554007
2023-05-12,19187395.84876443
2023-05-15,19199096.012212098
2023-05-16,19195518.3161299
2023-05-17,19194295.457456734
2023-05-18,19194457.49366216
2023-05-19,19196890.994435742
2023-05-22,19202133.742658164
2023-05-23,19205570.336032007
2023-05-24,19207361.7587508
2023-05-25,19221648.167949636
2023-05-26,19243123.123875782
2023-05-29,19242330.89338606
2023-05-30,19246045.751801442
2023-05-31,19256996.23662721
2023-06-01,19243565.713197004
2023-06-02,19251322.51789872
2023-06-05,19245624.124215934
2023-06-06,19255020.97547117
2023-06-07,19292035.744862556
2023-06-08,19298537.839655694
2023-06-09,19303710.981160138
2023-06-12,19316443.842067085
2023-06-13,19342763.767098304
2023-06-14,19345209.03706913
2023-06-15,19352144.72006962
2023-06-16,19359911.358400553
2023-06-19,19375650.52255305
2023-06-20,19397506.65894976
2023-06-21,19392985.830212757
2023-06-22,19386372.82328441
2023-06-23,19363525.94576502
2023-06-26,19400585.690842416
2023-06-27,19434419.542770606
2023-06-28,19478798.905595586
2023-06-29,18010789.752959855
2023-06-30,19512025.39871403
2023-07-03,19539234.40957638
2023-07-04,19545782.428726755
2023-07-05,19564399.821068123
2023-07-06,19534950.9986438
2023-07-07,19539441.083826162
2023-07-10,19543053.428275745
2023-07-11,19548435.034802757
2023-07-12,19550574.566540543
2023-07-13,19554800.665174074
2023-07-14,19592441.45466271
2023-07-17,19591291.93495471
2023-07-18,19575233.905874595
2023-07-19,19593872.971148785
2023-07-20,19605573.955604587
2023-07-21,19610227.371223867
2023-07-24,19640279.590607185
2023-07-25,19666619.229603138
2023-07-26,19703360.66494019
2023-07-27,19718349.377083953
2023-07-28,19717889.494182568
2023-07-31,19720000.918350466
2023-08-01,19715165.25794579
2023-08-02,19685420.447333
2023-08-03,19682007.933431894
2023-08-04,19665080.38175911
2023-08-07,19707341.819165956
2023-08-08,19719236.624758083
2023-08-09,19740917.15506801
2023-08-10,19719403.58715458
2023-08-11,19739082.357227378
2023-08-14,19740213.69979601
2023-08-15,16923954.038125567
2023-08-16,19764966.21975745
2023-08-17,19791469.3311815
2023-08-18,19769162.260292824
2023-08-21,19800112.550537497
2023-08-22,19836975.851397622
2023-08-23,19872252.345863506
2023-08-24,19899917.59241889
2023-08-25,19895858.288306363
2023-08-28,19929619.07061699
2023-08-29,19912322.252444934
2023-08-30,19924006.052243043
2023-08-31,19962795.270282537
2023-09-01,19999487.164047807
2023-09-04,20092960.85821272
2023-09-05,20159149.61567656
2023-09-06,20152790.597927477
2023-09-07,20157377.28355567
2023-09-08,20212053.204120733
2023-09-11,20212774.255323276
2023-09-12,19977640.844725337
2023-09-13,19985355.176077235
2023-09-14,20059369.58337935
2023-09-15,20048047.256742816
2023-09-18,20015448.402080435
2023-09-19,15316039.804592196
2023-09-20,20004875.487328984
2023-09-21,19977977.117234293
2023-09-22,19988815.636365082
2023-09-25,19989217.23253383
2023-09-26,20031020.132569615
2023-09-27,20114266.04585171
2023-09-28,20102691.62399169
2023-09-29,20138952.734828126
2023-10-02,15446447.8425019
2023-10-03,20141467.01190744
2023-10-04,20102964.869059067
2023-10-05,20094871.406138588
2023-10-06,20149369.589127697
2023-10-09,20049724.47081231
2023-10-10,20134100.988336165
2023-10-11,20183376.106400896
2023-10-12,20266858.074431058
2023-10-13,20252624.495282233
2023-10-16,20261440.43611052
2023-10-17,20298998.049460426
2023-10-18,20248139.60911833
2023-10-19,20266588.476843935
2023-10-20,20194007.909723323
2023-10-23,20005131.160075568
2023-10-24,15253690.833916742
2023-10-25,19964244.94215641
2023-10-26,19934865.54323653
2023-10-27,20021592.837898575
2023-10-30,20063388.570579216
2023-10-31,20066059.827406093
2023-11-01,20064469.3248929
2023-11-02,20125517.455292996
2023-11-03,20166961.42559427
2023-11-06,20209255.82452941
2023-11-07,20231916.54767547
2023-11-08,20278871.26458019
2023-11-09,20295178.689102925
2023-11-10,20337715.26149072
2023-11-13,20441629.899712563
2023-11-14,16121861.651420057
2023-11-15,20480409.45255637
2023-11-16,20498578.106661074
2023-11-17,20565219.677043594
2023-11-20,20615973.672173843
2023-11-21,20568695.424691368
2023-11-22,20548556.034873623
2023-11-23,20543659.368246187
2023-11-24,20566111.163290635
2023-11-27,15996674.151420057
2023-11-28,20604069.668513205
2023-11-29,20651364.465142984
2023-11-30,20750558.00505131
2023-12-01,20802425.656427674
2023-12-04,20893711.39095366
2023-12-05,20882006.087774273
2023-12-06,20892456.60081795
2023-12-07,20876933.791299675
2023-12-08,20835026.598961275
2023-12-11,20877328.332678203
2023-12-12,20838609.10448907
2023-12-13,20952644.659069173
2023-12-14,21022400.16203183
2023-12-15,21037011.93199941
2023-12-18,21063320.87366377
2023-12-19,21077756.85696877
2023-12-20,20841753.093808103
2023-12-21,20948043.88078294
2023-12-22,20991776.305736616
2023-12-26,21010251.4990634
2023-12-27,20983183.098871604
2023-12-28,20998429.529437996
2023-12-29,21038037.30291048
2024-01-01,20908966.906347163
2024-01-02,20914177.24095657
2024-01-03,20951222.679963335
2024-01-04,21026216.49907719
2024-01-05,21035154.53045096
2024-01-08,21023535.95407268
2024-01-09,21029085.692927696
2024-01-10,21016088.414846316
2024-01-11,21075311.50082556
2024-01-12,21120715.224209476
2024-01-15,21150239.75131109
2024-01-16,21195673.61488963
2024-01-17,21181856.11223256
2024-01-18,21024102.375804514
2024-01-19,21330413.756506197
2024-01-22,16010107.872969778
2024-01-23,21321408.18175451
2024-01-24,21507580.364613906
2024-01-25,21587828.385492705
2024-01-26,16010107.872969778
2024-01-29,21728607.359835375
2024-01-30,21664426.987345666
2024-01-31,21801832.3430283
2024-02-01,21825939.290312126
2024-02-02,21914656.093833104
2024-02-05,21941821.72560793
2024-02-06,21960205.196980316
2024-02-07,22020119.398293633
2024-02-08,21995177.820597075
2024-02-09,21868257.8230075
2024-02-12,21648570.112060804
2024-02-13,21653329.126728997
2024-02-14,21734508.576442562
2024-02-15,21804724.61176852
2024-02-16,21862217.333985962
2024-02-19,21876155.449662045
2024-02-20,21863610.81493942
2024-02-21,21752953.35989872
2024-02-22,21786493.587292753
2024-02-23,21799060.751691107
2024-02-26,21768285.691898514
2024-02-27,21713369.56112093
2024-02-28,21590733.862180997
2024-02-29,21682862.55520766
2024-03-01,21734273.50573084
2024-03-04,21774416.049153313
2024-03-05,21758546.10117201
2024-03-06,21676748.62064252
2024-03-07,21697241.47816735
2024-03-11,21631465.08723892
2024-03-12,21559180.05603599
2024-03-13,21311283.648154605
2024-03-14,21440422.065863326
2024-03-15,21393943.04067716
2024-03-18,21383730.418793343
2024-03-19,21361608.286884233
2024-03-20,21345920.128674794
2024-03-21,21419009.527817193
2024-03-22,21463676.737588294
2024-03-25,18561017.939365987
2024-03-26,21490695.0768014
2024-03-27,21472035.94181935
2024-03-28,21517388.97471254
2024-04-01,21544736.789221026
2024-04-02,21541271.012360584
2024-04-03,21573410.09428942
2024-04-04,21579800.738366317
2024-04-05,21603770.233270247
2024-04-08,21600782.090624448
2024-04-09,21623893.50756236
2024-04-10,21613307.21790961
2024-04-11,18510942.939365987
2024-04-12,21599951.735184703
2024-04-15,21583934.440514315
2024-04-16,21581110.09242379
2024-04-17,18510942.939365987
2024-04-18,21591558.419836916
2024-04-19,21585385.371585276
2024-04-22,21618464.518182352
2024-04-23,21610112.335606497
2024-04-24,21634096.81748309
2024-04-25,21689326.44515673
2024-04-26,21722803.077072762
2024-04-29,21735168.624283962
2024-04-30,21783777.934867363
2024-05-01,18813188.518406466
2024-05-02,21850160.70164675
2024-05-03,21847762.15388756
2024-05-06,21802770.114228334
2024-05-07,21754614.124791857
2024-05-08,21797343.454768814
2024-05-09,21761607.645387482
2024-05-10,21868145.375396766
2024-05-13,21866226.15426282
2024-05-14,21913236.718627416
2024-05-15,21965293.49185881
2024-05-16,21997612.060922377
2024-05-17,22070769.60661856
2024-05-20,18813188.518406466
2024-05-21,22115421.46902278
2024-05-22,22116569.17488457
2024-05-23,22118818.577906556
2024-05-24,22109670.42452185
2024-05-27,22170137.105625786
2024-05-28,22133477.98431328
2024-05-29,22139276.527801774
2024-05-30,22116223.761894602
2024-05-31,22108481.598925807
2024-06-03,22281050.24979874
2024-06-04,21792579.114550684
2024-06-05,21878044.24016363
2024-06-06,21990286.33044282
2024-06-07,22024811.67555005
2024-06-10,22074151.467983518
2024-06-11,22156701.43933208
2024-06-12,22220723.303108554
2024-06-13,22240761.310715556
2024-06-14,22256858.510528147
2024-06-17,17948518.84758489
2024-06-18,22266589.51977302
2024-06-19,22228172.504103173
2024-06-20,22234956.08176399
2024-06-21,22241681.290343784
2024-06-24,22240380.507577863
2024-06-25,22211123.53607973
2024-06-26,22221677.602389704
2024-06-27,22231863.00165097
2024-06-28,22263264.817122582
2024-07-01,22311826.661640648
2024-07-02,22287099.671353564
2024-07-03,22342876.629388623
2024-07-04,22394080.61607797
2024-07-05,22455694.414387148
2024-07-08,22519700.306074347
2024-07-09,22491013.476345085
2024-07-10,22495291.970106497
2024-07-11,22519267.903076682
2024-07-12,22509538.895039823
2024-07-15,22531889.302193124
2024-07-16,22439420.4327375
2024-07-17,17408396.738618914
2024-07-18,22376127.90658101
2024-07-19,22196691.82246045
2024-07-22,22230637.905203354
2024-07-23,22179550.80994713
2024-07-24,22216820.325941697
2024-07-25,22195429.9549031
2024-07-26,22234611.912579816
2024-07-29,22303990.175360885
2024-07-30,22315895.04330984
2024-07-31,22335054.629320797
2024-08-01,22312677.527406506
2024-08-02,22325275.02313357
2024-08-05,22201708.888796974
2024-08-06,22177915.93916027
2024-08-07,22280386.811865382
2024-08-08,22256345.851481393
2024-08-09,22287064.48486198
2024-08-12,22314723.31641258
2024-08-13,22264823.097647447
2024-08-14,22230131.66537616
2024-08-15,18814433.881263845
2024-08-16,22281352.648077853
2024-08-19,22302072.46345643
2024-08-20,22333620.55731224
2024-08-21,22357415.642552078
2024-08-22,22359683.253371153
2024-08-23,22367196.567137845
2024-08-26,22369153.559260834
2024-08-27,22092655.320966695
2024-08-28,22384444.792108398
2024-08-29,22384059.02643994
2024-08-30,22403417.462621823
2024-09-02,22381815.846313376
2024-09-03,22399568.470037848
2024-09-04,22395118.660378866
2024-09-05,22420448.85028362
2024-09-06,22377936.116816185
2024-09-09,22362877.288033433
2024-09-10,22392821.878836833
2024-09-11,22358471.45412442
2024-09-12,22403611.927555166
2024-09-13,22382080.19698036
2024-09-16,22367629.80246832
2024-09-17,22344733.66466127
2024-09-18,22353191.666589484
2024-09-19,22334121.362123966
2024-09-20,22356121.52009599
2024-09-23,22376387.377798814
2024-09-24,22371872.985768337
2024-09-25,22369609.638774823
2024-09-26,22362635.95014938
2024-09-27,22372403.76326639
2024-09-30,22356776.417408902
2024-10-01,22370146.71960873
2024-10-02,20195725.235530138
2024-10-03,22346851.30793232
2024-10-04,22347839.67226855
2024-10-07,22289100.76955017
2024-10-08,22355500.691348866
2024-10-09,22383179.316893417
2024-10-10,22371941.864894588
2024-10-11,22383458.282501645
2024-10-14,22387457.649865467
2024-10-15,22391036.37662333
2024-10-16,22385202.839404434
2024-10-17,22354334.635593493
2024-10-18,22351748.257819407
2024-10-21,22321384.441298064
2024-10-22,22265703.263867
2024-10-23,22268605.48381416
2024-10-24,22245389.273672815
2024-10-25,22222407.32765423
2024-10-28,22235163.837256398
2024-10-29,22233052.016943503
2024-10-30,22239989.2815247
2024-10-31,22265384.12267693
2024-11-01,22272827.42299048
2024-11-04,22266800.012269773
2024-11-05,22270903.937349405
2024-11-06,22291557.164513912
2024-11-07,22281279.87775976
2024-11-08,22270882.139125798
2024-11-11,22268008.6511335
2024-11-12,22256323.237824984
2024-11-13,22236064.45133251
2024-11-14,22240926.560849413
2024-11-15,21037453.305236526
2024-11-18,22226660.92500805
2024-11-19,22232190.815067943
2024-11-20,21058748.5799335
2024-11-21,22234034.278576206
2024-11-22,22246164.91877978
2024-11-25,22264224.76668812
2024-11-26,22264524.308667548
2024-11-27,22266043.04350349
2024-11-28,22003734.49466869
2024-11-29,22278347.209080532
2024-12-02,22283701.903353836
2024-12-03,22281923.806879222
2024-12-04,22285094.01044472
2024-12-05,22289351.788933143
2024-12-06,22294800.563998424
2024-12-09,22293601.759196527
2024-12-10,22301363.11483827
2024-12-11,22301279.28577849
2024-12-12,22303324.624126516
2024-12-13,22295704.980966903
2024-12-16,22297522.961685155
2024-12-17,22297038.46725608
2024-12-18,22296787.09045676
2024-12-19,22287701.789961983
2024-12-20,22261945.752064727
2024-12-23,22246053.608513977
2024-12-24,22237721.53965518
2024-12-26,22239692.111886412
2024-12-27,22238475.82348154
2024-12-30,22250332.68263264
2024-12-31,22256254.208789688
2025-01-01,22212760.066334028
2025-01-02,22264906.49355647
2025-01-03,22256200.855026267
2025-01-06,22243277.360805724
2025-01-07,22246604.17479736
2025-01-08,22241265.666736543
2025-01-09,22186257.915289804
2025-01-10,22217902.606850997
2025-01-13,22199955.741324708
2025-01-14,22211290.218065344
2025-01-15,22205248.227699976
2025-01-16,22209310.97687994
2025-01-17,22208341.53177356
2025-01-20,22106726.113888837
2025-01-21,22201156.872558482
2025-01-22,22199566.59457482
2025-01-23,22204600.75008187
2025-01-24,22204387.043541215
2025-01-27,22193737.202837955
2025-01-28,22190986.96138624
2025-01-29,22200953.936827075
2025-01-30,22202408.432641666
2025-01-31,22197764.600377325
2025-02-01,22090472.512569774
2025-02-03,22193533.932124756
2025-02-04,22196950.317693777
2025-02-05,22195810.50522379
2025-02-06,22197035.631731197
2025-02-07,22195148.57222836
2025-02-10,22192251.794852372
2025-02-11,22187216.321998276
2025-02-12,22185116.56664154
2025-02-13,22181994.427366205
2025-02-14,22176441.432008233
2025-02-17,22107381.91328752
2025-02-18,22172646.84180453
2025-02-19,22175851.118508838
2025-02-20,22171033.606240377
2025-02-21,22168487.3552305
2025-02-24,22171023.55872364
2025-02-25,22169560.16414922
2025-02-26,21666876.73465916
2025-02-27,22169047.603017613
2025-02-28,22159671.200413913
2025-03-03,22162793.729282472
2025-03-04,22165829.316794526
2025-03-05,22173244.244757693
2025-03-06,22176999.031611253
2025-03-07,22180349.863347568
2025-03-10,22175242.031827033
2025-03-11,22185904.12975223
2025-03-12,22190452.260045387
2025-03-13,22190081.668487642
2025-03-14,21657811.151069652
2025-03-17,22198756.094935216
2025-03-18,22206130.695476
2025-03-19,22217170.714805186
2025-03-20,22219153.448158268
2025-03-21,22227426.904255144
2025-03-24,22231031.834078018
2025-03-25,22226117.76444896
2025-03-26,22223637.901645288
2025-03-27,22229167.020601153
2025-03-28,22234889.60240127
2025-03-31,21566164.09976227
2025-04-01,22231145.829041097
2025-04-02,22235567.997497607
2025-04-03,22241125.439162925
2025-04-04,22219571.903112065
2025-04-07,22193513.131875772
2025-04-08,22206905.766870573
2025-04-09,22209387.448551815
2025-04-10,21578673.567191772
2025-04-11,22234907.127756823
2025-04-14,21580053.518264327
2025-04-15,22254894.88458817
2025-04-16,22259783.63896071
2025-04-17,22269034.282683305
2025-04-21,22276523.618114628
2025-04-22,22283991.031748112
2025-04-23,22290520.07235465
2025-04-24,22303205.49710332
2025-04-25,22294484.90046805
2025-04-28,22302883.51437245
2025-04-29,22309142.342074733
2025-04-30,22308304.061126113
2025-05-01,21426545.956057474
2025-05-02,22305927.714833044
2025-05-05,22317741.236675948
2025-05-06,22302483.494902886
2025-05-07,22314666.290133644
2025-05-08,22301202.844799742
2025-05-09,22301813.40553839
2025-05-12,22345628.28718978
2025-05-13,22369653.74626289
2025-05-14,22389804.273033235
2025-05-15,22427293.089506097
2025-05-16,22433728.9744944
2025-05-19,22446387.578074984
2025-05-20,22431750.23987442
2025-05-21,22464743.17025547
2025-05-22,22478483.943953764
2025-05-23,22498758.410174783
2025-05-26,22036069.7124867
2025-05-27,22572544.609508593
2025-05-28,22576234.33356366
2025-05-29,22576626.363420896
2025-05-30,22563321.394057047
2025-06-02,22558354.29097781
2025-06-03,22555224.67179973
2025-06-04,22581064.805465937
2025-06-05,22581240.531406477
2025-06-06,22575106.820046682
2025-06-09,22583708.380112987
2025-06-10,22591997.53518068
2025-06-11,22598009.08714293
2025-06-12,22563301.39920388
2025-06-13,22587102.285081536
2025-06-16,22645705.275447533
2025-06-17,22659062.51895084
2025-06-18,22670250.156837538
2025-06-19,21996784.22424687
2025-06-20,22705987.882136673
2025-06-23,22753992.05375537
2025-06-24,22763416.062317286
2025-06-25,22786172.306839127
2025-06-26,22800516.645809907
2025-06-27,22833293.412035063
2025-06-30,22866767.32823769
2025-07-01,22863399.72873013
2025-07-02,22855733.91409884
2025-07-03,22864162.32690673
2025-07-04,22223360.16967993
2025-07-07,22879171.114726692
2025-07-08,22895521.018972
2025-07-09,22941124.763562802
2025-07-10,22931090.58509015
2025-07-11,22916294.422528517
2025-07-14,22941570.360294
2025-07-15,22974075.297077402
2025-07-16,22979801.732158393
2025-07-17,22990761.444083095
2025-07-18,22971396.32386314
2025-07-21,22994525.597226735
2025-07-22,23020454.82565392
2025-07-23,23025567.764824722
2025-07-24,23030957.31533818
2025-07-25,22997054.64964419
2025-07-28,22986128.65302445
2025-07-29,23023149.081322942
2025-07-30,23048995.04629524
2025-07-31,23043831.525896307
2025-08-01,23036118.63564047
2025-08-04,23071492.424072374
2025-08-05,23095829.209072635
2025-08-06,23095689.294969134
2025-08-07,23111757.511471763
2025-08-08,23110381.012853317
2025-08-11,23153918.18134481
2025-08-12,23169975.256706323
2025-08-13,23211965.14753275
2025-08-14,23223498.251345154
2025-08-15,20727494.95037841
2025-08-18,23245088.161466558
2025-08-19,23285422.7008659
2025-08-20,23311221.13418198
2025-08-21,23352664.851035975
2025-08-22,23357690.505507212
2025-08-25,23373810.86792616
2025-08-26,23395522.13967942
2025-08-27,20879898.625993986
2025-08-28,23405684.418239675
2025-08-29,23375307.187072154
2025-09-01,23348055.977799676
2025-09-02,23330210.555225246
2025-09-03,23314334.87707716
2025-09-04,23268130.19286668
2025-09-05,23225780.890858702
2025-09-08,23204066.80428131
2025-09-09,23200672.3023185
2025-09-10,23158086.222852983
2025-09-11,23128811.25051457
2025-09-12,23061824.506002538
2025-09-15,23063377.396181155
2025-09-16,23077414.134007208
2025-09-17,23075026.81644253
2025-09-18,23061439.886787962
2025-09-19,23069474.690597605
2025-09-22,23057832.747004084
2025-09-23,23057603.683908537
2025-09-24,23039483.1737699
2025-09-25,23016334.79365814
2025-09-26,22972196.143730957
2025-09-29,22961446.25053726
2025-09-30,22958594.729759693
2025-10-01,22996666.626022145
2025-10-02,20464885.483352397
2025-10-03,23017200.54595895
2025-10-06,23018759.358141217
2025-10-07,23009320.040758964
2025-10-08,23002406.539914504
2025-10-09,22997620.59339677
2025-10-10,22986694.968431275
2025-10-13,22982966.41034793
2025-10-14,22964490.209995884
2025-10-15,23004689.297690775
2025-10-16,23010062.330447238
2025-10-17,22992824.607218567
2025-10-20,23015093.778862983
2025-10-21,23025280.151817676
2025-10-22,20321778.95262217
2025-10-23,22989750.790596005
2025-10-24,22911261.351213936
2025-10-27,23019699.155023515
2025-10-28,23036661.746570315
2025-10-29,23039699.114999093
2025-10-30,23041635.917258512
2025-10-31,23030176.251961768
2025-11-03,23049320.269037154
2025-11-04,23026944.18549083
2025-11-05,20071448.523670975
2025-11-06,22963945.047651477
2025-11-07,23017180.089774296
2025-11-10,23057211.06274031
2025-11-11,23060964.73754689
2025-11-12,23051024.03240561
2025-11-13,23045903.237179138
2025-11-14,23064984.789483245
2025-11-17,23071187.615654454
2025-11-18,23054342.941363875
2025-11-19,23050248.294127744
2025-11-20,23071824.956152014
2025-11-21,23045488.31890113
2025-11-24,23039684.328409396
2025-11-25,23060412.64515086
2025-11-26,23081337.1080459
2025-11-27,22803776.28353191
2025-11-28,23100803.886628132
2025-12-01,23103183.90980114
2025-12-02,23079551.172119837
2025-12-03,23080319.58835136
2025-12-04,23077546.848573383
2025-12-05,23087621.815954532
2025-12-08,23051592.088564347
2025-12-09,23069081.66762454
2025-12-10,23065026.64797384
2025-12-11,23056950.472506087
2025-12-12,23092378.15488798
2025-12-15,23106740.99998906
2025-12-16,23087127.088769615
2025-12-17,23078823.17529193
2025-12-18,23074088.95274952
2025-12-19,23015355.14515092
2025-12-22,23128380.725063767
2025-12-23,23131854.53625722
2025-12-24,23139719.050251417
2025-12-26,23137078.39537398
2025-12-29,23123044.718537055
2025-12-30,23153358.65698941
2025-12-31,23171676.202250544
2026-01-01,22930363.59285997
2026-01-02,23201949.25302165
2026-01-05,23180991.926235057
2026-01-06,23178718.951884177
2026-01-07,23163963.855174955
2026-01-08,23114947.24741326
2026-01-09,23085457.210270565
2026-01-12,23093101.28590518
2026-01-13,23113226.276958317
2026-01-14,23127840.492599025
2026-01-15,23127840.492599025
2026-01-16,23102218.66301757
2026-01-19,23103964.667737525
2026-01-20,23062007.64437837
2026-01-21,23071849.254504092
2026-01-22,23068704.109436143
2026-01-23,23062309.27732759
2026-01-26,21631083.981245957
2026-01-27,23084214.352717116
2026-01-28,23126913.520939644
2026-01-29,23155017.83026838
2026-01-30,23093616.283312667
2026-02-02,23032910.28687166
2026-02-03,23065342.74042461
2026-02-04,23084456.888120517
2026-02-05,23063613.346417286
2026-02-06,23067641.99563186
2026-02-09,23085281.982668176
2026-02-10,23090175.33868991
2026-02-11,23086785.42874097
2026-02-12,23080450.63032121
2026-02-13,23044921.595100556
2026-02-16,22879482.437002942
2026-02-17,23043275.600123025
2026-02-18,23054506.130344607
2026-02-19,23032259.590065587
2026-02-20,23035314.45579006
2026-02-23,23041952.765372884
2026-02-24,23037837.412427895
2026-02-25,23066812.202381052
2026-02-26,23077858.492420655
2026-02-27,23054914.640440684
2026-03-02,23034517.404836934
2026-03-03,20644649.672198374
2026-03-04,22982755.48817189
2026-03-05,23032027.362105206
2026-03-06,22860798.781132583
2026-03-09,22963316.514595687
2026-03-10,23009831.592732567
2026-03-11,23001970.36811274
2026-03-12,22993083.767584547
2026-03-13,22906247.02694533
2026-03-16,22872471.885597777
2026-03-17,22896086.725862287
2026-03-18,22731759.375952
2026-03-19,22692078.001683
2026-03-20,22684175.31750783
2026-03-23,22639034.691883262
2026-03-24,22656784.655531973
2026-03-25,22678113.33728033
2026-03-27,22648477.477208912
2026-03-30,22646339.905951217
2026-04-01,22664235.122012824
2026-04-02,22665489.6797486
2026-04-06,22674706.190560687
2026-04-07,22674476.23600339
2026-04-08,22663001.211914163
2026-04-09,22670308.455429673
2026-04-10,22685722.784997024
2026-04-13,22686697.617831826
2026-04-15,22702463.991768956
2026-04-16,22710444.88006498
2026-04-17,22725895.821283426
2026-04-20,22723344.44342732
2026-04-21,22721070.742754143
2026-04-22,22737368.316820286
2026-04-23,22739300.63873491
2026-04-24,22734925.107751768
2026-04-27,22748008.35783925
2026-04-28,22750219.584582638
2026-04-29,22749149.661708612
2026-04-30,22737110.51227391
2026-05-04,22755058.66062591
