2026-06-20 13:32:55,130 - INFO - Phase A5: 149 symbols | mode=force
2026-06-20 13:32:55,710 - INFO - 🗑️  Cleared 14 cached debate rows
2026-06-20 13:32:56,384 - INFO - run_debate symbol=360ONE kind=guidance hash=73e66c8f9ff3…
2026-06-20 13:32:57,231 - INFO - Using DeepSeek API (deepseek-chat)
2026-06-20 13:32:57,491 - INFO - HTTP Request: POST https://api.deepseek.com/chat/completions "HTTP/1.1 200 OK"
2026-06-20 13:33:01,098 - INFO - HTTP Request: POST https://api.deepseek.com/chat/completions "HTTP/1.1 200 OK"
2026-06-20 13:33:05,254 - INFO - Debate for 360ONE/guidance completed in 8.0s
2026-06-20 13:33:05,780 - INFO - Stored debate row id=52 for 360ONE/guidance
2026-06-20 13:33:12,673 - INFO - run_debate symbol=360ONE kind=pe_expansion hash=8bab5be9e5d1…
2026-06-20 13:33:13,532 - INFO - HTTP Request: POST https://api.deepseek.com/chat/completions "HTTP/1.1 200 OK"
2026-06-20 13:33:19,673 - INFO - HTTP Request: POST https://api.deepseek.com/chat/completions "HTTP/1.1 200 OK"
2026-06-20 13:33:24,043 - INFO - Debate for 360ONE/pe_expansion completed in 10.9s
2026-06-20 13:33:24,562 - INFO - Stored debate row id=53 for 360ONE/pe_expansion
2026-06-20 13:33:25,232 - INFO - run_debate symbol=3BBLACKBIO kind=guidance hash=6f1aafda43a3…
2026-06-20 13:33:25,961 - INFO - HTTP Request: POST https://api.deepseek.com/chat/completions "HTTP/1.1 200 OK"
2026-06-20 13:33:30,218 - INFO - HTTP Request: POST https://api.deepseek.com/chat/completions "HTTP/1.1 200 OK"
2026-06-20 13:33:33,953 - INFO - Debate for 3BBLACKBIO/guidance completed in 8.2s
2026-06-20 13:33:34,466 - INFO - Stored debate row id=54 for 3BBLACKBIO/guidance
2026-06-20 13:33:44,169 - INFO - run_debate symbol=3BBLACKBIO kind=pe_expansion hash=c74096aef270…
2026-06-20 13:33:45,026 - INFO - HTTP Request: POST https://api.deepseek.com/chat/completions "HTTP/1.1 200 OK"
2026-06-20 13:33:49,989 - INFO - HTTP Request: POST https://api.deepseek.com/chat/completions "HTTP/1.1 200 OK"
2026-06-20 13:33:55,385 - INFO - Debate for 3BBLACKBIO/pe_expansion completed in 10.7s
2026-06-20 13:33:55,856 - INFO - Stored debate row id=55 for 3BBLACKBIO/pe_expansion
2026-06-20 13:33:56,523 - INFO - run_debate symbol=3MINDIA kind=guidance hash=e142b5c106d8…
2026-06-20 13:33:57,148 - INFO - HTTP Request: POST https://api.deepseek.com/chat/completions "HTTP/1.1 200 OK"
2026-06-20 13:34:01,437 - INFO - HTTP Request: POST https://api.deepseek.com/chat/completions "HTTP/1.1 200 OK"
2026-06-20 13:34:06,494 - INFO - Debate for 3MINDIA/guidance completed in 9.5s
2026-06-20 13:34:06,982 - INFO - Stored debate row id=56 for 3MINDIA/guidance
2026-06-20 13:34:12,925 - INFO - run_debate symbol=3MINDIA kind=pe_expansion hash=bc76c3331a9d…
2026-06-20 13:34:13,705 - INFO - HTTP Request: POST https://api.deepseek.com/chat/completions "HTTP/1.1 200 OK"
2026-06-20 13:34:17,599 - INFO - HTTP Request: POST https://api.deepseek.com/chat/completions "HTTP/1.1 200 OK"
2026-06-20 13:34:22,341 - INFO - Debate for 3MINDIA/pe_expansion completed in 9.0s
2026-06-20 13:34:22,927 - INFO - Stored debate row id=57 for 3MINDIA/pe_expansion
2026-06-20 13:34:23,604 - INFO - run_debate symbol=AARTIIND kind=guidance hash=baf8edbfb66c…
2026-06-20 13:34:24,365 - INFO - HTTP Request: POST https://api.deepseek.com/chat/completions "HTTP/1.1 200 OK"
2026-06-20 13:34:27,874 - INFO - HTTP Request: POST https://api.deepseek.com/chat/completions "HTTP/1.1 200 OK"
2026-06-20 13:34:31,125 - INFO - Debate for AARTIIND/guidance completed in 7.1s
2026-06-20 13:34:31,607 - INFO - Stored debate row id=58 for AARTIIND/guidance
2026-06-20 13:34:38,967 - INFO - run_debate symbol=AARTIIND kind=pe_expansion hash=1859ccab3c81…
2026-06-20 13:34:39,717 - INFO - HTTP Request: POST https://api.deepseek.com/chat/completions "HTTP/1.1 200 OK"
2026-06-20 13:34:44,479 - INFO - HTTP Request: POST https://api.deepseek.com/chat/completions "HTTP/1.1 200 OK"
2026-06-20 13:34:48,080 - INFO - Debate for AARTIIND/pe_expansion completed in 8.7s
2026-06-20 13:34:48,598 - INFO - Stored debate row id=59 for AARTIIND/pe_expansion
2026-06-20 13:34:49,230 - INFO - run_debate symbol=ABB kind=guidance hash=cfb85ca9d16b…
2026-06-20 13:34:49,841 - INFO - HTTP Request: POST https://api.deepseek.com/chat/completions "HTTP/1.1 200 OK"
2026-06-20 13:34:54,164 - INFO - HTTP Request: POST https://api.deepseek.com/chat/completions "HTTP/1.1 200 OK"
2026-06-20 13:34:58,199 - INFO - Debate for ABB/guidance completed in 8.5s
2026-06-20 13:34:58,694 - INFO - Stored debate row id=60 for ABB/guidance
2026-06-20 13:35:04,594 - INFO - run_debate symbol=ABB kind=pe_expansion hash=2891cb91a210…
2026-06-20 13:35:05,315 - INFO - HTTP Request: POST https://api.deepseek.com/chat/completions "HTTP/1.1 200 OK"
2026-06-20 13:35:10,046 - INFO - HTTP Request: POST https://api.deepseek.com/chat/completions "HTTP/1.1 200 OK"
2026-06-20 13:35:13,401 - INFO - Debate for ABB/pe_expansion completed in 8.4s
2026-06-20 13:35:13,895 - INFO - Stored debate row id=61 for ABB/pe_expansion
2026-06-20 13:35:14,561 - INFO - run_debate symbol=ACC kind=guidance hash=65fe1b6b84e3…
2026-06-20 13:35:15,186 - INFO - HTTP Request: POST https://api.deepseek.com/chat/completions "HTTP/1.1 200 OK"
2026-06-20 13:35:19,061 - INFO - HTTP Request: POST https://api.deepseek.com/chat/completions "HTTP/1.1 200 OK"
2026-06-20 13:35:23,503 - INFO - Debate for ACC/guidance completed in 8.5s
2026-06-20 13:35:23,966 - INFO - Stored debate row id=62 for ACC/guidance
2026-06-20 13:35:29,821 - INFO - run_debate symbol=ACC kind=pe_expansion hash=8a23e8b585db…
2026-06-20 13:35:30,550 - INFO - HTTP Request: POST https://api.deepseek.com/chat/completions "HTTP/1.1 200 OK"
2026-06-20 13:35:34,595 - INFO - HTTP Request: POST https://api.deepseek.com/chat/completions "HTTP/1.1 200 OK"
2026-06-20 13:35:39,321 - INFO - Debate for ACC/pe_expansion completed in 9.1s
2026-06-20 13:35:39,846 - INFO - Stored debate row id=63 for ACC/pe_expansion
2026-06-20 13:35:40,509 - INFO - run_debate symbol=ACE kind=guidance hash=d3c79c9029cf…
2026-06-20 13:35:41,122 - INFO - HTTP Request: POST https://api.deepseek.com/chat/completions "HTTP/1.1 200 OK"
2026-06-20 13:35:45,322 - INFO - HTTP Request: POST https://api.deepseek.com/chat/completions "HTTP/1.1 200 OK"
2026-06-20 13:35:49,520 - INFO - Debate for ACE/guidance completed in 8.6s
2026-06-20 13:35:50,062 - INFO - Stored debate row id=64 for ACE/guidance
2026-06-20 13:35:59,183 - INFO - run_debate symbol=ACE kind=pe_expansion hash=ebb501c22d27…
2026-06-20 13:36:00,221 - INFO - HTTP Request: POST https://api.deepseek.com/chat/completions "HTTP/1.1 200 OK"
2026-06-20 13:36:04,879 - INFO - HTTP Request: POST https://api.deepseek.com/chat/completions "HTTP/1.1 200 OK"
2026-06-20 13:36:08,813 - INFO - Debate for ACE/pe_expansion completed in 9.1s
2026-06-20 13:36:09,338 - INFO - Stored debate row id=65 for ACE/pe_expansion
2026-06-20 13:36:09,948 - INFO - run_debate symbol=ACUTAAS kind=guidance hash=1c8cd10ebf99…
2026-06-20 13:36:10,602 - INFO - HTTP Request: POST https://api.deepseek.com/chat/completions "HTTP/1.1 200 OK"
2026-06-20 13:36:13,985 - INFO - HTTP Request: POST https://api.deepseek.com/chat/completions "HTTP/1.1 200 OK"
2026-06-20 13:36:17,520 - INFO - Debate for ACUTAAS/guidance completed in 7.1s
2026-06-20 13:36:17,974 - INFO - Stored debate row id=66 for ACUTAAS/guidance
2026-06-20 13:36:28,148 - INFO - run_debate symbol=ACUTAAS kind=pe_expansion hash=8f6b1d928a9e…
2026-06-20 13:36:28,869 - INFO - HTTP Request: POST https://api.deepseek.com/chat/completions "HTTP/1.1 200 OK"
2026-06-20 13:36:34,073 - INFO - HTTP Request: POST https://api.deepseek.com/chat/completions "HTTP/1.1 200 OK"
2026-06-20 13:36:37,657 - INFO - Debate for ACUTAAS/pe_expansion completed in 9.1s
2026-06-20 13:36:38,171 - INFO - Stored debate row id=67 for ACUTAAS/pe_expansion
2026-06-20 13:36:38,823 - INFO - run_debate symbol=ADFFOODS kind=guidance hash=cc75b96e23b4…
2026-06-20 13:36:39,437 - INFO - HTTP Request: POST https://api.deepseek.com/chat/completions "HTTP/1.1 200 OK"
2026-06-20 13:36:43,502 - INFO - HTTP Request: POST https://api.deepseek.com/chat/completions "HTTP/1.1 200 OK"
2026-06-20 13:36:46,577 - INFO - Debate for ADFFOODS/guidance completed in 7.3s
2026-06-20 13:36:47,058 - INFO - Stored debate row id=68 for ADFFOODS/guidance
2026-06-20 13:36:56,121 - INFO - run_debate symbol=ADFFOODS kind=pe_expansion hash=dbfa0387c5cc…
2026-06-20 13:36:56,966 - INFO - HTTP Request: POST https://api.deepseek.com/chat/completions "HTTP/1.1 200 OK"
2026-06-20 13:37:02,667 - INFO - HTTP Request: POST https://api.deepseek.com/chat/completions "HTTP/1.1 200 OK"
2026-06-20 13:37:06,322 - INFO - Debate for ADFFOODS/pe_expansion completed in 9.7s
2026-06-20 13:37:06,861 - INFO - Stored debate row id=69 for ADFFOODS/pe_expansion
2026-06-20 13:37:07,721 - INFO - run_debate symbol=ADVAIT kind=guidance hash=1260ca91fa3a…
2026-06-20 13:37:08,354 - INFO - HTTP Request: POST https://api.deepseek.com/chat/completions "HTTP/1.1 200 OK"
2026-06-20 13:37:12,450 - INFO - HTTP Request: POST https://api.deepseek.com/chat/completions "HTTP/1.1 200 OK"
2026-06-20 13:37:16,334 - INFO - Debate for ADVAIT/guidance completed in 8.2s
2026-06-20 13:37:16,803 - INFO - Stored debate row id=70 for ADVAIT/guidance
2026-06-20 13:37:26,942 - INFO - run_debate symbol=ADVAIT kind=pe_expansion hash=b55eda795ca4…
2026-06-20 13:37:27,821 - INFO - HTTP Request: POST https://api.deepseek.com/chat/completions "HTTP/1.1 200 OK"
2026-06-20 13:37:32,560 - INFO - HTTP Request: POST https://api.deepseek.com/chat/completions "HTTP/1.1 200 OK"
2026-06-20 13:37:36,750 - INFO - Debate for ADVAIT/pe_expansion completed in 9.3s
2026-06-20 13:37:37,487 - INFO - Stored debate row id=71 for ADVAIT/pe_expansion
2026-06-20 13:37:37,488 - INFO - Progress: 10/149 symbols
2026-06-20 13:37:38,310 - INFO - run_debate symbol=AEROFLEX kind=guidance hash=c643d081bced…
2026-06-20 13:37:38,982 - INFO - HTTP Request: POST https://api.deepseek.com/chat/completions "HTTP/1.1 200 OK"
2026-06-20 13:37:42,894 - INFO - HTTP Request: POST https://api.deepseek.com/chat/completions "HTTP/1.1 200 OK"
2026-06-20 13:37:47,075 - INFO - Debate for AEROFLEX/guidance completed in 8.3s
2026-06-20 13:37:47,572 - INFO - Stored debate row id=72 for AEROFLEX/guidance
2026-06-20 13:37:58,721 - INFO - run_debate symbol=AEROFLEX kind=pe_expansion hash=3e89f23b4e87…
2026-06-20 13:37:59,682 - INFO - HTTP Request: POST https://api.deepseek.com/chat/completions "HTTP/1.1 200 OK"
2026-06-20 13:38:06,239 - INFO - HTTP Request: POST https://api.deepseek.com/chat/completions "HTTP/1.1 200 OK"
2026-06-20 13:38:10,391 - INFO - Debate for AEROFLEX/pe_expansion completed in 11.2s
2026-06-20 13:38:11,369 - INFO - Stored debate row id=73 for AEROFLEX/pe_expansion
2026-06-20 13:38:12,582 - INFO - run_debate symbol=AGI kind=guidance hash=cf0e3c781cf7…
2026-06-20 13:38:13,197 - INFO - HTTP Request: POST https://api.deepseek.com/chat/completions "HTTP/1.1 200 OK"
2026-06-20 13:38:17,854 - INFO - HTTP Request: POST https://api.deepseek.com/chat/completions "HTTP/1.1 200 OK"
2026-06-20 13:38:21,904 - INFO - Debate for AGI/guidance completed in 8.9s
2026-06-20 13:38:22,446 - INFO - Stored debate row id=74 for AGI/guidance
2026-06-20 13:38:32,161 - INFO - run_debate symbol=AGI kind=pe_expansion hash=d41e1c786f37…
2026-06-20 13:38:33,065 - INFO - HTTP Request: POST https://api.deepseek.com/chat/completions "HTTP/1.1 200 OK"
2026-06-20 13:38:38,201 - INFO - HTTP Request: POST https://api.deepseek.com/chat/completions "HTTP/1.1 200 OK"
2026-06-20 13:38:42,359 - INFO - Debate for AGI/pe_expansion completed in 9.7s
2026-06-20 13:38:42,834 - INFO - Stored debate row id=75 for AGI/pe_expansion
2026-06-20 13:38:43,534 - INFO - run_debate symbol=AMBER kind=guidance hash=498fc15ce86f…
2026-06-20 13:38:44,175 - INFO - HTTP Request: POST https://api.deepseek.com/chat/completions "HTTP/1.1 200 OK"
2026-06-20 13:38:47,598 - INFO - HTTP Request: POST https://api.deepseek.com/chat/completions "HTTP/1.1 200 OK"
2026-06-20 13:38:52,010 - INFO - Debate for AMBER/guidance completed in 8.0s
2026-06-20 13:38:52,613 - INFO - Stored debate row id=76 for AMBER/guidance
2026-06-20 13:39:04,448 - INFO - run_debate symbol=AMBER kind=pe_expansion hash=ca6598baa5d7…
2026-06-20 13:39:05,553 - INFO - HTTP Request: POST https://api.deepseek.com/chat/completions "HTTP/1.1 200 OK"
2026-06-20 13:39:09,943 - INFO - HTTP Request: POST https://api.deepseek.com/chat/completions "HTTP/1.1 200 OK"
2026-06-20 13:39:13,879 - INFO - Debate for AMBER/pe_expansion completed in 8.8s
2026-06-20 13:39:14,525 - INFO - Stored debate row id=77 for AMBER/pe_expansion
2026-06-20 13:39:15,179 - INFO - run_debate symbol=AMRUTANJAN kind=guidance hash=0808efca84aa…
2026-06-20 13:39:15,840 - INFO - HTTP Request: POST https://api.deepseek.com/chat/completions "HTTP/1.1 200 OK"
2026-06-20 13:39:20,325 - INFO - HTTP Request: POST https://api.deepseek.com/chat/completions "HTTP/1.1 200 OK"
2026-06-20 13:39:24,189 - INFO - Debate for AMRUTANJAN/guidance completed in 8.5s
2026-06-20 13:39:24,866 - INFO - Stored debate row id=78 for AMRUTANJAN/guidance
2026-06-20 13:39:33,730 - INFO - run_debate symbol=AMRUTANJAN kind=pe_expansion hash=6fd70a3faf6b…
2026-06-20 13:39:34,686 - INFO - HTTP Request: POST https://api.deepseek.com/chat/completions "HTTP/1.1 200 OK"
2026-06-20 13:39:39,207 - INFO - HTTP Request: POST https://api.deepseek.com/chat/completions "HTTP/1.1 200 OK"
2026-06-20 13:39:43,228 - INFO - Debate for AMRUTANJAN/pe_expansion completed in 9.0s
2026-06-20 13:39:43,846 - INFO - Stored debate row id=79 for AMRUTANJAN/pe_expansion
2026-06-20 13:39:44,707 - INFO - run_debate symbol=ANGELONE kind=guidance hash=c9ebf6900767…
2026-06-20 13:39:45,343 - INFO - HTTP Request: POST https://api.deepseek.com/chat/completions "HTTP/1.1 200 OK"
2026-06-20 13:39:49,648 - INFO - HTTP Request: POST https://api.deepseek.com/chat/completions "HTTP/1.1 200 OK"
2026-06-20 13:39:52,534 - INFO - Debate for ANGELONE/guidance completed in 7.4s
2026-06-20 13:39:53,102 - INFO - Stored debate row id=80 for ANGELONE/guidance
2026-06-20 13:40:04,874 - INFO - run_debate symbol=ANGELONE kind=pe_expansion hash=1698780bb538…
2026-06-20 13:40:05,744 - INFO - HTTP Request: POST https://api.deepseek.com/chat/completions "HTTP/1.1 200 OK"
2026-06-20 13:40:11,286 - INFO - HTTP Request: POST https://api.deepseek.com/chat/completions "HTTP/1.1 200 OK"
2026-06-20 13:40:15,504 - INFO - Debate for ANGELONE/pe_expansion completed in 10.2s
2026-06-20 13:40:15,999 - INFO - Stored debate row id=81 for ANGELONE/pe_expansion
2026-06-20 13:40:16,662 - INFO - run_debate symbol=APARINDS kind=guidance hash=6ebdfd6dbf41…
2026-06-20 13:40:17,569 - INFO - HTTP Request: POST https://api.deepseek.com/chat/completions "HTTP/1.1 200 OK"
2026-06-20 13:40:22,032 - INFO - HTTP Request: POST https://api.deepseek.com/chat/completions "HTTP/1.1 200 OK"
2026-06-20 13:40:26,472 - INFO - Debate for APARINDS/guidance completed in 9.3s
2026-06-20 13:40:27,208 - INFO - Stored debate row id=82 for APARINDS/guidance
2026-06-20 13:40:39,721 - INFO - run_debate symbol=APARINDS kind=pe_expansion hash=6e0d740a8233…
2026-06-20 13:40:40,595 - INFO - HTTP Request: POST https://api.deepseek.com/chat/completions "HTTP/1.1 200 OK"
2026-06-20 13:40:45,242 - INFO - HTTP Request: POST https://api.deepseek.com/chat/completions "HTTP/1.1 200 OK"
2026-06-20 13:40:49,131 - INFO - Debate for APARINDS/pe_expansion completed in 8.8s
2026-06-20 13:40:49,611 - INFO - Stored debate row id=83 for APARINDS/pe_expansion
2026-06-20 13:40:50,279 - INFO - run_debate symbol=ARIS kind=guidance hash=66d7f2390187…
2026-06-20 13:40:50,923 - INFO - HTTP Request: POST https://api.deepseek.com/chat/completions "HTTP/1.1 200 OK"
2026-06-20 13:40:55,126 - INFO - HTTP Request: POST https://api.deepseek.com/chat/completions "HTTP/1.1 200 OK"
2026-06-20 13:40:59,220 - INFO - Debate for ARIS/guidance completed in 8.5s
2026-06-20 13:40:59,753 - INFO - Stored debate row id=84 for ARIS/guidance
2026-06-20 13:41:10,970 - INFO - run_debate symbol=ARIS kind=pe_expansion hash=ff7c357b4697…
2026-06-20 13:41:13,283 - INFO - HTTP Request: POST https://api.deepseek.com/chat/completions "HTTP/1.1 200 OK"
2026-06-20 13:41:16,928 - INFO - HTTP Request: POST https://api.deepseek.com/chat/completions "HTTP/1.1 200 OK"
2026-06-20 13:41:20,987 - INFO - Debate for ARIS/pe_expansion completed in 9.2s
2026-06-20 13:41:21,545 - INFO - Stored debate row id=85 for ARIS/pe_expansion
2026-06-20 13:41:22,161 - INFO - run_debate symbol=ARVINDFASN kind=guidance hash=be78570bf972…
2026-06-20 13:41:22,829 - INFO - HTTP Request: POST https://api.deepseek.com/chat/completions "HTTP/1.1 200 OK"
2026-06-20 13:41:27,177 - INFO - HTTP Request: POST https://api.deepseek.com/chat/completions "HTTP/1.1 200 OK"
2026-06-20 13:41:30,703 - INFO - Debate for ARVINDFASN/guidance completed in 8.1s
2026-06-20 13:41:31,293 - INFO - Stored debate row id=86 for ARVINDFASN/guidance
2026-06-20 13:41:40,939 - INFO - run_debate symbol=ARVINDFASN kind=pe_expansion hash=492726202260…
2026-06-20 13:41:41,912 - INFO - HTTP Request: POST https://api.deepseek.com/chat/completions "HTTP/1.1 200 OK"
2026-06-20 13:41:48,176 - INFO - HTTP Request: POST https://api.deepseek.com/chat/completions "HTTP/1.1 200 OK"
2026-06-20 13:41:52,447 - INFO - Debate for ARVINDFASN/pe_expansion completed in 10.9s
2026-06-20 13:41:52,937 - INFO - Stored debate row id=87 for ARVINDFASN/pe_expansion
2026-06-20 13:41:54,114 - INFO - run_debate symbol=ASHOKA kind=guidance hash=66581230b957…
2026-06-20 13:41:54,761 - INFO - HTTP Request: POST https://api.deepseek.com/chat/completions "HTTP/1.1 200 OK"
2026-06-20 13:41:58,167 - INFO - HTTP Request: POST https://api.deepseek.com/chat/completions "HTTP/1.1 200 OK"
2026-06-20 13:42:03,177 - INFO - Debate for ASHOKA/guidance completed in 8.6s
2026-06-20 13:42:03,835 - INFO - Stored debate row id=88 for ASHOKA/guidance
2026-06-20 13:42:13,471 - INFO - run_debate symbol=ASHOKA kind=pe_expansion hash=2699c1add1d5…
2026-06-20 13:42:14,318 - INFO - HTTP Request: POST https://api.deepseek.com/chat/completions "HTTP/1.1 200 OK"
2026-06-20 13:42:19,001 - INFO - HTTP Request: POST https://api.deepseek.com/chat/completions "HTTP/1.1 200 OK"
2026-06-20 13:42:23,408 - INFO - Debate for ASHOKA/pe_expansion completed in 9.5s
2026-06-20 13:42:24,046 - INFO - Stored debate row id=89 for ASHOKA/pe_expansion
2026-06-20 13:42:24,810 - INFO - run_debate symbol=AVANTIFEED kind=guidance hash=2601ef9b0f4c…
2026-06-20 13:42:25,519 - INFO - HTTP Request: POST https://api.deepseek.com/chat/completions "HTTP/1.1 200 OK"
2026-06-20 13:42:29,481 - INFO - HTTP Request: POST https://api.deepseek.com/chat/completions "HTTP/1.1 200 OK"
2026-06-20 13:42:34,066 - INFO - Debate for AVANTIFEED/guidance completed in 8.8s
2026-06-20 13:42:34,581 - INFO - Stored debate row id=90 for AVANTIFEED/guidance
2026-06-20 13:42:43,795 - INFO - run_debate symbol=AVANTIFEED kind=pe_expansion hash=c5ca08ffa1a2…
2026-06-20 13:42:45,318 - INFO - HTTP Request: POST https://api.deepseek.com/chat/completions "HTTP/1.1 200 OK"
2026-06-20 13:42:49,591 - INFO - HTTP Request: POST https://api.deepseek.com/chat/completions "HTTP/1.1 200 OK"
2026-06-20 13:42:54,107 - INFO - Debate for AVANTIFEED/pe_expansion completed in 9.3s
2026-06-20 13:42:55,148 - INFO - Stored debate row id=91 for AVANTIFEED/pe_expansion
2026-06-20 13:42:55,149 - INFO - Progress: 20/149 symbols
2026-06-20 13:42:57,358 - INFO - run_debate symbol=BAJAJCON kind=guidance hash=6f3f7811b256…
2026-06-20 13:42:58,382 - INFO - HTTP Request: POST https://api.deepseek.com/chat/completions "HTTP/1.1 200 OK"
2026-06-20 13:43:02,014 - INFO - HTTP Request: POST https://api.deepseek.com/chat/completions "HTTP/1.1 200 OK"
2026-06-20 13:43:05,635 - INFO - Debate for BAJAJCON/guidance completed in 7.5s
2026-06-20 13:43:06,178 - INFO - Stored debate row id=92 for BAJAJCON/guidance
2026-06-20 13:43:18,412 - INFO - run_debate symbol=BAJAJCON kind=pe_expansion hash=205702c86221…
2026-06-20 13:43:19,665 - INFO - HTTP Request: POST https://api.deepseek.com/chat/completions "HTTP/1.1 200 OK"
2026-06-20 13:43:24,213 - INFO - HTTP Request: POST https://api.deepseek.com/chat/completions "HTTP/1.1 200 OK"
2026-06-20 13:43:28,071 - INFO - Debate for BAJAJCON/pe_expansion completed in 8.8s
2026-06-20 13:43:28,664 - INFO - Stored debate row id=93 for BAJAJCON/pe_expansion
2026-06-20 13:43:29,286 - INFO - run_debate symbol=BAJAJFINSV kind=guidance hash=8fd69913df9f…
2026-06-20 13:43:29,923 - INFO - HTTP Request: POST https://api.deepseek.com/chat/completions "HTTP/1.1 200 OK"
2026-06-20 13:43:32,664 - INFO - HTTP Request: POST https://api.deepseek.com/chat/completions "HTTP/1.1 200 OK"
2026-06-20 13:43:36,276 - INFO - Debate for BAJAJFINSV/guidance completed in 6.6s
2026-06-20 13:43:36,890 - INFO - Stored debate row id=94 for BAJAJFINSV/guidance
2026-06-20 13:43:51,464 - INFO - run_debate symbol=BAJAJFINSV kind=pe_expansion hash=2a533063602d…
2026-06-20 13:43:52,189 - INFO - HTTP Request: POST https://api.deepseek.com/chat/completions "HTTP/1.1 200 OK"
2026-06-20 13:43:57,027 - INFO - HTTP Request: POST https://api.deepseek.com/chat/completions "HTTP/1.1 200 OK"
2026-06-20 13:44:01,180 - INFO - Debate for BAJAJFINSV/pe_expansion completed in 9.3s
2026-06-20 13:44:01,963 - INFO - Stored debate row id=95 for BAJAJFINSV/pe_expansion
2026-06-20 13:44:02,825 - INFO - run_debate symbol=BALUFORGE kind=guidance hash=88b6030e974b…
2026-06-20 13:44:03,475 - INFO - HTTP Request: POST https://api.deepseek.com/chat/completions "HTTP/1.1 200 OK"
2026-06-20 13:44:08,730 - INFO - HTTP Request: POST https://api.deepseek.com/chat/completions "HTTP/1.1 200 OK"
2026-06-20 13:44:13,170 - INFO - Debate for BALUFORGE/guidance completed in 9.9s
2026-06-20 13:44:13,799 - INFO - Stored debate row id=96 for BALUFORGE/guidance
2026-06-20 13:44:22,416 - INFO - run_debate symbol=BALUFORGE kind=pe_expansion hash=06bd4807abd3…
2026-06-20 13:44:23,374 - INFO - HTTP Request: POST https://api.deepseek.com/chat/completions "HTTP/1.1 200 OK"
2026-06-20 13:44:28,312 - INFO - HTTP Request: POST https://api.deepseek.com/chat/completions "HTTP/1.1 200 OK"
2026-06-20 13:44:33,271 - INFO - Debate for BALUFORGE/pe_expansion completed in 10.4s
2026-06-20 13:44:33,795 - INFO - Stored debate row id=97 for BALUFORGE/pe_expansion
2026-06-20 13:44:34,434 - INFO - run_debate symbol=BEL kind=guidance hash=3dd19fa28b43…
2026-06-20 13:44:35,053 - INFO - HTTP Request: POST https://api.deepseek.com/chat/completions "HTTP/1.1 200 OK"
2026-06-20 13:44:38,536 - INFO - HTTP Request: POST https://api.deepseek.com/chat/completions "HTTP/1.1 200 OK"
2026-06-20 13:44:43,101 - INFO - Debate for BEL/guidance completed in 8.2s
2026-06-20 13:44:43,791 - INFO - Stored debate row id=98 for BEL/guidance
2026-06-20 13:44:54,439 - INFO - run_debate symbol=BEL kind=pe_expansion hash=9834fa307884…
2026-06-20 13:44:55,454 - INFO - HTTP Request: POST https://api.deepseek.com/chat/completions "HTTP/1.1 200 OK"
2026-06-20 13:45:00,249 - INFO - HTTP Request: POST https://api.deepseek.com/chat/completions "HTTP/1.1 200 OK"
2026-06-20 13:45:04,715 - INFO - Debate for BEL/pe_expansion completed in 9.6s
2026-06-20 13:45:05,379 - INFO - Stored debate row id=99 for BEL/pe_expansion
2026-06-20 13:45:06,309 - INFO - run_debate symbol=BSE kind=guidance hash=472a2b8a9642…
2026-06-20 13:45:07,143 - INFO - HTTP Request: POST https://api.deepseek.com/chat/completions "HTTP/1.1 200 OK"
2026-06-20 13:45:11,624 - INFO - HTTP Request: POST https://api.deepseek.com/chat/completions "HTTP/1.1 200 OK"
2026-06-20 13:45:15,560 - INFO - Debate for BSE/guidance completed in 8.7s
2026-06-20 13:45:16,080 - INFO - Stored debate row id=100 for BSE/guidance
2026-06-20 13:45:22,177 - INFO - run_debate symbol=BSE kind=pe_expansion hash=ae697f8e4ec7…
2026-06-20 13:45:23,361 - INFO - HTTP Request: POST https://api.deepseek.com/chat/completions "HTTP/1.1 200 OK"
2026-06-20 13:45:27,608 - INFO - HTTP Request: POST https://api.deepseek.com/chat/completions "HTTP/1.1 200 OK"
2026-06-20 13:45:31,218 - INFO - Debate for BSE/pe_expansion completed in 8.6s
2026-06-20 13:45:31,750 - INFO - Stored debate row id=101 for BSE/pe_expansion
2026-06-20 13:45:32,404 - INFO - run_debate symbol=CARRARO kind=guidance hash=0c6f3e2cc07f…
2026-06-20 13:45:33,259 - INFO - HTTP Request: POST https://api.deepseek.com/chat/completions "HTTP/1.1 200 OK"
2026-06-20 13:45:36,526 - INFO - HTTP Request: POST https://api.deepseek.com/chat/completions "HTTP/1.1 200 OK"
2026-06-20 13:45:40,949 - INFO - Debate for CARRARO/guidance completed in 8.1s
2026-06-20 13:45:41,433 - INFO - Stored debate row id=102 for CARRARO/guidance
2026-06-20 13:45:50,923 - INFO - run_debate symbol=CARRARO kind=pe_expansion hash=c8369aea0205…
2026-06-20 13:45:51,716 - INFO - HTTP Request: POST https://api.deepseek.com/chat/completions "HTTP/1.1 200 OK"
2026-06-20 13:45:56,969 - INFO - HTTP Request: POST https://api.deepseek.com/chat/completions "HTTP/1.1 200 OK"
2026-06-20 13:46:01,451 - INFO - Debate for CARRARO/pe_expansion completed in 10.1s
2026-06-20 13:46:01,970 - INFO - Stored debate row id=103 for CARRARO/pe_expansion
2026-06-20 13:46:02,615 - INFO - run_debate symbol=CCL kind=guidance hash=d13ec103f3a1…
2026-06-20 13:46:03,249 - INFO - HTTP Request: POST https://api.deepseek.com/chat/completions "HTTP/1.1 200 OK"
2026-06-20 13:46:07,335 - INFO - HTTP Request: POST https://api.deepseek.com/chat/completions "HTTP/1.1 200 OK"
2026-06-20 13:46:12,501 - INFO - Debate for CCL/guidance completed in 9.4s
2026-06-20 13:46:13,031 - INFO - Stored debate row id=104 for CCL/guidance
2026-06-20 13:46:23,255 - INFO - run_debate symbol=CCL kind=pe_expansion hash=d4d504b7659a…
2026-06-20 13:46:24,118 - INFO - HTTP Request: POST https://api.deepseek.com/chat/completions "HTTP/1.1 200 OK"
2026-06-20 13:46:29,595 - INFO - HTTP Request: POST https://api.deepseek.com/chat/completions "HTTP/1.1 200 OK"
2026-06-20 13:46:34,082 - INFO - Debate for CCL/pe_expansion completed in 10.4s
2026-06-20 13:46:34,568 - INFO - Stored debate row id=105 for CCL/pe_expansion
2026-06-20 13:46:35,212 - INFO - run_debate symbol=CGCL kind=guidance hash=ce79ed0ca082…
2026-06-20 13:46:35,856 - INFO - HTTP Request: POST https://api.deepseek.com/chat/completions "HTTP/1.1 200 OK"
2026-06-20 13:46:39,375 - INFO - HTTP Request: POST https://api.deepseek.com/chat/completions "HTTP/1.1 200 OK"
2026-06-20 13:46:42,779 - INFO - Debate for CGCL/guidance completed in 7.1s
2026-06-20 13:46:43,274 - INFO - Stored debate row id=106 for CGCL/guidance
2026-06-20 13:46:53,481 - INFO - run_debate symbol=CGCL kind=pe_expansion hash=7f39f02d8b0d…
2026-06-20 13:46:54,273 - INFO - HTTP Request: POST https://api.deepseek.com/chat/completions "HTTP/1.1 200 OK"
2026-06-20 13:46:59,459 - INFO - HTTP Request: POST https://api.deepseek.com/chat/completions "HTTP/1.1 200 OK"
2026-06-20 13:47:03,823 - INFO - Debate for CGCL/pe_expansion completed in 9.9s
2026-06-20 13:47:04,296 - INFO - Stored debate row id=107 for CGCL/pe_expansion
2026-06-20 13:47:04,911 - INFO - run_debate symbol=CGPOWER kind=guidance hash=e80184f14f06…
2026-06-20 13:47:05,534 - INFO - HTTP Request: POST https://api.deepseek.com/chat/completions "HTTP/1.1 200 OK"
2026-06-20 13:47:10,370 - INFO - HTTP Request: POST https://api.deepseek.com/chat/completions "HTTP/1.1 200 OK"
2026-06-20 13:47:15,684 - INFO - Debate for CGPOWER/guidance completed in 10.4s
2026-06-20 13:47:16,182 - INFO - Stored debate row id=108 for CGPOWER/guidance
2026-06-20 13:47:24,738 - INFO - run_debate symbol=CGPOWER kind=pe_expansion hash=1b88ea84d680…
2026-06-20 13:47:25,703 - INFO - HTTP Request: POST https://api.deepseek.com/chat/completions "HTTP/1.1 200 OK"
2026-06-20 13:47:30,881 - INFO - HTTP Request: POST https://api.deepseek.com/chat/completions "HTTP/1.1 200 OK"
2026-06-20 13:47:35,125 - INFO - Debate for CGPOWER/pe_expansion completed in 9.9s
2026-06-20 13:47:35,614 - INFO - Stored debate row id=109 for CGPOWER/pe_expansion
2026-06-20 13:47:36,275 - INFO - run_debate symbol=CIPLA kind=guidance hash=a1deef5745d9…
2026-06-20 13:47:36,914 - INFO - HTTP Request: POST https://api.deepseek.com/chat/completions "HTTP/1.1 200 OK"
2026-06-20 13:47:41,176 - INFO - HTTP Request: POST https://api.deepseek.com/chat/completions "HTTP/1.1 200 OK"
2026-06-20 13:47:44,618 - INFO - Debate for CIPLA/guidance completed in 7.9s
2026-06-20 13:47:45,109 - INFO - Stored debate row id=110 for CIPLA/guidance
2026-06-20 13:47:54,417 - INFO - run_debate symbol=CIPLA kind=pe_expansion hash=4438464f92a7…
2026-06-20 13:47:55,205 - INFO - HTTP Request: POST https://api.deepseek.com/chat/completions "HTTP/1.1 200 OK"
2026-06-20 13:48:00,482 - INFO - HTTP Request: POST https://api.deepseek.com/chat/completions "HTTP/1.1 200 OK"
2026-06-20 13:48:04,476 - INFO - Debate for CIPLA/pe_expansion completed in 9.6s
2026-06-20 13:48:05,014 - INFO - Stored debate row id=111 for CIPLA/pe_expansion
2026-06-20 13:48:05,015 - INFO - Progress: 30/149 symbols
2026-06-20 13:48:05,640 - INFO - run_debate symbol=CPPLUS kind=guidance hash=63616c8579a6…
2026-06-20 13:48:06,285 - INFO - HTTP Request: POST https://api.deepseek.com/chat/completions "HTTP/1.1 200 OK"
2026-06-20 13:48:12,058 - INFO - HTTP Request: POST https://api.deepseek.com/chat/completions "HTTP/1.1 200 OK"
2026-06-20 13:48:15,213 - INFO - Debate for CPPLUS/guidance completed in 9.1s
2026-06-20 13:48:15,714 - INFO - Stored debate row id=112 for CPPLUS/guidance
2026-06-20 13:48:23,826 - INFO - run_debate symbol=CPPLUS kind=pe_expansion hash=abe9b0a2b87c…
2026-06-20 13:48:24,782 - INFO - HTTP Request: POST https://api.deepseek.com/chat/completions "HTTP/1.1 200 OK"
2026-06-20 13:48:29,173 - INFO - HTTP Request: POST https://api.deepseek.com/chat/completions "HTTP/1.1 200 OK"
2026-06-20 13:48:33,260 - INFO - Debate for CPPLUS/pe_expansion completed in 9.0s
2026-06-20 13:48:33,785 - INFO - Stored debate row id=113 for CPPLUS/pe_expansion
2026-06-20 13:48:34,464 - INFO - run_debate symbol=CUMMINSIND kind=guidance hash=6c97cb16cc9d…
2026-06-20 13:48:35,155 - INFO - HTTP Request: POST https://api.deepseek.com/chat/completions "HTTP/1.1 200 OK"
2026-06-20 13:48:39,720 - INFO - HTTP Request: POST https://api.deepseek.com/chat/completions "HTTP/1.1 200 OK"
2026-06-20 13:48:43,820 - INFO - Debate for CUMMINSIND/guidance completed in 8.9s
2026-06-20 13:48:44,949 - INFO - Stored debate row id=114 for CUMMINSIND/guidance
2026-06-20 13:48:55,289 - INFO - run_debate symbol=CUMMINSIND kind=pe_expansion hash=51639e0a8a3b…
2026-06-20 13:48:56,393 - INFO - HTTP Request: POST https://api.deepseek.com/chat/completions "HTTP/1.1 200 OK"
2026-06-20 13:49:00,982 - INFO - HTTP Request: POST https://api.deepseek.com/chat/completions "HTTP/1.1 200 OK"
2026-06-20 13:49:03,982 - INFO - Debate for CUMMINSIND/pe_expansion completed in 8.0s
2026-06-20 13:49:04,590 - INFO - Stored debate row id=115 for CUMMINSIND/pe_expansion
2026-06-20 13:49:05,233 - INFO - run_debate symbol=CUPID kind=guidance hash=67b0357222c3…
2026-06-20 13:49:05,848 - INFO - HTTP Request: POST https://api.deepseek.com/chat/completions "HTTP/1.1 200 OK"
2026-06-20 13:49:09,527 - INFO - HTTP Request: POST https://api.deepseek.com/chat/completions "HTTP/1.1 200 OK"
2026-06-20 13:49:13,196 - INFO - Debate for CUPID/guidance completed in 7.5s
2026-06-20 13:49:13,722 - INFO - Stored debate row id=116 for CUPID/guidance
2026-06-20 13:49:23,018 - INFO - run_debate symbol=CUPID kind=pe_expansion hash=651f62646d37…
2026-06-20 13:49:23,821 - INFO - HTTP Request: POST https://api.deepseek.com/chat/completions "HTTP/1.1 200 OK"
2026-06-20 13:49:28,790 - INFO - HTTP Request: POST https://api.deepseek.com/chat/completions "HTTP/1.1 200 OK"
2026-06-20 13:49:32,876 - INFO - Debate for CUPID/pe_expansion completed in 9.4s
2026-06-20 13:49:33,369 - INFO - Stored debate row id=117 for CUPID/pe_expansion
2026-06-20 13:49:34,046 - INFO - run_debate symbol=DATAPATTNS kind=guidance hash=21d5c9b53638…
2026-06-20 13:49:34,754 - INFO - HTTP Request: POST https://api.deepseek.com/chat/completions "HTTP/1.1 200 OK"
2026-06-20 13:49:38,910 - INFO - HTTP Request: POST https://api.deepseek.com/chat/completions "HTTP/1.1 200 OK"
2026-06-20 13:49:43,359 - INFO - Debate for DATAPATTNS/guidance completed in 8.8s
2026-06-20 13:49:45,016 - INFO - Stored debate row id=118 for DATAPATTNS/guidance
2026-06-20 13:49:57,512 - INFO - run_debate symbol=DATAPATTNS kind=pe_expansion hash=adbdb9fa5094…
2026-06-20 13:49:58,428 - INFO - HTTP Request: POST https://api.deepseek.com/chat/completions "HTTP/1.1 200 OK"
2026-06-20 13:50:02,314 - INFO - HTTP Request: POST https://api.deepseek.com/chat/completions "HTTP/1.1 200 OK"
2026-06-20 13:50:05,991 - INFO - Debate for DATAPATTNS/pe_expansion completed in 8.0s
2026-06-20 13:50:06,525 - INFO - Stored debate row id=119 for DATAPATTNS/pe_expansion
2026-06-20 13:50:07,302 - INFO - run_debate symbol=DEEPAKFERT kind=guidance hash=7d03132a24c5…
2026-06-20 13:50:07,960 - INFO - HTTP Request: POST https://api.deepseek.com/chat/completions "HTTP/1.1 200 OK"
2026-06-20 13:50:12,201 - INFO - HTTP Request: POST https://api.deepseek.com/chat/completions "HTTP/1.1 200 OK"
2026-06-20 13:50:16,296 - INFO - Debate for DEEPAKFERT/guidance completed in 8.5s
2026-06-20 13:50:16,871 - INFO - Stored debate row id=120 for DEEPAKFERT/guidance
2026-06-20 13:50:27,544 - INFO - run_debate symbol=DEEPAKFERT kind=pe_expansion hash=ff8fe976d949…
2026-06-20 13:50:28,392 - INFO - HTTP Request: POST https://api.deepseek.com/chat/completions "HTTP/1.1 200 OK"
2026-06-20 13:51:03,070 - INFO - Retrying request to /chat/completions in 0.760268 seconds
2026-06-20 13:51:04,857 - INFO - HTTP Request: POST https://api.deepseek.com/chat/completions "HTTP/1.1 200 OK"
2026-06-20 13:51:07,537 - INFO - Debate for DEEPAKFERT/pe_expansion completed in 39.6s
2026-06-20 13:51:08,297 - INFO - Stored debate row id=121 for DEEPAKFERT/pe_expansion
2026-06-20 13:51:08,942 - INFO - run_debate symbol=DIVISLAB kind=guidance hash=b90521f6ca55…
2026-06-20 13:51:09,598 - INFO - HTTP Request: POST https://api.deepseek.com/chat/completions "HTTP/1.1 200 OK"
2026-06-20 13:51:13,412 - INFO - HTTP Request: POST https://api.deepseek.com/chat/completions "HTTP/1.1 200 OK"
2026-06-20 13:51:16,403 - INFO - Debate for DIVISLAB/guidance completed in 7.0s
2026-06-20 13:51:16,896 - INFO - Stored debate row id=122 for DIVISLAB/guidance
2026-06-20 13:51:35,947 - INFO - run_debate symbol=DIVISLAB kind=pe_expansion hash=16abde2fcfb5…
2026-06-20 13:51:36,785 - INFO - HTTP Request: POST https://api.deepseek.com/chat/completions "HTTP/1.1 200 OK"
2026-06-20 13:51:41,003 - INFO - HTTP Request: POST https://api.deepseek.com/chat/completions "HTTP/1.1 200 OK"
2026-06-20 13:51:43,727 - INFO - Debate for DIVISLAB/pe_expansion completed in 7.2s
2026-06-20 13:51:44,244 - INFO - Stored debate row id=123 for DIVISLAB/pe_expansion
2026-06-20 13:51:45,215 - INFO - run_debate symbol=DMART kind=guidance hash=bb9e730d3438…
2026-06-20 13:51:46,064 - INFO - HTTP Request: POST https://api.deepseek.com/chat/completions "HTTP/1.1 200 OK"
2026-06-20 13:51:50,159 - INFO - HTTP Request: POST https://api.deepseek.com/chat/completions "HTTP/1.1 200 OK"
2026-06-20 13:51:53,454 - INFO - Debate for DMART/guidance completed in 7.6s
2026-06-20 13:51:53,940 - INFO - Stored debate row id=124 for DMART/guidance
2026-06-20 13:52:02,686 - INFO - run_debate symbol=DMART kind=pe_expansion hash=86c313a56dd7…
2026-06-20 13:52:03,767 - INFO - HTTP Request: POST https://api.deepseek.com/chat/completions "HTTP/1.1 200 OK"
2026-06-20 13:52:08,029 - INFO - HTTP Request: POST https://api.deepseek.com/chat/completions "HTTP/1.1 200 OK"
2026-06-20 13:52:11,562 - INFO - Debate for DMART/pe_expansion completed in 8.1s
2026-06-20 13:52:12,075 - INFO - Stored debate row id=125 for DMART/pe_expansion
2026-06-20 13:52:13,267 - INFO - run_debate symbol=DRREDDY kind=guidance hash=3b7581722472…
2026-06-20 13:52:13,925 - INFO - HTTP Request: POST https://api.deepseek.com/chat/completions "HTTP/1.1 200 OK"
2026-06-20 13:52:18,067 - INFO - HTTP Request: POST https://api.deepseek.com/chat/completions "HTTP/1.1 200 OK"
2026-06-20 13:52:20,836 - INFO - Debate for DRREDDY/guidance completed in 7.1s
2026-06-20 13:52:21,332 - INFO - Stored debate row id=126 for DRREDDY/guidance
2026-06-20 13:52:30,441 - INFO - run_debate symbol=DRREDDY kind=pe_expansion hash=cf90ef3b3475…
2026-06-20 13:52:31,161 - INFO - HTTP Request: POST https://api.deepseek.com/chat/completions "HTTP/1.1 200 OK"
2026-06-20 13:52:35,414 - INFO - HTTP Request: POST https://api.deepseek.com/chat/completions "HTTP/1.1 200 OK"
2026-06-20 13:52:39,012 - INFO - Debate for DRREDDY/pe_expansion completed in 8.1s
2026-06-20 13:52:39,686 - INFO - Stored debate row id=127 for DRREDDY/pe_expansion
2026-06-20 13:52:40,439 - INFO - run_debate symbol=EIHAHOTELS kind=guidance hash=799f0822bdcd…
2026-06-20 13:52:41,061 - INFO - HTTP Request: POST https://api.deepseek.com/chat/completions "HTTP/1.1 200 OK"
2026-06-20 13:52:45,095 - INFO - HTTP Request: POST https://api.deepseek.com/chat/completions "HTTP/1.1 200 OK"
2026-06-20 13:52:48,618 - INFO - Debate for EIHAHOTELS/guidance completed in 7.7s
2026-06-20 13:52:49,114 - INFO - Stored debate row id=128 for EIHAHOTELS/guidance
2026-06-20 13:52:56,479 - INFO - run_debate symbol=EIHAHOTELS kind=pe_expansion hash=80d65ad36b80…
2026-06-20 13:52:57,239 - INFO - HTTP Request: POST https://api.deepseek.com/chat/completions "HTTP/1.1 200 OK"
2026-06-20 13:53:01,193 - INFO - HTTP Request: POST https://api.deepseek.com/chat/completions "HTTP/1.1 200 OK"
2026-06-20 13:53:05,352 - INFO - Debate for EIHAHOTELS/pe_expansion completed in 8.4s
2026-06-20 13:53:05,847 - INFO - Stored debate row id=129 for EIHAHOTELS/pe_expansion
2026-06-20 13:53:06,502 - INFO - run_debate symbol=ENGINERSIN kind=guidance hash=ce101c372dfd…
2026-06-20 13:53:07,162 - INFO - HTTP Request: POST https://api.deepseek.com/chat/completions "HTTP/1.1 200 OK"
2026-06-20 13:53:10,985 - INFO - HTTP Request: POST https://api.deepseek.com/chat/completions "HTTP/1.1 200 OK"
2026-06-20 13:53:14,296 - INFO - Debate for ENGINERSIN/guidance completed in 7.3s
2026-06-20 13:53:14,794 - INFO - Stored debate row id=130 for ENGINERSIN/guidance
2026-06-20 13:53:24,104 - INFO - run_debate symbol=ENGINERSIN kind=pe_expansion hash=3646685ec57c…
2026-06-20 13:53:24,868 - INFO - HTTP Request: POST https://api.deepseek.com/chat/completions "HTTP/1.1 200 OK"
2026-06-20 13:53:28,784 - INFO - HTTP Request: POST https://api.deepseek.com/chat/completions "HTTP/1.1 200 OK"
2026-06-20 13:53:32,818 - INFO - Debate for ENGINERSIN/pe_expansion completed in 8.3s
2026-06-20 13:53:33,379 - INFO - Stored debate row id=131 for ENGINERSIN/pe_expansion
2026-06-20 13:53:33,380 - INFO - Progress: 40/149 symbols
2026-06-20 13:53:34,152 - INFO - run_debate symbol=EPL kind=guidance hash=4ccdd38200b6…
2026-06-20 13:53:34,898 - INFO - HTTP Request: POST https://api.deepseek.com/chat/completions "HTTP/1.1 200 OK"
2026-06-20 13:53:37,991 - INFO - HTTP Request: POST https://api.deepseek.com/chat/completions "HTTP/1.1 200 OK"
2026-06-20 13:53:41,328 - INFO - Debate for EPL/guidance completed in 6.6s
2026-06-20 13:53:41,974 - INFO - Stored debate row id=132 for EPL/guidance
2026-06-20 13:53:51,357 - INFO - run_debate symbol=EPL kind=pe_expansion hash=5a0948130658…
2026-06-20 13:53:53,083 - INFO - HTTP Request: POST https://api.deepseek.com/chat/completions "HTTP/1.1 200 OK"
2026-06-20 13:53:58,252 - INFO - HTTP Request: POST https://api.deepseek.com/chat/completions "HTTP/1.1 200 OK"
2026-06-20 13:54:02,812 - INFO - Debate for EPL/pe_expansion completed in 11.0s
2026-06-20 13:54:03,482 - INFO - Stored debate row id=133 for EPL/pe_expansion
2026-06-20 13:54:04,172 - INFO - run_debate symbol=EXPLEOSOL kind=guidance hash=284732ab8ffb…
2026-06-20 13:54:05,228 - INFO - HTTP Request: POST https://api.deepseek.com/chat/completions "HTTP/1.1 200 OK"
2026-06-20 13:54:09,450 - INFO - HTTP Request: POST https://api.deepseek.com/chat/completions "HTTP/1.1 200 OK"
2026-06-20 13:54:12,770 - INFO - Debate for EXPLEOSOL/guidance completed in 8.1s
2026-06-20 13:54:13,387 - INFO - Stored debate row id=134 for EXPLEOSOL/guidance
2026-06-20 13:54:20,669 - INFO - run_debate symbol=EXPLEOSOL kind=pe_expansion hash=58953488aae8…
2026-06-20 13:54:21,527 - INFO - HTTP Request: POST https://api.deepseek.com/chat/completions "HTTP/1.1 200 OK"
2026-06-20 13:54:25,633 - INFO - HTTP Request: POST https://api.deepseek.com/chat/completions "HTTP/1.1 200 OK"
2026-06-20 13:54:29,366 - INFO - Debate for EXPLEOSOL/pe_expansion completed in 8.3s
2026-06-20 13:54:30,031 - INFO - Stored debate row id=135 for EXPLEOSOL/pe_expansion
2026-06-20 13:54:30,697 - INFO - run_debate symbol=FIEMIND kind=guidance hash=c3ffc8e8d4bc…
2026-06-20 13:54:31,341 - INFO - HTTP Request: POST https://api.deepseek.com/chat/completions "HTTP/1.1 200 OK"
2026-06-20 13:54:35,139 - INFO - HTTP Request: POST https://api.deepseek.com/chat/completions "HTTP/1.1 200 OK"
2026-06-20 13:54:37,752 - INFO - Debate for FIEMIND/guidance completed in 6.6s
2026-06-20 13:54:38,328 - INFO - Stored debate row id=136 for FIEMIND/guidance
2026-06-20 13:54:48,176 - INFO - run_debate symbol=FIEMIND kind=pe_expansion hash=c15423634c5c…
2026-06-20 13:54:49,055 - INFO - HTTP Request: POST https://api.deepseek.com/chat/completions "HTTP/1.1 200 OK"
2026-06-20 13:54:53,446 - INFO - HTTP Request: POST https://api.deepseek.com/chat/completions "HTTP/1.1 200 OK"
2026-06-20 13:54:57,255 - INFO - Debate for FIEMIND/pe_expansion completed in 8.5s
2026-06-20 13:54:57,983 - INFO - Stored debate row id=137 for FIEMIND/pe_expansion
2026-06-20 13:54:58,707 - INFO - run_debate symbol=FRONTSP kind=guidance hash=aaadcd80b6d9…
2026-06-20 13:54:59,363 - INFO - HTTP Request: POST https://api.deepseek.com/chat/completions "HTTP/1.1 200 OK"
2026-06-20 13:55:02,594 - INFO - HTTP Request: POST https://api.deepseek.com/chat/completions "HTTP/1.1 200 OK"
2026-06-20 13:55:05,405 - INFO - Debate for FRONTSP/guidance completed in 6.2s
2026-06-20 13:55:06,151 - INFO - Stored debate row id=138 for FRONTSP/guidance
2026-06-20 13:55:20,078 - INFO - run_debate symbol=FRONTSP kind=pe_expansion hash=cc063fabae0f…
2026-06-20 13:55:21,271 - INFO - HTTP Request: POST https://api.deepseek.com/chat/completions "HTTP/1.1 200 OK"
2026-06-20 13:55:24,408 - INFO - HTTP Request: POST https://api.deepseek.com/chat/completions "HTTP/1.1 200 OK"
2026-06-20 13:55:28,257 - INFO - Debate for FRONTSP/pe_expansion completed in 7.5s
2026-06-20 13:55:28,888 - INFO - Stored debate row id=139 for FRONTSP/pe_expansion
2026-06-20 13:55:29,574 - INFO - run_debate symbol=GENUSPOWER kind=guidance hash=0755b5fe6953…
2026-06-20 13:55:30,221 - INFO - HTTP Request: POST https://api.deepseek.com/chat/completions "HTTP/1.1 200 OK"
2026-06-20 13:55:33,439 - INFO - HTTP Request: POST https://api.deepseek.com/chat/completions "HTTP/1.1 200 OK"
2026-06-20 13:55:36,767 - INFO - Debate for GENUSPOWER/guidance completed in 6.8s
2026-06-20 13:55:37,254 - INFO - Stored debate row id=140 for GENUSPOWER/guidance
2026-06-20 13:55:47,742 - INFO - run_debate symbol=GENUSPOWER kind=pe_expansion hash=bbff1f5e3605…
2026-06-20 13:55:48,750 - INFO - HTTP Request: POST https://api.deepseek.com/chat/completions "HTTP/1.1 200 OK"
2026-06-20 13:55:52,214 - INFO - HTTP Request: POST https://api.deepseek.com/chat/completions "HTTP/1.1 200 OK"
2026-06-20 13:55:55,900 - INFO - Debate for GENUSPOWER/pe_expansion completed in 7.6s
2026-06-20 13:55:56,474 - INFO - Stored debate row id=141 for GENUSPOWER/pe_expansion
2026-06-20 13:55:57,506 - INFO - run_debate symbol=GILLETTE kind=guidance hash=56c8b5ef3bbc…
2026-06-20 13:55:58,105 - INFO - HTTP Request: POST https://api.deepseek.com/chat/completions "HTTP/1.1 200 OK"
2026-06-20 13:56:01,363 - INFO - HTTP Request: POST https://api.deepseek.com/chat/completions "HTTP/1.1 200 OK"
2026-06-20 13:56:04,505 - INFO - Debate for GILLETTE/guidance completed in 6.6s
2026-06-20 13:56:05,412 - INFO - Stored debate row id=142 for GILLETTE/guidance
2026-06-20 13:56:13,321 - INFO - run_debate symbol=GILLETTE kind=pe_expansion hash=2e85a0127ddf…
2026-06-20 13:56:14,222 - INFO - HTTP Request: POST https://api.deepseek.com/chat/completions "HTTP/1.1 200 OK"
2026-06-20 13:56:17,822 - INFO - HTTP Request: POST https://api.deepseek.com/chat/completions "HTTP/1.1 200 OK"
2026-06-20 13:56:21,192 - INFO - Debate for GILLETTE/pe_expansion completed in 7.3s
2026-06-20 13:56:21,845 - INFO - Stored debate row id=143 for GILLETTE/pe_expansion
2026-06-20 13:56:22,682 - INFO - run_debate symbol=GRANULES kind=guidance hash=a664c647b90e…
2026-06-20 13:56:23,278 - INFO - HTTP Request: POST https://api.deepseek.com/chat/completions "HTTP/1.1 200 OK"
2026-06-20 13:56:27,719 - INFO - HTTP Request: POST https://api.deepseek.com/chat/completions "HTTP/1.1 200 OK"
2026-06-20 13:56:31,908 - INFO - Debate for GRANULES/guidance completed in 8.8s
2026-06-20 13:56:32,494 - INFO - Stored debate row id=144 for GRANULES/guidance
2026-06-20 13:56:41,432 - INFO - run_debate symbol=GRANULES kind=pe_expansion hash=e87d51f808f4…
2026-06-20 13:56:42,574 - INFO - HTTP Request: POST https://api.deepseek.com/chat/completions "HTTP/1.1 200 OK"
2026-06-20 13:56:46,664 - INFO - HTTP Request: POST https://api.deepseek.com/chat/completions "HTTP/1.1 200 OK"
2026-06-20 13:56:50,147 - INFO - Debate for GRANULES/pe_expansion completed in 8.0s
2026-06-20 13:56:50,634 - INFO - Stored debate row id=145 for GRANULES/pe_expansion
2026-06-20 13:56:51,589 - INFO - run_debate symbol=GRAPHITE kind=guidance hash=24bf6dfc7416…
2026-06-20 13:56:52,187 - INFO - HTTP Request: POST https://api.deepseek.com/chat/completions "HTTP/1.1 200 OK"
2026-06-20 13:56:55,681 - INFO - HTTP Request: POST https://api.deepseek.com/chat/completions "HTTP/1.1 200 OK"
2026-06-20 13:56:58,614 - INFO - Debate for GRAPHITE/guidance completed in 6.6s
2026-06-20 13:56:59,252 - INFO - Stored debate row id=146 for GRAPHITE/guidance
2026-06-20 13:57:08,601 - INFO - run_debate symbol=GRAPHITE kind=pe_expansion hash=2be8f7600073…
2026-06-20 13:57:09,354 - INFO - HTTP Request: POST https://api.deepseek.com/chat/completions "HTTP/1.1 200 OK"
2026-06-20 13:57:13,908 - INFO - HTTP Request: POST https://api.deepseek.com/chat/completions "HTTP/1.1 200 OK"
2026-06-20 13:57:17,316 - INFO - Debate for GRAPHITE/pe_expansion completed in 8.3s
2026-06-20 13:57:17,950 - INFO - Stored debate row id=147 for GRAPHITE/pe_expansion
2026-06-20 13:57:18,713 - INFO - run_debate symbol=GRMOVER kind=guidance hash=360c4b0a4c7b…
2026-06-20 13:57:19,456 - INFO - HTTP Request: POST https://api.deepseek.com/chat/completions "HTTP/1.1 200 OK"
2026-06-20 13:57:22,686 - INFO - HTTP Request: POST https://api.deepseek.com/chat/completions "HTTP/1.1 200 OK"
2026-06-20 13:57:25,445 - INFO - Debate for GRMOVER/guidance completed in 6.2s
2026-06-20 13:57:25,913 - INFO - Stored debate row id=148 for GRMOVER/guidance
2026-06-20 13:57:35,780 - INFO - run_debate symbol=GRMOVER kind=pe_expansion hash=43479675d3c5…
2026-06-20 13:57:36,783 - INFO - HTTP Request: POST https://api.deepseek.com/chat/completions "HTTP/1.1 200 OK"
2026-06-20 13:57:40,799 - INFO - HTTP Request: POST https://api.deepseek.com/chat/completions "HTTP/1.1 200 OK"
2026-06-20 13:57:44,019 - INFO - Debate for GRMOVER/pe_expansion completed in 7.7s
2026-06-20 13:57:44,532 - INFO - Stored debate row id=149 for GRMOVER/pe_expansion
2026-06-20 13:57:45,311 - INFO - run_debate symbol=GROWW kind=guidance hash=eb6fb0746898…
2026-06-20 13:57:45,927 - INFO - HTTP Request: POST https://api.deepseek.com/chat/completions "HTTP/1.1 200 OK"
2026-06-20 13:57:48,714 - INFO - HTTP Request: POST https://api.deepseek.com/chat/completions "HTTP/1.1 200 OK"
2026-06-20 13:57:52,155 - INFO - Debate for GROWW/guidance completed in 6.4s
2026-06-20 13:57:52,647 - INFO - Stored debate row id=150 for GROWW/guidance
2026-06-20 13:58:00,673 - INFO - run_debate symbol=GROWW kind=pe_expansion hash=a8d29f223249…
2026-06-20 13:58:01,527 - INFO - HTTP Request: POST https://api.deepseek.com/chat/completions "HTTP/1.1 200 OK"
2026-06-20 13:58:05,765 - INFO - HTTP Request: POST https://api.deepseek.com/chat/completions "HTTP/1.1 200 OK"
2026-06-20 13:58:08,625 - INFO - Debate for GROWW/pe_expansion completed in 7.5s
2026-06-20 13:58:09,186 - INFO - Stored debate row id=151 for GROWW/pe_expansion
2026-06-20 13:58:09,187 - INFO - Progress: 50/149 symbols
2026-06-20 13:58:09,985 - INFO - run_debate symbol=GVTD kind=guidance hash=8b3a606a1a00…
2026-06-20 13:58:10,780 - INFO - HTTP Request: POST https://api.deepseek.com/chat/completions "HTTP/1.1 200 OK"
2026-06-20 13:58:14,750 - INFO - HTTP Request: POST https://api.deepseek.com/chat/completions "HTTP/1.1 200 OK"
2026-06-20 13:58:17,852 - INFO - Debate for GVTD/guidance completed in 7.2s
2026-06-20 13:58:18,464 - INFO - Stored debate row id=152 for GVTD/guidance
2026-06-20 13:58:29,895 - INFO - run_debate symbol=GVTD kind=pe_expansion hash=973f3f6fbe8c…
2026-06-20 13:58:30,850 - INFO - HTTP Request: POST https://api.deepseek.com/chat/completions "HTTP/1.1 200 OK"
2026-06-20 13:58:34,581 - INFO - HTTP Request: POST https://api.deepseek.com/chat/completions "HTTP/1.1 200 OK"
2026-06-20 13:58:37,854 - INFO - Debate for GVTD/pe_expansion completed in 7.4s
2026-06-20 13:58:38,406 - INFO - Stored debate row id=153 for GVTD/pe_expansion
2026-06-20 13:58:39,158 - INFO - run_debate symbol=HBLENGINE kind=guidance hash=803c76fe67ef…
2026-06-20 13:58:39,858 - INFO - HTTP Request: POST https://api.deepseek.com/chat/completions "HTTP/1.1 200 OK"
2026-06-20 13:58:43,018 - INFO - HTTP Request: POST https://api.deepseek.com/chat/completions "HTTP/1.1 200 OK"
2026-06-20 13:58:45,749 - INFO - Debate for HBLENGINE/guidance completed in 6.1s
2026-06-20 13:58:46,228 - INFO - Stored debate row id=154 for HBLENGINE/guidance
2026-06-20 13:58:53,379 - INFO - run_debate symbol=HBLENGINE kind=pe_expansion hash=a3132636148a…
2026-06-20 13:58:54,305 - INFO - HTTP Request: POST https://api.deepseek.com/chat/completions "HTTP/1.1 200 OK"
2026-06-20 13:58:58,257 - INFO - HTTP Request: POST https://api.deepseek.com/chat/completions "HTTP/1.1 200 OK"
2026-06-20 13:59:01,818 - INFO - Debate for HBLENGINE/pe_expansion completed in 7.9s
2026-06-20 13:59:02,371 - INFO - Stored debate row id=155 for HBLENGINE/pe_expansion
2026-06-20 13:59:03,352 - INFO - run_debate symbol=HERITGFOOD kind=guidance hash=19869f05d419…
2026-06-20 13:59:03,991 - INFO - HTTP Request: POST https://api.deepseek.com/chat/completions "HTTP/1.1 200 OK"
2026-06-20 13:59:07,029 - INFO - HTTP Request: POST https://api.deepseek.com/chat/completions "HTTP/1.1 200 OK"
2026-06-20 13:59:10,662 - INFO - Debate for HERITGFOOD/guidance completed in 6.9s
2026-06-20 13:59:11,485 - INFO - Stored debate row id=156 for HERITGFOOD/guidance
2026-06-20 13:59:21,537 - INFO - run_debate symbol=HERITGFOOD kind=pe_expansion hash=efb183c28c5c…
2026-06-20 13:59:22,565 - INFO - HTTP Request: POST https://api.deepseek.com/chat/completions "HTTP/1.1 200 OK"
2026-06-20 13:59:26,343 - INFO - HTTP Request: POST https://api.deepseek.com/chat/completions "HTTP/1.1 200 OK"
2026-06-20 13:59:30,260 - INFO - Debate for HERITGFOOD/pe_expansion completed in 8.1s
2026-06-20 13:59:30,758 - INFO - Stored debate row id=157 for HERITGFOOD/pe_expansion
2026-06-20 13:59:31,374 - INFO - run_debate symbol=HINDALCO kind=guidance hash=885f929f86fa…
2026-06-20 13:59:32,114 - INFO - HTTP Request: POST https://api.deepseek.com/chat/completions "HTTP/1.1 200 OK"
2026-06-20 13:59:35,728 - INFO - HTTP Request: POST https://api.deepseek.com/chat/completions "HTTP/1.1 200 OK"
2026-06-20 13:59:39,133 - INFO - Debate for HINDALCO/guidance completed in 7.2s
2026-06-20 13:59:39,625 - INFO - Stored debate row id=158 for HINDALCO/guidance
2026-06-20 13:59:51,806 - INFO - run_debate symbol=HINDALCO kind=pe_expansion hash=02e25f166e35…
2026-06-20 13:59:52,602 - INFO - HTTP Request: POST https://api.deepseek.com/chat/completions "HTTP/1.1 200 OK"
2026-06-20 13:59:56,535 - INFO - HTTP Request: POST https://api.deepseek.com/chat/completions "HTTP/1.1 200 OK"
2026-06-20 14:00:00,062 - INFO - Debate for HINDALCO/pe_expansion completed in 7.8s
2026-06-20 14:00:00,528 - INFO - Stored debate row id=159 for HINDALCO/pe_expansion
2026-06-20 14:00:01,188 - INFO - run_debate symbol=HINDUNILVR kind=guidance hash=ad0c7d44eb8a…
2026-06-20 14:00:01,805 - INFO - HTTP Request: POST https://api.deepseek.com/chat/completions "HTTP/1.1 200 OK"
2026-06-20 14:00:05,026 - INFO - HTTP Request: POST https://api.deepseek.com/chat/completions "HTTP/1.1 200 OK"
2026-06-20 14:00:08,554 - INFO - Debate for HINDUNILVR/guidance completed in 6.9s
2026-06-20 14:00:09,074 - INFO - Stored debate row id=160 for HINDUNILVR/guidance
2026-06-20 14:00:21,682 - INFO - run_debate symbol=HINDUNILVR kind=pe_expansion hash=9e901bc95b13…
2026-06-20 14:00:22,805 - INFO - HTTP Request: POST https://api.deepseek.com/chat/completions "HTTP/1.1 200 OK"
2026-06-20 14:00:27,235 - INFO - HTTP Request: POST https://api.deepseek.com/chat/completions "HTTP/1.1 200 OK"
2026-06-20 14:00:30,032 - INFO - Debate for HINDUNILVR/pe_expansion completed in 7.8s
2026-06-20 14:00:30,554 - INFO - Stored debate row id=161 for HINDUNILVR/pe_expansion
2026-06-20 14:00:31,225 - INFO - run_debate symbol=HINDZINC kind=guidance hash=c66ccfdde999…
2026-06-20 14:00:31,824 - INFO - HTTP Request: POST https://api.deepseek.com/chat/completions "HTTP/1.1 200 OK"
2026-06-20 14:00:35,456 - INFO - HTTP Request: POST https://api.deepseek.com/chat/completions "HTTP/1.1 200 OK"
2026-06-20 14:00:39,728 - INFO - Debate for HINDZINC/guidance completed in 8.1s
2026-06-20 14:00:40,207 - INFO - Stored debate row id=162 for HINDZINC/guidance
2026-06-20 14:00:50,709 - INFO - run_debate symbol=HINDZINC kind=pe_expansion hash=ce7987c18540…
2026-06-20 14:00:51,677 - INFO - HTTP Request: POST https://api.deepseek.com/chat/completions "HTTP/1.1 200 OK"
2026-06-20 14:00:55,997 - INFO - HTTP Request: POST https://api.deepseek.com/chat/completions "HTTP/1.1 200 OK"
2026-06-20 14:01:01,267 - INFO - Debate for HINDZINC/pe_expansion completed in 10.1s
2026-06-20 14:01:01,772 - INFO - Stored debate row id=163 for HINDZINC/pe_expansion
2026-06-20 14:01:02,427 - INFO - run_debate symbol=HIRECT kind=guidance hash=dabcccc84272…
2026-06-20 14:01:03,148 - INFO - HTTP Request: POST https://api.deepseek.com/chat/completions "HTTP/1.1 200 OK"
2026-06-20 14:01:07,119 - INFO - HTTP Request: POST https://api.deepseek.com/chat/completions "HTTP/1.1 200 OK"
2026-06-20 14:01:11,006 - INFO - Debate for HIRECT/guidance completed in 8.1s
2026-06-20 14:01:11,706 - INFO - Stored debate row id=164 for HIRECT/guidance
2026-06-20 14:01:20,649 - INFO - run_debate symbol=HIRECT kind=pe_expansion hash=57a6d875b339…
2026-06-20 14:01:21,425 - INFO - HTTP Request: POST https://api.deepseek.com/chat/completions "HTTP/1.1 200 OK"
2026-06-20 14:01:25,745 - INFO - HTTP Request: POST https://api.deepseek.com/chat/completions "HTTP/1.1 200 OK"
2026-06-20 14:01:29,733 - INFO - Debate for HIRECT/pe_expansion completed in 8.7s
2026-06-20 14:01:30,300 - INFO - Stored debate row id=165 for HIRECT/pe_expansion
2026-06-20 14:01:30,963 - INFO - run_debate symbol=HSCL kind=guidance hash=a72b7ee84b99…
2026-06-20 14:01:31,612 - INFO - HTTP Request: POST https://api.deepseek.com/chat/completions "HTTP/1.1 200 OK"
2026-06-20 14:01:34,674 - INFO - HTTP Request: POST https://api.deepseek.com/chat/completions "HTTP/1.1 200 OK"
2026-06-20 14:01:38,388 - INFO - Debate for HSCL/guidance completed in 7.0s
2026-06-20 14:01:38,968 - INFO - Stored debate row id=166 for HSCL/guidance
2026-06-20 14:01:49,545 - INFO - run_debate symbol=HSCL kind=pe_expansion hash=f24b821dfa07…
2026-06-20 14:01:50,447 - INFO - HTTP Request: POST https://api.deepseek.com/chat/completions "HTTP/1.1 200 OK"
2026-06-20 14:01:54,607 - INFO - HTTP Request: POST https://api.deepseek.com/chat/completions "HTTP/1.1 200 OK"
2026-06-20 14:01:58,137 - INFO - Debate for HSCL/pe_expansion completed in 8.1s
2026-06-20 14:01:58,681 - INFO - Stored debate row id=167 for HSCL/pe_expansion
2026-06-20 14:01:59,355 - INFO - run_debate symbol=ICEMAKE kind=guidance hash=f495344da2ec…
2026-06-20 14:02:00,030 - INFO - HTTP Request: POST https://api.deepseek.com/chat/completions "HTTP/1.1 200 OK"
2026-06-20 14:02:03,990 - INFO - HTTP Request: POST https://api.deepseek.com/chat/completions "HTTP/1.1 200 OK"
2026-06-20 14:02:06,996 - INFO - Debate for ICEMAKE/guidance completed in 7.2s
2026-06-20 14:02:07,545 - INFO - Stored debate row id=168 for ICEMAKE/guidance
2026-06-20 14:02:15,670 - INFO - run_debate symbol=ICEMAKE kind=pe_expansion hash=9995faaa4e38…
2026-06-20 14:02:16,853 - INFO - HTTP Request: POST https://api.deepseek.com/chat/completions "HTTP/1.1 200 OK"
2026-06-20 14:02:20,942 - INFO - HTTP Request: POST https://api.deepseek.com/chat/completions "HTTP/1.1 200 OK"
2026-06-20 14:02:24,247 - INFO - Debate for ICEMAKE/pe_expansion completed in 7.8s
2026-06-20 14:02:24,882 - INFO - Stored debate row id=169 for ICEMAKE/pe_expansion
2026-06-20 14:02:25,749 - INFO - run_debate symbol=IFBIND kind=guidance hash=d963cfa1d57c…
2026-06-20 14:02:26,413 - INFO - HTTP Request: POST https://api.deepseek.com/chat/completions "HTTP/1.1 200 OK"
2026-06-20 14:02:29,038 - INFO - HTTP Request: POST https://api.deepseek.com/chat/completions "HTTP/1.1 200 OK"
2026-06-20 14:02:31,882 - INFO - Debate for IFBIND/guidance completed in 5.7s
2026-06-20 14:02:32,460 - INFO - Stored debate row id=170 for IFBIND/guidance
2026-06-20 14:02:41,570 - INFO - run_debate symbol=IFBIND kind=pe_expansion hash=01a4b3d7d049…
2026-06-20 14:02:42,547 - INFO - HTTP Request: POST https://api.deepseek.com/chat/completions "HTTP/1.1 200 OK"
2026-06-20 14:02:46,918 - INFO - HTTP Request: POST https://api.deepseek.com/chat/completions "HTTP/1.1 200 OK"
2026-06-20 14:02:50,214 - INFO - Debate for IFBIND/pe_expansion completed in 8.2s
2026-06-20 14:02:50,752 - INFO - Stored debate row id=171 for IFBIND/pe_expansion
2026-06-20 14:02:50,753 - INFO - Progress: 60/149 symbols
2026-06-20 14:02:51,435 - INFO - run_debate symbol=IIFL kind=guidance hash=8245ae0d8d35…
2026-06-20 14:02:52,079 - INFO - HTTP Request: POST https://api.deepseek.com/chat/completions "HTTP/1.1 200 OK"
2026-06-20 14:02:55,839 - INFO - HTTP Request: POST https://api.deepseek.com/chat/completions "HTTP/1.1 200 OK"
2026-06-20 14:02:58,649 - INFO - Debate for IIFL/guidance completed in 6.8s
2026-06-20 14:02:59,167 - INFO - Stored debate row id=172 for IIFL/guidance
2026-06-20 14:03:10,213 - INFO - run_debate symbol=IIFL kind=pe_expansion hash=9ae26b79e7b8…
2026-06-20 14:03:11,483 - INFO - HTTP Request: POST https://api.deepseek.com/chat/completions "HTTP/1.1 200 OK"
2026-06-20 14:03:15,431 - INFO - HTTP Request: POST https://api.deepseek.com/chat/completions "HTTP/1.1 200 OK"
2026-06-20 14:03:18,479 - INFO - Debate for IIFL/pe_expansion completed in 7.8s
2026-06-20 14:03:19,010 - INFO - Stored debate row id=173 for IIFL/pe_expansion
2026-06-20 14:03:19,860 - INFO - run_debate symbol=INFY kind=guidance hash=2fa10286adc9…
2026-06-20 14:03:20,485 - INFO - HTTP Request: POST https://api.deepseek.com/chat/completions "HTTP/1.1 200 OK"
2026-06-20 14:03:23,435 - INFO - HTTP Request: POST https://api.deepseek.com/chat/completions "HTTP/1.1 200 OK"
2026-06-20 14:03:26,447 - INFO - Debate for INFY/guidance completed in 6.1s
2026-06-20 14:03:27,118 - INFO - Stored debate row id=174 for INFY/guidance
2026-06-20 14:03:38,039 - INFO - run_debate symbol=INFY kind=pe_expansion hash=0a01e126f4cf…
2026-06-20 14:03:38,874 - INFO - HTTP Request: POST https://api.deepseek.com/chat/completions "HTTP/1.1 200 OK"
2026-06-20 14:03:42,821 - INFO - HTTP Request: POST https://api.deepseek.com/chat/completions "HTTP/1.1 200 OK"
2026-06-20 14:03:46,290 - INFO - Debate for INFY/pe_expansion completed in 7.8s
2026-06-20 14:03:46,780 - INFO - Stored debate row id=175 for INFY/pe_expansion
2026-06-20 14:03:47,642 - INFO - run_debate symbol=ITC kind=guidance hash=b9bd68fee9af…
2026-06-20 14:03:48,295 - INFO - HTTP Request: POST https://api.deepseek.com/chat/completions "HTTP/1.1 200 OK"
2026-06-20 14:03:52,355 - INFO - HTTP Request: POST https://api.deepseek.com/chat/completions "HTTP/1.1 200 OK"
2026-06-20 14:03:55,295 - INFO - Debate for ITC/guidance completed in 7.2s
2026-06-20 14:03:55,892 - INFO - Stored debate row id=176 for ITC/guidance
2026-06-20 14:04:08,293 - INFO - run_debate symbol=ITC kind=pe_expansion hash=b324e639a5e2…
2026-06-20 14:04:09,044 - INFO - HTTP Request: POST https://api.deepseek.com/chat/completions "HTTP/1.1 200 OK"
2026-06-20 14:04:13,999 - INFO - HTTP Request: POST https://api.deepseek.com/chat/completions "HTTP/1.1 200 OK"
2026-06-20 14:04:17,062 - INFO - Debate for ITC/pe_expansion completed in 8.3s
2026-06-20 14:04:17,863 - INFO - Stored debate row id=177 for ITC/pe_expansion
2026-06-20 14:04:18,620 - INFO - run_debate symbol=JAYNECOIND kind=guidance hash=3cf62d7820a3…
2026-06-20 14:04:19,234 - INFO - HTTP Request: POST https://api.deepseek.com/chat/completions "HTTP/1.1 200 OK"
2026-06-20 14:04:22,329 - INFO - HTTP Request: POST https://api.deepseek.com/chat/completions "HTTP/1.1 200 OK"
2026-06-20 14:04:24,509 - INFO - Debate for JAYNECOIND/guidance completed in 5.5s
2026-06-20 14:04:25,236 - INFO - Stored debate row id=178 for JAYNECOIND/guidance
2026-06-20 14:04:34,281 - INFO - run_debate symbol=JAYNECOIND kind=pe_expansion hash=f8ad3475c130…
2026-06-20 14:04:35,413 - INFO - HTTP Request: POST https://api.deepseek.com/chat/completions "HTTP/1.1 200 OK"
2026-06-20 14:04:39,783 - INFO - HTTP Request: POST https://api.deepseek.com/chat/completions "HTTP/1.1 200 OK"
2026-06-20 14:04:43,089 - INFO - Debate for JAYNECOIND/pe_expansion completed in 8.0s
2026-06-20 14:04:43,579 - INFO - Stored debate row id=179 for JAYNECOIND/pe_expansion
2026-06-20 14:04:44,268 - INFO - run_debate symbol=JMFINANCIL kind=guidance hash=67cfb9194f65…
2026-06-20 14:04:45,110 - INFO - HTTP Request: POST https://api.deepseek.com/chat/completions "HTTP/1.1 200 OK"
2026-06-20 14:04:48,813 - INFO - HTTP Request: POST https://api.deepseek.com/chat/completions "HTTP/1.1 200 OK"
2026-06-20 14:04:52,387 - INFO - Debate for JMFINANCIL/guidance completed in 7.5s
2026-06-20 14:04:52,924 - INFO - Stored debate row id=180 for JMFINANCIL/guidance
2026-06-20 14:05:03,454 - INFO - run_debate symbol=JMFINANCIL kind=pe_expansion hash=9bb135870117…
2026-06-20 14:05:04,187 - INFO - HTTP Request: POST https://api.deepseek.com/chat/completions "HTTP/1.1 200 OK"
2026-06-20 14:05:08,226 - INFO - HTTP Request: POST https://api.deepseek.com/chat/completions "HTTP/1.1 200 OK"
2026-06-20 14:05:11,455 - INFO - Debate for JMFINANCIL/pe_expansion completed in 7.6s
2026-06-20 14:05:12,481 - INFO - Stored debate row id=181 for JMFINANCIL/pe_expansion
2026-06-20 14:05:13,139 - INFO - run_debate symbol=JSWDULUX kind=guidance hash=c69b129e8090…
2026-06-20 14:05:14,020 - INFO - HTTP Request: POST https://api.deepseek.com/chat/completions "HTTP/1.1 200 OK"
2026-06-20 14:05:17,184 - INFO - HTTP Request: POST https://api.deepseek.com/chat/completions "HTTP/1.1 200 OK"
2026-06-20 14:05:19,930 - INFO - Debate for JSWDULUX/guidance completed in 6.1s
2026-06-20 14:05:20,419 - INFO - Stored debate row id=182 for JSWDULUX/guidance
2026-06-20 14:05:30,004 - INFO - run_debate symbol=JSWDULUX kind=pe_expansion hash=7513b1c16d2e…
2026-06-20 14:05:30,772 - INFO - HTTP Request: POST https://api.deepseek.com/chat/completions "HTTP/1.1 200 OK"
2026-06-20 14:05:34,308 - INFO - HTTP Request: POST https://api.deepseek.com/chat/completions "HTTP/1.1 200 OK"
2026-06-20 14:05:37,132 - INFO - Debate for JSWDULUX/pe_expansion completed in 6.7s
2026-06-20 14:05:37,797 - INFO - Stored debate row id=183 for JSWDULUX/pe_expansion
2026-06-20 14:05:38,524 - INFO - run_debate symbol=KEC kind=guidance hash=c3e0ad5c2521…
2026-06-20 14:05:39,174 - INFO - HTTP Request: POST https://api.deepseek.com/chat/completions "HTTP/1.1 200 OK"
2026-06-20 14:05:42,118 - INFO - HTTP Request: POST https://api.deepseek.com/chat/completions "HTTP/1.1 200 OK"
2026-06-20 14:05:44,650 - INFO - Debate for KEC/guidance completed in 5.7s
2026-06-20 14:05:45,134 - INFO - Stored debate row id=184 for KEC/guidance
2026-06-20 14:05:53,559 - INFO - run_debate symbol=KEC kind=pe_expansion hash=949238510321…
2026-06-20 14:05:54,296 - INFO - HTTP Request: POST https://api.deepseek.com/chat/completions "HTTP/1.1 200 OK"
2026-06-20 14:05:58,090 - INFO - HTTP Request: POST https://api.deepseek.com/chat/completions "HTTP/1.1 200 OK"
2026-06-20 14:06:01,945 - INFO - Debate for KEC/pe_expansion completed in 7.9s
2026-06-20 14:06:02,414 - INFO - Stored debate row id=185 for KEC/pe_expansion
2026-06-20 14:06:03,169 - INFO - run_debate symbol=KEI kind=guidance hash=e579e5ce355d…
2026-06-20 14:06:04,058 - INFO - HTTP Request: POST https://api.deepseek.com/chat/completions "HTTP/1.1 200 OK"
2026-06-20 14:06:07,461 - INFO - HTTP Request: POST https://api.deepseek.com/chat/completions "HTTP/1.1 200 OK"
2026-06-20 14:06:11,036 - INFO - Debate for KEI/guidance completed in 7.3s
2026-06-20 14:06:11,664 - INFO - Stored debate row id=186 for KEI/guidance
2026-06-20 14:06:19,887 - INFO - run_debate symbol=KEI kind=pe_expansion hash=83595d6f6cb3…
2026-06-20 14:06:20,648 - INFO - HTTP Request: POST https://api.deepseek.com/chat/completions "HTTP/1.1 200 OK"
2026-06-20 14:06:24,994 - INFO - HTTP Request: POST https://api.deepseek.com/chat/completions "HTTP/1.1 200 OK"
2026-06-20 14:06:28,222 - INFO - Debate for KEI/pe_expansion completed in 7.9s
2026-06-20 14:06:28,765 - INFO - Stored debate row id=187 for KEI/pe_expansion
2026-06-20 14:06:29,420 - INFO - run_debate symbol=KERNEX kind=guidance hash=735804ab6bce…
2026-06-20 14:06:30,110 - INFO - HTTP Request: POST https://api.deepseek.com/chat/completions "HTTP/1.1 200 OK"
2026-06-20 14:06:33,256 - INFO - HTTP Request: POST https://api.deepseek.com/chat/completions "HTTP/1.1 200 OK"
2026-06-20 14:06:36,441 - INFO - Debate for KERNEX/guidance completed in 6.5s
2026-06-20 14:06:36,939 - INFO - Stored debate row id=188 for KERNEX/guidance
2026-06-20 14:06:43,526 - INFO - run_debate symbol=KERNEX kind=pe_expansion hash=46f0b0f3ef1d…
2026-06-20 14:06:44,455 - INFO - HTTP Request: POST https://api.deepseek.com/chat/completions "HTTP/1.1 200 OK"
2026-06-20 14:06:48,546 - INFO - HTTP Request: POST https://api.deepseek.com/chat/completions "HTTP/1.1 200 OK"
2026-06-20 14:06:51,520 - INFO - Debate for KERNEX/pe_expansion completed in 7.5s
2026-06-20 14:06:52,275 - INFO - Stored debate row id=189 for KERNEX/pe_expansion
2026-06-20 14:06:52,915 - INFO - run_debate symbol=KIRLOSENG kind=guidance hash=cfc19f87877e…
2026-06-20 14:06:54,495 - INFO - HTTP Request: POST https://api.deepseek.com/chat/completions "HTTP/1.1 200 OK"
2026-06-20 14:06:59,178 - INFO - HTTP Request: POST https://api.deepseek.com/chat/completions "HTTP/1.1 200 OK"
2026-06-20 14:07:02,925 - INFO - Debate for KIRLOSENG/guidance completed in 8.6s
2026-06-20 14:07:03,635 - INFO - Stored debate row id=190 for KIRLOSENG/guidance
2026-06-20 14:07:13,528 - INFO - run_debate symbol=KIRLOSENG kind=pe_expansion hash=b373983640fa…
2026-06-20 14:07:14,311 - INFO - HTTP Request: POST https://api.deepseek.com/chat/completions "HTTP/1.1 200 OK"
2026-06-20 14:07:19,344 - INFO - HTTP Request: POST https://api.deepseek.com/chat/completions "HTTP/1.1 200 OK"
2026-06-20 14:07:22,591 - INFO - Debate for KIRLOSENG/pe_expansion completed in 8.6s
2026-06-20 14:07:23,190 - INFO - Stored debate row id=191 for KIRLOSENG/pe_expansion
2026-06-20 14:07:23,191 - INFO - Progress: 70/149 symbols
2026-06-20 14:07:23,880 - INFO - run_debate symbol=KMEW kind=guidance hash=253384fd5705…
2026-06-20 14:07:24,617 - INFO - HTTP Request: POST https://api.deepseek.com/chat/completions "HTTP/1.1 200 OK"
2026-06-20 14:07:27,454 - INFO - HTTP Request: POST https://api.deepseek.com/chat/completions "HTTP/1.1 200 OK"
2026-06-20 14:07:30,649 - INFO - Debate for KMEW/guidance completed in 6.2s
2026-06-20 14:07:31,452 - INFO - Stored debate row id=192 for KMEW/guidance
2026-06-20 14:07:43,049 - INFO - run_debate symbol=KMEW kind=pe_expansion hash=99f111c5777b…
2026-06-20 14:07:44,009 - INFO - HTTP Request: POST https://api.deepseek.com/chat/completions "HTTP/1.1 200 OK"
2026-06-20 14:07:47,351 - INFO - HTTP Request: POST https://api.deepseek.com/chat/completions "HTTP/1.1 200 OK"
2026-06-20 14:07:50,238 - INFO - Debate for KMEW/pe_expansion completed in 6.6s
2026-06-20 14:07:50,779 - INFO - Stored debate row id=193 for KMEW/pe_expansion
2026-06-20 14:07:51,626 - INFO - run_debate symbol=KPEL kind=guidance hash=199756500f00…
2026-06-20 14:07:52,366 - INFO - HTTP Request: POST https://api.deepseek.com/chat/completions "HTTP/1.1 200 OK"
2026-06-20 14:07:55,616 - INFO - HTTP Request: POST https://api.deepseek.com/chat/completions "HTTP/1.1 200 OK"
2026-06-20 14:07:59,263 - INFO - Debate for KPEL/guidance completed in 7.1s
2026-06-20 14:07:59,747 - INFO - Stored debate row id=194 for KPEL/guidance
2026-06-20 14:08:09,433 - INFO - run_debate symbol=KPEL kind=pe_expansion hash=ffa39bf07b2c…
2026-06-20 14:08:10,380 - INFO - HTTP Request: POST https://api.deepseek.com/chat/completions "HTTP/1.1 200 OK"
2026-06-20 14:08:14,214 - INFO - HTTP Request: POST https://api.deepseek.com/chat/completions "HTTP/1.1 200 OK"
2026-06-20 14:08:18,174 - INFO - Debate for KPEL/pe_expansion completed in 8.3s
2026-06-20 14:08:18,748 - INFO - Stored debate row id=195 for KPEL/pe_expansion
2026-06-20 14:08:19,492 - INFO - run_debate symbol=KPIGREEN kind=guidance hash=6be9fcf1ba2c…
2026-06-20 14:08:20,122 - INFO - HTTP Request: POST https://api.deepseek.com/chat/completions "HTTP/1.1 200 OK"
2026-06-20 14:08:25,014 - INFO - HTTP Request: POST https://api.deepseek.com/chat/completions "HTTP/1.1 200 OK"
2026-06-20 14:08:29,346 - INFO - Debate for KPIGREEN/guidance completed in 9.4s
2026-06-20 14:08:29,819 - INFO - Stored debate row id=196 for KPIGREEN/guidance
2026-06-20 14:08:40,150 - INFO - run_debate symbol=KPIGREEN kind=pe_expansion hash=f2be2c016fca…
2026-06-20 14:08:40,942 - INFO - HTTP Request: POST https://api.deepseek.com/chat/completions "HTTP/1.1 200 OK"
2026-06-20 14:08:44,840 - INFO - HTTP Request: POST https://api.deepseek.com/chat/completions "HTTP/1.1 200 OK"
2026-06-20 14:08:47,695 - INFO - Debate for KPIGREEN/pe_expansion completed in 7.1s
2026-06-20 14:08:48,204 - INFO - Stored debate row id=197 for KPIGREEN/pe_expansion
2026-06-20 14:08:48,870 - INFO - run_debate symbol=KPIL kind=guidance hash=49750e4be7b6…
2026-06-20 14:08:49,551 - INFO - HTTP Request: POST https://api.deepseek.com/chat/completions "HTTP/1.1 200 OK"
2026-06-20 14:08:53,403 - INFO - HTTP Request: POST https://api.deepseek.com/chat/completions "HTTP/1.1 200 OK"
2026-06-20 14:08:57,065 - INFO - Debate for KPIL/guidance completed in 7.7s
2026-06-20 14:08:57,563 - INFO - Stored debate row id=198 for KPIL/guidance
2026-06-20 14:09:07,471 - INFO - run_debate symbol=KPIL kind=pe_expansion hash=5ec195eca5ea…
2026-06-20 14:09:08,212 - INFO - HTTP Request: POST https://api.deepseek.com/chat/completions "HTTP/1.1 200 OK"
2026-06-20 14:09:12,731 - INFO - HTTP Request: POST https://api.deepseek.com/chat/completions "HTTP/1.1 200 OK"
2026-06-20 14:09:15,665 - INFO - Debate for KPIL/pe_expansion completed in 7.8s
2026-06-20 14:09:16,158 - INFO - Stored debate row id=199 for KPIL/pe_expansion
2026-06-20 14:09:16,813 - INFO - run_debate symbol=KTKBANK kind=guidance hash=ad9f7d82eafd…
2026-06-20 14:09:17,456 - INFO - HTTP Request: POST https://api.deepseek.com/chat/completions "HTTP/1.1 200 OK"
2026-06-20 14:09:20,372 - INFO - HTTP Request: POST https://api.deepseek.com/chat/completions "HTTP/1.1 200 OK"
2026-06-20 14:09:24,987 - INFO - Debate for KTKBANK/guidance completed in 7.7s
2026-06-20 14:09:25,571 - INFO - Stored debate row id=200 for KTKBANK/guidance
2026-06-20 14:09:35,612 - INFO - run_debate symbol=KTKBANK kind=pe_expansion hash=89038f836d2b…
2026-06-20 14:09:36,362 - INFO - HTTP Request: POST https://api.deepseek.com/chat/completions "HTTP/1.1 200 OK"
2026-06-20 14:09:40,353 - INFO - HTTP Request: POST https://api.deepseek.com/chat/completions "HTTP/1.1 200 OK"
2026-06-20 14:09:43,904 - INFO - Debate for KTKBANK/pe_expansion completed in 7.9s
2026-06-20 14:09:44,404 - INFO - Stored debate row id=201 for KTKBANK/pe_expansion
2026-06-20 14:09:45,048 - INFO - run_debate symbol=LLOYDSME kind=guidance hash=7d05e5736ee8…
2026-06-20 14:09:45,681 - INFO - HTTP Request: POST https://api.deepseek.com/chat/completions "HTTP/1.1 200 OK"
2026-06-20 14:09:49,232 - INFO - HTTP Request: POST https://api.deepseek.com/chat/completions "HTTP/1.1 200 OK"
2026-06-20 14:09:52,659 - INFO - Debate for LLOYDSME/guidance completed in 7.2s
2026-06-20 14:09:53,172 - INFO - Stored debate row id=202 for LLOYDSME/guidance
2026-06-20 14:10:02,176 - INFO - run_debate symbol=LLOYDSME kind=pe_expansion hash=ccaa9e585e13…
2026-06-20 14:10:03,071 - INFO - HTTP Request: POST https://api.deepseek.com/chat/completions "HTTP/1.1 200 OK"
2026-06-20 14:10:07,843 - INFO - HTTP Request: POST https://api.deepseek.com/chat/completions "HTTP/1.1 200 OK"
2026-06-20 14:10:11,835 - INFO - Debate for LLOYDSME/pe_expansion completed in 9.2s
2026-06-20 14:10:12,380 - INFO - Stored debate row id=203 for LLOYDSME/pe_expansion
2026-06-20 14:10:13,021 - INFO - run_debate symbol=LTFOODS kind=guidance hash=bf66e245dd65…
2026-06-20 14:10:13,648 - INFO - HTTP Request: POST https://api.deepseek.com/chat/completions "HTTP/1.1 200 OK"
2026-06-20 14:10:16,686 - INFO - HTTP Request: POST https://api.deepseek.com/chat/completions "HTTP/1.1 200 OK"
2026-06-20 14:10:19,895 - INFO - Debate for LTFOODS/guidance completed in 6.4s
2026-06-20 14:10:20,435 - INFO - Stored debate row id=204 for LTFOODS/guidance
2026-06-20 14:10:29,928 - INFO - run_debate symbol=LTFOODS kind=pe_expansion hash=3f273e1ace79…
2026-06-20 14:10:33,159 - INFO - HTTP Request: POST https://api.deepseek.com/chat/completions "HTTP/1.1 200 OK"
2026-06-20 14:10:38,348 - INFO - HTTP Request: POST https://api.deepseek.com/chat/completions "HTTP/1.1 200 OK"
2026-06-20 14:10:42,204 - INFO - Debate for LTFOODS/pe_expansion completed in 11.8s
2026-06-20 14:10:42,681 - INFO - Stored debate row id=205 for LTFOODS/pe_expansion
2026-06-20 14:10:43,322 - INFO - run_debate symbol=LUMAXTECH kind=guidance hash=1c9747444c3a…
2026-06-20 14:10:44,076 - INFO - HTTP Request: POST https://api.deepseek.com/chat/completions "HTTP/1.1 200 OK"
2026-06-20 14:10:47,491 - INFO - HTTP Request: POST https://api.deepseek.com/chat/completions "HTTP/1.1 200 OK"
2026-06-20 14:10:52,479 - INFO - Debate for LUMAXTECH/guidance completed in 8.7s
2026-06-20 14:10:52,988 - INFO - Stored debate row id=206 for LUMAXTECH/guidance
2026-06-20 14:11:02,135 - INFO - run_debate symbol=LUMAXTECH kind=pe_expansion hash=b369607c89f7…
2026-06-20 14:11:02,877 - INFO - HTTP Request: POST https://api.deepseek.com/chat/completions "HTTP/1.1 200 OK"
2026-06-20 14:11:07,265 - INFO - HTTP Request: POST https://api.deepseek.com/chat/completions "HTTP/1.1 200 OK"
2026-06-20 14:11:11,088 - INFO - Debate for LUMAXTECH/pe_expansion completed in 8.5s
2026-06-20 14:11:11,959 - INFO - Stored debate row id=207 for LUMAXTECH/pe_expansion
2026-06-20 14:11:12,796 - INFO - run_debate symbol=LUPIN kind=guidance hash=6f58e68f926f…
2026-06-20 14:11:13,517 - INFO - HTTP Request: POST https://api.deepseek.com/chat/completions "HTTP/1.1 200 OK"
2026-06-20 14:11:17,440 - INFO - HTTP Request: POST https://api.deepseek.com/chat/completions "HTTP/1.1 200 OK"
2026-06-20 14:11:21,723 - INFO - Debate for LUPIN/guidance completed in 8.4s
2026-06-20 14:11:22,232 - INFO - Stored debate row id=208 for LUPIN/guidance
2026-06-20 14:11:32,362 - INFO - run_debate symbol=LUPIN kind=pe_expansion hash=f23aa9a6736b…
2026-06-20 14:11:33,076 - INFO - HTTP Request: POST https://api.deepseek.com/chat/completions "HTTP/1.1 200 OK"
2026-06-20 14:11:37,355 - INFO - HTTP Request: POST https://api.deepseek.com/chat/completions "HTTP/1.1 200 OK"
2026-06-20 14:11:41,680 - INFO - Debate for LUPIN/pe_expansion completed in 8.9s
2026-06-20 14:11:42,174 - INFO - Stored debate row id=209 for LUPIN/pe_expansion
2026-06-20 14:11:42,822 - INFO - run_debate symbol=MACPOWER kind=guidance hash=41201e0aaca1…
2026-06-20 14:11:43,447 - INFO - HTTP Request: POST https://api.deepseek.com/chat/completions "HTTP/1.1 200 OK"
2026-06-20 14:11:47,541 - INFO - HTTP Request: POST https://api.deepseek.com/chat/completions "HTTP/1.1 200 OK"
2026-06-20 14:11:50,529 - INFO - Debate for MACPOWER/guidance completed in 7.3s
2026-06-20 14:11:51,034 - INFO - Stored debate row id=210 for MACPOWER/guidance
2026-06-20 14:11:58,995 - INFO - run_debate symbol=MACPOWER kind=pe_expansion hash=a60e54f7dca5…
2026-06-20 14:11:59,808 - INFO - HTTP Request: POST https://api.deepseek.com/chat/completions "HTTP/1.1 200 OK"
2026-06-20 14:12:04,571 - INFO - HTTP Request: POST https://api.deepseek.com/chat/completions "HTTP/1.1 200 OK"
2026-06-20 14:12:08,058 - INFO - Debate for MACPOWER/pe_expansion completed in 8.6s
2026-06-20 14:12:08,559 - INFO - Stored debate row id=211 for MACPOWER/pe_expansion
2026-06-20 14:12:08,560 - INFO - Progress: 80/149 symbols
2026-06-20 14:12:09,209 - INFO - run_debate symbol=MANAKCOAT kind=guidance hash=54ca98baf8fe…
2026-06-20 14:12:09,852 - INFO - HTTP Request: POST https://api.deepseek.com/chat/completions "HTTP/1.1 200 OK"
2026-06-20 14:12:13,660 - INFO - HTTP Request: POST https://api.deepseek.com/chat/completions "HTTP/1.1 200 OK"
2026-06-20 14:12:17,186 - INFO - Debate for MANAKCOAT/guidance completed in 7.5s
2026-06-20 14:12:17,714 - INFO - Stored debate row id=212 for MANAKCOAT/guidance
2026-06-20 14:12:26,857 - INFO - run_debate symbol=MANAKCOAT kind=pe_expansion hash=fe63c067a38c…
2026-06-20 14:12:27,742 - INFO - HTTP Request: POST https://api.deepseek.com/chat/completions "HTTP/1.1 200 OK"
2026-06-20 14:12:31,777 - INFO - HTTP Request: POST https://api.deepseek.com/chat/completions "HTTP/1.1 200 OK"
2026-06-20 14:12:35,012 - INFO - Debate for MANAKCOAT/pe_expansion completed in 7.7s
2026-06-20 14:12:35,481 - INFO - Stored debate row id=213 for MANAKCOAT/pe_expansion
2026-06-20 14:12:36,483 - INFO - run_debate symbol=MANORAMA kind=guidance hash=d6c32037b5f2…
2026-06-20 14:12:37,148 - INFO - HTTP Request: POST https://api.deepseek.com/chat/completions "HTTP/1.1 200 OK"
2026-06-20 14:12:41,591 - INFO - HTTP Request: POST https://api.deepseek.com/chat/completions "HTTP/1.1 200 OK"
2026-06-20 14:12:45,611 - INFO - Debate for MANORAMA/guidance completed in 8.7s
2026-06-20 14:12:46,113 - INFO - Stored debate row id=214 for MANORAMA/guidance
2026-06-20 14:12:58,551 - INFO - run_debate symbol=MANORAMA kind=pe_expansion hash=2631ffe5faab…
2026-06-20 14:12:59,399 - INFO - HTTP Request: POST https://api.deepseek.com/chat/completions "HTTP/1.1 200 OK"
2026-06-20 14:13:03,088 - INFO - HTTP Request: POST https://api.deepseek.com/chat/completions "HTTP/1.1 200 OK"
2026-06-20 14:13:06,599 - INFO - Debate for MANORAMA/pe_expansion completed in 7.6s
2026-06-20 14:13:07,226 - INFO - Stored debate row id=215 for MANORAMA/pe_expansion
2026-06-20 14:13:07,871 - INFO - run_debate symbol=MCLOUD kind=guidance hash=b32ed2484739…
2026-06-20 14:13:08,551 - INFO - HTTP Request: POST https://api.deepseek.com/chat/completions "HTTP/1.1 200 OK"
2026-06-20 14:13:12,188 - INFO - HTTP Request: POST https://api.deepseek.com/chat/completions "HTTP/1.1 200 OK"
2026-06-20 14:13:15,798 - INFO - Debate for MCLOUD/guidance completed in 7.5s
2026-06-20 14:13:16,274 - INFO - Stored debate row id=216 for MCLOUD/guidance
2026-06-20 14:13:23,173 - INFO - run_debate symbol=MCLOUD kind=pe_expansion hash=0030a67a284b…
2026-06-20 14:13:24,100 - INFO - HTTP Request: POST https://api.deepseek.com/chat/completions "HTTP/1.1 200 OK"
2026-06-20 14:13:28,371 - INFO - HTTP Request: POST https://api.deepseek.com/chat/completions "HTTP/1.1 200 OK"
2026-06-20 14:13:32,341 - INFO - Debate for MCLOUD/pe_expansion completed in 8.6s
2026-06-20 14:13:32,832 - INFO - Stored debate row id=217 for MCLOUD/pe_expansion
2026-06-20 14:13:33,488 - INFO - run_debate symbol=MCX kind=guidance hash=e140dd1351e8…
2026-06-20 14:13:34,259 - INFO - HTTP Request: POST https://api.deepseek.com/chat/completions "HTTP/1.1 200 OK"
2026-06-20 14:13:37,675 - INFO - HTTP Request: POST https://api.deepseek.com/chat/completions "HTTP/1.1 200 OK"
2026-06-20 14:13:41,114 - INFO - Debate for MCX/guidance completed in 7.1s
2026-06-20 14:13:41,856 - INFO - Stored debate row id=218 for MCX/guidance
2026-06-20 14:13:54,895 - INFO - run_debate symbol=MCX kind=pe_expansion hash=0271c2f5f737…
2026-06-20 14:13:57,027 - INFO - HTTP Request: POST https://api.deepseek.com/chat/completions "HTTP/1.1 200 OK"
2026-06-20 14:14:01,770 - INFO - HTTP Request: POST https://api.deepseek.com/chat/completions "HTTP/1.1 200 OK"
2026-06-20 14:14:05,086 - INFO - Debate for MCX/pe_expansion completed in 9.7s
2026-06-20 14:14:05,569 - INFO - Stored debate row id=219 for MCX/pe_expansion
2026-06-20 14:14:06,268 - INFO - run_debate symbol=MPHASIS kind=guidance hash=22b1be5793b4…
2026-06-20 14:14:06,974 - INFO - HTTP Request: POST https://api.deepseek.com/chat/completions "HTTP/1.1 200 OK"
2026-06-20 14:14:10,208 - INFO - HTTP Request: POST https://api.deepseek.com/chat/completions "HTTP/1.1 200 OK"
2026-06-20 14:14:15,130 - INFO - Debate for MPHASIS/guidance completed in 8.3s
2026-06-20 14:14:15,621 - INFO - Stored debate row id=220 for MPHASIS/guidance
2026-06-20 14:14:27,280 - INFO - run_debate symbol=MPHASIS kind=pe_expansion hash=c38e14c495c7…
2026-06-20 14:14:28,050 - INFO - HTTP Request: POST https://api.deepseek.com/chat/completions "HTTP/1.1 200 OK"
2026-06-20 14:14:33,109 - INFO - HTTP Request: POST https://api.deepseek.com/chat/completions "HTTP/1.1 200 OK"
2026-06-20 14:14:36,802 - INFO - Debate for MPHASIS/pe_expansion completed in 9.0s
2026-06-20 14:14:37,363 - INFO - Stored debate row id=221 for MPHASIS/pe_expansion
2026-06-20 14:14:38,186 - INFO - run_debate symbol=MUTHOOTFIN kind=guidance hash=6429c514b213…
2026-06-20 14:14:38,864 - INFO - HTTP Request: POST https://api.deepseek.com/chat/completions "HTTP/1.1 200 OK"
2026-06-20 14:14:42,274 - INFO - HTTP Request: POST https://api.deepseek.com/chat/completions "HTTP/1.1 200 OK"
2026-06-20 14:14:46,046 - INFO - Debate for MUTHOOTFIN/guidance completed in 7.4s
2026-06-20 14:14:46,627 - INFO - Stored debate row id=222 for MUTHOOTFIN/guidance
2026-06-20 14:14:56,088 - INFO - run_debate symbol=MUTHOOTFIN kind=pe_expansion hash=686d4037a023…
2026-06-20 14:14:56,947 - INFO - HTTP Request: POST https://api.deepseek.com/chat/completions "HTTP/1.1 200 OK"
2026-06-20 14:15:00,356 - INFO - HTTP Request: POST https://api.deepseek.com/chat/completions "HTTP/1.1 200 OK"
2026-06-20 14:15:03,741 - INFO - Debate for MUTHOOTFIN/pe_expansion completed in 7.1s
2026-06-20 14:15:04,600 - INFO - Stored debate row id=223 for MUTHOOTFIN/pe_expansion
2026-06-20 14:15:05,234 - INFO - run_debate symbol=NAM-INDIA kind=guidance hash=36986afd39de…
2026-06-20 14:15:05,875 - INFO - HTTP Request: POST https://api.deepseek.com/chat/completions "HTTP/1.1 200 OK"
2026-06-20 14:15:10,038 - INFO - HTTP Request: POST https://api.deepseek.com/chat/completions "HTTP/1.1 200 OK"
2026-06-20 14:15:14,184 - INFO - Debate for NAM-INDIA/guidance completed in 8.5s
2026-06-20 14:15:14,675 - INFO - Stored debate row id=224 for NAM-INDIA/guidance
2026-06-20 14:15:24,861 - INFO - run_debate symbol=NAM-INDIA kind=pe_expansion hash=2a40c914bb50…
2026-06-20 14:15:25,795 - INFO - HTTP Request: POST https://api.deepseek.com/chat/completions "HTTP/1.1 200 OK"
2026-06-20 14:15:30,297 - INFO - HTTP Request: POST https://api.deepseek.com/chat/completions "HTTP/1.1 200 OK"
2026-06-20 14:15:35,017 - INFO - Debate for NAM-INDIA/pe_expansion completed in 9.6s
2026-06-20 14:15:35,680 - INFO - Stored debate row id=225 for NAM-INDIA/pe_expansion
2026-06-20 14:15:36,542 - INFO - run_debate symbol=NATCOPHARM kind=guidance hash=77f85c9f378b…
2026-06-20 14:15:37,250 - INFO - HTTP Request: POST https://api.deepseek.com/chat/completions "HTTP/1.1 200 OK"
2026-06-20 14:15:41,175 - INFO - HTTP Request: POST https://api.deepseek.com/chat/completions "HTTP/1.1 200 OK"
2026-06-20 14:15:45,064 - INFO - Debate for NATCOPHARM/guidance completed in 8.0s
2026-06-20 14:15:45,542 - INFO - Stored debate row id=226 for NATCOPHARM/guidance
2026-06-20 14:15:55,113 - INFO - run_debate symbol=NATCOPHARM kind=pe_expansion hash=de27188e639d…
2026-06-20 14:15:55,920 - INFO - HTTP Request: POST https://api.deepseek.com/chat/completions "HTTP/1.1 200 OK"
2026-06-20 14:15:59,663 - INFO - HTTP Request: POST https://api.deepseek.com/chat/completions "HTTP/1.1 200 OK"
2026-06-20 14:16:03,853 - INFO - Debate for NATCOPHARM/pe_expansion completed in 8.2s
2026-06-20 14:16:04,593 - INFO - Stored debate row id=227 for NATCOPHARM/pe_expansion
2026-06-20 14:16:06,046 - INFO - run_debate symbol=NATIONALUM kind=guidance hash=57645f22b65e…
2026-06-20 14:16:06,742 - INFO - HTTP Request: POST https://api.deepseek.com/chat/completions "HTTP/1.1 200 OK"
2026-06-20 14:16:11,030 - INFO - HTTP Request: POST https://api.deepseek.com/chat/completions "HTTP/1.1 200 OK"
2026-06-20 14:16:15,566 - INFO - Debate for NATIONALUM/guidance completed in 9.1s
2026-06-20 14:16:16,058 - INFO - Stored debate row id=228 for NATIONALUM/guidance
2026-06-20 14:16:24,910 - INFO - run_debate symbol=NATIONALUM kind=pe_expansion hash=7883bbcaa2da…
2026-06-20 14:16:25,744 - INFO - HTTP Request: POST https://api.deepseek.com/chat/completions "HTTP/1.1 200 OK"
2026-06-20 14:16:30,228 - INFO - HTTP Request: POST https://api.deepseek.com/chat/completions "HTTP/1.1 200 OK"
2026-06-20 14:16:35,777 - INFO - Debate for NATIONALUM/pe_expansion completed in 10.4s
2026-06-20 14:16:36,296 - INFO - Stored debate row id=229 for NATIONALUM/pe_expansion
2026-06-20 14:16:37,017 - INFO - run_debate symbol=NAUKRI kind=guidance hash=baefdab89b3d…
2026-06-20 14:16:37,680 - INFO - HTTP Request: POST https://api.deepseek.com/chat/completions "HTTP/1.1 200 OK"
2026-06-20 14:16:41,736 - INFO - HTTP Request: POST https://api.deepseek.com/chat/completions "HTTP/1.1 200 OK"
2026-06-20 14:16:45,780 - INFO - Debate for NAUKRI/guidance completed in 8.3s
2026-06-20 14:16:46,245 - INFO - Stored debate row id=230 for NAUKRI/guidance
2026-06-20 14:16:55,165 - INFO - run_debate symbol=NAUKRI kind=pe_expansion hash=d10970ff9a96…
2026-06-20 14:16:56,049 - INFO - HTTP Request: POST https://api.deepseek.com/chat/completions "HTTP/1.1 200 OK"
2026-06-20 14:17:00,420 - INFO - HTTP Request: POST https://api.deepseek.com/chat/completions "HTTP/1.1 200 OK"
2026-06-20 14:17:03,756 - INFO - Debate for NAUKRI/pe_expansion completed in 8.1s
2026-06-20 14:17:04,279 - INFO - Stored debate row id=231 for NAUKRI/pe_expansion
2026-06-20 14:17:04,280 - INFO - Progress: 90/149 symbols
2026-06-20 14:17:04,908 - INFO - run_debate symbol=NAVINFLUOR kind=guidance hash=50bfa0b3df7f…
2026-06-20 14:17:05,525 - INFO - HTTP Request: POST https://api.deepseek.com/chat/completions "HTTP/1.1 200 OK"
2026-06-20 14:17:09,933 - INFO - HTTP Request: POST https://api.deepseek.com/chat/completions "HTTP/1.1 200 OK"
2026-06-20 14:17:14,379 - INFO - Debate for NAVINFLUOR/guidance completed in 9.0s
2026-06-20 14:17:14,857 - INFO - Stored debate row id=232 for NAVINFLUOR/guidance
2026-06-20 14:17:23,271 - INFO - run_debate symbol=NAVINFLUOR kind=pe_expansion hash=582e1521fc80…
2026-06-20 14:17:24,172 - INFO - HTTP Request: POST https://api.deepseek.com/chat/completions "HTTP/1.1 200 OK"
2026-06-20 14:17:28,804 - INFO - HTTP Request: POST https://api.deepseek.com/chat/completions "HTTP/1.1 200 OK"
2026-06-20 14:17:32,761 - INFO - Debate for NAVINFLUOR/pe_expansion completed in 9.1s
2026-06-20 14:17:33,263 - INFO - Stored debate row id=233 for NAVINFLUOR/pe_expansion
2026-06-20 14:17:34,158 - INFO - run_debate symbol=NETWEB kind=guidance hash=5a214220b1cb…
2026-06-20 14:17:34,800 - INFO - HTTP Request: POST https://api.deepseek.com/chat/completions "HTTP/1.1 200 OK"
2026-06-20 14:17:38,410 - INFO - HTTP Request: POST https://api.deepseek.com/chat/completions "HTTP/1.1 200 OK"
2026-06-20 14:17:41,823 - INFO - Debate for NETWEB/guidance completed in 7.2s
2026-06-20 14:17:42,315 - INFO - Stored debate row id=234 for NETWEB/guidance
2026-06-20 14:17:51,177 - INFO - run_debate symbol=NETWEB kind=pe_expansion hash=f87e027ff3e0…
2026-06-20 14:17:52,007 - INFO - HTTP Request: POST https://api.deepseek.com/chat/completions "HTTP/1.1 200 OK"
2026-06-20 14:17:57,104 - INFO - HTTP Request: POST https://api.deepseek.com/chat/completions "HTTP/1.1 200 OK"
2026-06-20 14:18:00,744 - INFO - Debate for NETWEB/pe_expansion completed in 9.1s
2026-06-20 14:18:01,265 - INFO - Stored debate row id=235 for NETWEB/pe_expansion
2026-06-20 14:18:02,782 - INFO - run_debate symbol=OLECTRA kind=guidance hash=18ff872653cd…
2026-06-20 14:18:03,699 - INFO - HTTP Request: POST https://api.deepseek.com/chat/completions "HTTP/1.1 200 OK"
2026-06-20 14:18:07,175 - INFO - HTTP Request: POST https://api.deepseek.com/chat/completions "HTTP/1.1 200 OK"
2026-06-20 14:18:10,964 - INFO - Debate for OLECTRA/guidance completed in 7.5s
2026-06-20 14:18:11,472 - INFO - Stored debate row id=236 for OLECTRA/guidance
2026-06-20 14:18:19,526 - INFO - run_debate symbol=OLECTRA kind=pe_expansion hash=360d8a58af42…
2026-06-20 14:18:20,364 - INFO - HTTP Request: POST https://api.deepseek.com/chat/completions "HTTP/1.1 200 OK"
2026-06-20 14:18:25,722 - INFO - HTTP Request: POST https://api.deepseek.com/chat/completions "HTTP/1.1 200 OK"
2026-06-20 14:18:29,844 - INFO - Debate for OLECTRA/pe_expansion completed in 9.9s
2026-06-20 14:18:30,348 - INFO - Stored debate row id=237 for OLECTRA/pe_expansion
2026-06-20 14:18:31,015 - INFO - run_debate symbol=PFS kind=guidance hash=975e23c45481…
2026-06-20 14:18:31,657 - INFO - HTTP Request: POST https://api.deepseek.com/chat/completions "HTTP/1.1 200 OK"
2026-06-20 14:18:34,651 - INFO - HTTP Request: POST https://api.deepseek.com/chat/completions "HTTP/1.1 200 OK"
2026-06-20 14:18:38,299 - INFO - Debate for PFS/guidance completed in 6.8s
2026-06-20 14:18:38,781 - INFO - Stored debate row id=238 for PFS/guidance
2026-06-20 14:18:48,026 - INFO - run_debate symbol=PFS kind=pe_expansion hash=d7532b22545a…
2026-06-20 14:18:48,837 - INFO - HTTP Request: POST https://api.deepseek.com/chat/completions "HTTP/1.1 200 OK"
2026-06-20 14:18:53,078 - INFO - HTTP Request: POST https://api.deepseek.com/chat/completions "HTTP/1.1 200 OK"
2026-06-20 14:18:56,631 - INFO - Debate for PFS/pe_expansion completed in 8.2s
2026-06-20 14:18:57,188 - INFO - Stored debate row id=239 for PFS/pe_expansion
2026-06-20 14:18:57,860 - INFO - run_debate symbol=PGHH kind=guidance hash=83a19dadc3f2…
2026-06-20 14:18:58,532 - INFO - HTTP Request: POST https://api.deepseek.com/chat/completions "HTTP/1.1 200 OK"
2026-06-20 14:19:01,796 - INFO - HTTP Request: POST https://api.deepseek.com/chat/completions "HTTP/1.1 200 OK"
2026-06-20 14:19:04,747 - INFO - Debate for PGHH/guidance completed in 6.4s
2026-06-20 14:19:05,252 - INFO - Stored debate row id=240 for PGHH/guidance
2026-06-20 14:19:12,963 - INFO - run_debate symbol=PGHH kind=pe_expansion hash=5f79bc0d739a…
2026-06-20 14:19:13,671 - INFO - HTTP Request: POST https://api.deepseek.com/chat/completions "HTTP/1.1 200 OK"
2026-06-20 14:19:17,159 - INFO - HTTP Request: POST https://api.deepseek.com/chat/completions "HTTP/1.1 200 OK"
2026-06-20 14:19:20,237 - INFO - Debate for PGHH/pe_expansion completed in 6.8s
2026-06-20 14:19:20,777 - INFO - Stored debate row id=241 for PGHH/pe_expansion
2026-06-20 14:19:21,441 - INFO - run_debate symbol=POCL kind=guidance hash=e4b4deb76a2b…
2026-06-20 14:19:22,092 - INFO - HTTP Request: POST https://api.deepseek.com/chat/completions "HTTP/1.1 200 OK"
2026-06-20 14:19:26,587 - INFO - HTTP Request: POST https://api.deepseek.com/chat/completions "HTTP/1.1 200 OK"
2026-06-20 14:19:29,756 - INFO - Debate for POCL/guidance completed in 7.8s
2026-06-20 14:19:30,347 - INFO - Stored debate row id=242 for POCL/guidance
2026-06-20 14:19:40,135 - INFO - run_debate symbol=POCL kind=pe_expansion hash=9ccc9be9f574…
2026-06-20 14:19:40,908 - INFO - HTTP Request: POST https://api.deepseek.com/chat/completions "HTTP/1.1 200 OK"
2026-06-20 14:19:45,008 - INFO - HTTP Request: POST https://api.deepseek.com/chat/completions "HTTP/1.1 200 OK"
2026-06-20 14:19:48,431 - INFO - Debate for POCL/pe_expansion completed in 7.9s
2026-06-20 14:19:48,920 - INFO - Stored debate row id=243 for POCL/pe_expansion
2026-06-20 14:19:49,533 - INFO - run_debate symbol=POLYCAB kind=guidance hash=fbdb4941503c…
2026-06-20 14:19:50,163 - INFO - HTTP Request: POST https://api.deepseek.com/chat/completions "HTTP/1.1 200 OK"
2026-06-20 14:19:53,256 - INFO - HTTP Request: POST https://api.deepseek.com/chat/completions "HTTP/1.1 200 OK"
2026-06-20 14:19:56,895 - INFO - Debate for POLYCAB/guidance completed in 6.9s
2026-06-20 14:19:57,387 - INFO - Stored debate row id=244 for POLYCAB/guidance
2026-06-20 14:20:07,227 - INFO - run_debate symbol=POLYCAB kind=pe_expansion hash=8edc4d61c278…
2026-06-20 14:20:08,044 - INFO - HTTP Request: POST https://api.deepseek.com/chat/completions "HTTP/1.1 200 OK"
2026-06-20 14:20:13,005 - INFO - HTTP Request: POST https://api.deepseek.com/chat/completions "HTTP/1.1 200 OK"
2026-06-20 14:20:17,720 - INFO - Debate for POLYCAB/pe_expansion completed in 10.0s
2026-06-20 14:20:18,197 - INFO - Stored debate row id=245 for POLYCAB/pe_expansion
2026-06-20 14:20:18,841 - INFO - run_debate symbol=POONAWALLA kind=guidance hash=fa0f4e8b41eb…
2026-06-20 14:20:19,471 - INFO - HTTP Request: POST https://api.deepseek.com/chat/completions "HTTP/1.1 200 OK"
2026-06-20 14:20:24,329 - INFO - HTTP Request: POST https://api.deepseek.com/chat/completions "HTTP/1.1 200 OK"
2026-06-20 14:20:28,038 - INFO - Debate for POONAWALLA/guidance completed in 8.8s
2026-06-20 14:20:28,531 - INFO - Stored debate row id=246 for POONAWALLA/guidance
2026-06-20 14:20:37,554 - INFO - run_debate symbol=POONAWALLA kind=pe_expansion hash=bb9f5dc0aa2f…
2026-06-20 14:20:38,558 - INFO - HTTP Request: POST https://api.deepseek.com/chat/completions "HTTP/1.1 200 OK"
2026-06-20 14:20:43,057 - INFO - HTTP Request: POST https://api.deepseek.com/chat/completions "HTTP/1.1 200 OK"
2026-06-20 14:20:46,809 - INFO - Debate for POONAWALLA/pe_expansion completed in 8.8s
2026-06-20 14:20:47,300 - INFO - Stored debate row id=247 for POONAWALLA/pe_expansion
2026-06-20 14:20:48,037 - INFO - run_debate symbol=QPOWER kind=guidance hash=4d95e5fdc589…
2026-06-20 14:20:48,689 - INFO - HTTP Request: POST https://api.deepseek.com/chat/completions "HTTP/1.1 200 OK"
2026-06-20 14:20:53,086 - INFO - HTTP Request: POST https://api.deepseek.com/chat/completions "HTTP/1.1 200 OK"
2026-06-20 14:20:56,853 - INFO - Debate for QPOWER/guidance completed in 8.4s
2026-06-20 14:20:57,325 - INFO - Stored debate row id=248 for QPOWER/guidance
2026-06-20 14:21:07,126 - INFO - run_debate symbol=QPOWER kind=pe_expansion hash=34796b051543…
2026-06-20 14:21:07,976 - INFO - HTTP Request: POST https://api.deepseek.com/chat/completions "HTTP/1.1 200 OK"
2026-06-20 14:21:12,885 - INFO - HTTP Request: POST https://api.deepseek.com/chat/completions "HTTP/1.1 200 OK"
2026-06-20 14:21:16,450 - INFO - Debate for QPOWER/pe_expansion completed in 8.9s
2026-06-20 14:21:16,953 - INFO - Stored debate row id=249 for QPOWER/pe_expansion
2026-06-20 14:21:17,614 - INFO - run_debate symbol=QUESS kind=guidance hash=eda0af2241f3…
2026-06-20 14:21:18,234 - INFO - HTTP Request: POST https://api.deepseek.com/chat/completions "HTTP/1.1 200 OK"
2026-06-20 14:21:22,006 - INFO - HTTP Request: POST https://api.deepseek.com/chat/completions "HTTP/1.1 200 OK"
2026-06-20 14:21:24,995 - INFO - Debate for QUESS/guidance completed in 7.0s
2026-06-20 14:21:25,931 - INFO - Stored debate row id=250 for QUESS/guidance
2026-06-20 14:21:36,104 - INFO - run_debate symbol=QUESS kind=pe_expansion hash=9ea2549c6646…
2026-06-20 14:21:36,935 - INFO - HTTP Request: POST https://api.deepseek.com/chat/completions "HTTP/1.1 200 OK"
2026-06-20 14:21:41,664 - INFO - HTTP Request: POST https://api.deepseek.com/chat/completions "HTTP/1.1 200 OK"
2026-06-20 14:21:45,328 - INFO - Debate for QUESS/pe_expansion completed in 8.8s
2026-06-20 14:21:45,825 - INFO - Stored debate row id=251 for QUESS/pe_expansion
2026-06-20 14:21:45,826 - INFO - Progress: 100/149 symbols
2026-06-20 14:21:46,465 - INFO - run_debate symbol=RAMRAT kind=guidance hash=5d80624fd99b…
2026-06-20 14:21:47,091 - INFO - HTTP Request: POST https://api.deepseek.com/chat/completions "HTTP/1.1 200 OK"
2026-06-20 14:21:50,285 - INFO - HTTP Request: POST https://api.deepseek.com/chat/completions "HTTP/1.1 200 OK"
2026-06-20 14:21:53,920 - INFO - Debate for RAMRAT/guidance completed in 7.0s
2026-06-20 14:21:54,568 - INFO - Stored debate row id=252 for RAMRAT/guidance
2026-06-20 14:22:04,383 - INFO - run_debate symbol=RAMRAT kind=pe_expansion hash=fd2173fa9161…
2026-06-20 14:22:05,235 - INFO - HTTP Request: POST https://api.deepseek.com/chat/completions "HTTP/1.1 200 OK"
2026-06-20 14:22:09,746 - INFO - HTTP Request: POST https://api.deepseek.com/chat/completions "HTTP/1.1 200 OK"
2026-06-20 14:22:13,496 - INFO - Debate for RAMRAT/pe_expansion completed in 8.7s
2026-06-20 14:22:13,994 - INFO - Stored debate row id=253 for RAMRAT/pe_expansion
2026-06-20 14:22:14,659 - INFO - run_debate symbol=RELIANCE kind=guidance hash=bf91081ba805…
2026-06-20 14:22:15,268 - INFO - HTTP Request: POST https://api.deepseek.com/chat/completions "HTTP/1.1 200 OK"
2026-06-20 14:22:18,873 - INFO - HTTP Request: POST https://api.deepseek.com/chat/completions "HTTP/1.1 200 OK"
2026-06-20 14:22:21,957 - INFO - Debate for RELIANCE/guidance completed in 6.9s
2026-06-20 14:22:22,423 - INFO - Stored debate row id=254 for RELIANCE/guidance
2026-06-20 14:22:30,408 - INFO - run_debate symbol=RELIANCE kind=pe_expansion hash=de4ef463937f…
2026-06-20 14:22:31,297 - INFO - HTTP Request: POST https://api.deepseek.com/chat/completions "HTTP/1.1 200 OK"
2026-06-20 14:22:35,960 - INFO - HTTP Request: POST https://api.deepseek.com/chat/completions "HTTP/1.1 200 OK"
2026-06-20 14:22:40,049 - INFO - Debate for RELIANCE/pe_expansion completed in 9.2s
2026-06-20 14:22:40,531 - INFO - Stored debate row id=255 for RELIANCE/pe_expansion
2026-06-20 14:22:41,271 - INFO - run_debate symbol=RPTECH kind=guidance hash=1c43c3186fe7…
2026-06-20 14:22:41,882 - INFO - HTTP Request: POST https://api.deepseek.com/chat/completions "HTTP/1.1 200 OK"
2026-06-20 14:22:45,341 - INFO - HTTP Request: POST https://api.deepseek.com/chat/completions "HTTP/1.1 200 OK"
2026-06-20 14:22:48,060 - INFO - Debate for RPTECH/guidance completed in 6.4s
2026-06-20 14:22:48,624 - INFO - Stored debate row id=256 for RPTECH/guidance
2026-06-20 14:22:58,588 - INFO - run_debate symbol=RPTECH kind=pe_expansion hash=80e50a5742a2…
2026-06-20 14:22:59,445 - INFO - HTTP Request: POST https://api.deepseek.com/chat/completions "HTTP/1.1 200 OK"
2026-06-20 14:23:06,498 - INFO - HTTP Request: POST https://api.deepseek.com/chat/completions "HTTP/1.1 200 OK"
2026-06-20 14:23:10,275 - INFO - Debate for RPTECH/pe_expansion completed in 11.2s
2026-06-20 14:23:10,825 - INFO - Stored debate row id=257 for RPTECH/pe_expansion
2026-06-20 14:23:12,328 - INFO - run_debate symbol=RTNINDIA kind=guidance hash=76db8ad711b4…
2026-06-20 14:23:12,966 - INFO - HTTP Request: POST https://api.deepseek.com/chat/completions "HTTP/1.1 200 OK"
2026-06-20 14:23:16,284 - INFO - HTTP Request: POST https://api.deepseek.com/chat/completions "HTTP/1.1 200 OK"
2026-06-20 14:23:20,007 - INFO - Debate for RTNINDIA/guidance completed in 7.2s
2026-06-20 14:23:20,743 - INFO - Stored debate row id=258 for RTNINDIA/guidance
2026-06-20 14:23:33,222 - INFO - run_debate symbol=RTNINDIA kind=pe_expansion hash=7fbf2e471507…
2026-06-20 14:23:34,117 - INFO - HTTP Request: POST https://api.deepseek.com/chat/completions "HTTP/1.1 200 OK"
2026-06-20 14:23:38,740 - INFO - HTTP Request: POST https://api.deepseek.com/chat/completions "HTTP/1.1 200 OK"
2026-06-20 14:23:42,494 - INFO - Debate for RTNINDIA/pe_expansion completed in 8.8s
2026-06-20 14:23:42,977 - INFO - Stored debate row id=259 for RTNINDIA/pe_expansion
2026-06-20 14:23:43,685 - INFO - run_debate symbol=RUBICON kind=guidance hash=c876a7c9c9ae…
2026-06-20 14:23:44,329 - INFO - HTTP Request: POST https://api.deepseek.com/chat/completions "HTTP/1.1 200 OK"
2026-06-20 14:23:47,491 - INFO - HTTP Request: POST https://api.deepseek.com/chat/completions "HTTP/1.1 200 OK"
2026-06-20 14:23:51,536 - INFO - Debate for RUBICON/guidance completed in 7.4s
2026-06-20 14:23:52,045 - INFO - Stored debate row id=260 for RUBICON/guidance
2026-06-20 14:24:02,806 - INFO - run_debate symbol=RUBICON kind=pe_expansion hash=240795e5ed68…
2026-06-20 14:24:03,492 - INFO - HTTP Request: POST https://api.deepseek.com/chat/completions "HTTP/1.1 200 OK"
2026-06-20 14:24:08,984 - INFO - HTTP Request: POST https://api.deepseek.com/chat/completions "HTTP/1.1 200 OK"
2026-06-20 14:24:12,586 - INFO - Debate for RUBICON/pe_expansion completed in 9.4s
2026-06-20 14:24:13,084 - INFO - Stored debate row id=261 for RUBICON/pe_expansion
2026-06-20 14:24:13,837 - INFO - run_debate symbol=SAATVIKGL kind=guidance hash=74c19fdaca8f…
2026-06-20 14:24:14,427 - INFO - HTTP Request: POST https://api.deepseek.com/chat/completions "HTTP/1.1 200 OK"
2026-06-20 14:24:18,805 - INFO - HTTP Request: POST https://api.deepseek.com/chat/completions "HTTP/1.1 200 OK"
2026-06-20 14:24:21,922 - INFO - Debate for SAATVIKGL/guidance completed in 7.7s
2026-06-20 14:24:22,390 - INFO - Stored debate row id=262 for SAATVIKGL/guidance
2026-06-20 14:24:30,472 - INFO - run_debate symbol=SAATVIKGL kind=pe_expansion hash=0afb400b411a…
2026-06-20 14:24:31,402 - INFO - HTTP Request: POST https://api.deepseek.com/chat/completions "HTTP/1.1 200 OK"
2026-06-20 14:24:35,706 - INFO - HTTP Request: POST https://api.deepseek.com/chat/completions "HTTP/1.1 200 OK"
2026-06-20 14:24:39,513 - INFO - Debate for SAATVIKGL/pe_expansion completed in 8.5s
2026-06-20 14:24:39,995 - INFO - Stored debate row id=263 for SAATVIKGL/pe_expansion
2026-06-20 14:24:40,745 - INFO - run_debate symbol=SANDHAR kind=guidance hash=37b7498e1a00…
2026-06-20 14:24:41,347 - INFO - HTTP Request: POST https://api.deepseek.com/chat/completions "HTTP/1.1 200 OK"
2026-06-20 14:24:45,988 - INFO - HTTP Request: POST https://api.deepseek.com/chat/completions "HTTP/1.1 200 OK"
2026-06-20 14:24:49,188 - INFO - Debate for SANDHAR/guidance completed in 8.0s
2026-06-20 14:24:49,666 - INFO - Stored debate row id=264 for SANDHAR/guidance
2026-06-20 14:24:59,353 - INFO - run_debate symbol=SANDHAR kind=pe_expansion hash=23ed3bec32cc…
2026-06-20 14:25:00,098 - INFO - HTTP Request: POST https://api.deepseek.com/chat/completions "HTTP/1.1 200 OK"
2026-06-20 14:25:04,563 - INFO - HTTP Request: POST https://api.deepseek.com/chat/completions "HTTP/1.1 200 OK"
2026-06-20 14:25:08,725 - INFO - Debate for SANDHAR/pe_expansion completed in 8.9s
2026-06-20 14:25:09,210 - INFO - Stored debate row id=265 for SANDHAR/pe_expansion
2026-06-20 14:25:09,830 - INFO - run_debate symbol=SANOFICONR kind=guidance hash=88500c660a67…
2026-06-20 14:25:10,462 - INFO - HTTP Request: POST https://api.deepseek.com/chat/completions "HTTP/1.1 200 OK"
2026-06-20 14:25:14,437 - INFO - HTTP Request: POST https://api.deepseek.com/chat/completions "HTTP/1.1 200 OK"
2026-06-20 14:25:18,034 - INFO - Debate for SANOFICONR/guidance completed in 7.8s
2026-06-20 14:25:18,529 - INFO - Stored debate row id=266 for SANOFICONR/guidance
2026-06-20 14:25:26,345 - INFO - run_debate symbol=SANOFICONR kind=pe_expansion hash=d28689e89ac7…
2026-06-20 14:25:27,072 - INFO - HTTP Request: POST https://api.deepseek.com/chat/completions "HTTP/1.1 200 OK"
2026-06-20 14:25:31,515 - INFO - HTTP Request: POST https://api.deepseek.com/chat/completions "HTTP/1.1 200 OK"
2026-06-20 14:25:35,233 - INFO - Debate for SANOFICONR/pe_expansion completed in 8.4s
2026-06-20 14:25:35,738 - INFO - Stored debate row id=267 for SANOFICONR/pe_expansion
2026-06-20 14:25:36,421 - INFO - run_debate symbol=SGFIN kind=guidance hash=a352f071d509…
2026-06-20 14:25:37,075 - INFO - HTTP Request: POST https://api.deepseek.com/chat/completions "HTTP/1.1 200 OK"
2026-06-20 14:25:40,886 - INFO - HTTP Request: POST https://api.deepseek.com/chat/completions "HTTP/1.1 200 OK"
2026-06-20 14:25:45,234 - INFO - Debate for SGFIN/guidance completed in 8.4s
2026-06-20 14:25:45,746 - INFO - Stored debate row id=268 for SGFIN/guidance
2026-06-20 14:25:53,894 - INFO - run_debate symbol=SGFIN kind=pe_expansion hash=9de969ecff0a…
2026-06-20 14:25:54,704 - INFO - HTTP Request: POST https://api.deepseek.com/chat/completions "HTTP/1.1 200 OK"
2026-06-20 14:25:59,883 - INFO - HTTP Request: POST https://api.deepseek.com/chat/completions "HTTP/1.1 200 OK"
2026-06-20 14:26:04,349 - INFO - Debate for SGFIN/pe_expansion completed in 10.0s
2026-06-20 14:26:04,857 - INFO - Stored debate row id=269 for SGFIN/pe_expansion
2026-06-20 14:26:05,525 - INFO - run_debate symbol=SHAILY kind=guidance hash=3bfd6762d566…
2026-06-20 14:26:06,148 - INFO - HTTP Request: POST https://api.deepseek.com/chat/completions "HTTP/1.1 200 OK"
2026-06-20 14:26:10,207 - INFO - HTTP Request: POST https://api.deepseek.com/chat/completions "HTTP/1.1 200 OK"
2026-06-20 14:26:14,492 - INFO - Debate for SHAILY/guidance completed in 8.5s
2026-06-20 14:26:14,969 - INFO - Stored debate row id=270 for SHAILY/guidance
2026-06-20 14:26:25,243 - INFO - run_debate symbol=SHAILY kind=pe_expansion hash=5cec65ade085…
2026-06-20 14:26:26,018 - INFO - HTTP Request: POST https://api.deepseek.com/chat/completions "HTTP/1.1 200 OK"
2026-06-20 14:26:31,454 - INFO - HTTP Request: POST https://api.deepseek.com/chat/completions "HTTP/1.1 200 OK"
2026-06-20 14:26:36,173 - INFO - Debate for SHAILY/pe_expansion completed in 10.5s
2026-06-20 14:26:36,688 - INFO - Stored debate row id=271 for SHAILY/pe_expansion
2026-06-20 14:26:36,689 - INFO - Progress: 110/149 symbols
2026-06-20 14:26:37,417 - INFO - run_debate symbol=SHAKTIPUMP kind=guidance hash=b01c2a6c3eb4…
2026-06-20 14:26:38,054 - INFO - HTTP Request: POST https://api.deepseek.com/chat/completions "HTTP/1.1 200 OK"
2026-06-20 14:26:43,153 - INFO - HTTP Request: POST https://api.deepseek.com/chat/completions "HTTP/1.1 200 OK"
2026-06-20 14:26:47,856 - INFO - Debate for SHAKTIPUMP/guidance completed in 10.0s
2026-06-20 14:26:48,360 - INFO - Stored debate row id=272 for SHAKTIPUMP/guidance
2026-06-20 14:27:00,215 - INFO - run_debate symbol=SHAKTIPUMP kind=pe_expansion hash=e9679c19d508…
2026-06-20 14:27:01,116 - INFO - HTTP Request: POST https://api.deepseek.com/chat/completions "HTTP/1.1 200 OK"
2026-06-20 14:27:06,503 - INFO - HTTP Request: POST https://api.deepseek.com/chat/completions "HTTP/1.1 200 OK"
2026-06-20 14:27:10,822 - INFO - Debate for SHAKTIPUMP/pe_expansion completed in 10.2s
2026-06-20 14:27:11,325 - INFO - Stored debate row id=273 for SHAKTIPUMP/pe_expansion
2026-06-20 14:27:12,440 - INFO - run_debate symbol=SHARDACROP kind=guidance hash=f65fd373a057…
2026-06-20 14:27:13,079 - INFO - HTTP Request: POST https://api.deepseek.com/chat/completions "HTTP/1.1 200 OK"
2026-06-20 14:27:17,226 - INFO - HTTP Request: POST https://api.deepseek.com/chat/completions "HTTP/1.1 200 OK"
2026-06-20 14:27:21,537 - INFO - Debate for SHARDACROP/guidance completed in 8.7s
2026-06-20 14:27:22,042 - INFO - Stored debate row id=274 for SHARDACROP/guidance
2026-06-20 14:27:31,196 - INFO - run_debate symbol=SHARDACROP kind=pe_expansion hash=f7e0a814cd13…
2026-06-20 14:27:31,868 - INFO - HTTP Request: POST https://api.deepseek.com/chat/completions "HTTP/1.1 200 OK"
2026-06-20 14:27:37,211 - INFO - HTTP Request: POST https://api.deepseek.com/chat/completions "HTTP/1.1 200 OK"
2026-06-20 14:27:41,399 - INFO - Debate for SHARDACROP/pe_expansion completed in 9.8s
2026-06-20 14:27:41,909 - INFO - Stored debate row id=275 for SHARDACROP/pe_expansion
2026-06-20 14:27:42,580 - INFO - run_debate symbol=SHILCTECH kind=guidance hash=fc73192172e7…
2026-06-20 14:27:43,213 - INFO - HTTP Request: POST https://api.deepseek.com/chat/completions "HTTP/1.1 200 OK"
2026-06-20 14:27:47,354 - INFO - HTTP Request: POST https://api.deepseek.com/chat/completions "HTTP/1.1 200 OK"
2026-06-20 14:27:51,513 - INFO - Debate for SHILCTECH/guidance completed in 8.5s
2026-06-20 14:27:52,005 - INFO - Stored debate row id=276 for SHILCTECH/guidance
2026-06-20 14:28:07,250 - INFO - run_debate symbol=SHILCTECH kind=pe_expansion hash=66c151c3dcbb…
2026-06-20 14:28:08,032 - INFO - HTTP Request: POST https://api.deepseek.com/chat/completions "HTTP/1.1 200 OK"
2026-06-20 14:28:12,402 - INFO - HTTP Request: POST https://api.deepseek.com/chat/completions "HTTP/1.1 200 OK"
2026-06-20 14:28:16,604 - INFO - Debate for SHILCTECH/pe_expansion completed in 8.9s
2026-06-20 14:28:17,084 - INFO - Stored debate row id=277 for SHILCTECH/pe_expansion
2026-06-20 14:28:17,797 - INFO - run_debate symbol=SIGMA kind=guidance hash=000c11ec1216…
2026-06-20 14:28:18,547 - INFO - HTTP Request: POST https://api.deepseek.com/chat/completions "HTTP/1.1 200 OK"
2026-06-20 14:28:21,936 - INFO - HTTP Request: POST https://api.deepseek.com/chat/completions "HTTP/1.1 200 OK"
2026-06-20 14:28:26,631 - INFO - Debate for SIGMA/guidance completed in 8.4s
2026-06-20 14:28:27,106 - INFO - Stored debate row id=278 for SIGMA/guidance
2026-06-20 14:28:36,880 - INFO - run_debate symbol=SIGMA kind=pe_expansion hash=88d3d4ab3828…
2026-06-20 14:28:37,584 - INFO - HTTP Request: POST https://api.deepseek.com/chat/completions "HTTP/1.1 200 OK"
2026-06-20 14:28:42,541 - INFO - HTTP Request: POST https://api.deepseek.com/chat/completions "HTTP/1.1 200 OK"
2026-06-20 14:28:46,304 - INFO - Debate for SIGMA/pe_expansion completed in 9.0s
2026-06-20 14:28:46,879 - INFO - Stored debate row id=279 for SIGMA/pe_expansion
2026-06-20 14:28:47,515 - INFO - run_debate symbol=SJS kind=guidance hash=722f66d1a636…
2026-06-20 14:28:48,139 - INFO - HTTP Request: POST https://api.deepseek.com/chat/completions "HTTP/1.1 200 OK"
2026-06-20 14:28:52,133 - INFO - HTTP Request: POST https://api.deepseek.com/chat/completions "HTTP/1.1 200 OK"
2026-06-20 14:28:55,420 - INFO - Debate for SJS/guidance completed in 7.5s
2026-06-20 14:28:55,904 - INFO - Stored debate row id=280 for SJS/guidance
2026-06-20 14:29:09,890 - INFO - run_debate symbol=SJS kind=pe_expansion hash=a7534d82168e…
2026-06-20 14:29:10,873 - INFO - HTTP Request: POST https://api.deepseek.com/chat/completions "HTTP/1.1 200 OK"
2026-06-20 14:29:15,743 - INFO - HTTP Request: POST https://api.deepseek.com/chat/completions "HTTP/1.1 200 OK"
2026-06-20 14:29:20,113 - INFO - Debate for SJS/pe_expansion completed in 9.8s
2026-06-20 14:29:20,618 - INFO - Stored debate row id=281 for SJS/pe_expansion
2026-06-20 14:29:21,260 - INFO - run_debate symbol=SKFINDIA kind=guidance hash=e771111be372…
2026-06-20 14:29:21,932 - INFO - HTTP Request: POST https://api.deepseek.com/chat/completions "HTTP/1.1 200 OK"
2026-06-20 14:29:26,848 - INFO - HTTP Request: POST https://api.deepseek.com/chat/completions "HTTP/1.1 200 OK"
2026-06-20 14:29:30,718 - INFO - Debate for SKFINDIA/guidance completed in 9.0s
2026-06-20 14:29:31,223 - INFO - Stored debate row id=282 for SKFINDIA/guidance
2026-06-20 14:29:41,550 - INFO - run_debate symbol=SKFINDIA kind=pe_expansion hash=c62ca9f33c1a…
2026-06-20 14:29:42,323 - INFO - HTTP Request: POST https://api.deepseek.com/chat/completions "HTTP/1.1 200 OK"
2026-06-20 14:29:47,035 - INFO - HTTP Request: POST https://api.deepseek.com/chat/completions "HTTP/1.1 200 OK"
2026-06-20 14:29:51,434 - INFO - Debate for SKFINDIA/pe_expansion completed in 9.4s
2026-06-20 14:29:51,933 - INFO - Stored debate row id=283 for SKFINDIA/pe_expansion
2026-06-20 14:29:52,609 - INFO - run_debate symbol=SKIPPER kind=guidance hash=44ed63bbcdd7…
2026-06-20 14:29:53,256 - INFO - HTTP Request: POST https://api.deepseek.com/chat/completions "HTTP/1.1 200 OK"
2026-06-20 14:29:57,772 - INFO - HTTP Request: POST https://api.deepseek.com/chat/completions "HTTP/1.1 200 OK"
2026-06-20 14:30:01,463 - INFO - Debate for SKIPPER/guidance completed in 8.4s
2026-06-20 14:30:02,183 - INFO - Stored debate row id=284 for SKIPPER/guidance
2026-06-20 14:30:16,765 - INFO - run_debate symbol=SKIPPER kind=pe_expansion hash=28a59fcf4495…
2026-06-20 14:30:17,970 - INFO - HTTP Request: POST https://api.deepseek.com/chat/completions "HTTP/1.1 200 OK"
2026-06-20 14:30:23,895 - INFO - HTTP Request: POST https://api.deepseek.com/chat/completions "HTTP/1.1 200 OK"
2026-06-20 14:30:28,398 - INFO - Debate for SKIPPER/pe_expansion completed in 11.0s
2026-06-20 14:30:28,956 - INFO - Stored debate row id=285 for SKIPPER/pe_expansion
2026-06-20 14:30:29,683 - INFO - run_debate symbol=SKYGOLD kind=guidance hash=804f84fe5ecd…
2026-06-20 14:30:30,356 - INFO - HTTP Request: POST https://api.deepseek.com/chat/completions "HTTP/1.1 200 OK"
2026-06-20 14:30:34,642 - INFO - HTTP Request: POST https://api.deepseek.com/chat/completions "HTTP/1.1 200 OK"
2026-06-20 14:30:40,442 - INFO - Debate for SKYGOLD/guidance completed in 10.3s
2026-06-20 14:30:40,939 - INFO - Stored debate row id=286 for SKYGOLD/guidance
2026-06-20 14:30:52,351 - INFO - run_debate symbol=SKYGOLD kind=pe_expansion hash=2a079f913da0…
2026-06-20 14:30:53,786 - INFO - HTTP Request: POST https://api.deepseek.com/chat/completions "HTTP/1.1 200 OK"
2026-06-20 14:30:59,231 - INFO - HTTP Request: POST https://api.deepseek.com/chat/completions "HTTP/1.1 200 OK"
2026-06-20 14:31:03,619 - INFO - Debate for SKYGOLD/pe_expansion completed in 10.8s
2026-06-20 14:31:04,176 - INFO - Stored debate row id=287 for SKYGOLD/pe_expansion
2026-06-20 14:31:04,852 - INFO - run_debate symbol=SMCGLOBAL kind=guidance hash=f1779ce19c69…
2026-06-20 14:31:05,561 - INFO - HTTP Request: POST https://api.deepseek.com/chat/completions "HTTP/1.1 200 OK"
2026-06-20 14:31:09,499 - INFO - HTTP Request: POST https://api.deepseek.com/chat/completions "HTTP/1.1 200 OK"
2026-06-20 14:31:12,840 - INFO - Debate for SMCGLOBAL/guidance completed in 7.6s
2026-06-20 14:31:13,356 - INFO - Stored debate row id=288 for SMCGLOBAL/guidance
2026-06-20 14:31:26,830 - INFO - run_debate symbol=SMCGLOBAL kind=pe_expansion hash=6570ec84a9fe…
2026-06-20 14:31:27,751 - INFO - HTTP Request: POST https://api.deepseek.com/chat/completions "HTTP/1.1 200 OK"
2026-06-20 14:31:32,758 - INFO - HTTP Request: POST https://api.deepseek.com/chat/completions "HTTP/1.1 200 OK"
2026-06-20 14:31:37,210 - INFO - Debate for SMCGLOBAL/pe_expansion completed in 9.9s
2026-06-20 14:31:37,806 - INFO - Stored debate row id=289 for SMCGLOBAL/pe_expansion
2026-06-20 14:31:38,482 - INFO - run_debate symbol=SONATSOFTW kind=guidance hash=c142bf78b255…
2026-06-20 14:31:39,122 - INFO - HTTP Request: POST https://api.deepseek.com/chat/completions "HTTP/1.1 200 OK"
2026-06-20 14:31:42,859 - INFO - HTTP Request: POST https://api.deepseek.com/chat/completions "HTTP/1.1 200 OK"
2026-06-20 14:31:46,034 - INFO - Debate for SONATSOFTW/guidance completed in 7.1s
2026-06-20 14:31:46,514 - INFO - Stored debate row id=290 for SONATSOFTW/guidance
2026-06-20 14:31:58,591 - INFO - run_debate symbol=SONATSOFTW kind=pe_expansion hash=f9fffe3e9557…
2026-06-20 14:31:59,439 - INFO - HTTP Request: POST https://api.deepseek.com/chat/completions "HTTP/1.1 200 OK"
2026-06-20 14:32:04,135 - INFO - HTTP Request: POST https://api.deepseek.com/chat/completions "HTTP/1.1 200 OK"
2026-06-20 14:32:08,363 - INFO - Debate for SONATSOFTW/pe_expansion completed in 9.3s
2026-06-20 14:32:08,866 - INFO - Stored debate row id=291 for SONATSOFTW/pe_expansion
2026-06-20 14:32:08,867 - INFO - Progress: 120/149 symbols
2026-06-20 14:32:09,516 - INFO - run_debate symbol=SOUTHBANK kind=guidance hash=9208a5b73e24…
2026-06-20 14:32:10,135 - INFO - HTTP Request: POST https://api.deepseek.com/chat/completions "HTTP/1.1 200 OK"
2026-06-20 14:32:15,031 - INFO - HTTP Request: POST https://api.deepseek.com/chat/completions "HTTP/1.1 200 OK"
2026-06-20 14:32:19,540 - INFO - Debate for SOUTHBANK/guidance completed in 9.6s
2026-06-20 14:32:20,020 - INFO - Stored debate row id=292 for SOUTHBANK/guidance
2026-06-20 14:32:31,271 - INFO - run_debate symbol=SOUTHBANK kind=pe_expansion hash=2c55ab2f00c7…
2026-06-20 14:32:32,192 - INFO - HTTP Request: POST https://api.deepseek.com/chat/completions "HTTP/1.1 200 OK"
2026-06-20 14:32:37,338 - INFO - HTTP Request: POST https://api.deepseek.com/chat/completions "HTTP/1.1 200 OK"
2026-06-20 14:32:40,901 - INFO - Debate for SOUTHBANK/pe_expansion completed in 9.2s
2026-06-20 14:32:41,425 - INFO - Stored debate row id=293 for SOUTHBANK/pe_expansion
2026-06-20 14:32:42,196 - INFO - run_debate symbol=SRM kind=guidance hash=d1aacf8129d6…
2026-06-20 14:32:42,944 - INFO - HTTP Request: POST https://api.deepseek.com/chat/completions "HTTP/1.1 200 OK"
2026-06-20 14:32:46,457 - INFO - HTTP Request: POST https://api.deepseek.com/chat/completions "HTTP/1.1 200 OK"
2026-06-20 14:32:50,015 - INFO - Debate for SRM/guidance completed in 7.4s
2026-06-20 14:32:51,238 - INFO - Stored debate row id=294 for SRM/guidance
2026-06-20 14:33:02,773 - INFO - run_debate symbol=SRM kind=pe_expansion hash=28a63696b9c5…
2026-06-20 14:33:03,740 - INFO - HTTP Request: POST https://api.deepseek.com/chat/completions "HTTP/1.1 200 OK"
2026-06-20 14:33:08,237 - INFO - HTTP Request: POST https://api.deepseek.com/chat/completions "HTTP/1.1 200 OK"
2026-06-20 14:33:12,443 - INFO - Debate for SRM/pe_expansion completed in 9.1s
2026-06-20 14:33:12,931 - INFO - Stored debate row id=295 for SRM/pe_expansion
2026-06-20 14:33:13,614 - INFO - run_debate symbol=SUNDARMFIN kind=guidance hash=46d00e06716e…
2026-06-20 14:33:14,279 - INFO - HTTP Request: POST https://api.deepseek.com/chat/completions "HTTP/1.1 200 OK"
2026-06-20 14:33:18,477 - INFO - HTTP Request: POST https://api.deepseek.com/chat/completions "HTTP/1.1 200 OK"
2026-06-20 14:33:22,989 - INFO - Debate for SUNDARMFIN/guidance completed in 8.9s
2026-06-20 14:33:23,503 - INFO - Stored debate row id=296 for SUNDARMFIN/guidance
2026-06-20 14:33:30,702 - INFO - run_debate symbol=SUNDARMFIN kind=pe_expansion hash=37829fd6340d…
2026-06-20 14:33:31,482 - INFO - HTTP Request: POST https://api.deepseek.com/chat/completions "HTTP/1.1 200 OK"
2026-06-20 14:33:36,251 - INFO - HTTP Request: POST https://api.deepseek.com/chat/completions "HTTP/1.1 200 OK"
2026-06-20 14:33:39,886 - INFO - Debate for SUNDARMFIN/pe_expansion completed in 8.8s
2026-06-20 14:33:40,596 - INFO - Stored debate row id=297 for SUNDARMFIN/pe_expansion
2026-06-20 14:33:41,215 - INFO - run_debate symbol=SUZLON kind=guidance hash=de39718ca936…
2026-06-20 14:33:42,157 - INFO - HTTP Request: POST https://api.deepseek.com/chat/completions "HTTP/1.1 200 OK"
2026-06-20 14:33:46,228 - INFO - HTTP Request: POST https://api.deepseek.com/chat/completions "HTTP/1.1 200 OK"
2026-06-20 14:33:50,537 - INFO - Debate for SUZLON/guidance completed in 8.6s
2026-06-20 14:33:51,682 - INFO - Stored debate row id=298 for SUZLON/guidance
2026-06-20 14:34:11,092 - INFO - run_debate symbol=SUZLON kind=pe_expansion hash=406b73cbefac…
2026-06-20 14:34:12,033 - INFO - HTTP Request: POST https://api.deepseek.com/chat/completions "HTTP/1.1 200 OK"
2026-06-20 14:34:17,703 - INFO - HTTP Request: POST https://api.deepseek.com/chat/completions "HTTP/1.1 200 OK"
2026-06-20 14:34:21,969 - INFO - Debate for SUZLON/pe_expansion completed in 10.5s
2026-06-20 14:34:22,672 - INFO - Stored debate row id=299 for SUZLON/pe_expansion
2026-06-20 14:34:23,328 - INFO - run_debate symbol=TAJGVK kind=guidance hash=b0a9c1db61c1…
2026-06-20 14:34:23,987 - INFO - HTTP Request: POST https://api.deepseek.com/chat/completions "HTTP/1.1 200 OK"
2026-06-20 14:34:28,622 - INFO - HTTP Request: POST https://api.deepseek.com/chat/completions "HTTP/1.1 200 OK"
2026-06-20 14:34:32,623 - INFO - Debate for TAJGVK/guidance completed in 8.9s
2026-06-20 14:34:33,213 - INFO - Stored debate row id=300 for TAJGVK/guidance
2026-06-20 14:34:41,351 - INFO - run_debate symbol=TAJGVK kind=pe_expansion hash=53ad7d946342…
2026-06-20 14:34:42,343 - INFO - HTTP Request: POST https://api.deepseek.com/chat/completions "HTTP/1.1 200 OK"
2026-06-20 14:34:47,769 - INFO - HTTP Request: POST https://api.deepseek.com/chat/completions "HTTP/1.1 200 OK"
2026-06-20 14:34:52,693 - INFO - Debate for TAJGVK/pe_expansion completed in 10.9s
2026-06-20 14:34:53,203 - INFO - Stored debate row id=301 for TAJGVK/pe_expansion
2026-06-20 14:34:53,942 - INFO - run_debate symbol=TARIL kind=guidance hash=45e1fcb3df85…
2026-06-20 14:34:54,666 - INFO - HTTP Request: POST https://api.deepseek.com/chat/completions "HTTP/1.1 200 OK"
2026-06-20 14:34:58,829 - INFO - HTTP Request: POST https://api.deepseek.com/chat/completions "HTTP/1.1 200 OK"
2026-06-20 14:35:02,435 - INFO - Debate for TARIL/guidance completed in 8.0s
2026-06-20 14:35:02,993 - INFO - Stored debate row id=302 for TARIL/guidance
2026-06-20 14:35:12,446 - INFO - run_debate symbol=TARIL kind=pe_expansion hash=08badad05b5d…
2026-06-20 14:35:13,354 - INFO - HTTP Request: POST https://api.deepseek.com/chat/completions "HTTP/1.1 200 OK"
2026-06-20 14:35:18,246 - INFO - HTTP Request: POST https://api.deepseek.com/chat/completions "HTTP/1.1 200 OK"
2026-06-20 14:35:23,720 - INFO - Debate for TARIL/pe_expansion completed in 10.8s
2026-06-20 14:35:24,291 - INFO - Stored debate row id=303 for TARIL/pe_expansion
2026-06-20 14:35:24,980 - INFO - run_debate symbol=TBZ kind=guidance hash=8190d785b3fa…
2026-06-20 14:35:25,657 - INFO - HTTP Request: POST https://api.deepseek.com/chat/completions "HTTP/1.1 200 OK"
2026-06-20 14:35:29,447 - INFO - HTTP Request: POST https://api.deepseek.com/chat/completions "HTTP/1.1 200 OK"
2026-06-20 14:35:33,322 - INFO - Debate for TBZ/guidance completed in 7.9s
2026-06-20 14:35:33,899 - INFO - Stored debate row id=304 for TBZ/guidance
2026-06-20 14:35:49,163 - INFO - run_debate symbol=TBZ kind=pe_expansion hash=528d7bee4e0c…
2026-06-20 14:35:50,011 - INFO - HTTP Request: POST https://api.deepseek.com/chat/completions "HTTP/1.1 200 OK"
2026-06-20 14:35:54,535 - INFO - HTTP Request: POST https://api.deepseek.com/chat/completions "HTTP/1.1 200 OK"
2026-06-20 14:35:59,293 - INFO - Debate for TBZ/pe_expansion completed in 9.6s
2026-06-20 14:36:00,119 - INFO - Stored debate row id=305 for TBZ/pe_expansion
2026-06-20 14:36:00,796 - INFO - run_debate symbol=TCS kind=guidance hash=4ec7ca69f415…
2026-06-20 14:36:01,485 - INFO - HTTP Request: POST https://api.deepseek.com/chat/completions "HTTP/1.1 200 OK"
2026-06-20 14:36:05,594 - INFO - HTTP Request: POST https://api.deepseek.com/chat/completions "HTTP/1.1 200 OK"
2026-06-20 14:36:09,084 - INFO - Debate for TCS/guidance completed in 7.8s
2026-06-20 14:36:09,558 - INFO - Stored debate row id=306 for TCS/guidance
2026-06-20 14:36:23,128 - INFO - run_debate symbol=TCS kind=pe_expansion hash=d16b11ffc347…
2026-06-20 14:36:24,042 - INFO - HTTP Request: POST https://api.deepseek.com/chat/completions "HTTP/1.1 200 OK"
2026-06-20 14:36:29,212 - INFO - HTTP Request: POST https://api.deepseek.com/chat/completions "HTTP/1.1 200 OK"
2026-06-20 14:36:33,251 - INFO - Debate for TCS/pe_expansion completed in 9.7s
2026-06-20 14:36:33,889 - INFO - Stored debate row id=307 for TCS/pe_expansion
2026-06-20 14:36:34,534 - INFO - run_debate symbol=TDPOWERSYS kind=guidance hash=56fae9be4cfd…
2026-06-20 14:36:35,293 - INFO - HTTP Request: POST https://api.deepseek.com/chat/completions "HTTP/1.1 200 OK"
2026-06-20 14:36:39,181 - INFO - HTTP Request: POST https://api.deepseek.com/chat/completions "HTTP/1.1 200 OK"
2026-06-20 14:36:44,513 - INFO - Debate for TDPOWERSYS/guidance completed in 9.5s
2026-06-20 14:36:45,079 - INFO - Stored debate row id=308 for TDPOWERSYS/guidance
2026-06-20 14:36:57,060 - INFO - run_debate symbol=TDPOWERSYS kind=pe_expansion hash=89e173d44a95…
2026-06-20 14:36:57,921 - INFO - HTTP Request: POST https://api.deepseek.com/chat/completions "HTTP/1.1 200 OK"
2026-06-20 14:37:03,144 - INFO - HTTP Request: POST https://api.deepseek.com/chat/completions "HTTP/1.1 200 OK"
2026-06-20 14:37:07,683 - INFO - Debate for TDPOWERSYS/pe_expansion completed in 10.2s
2026-06-20 14:37:08,372 - INFO - Stored debate row id=309 for TDPOWERSYS/pe_expansion
2026-06-20 14:37:09,204 - INFO - run_debate symbol=TI kind=guidance hash=44c1c19a0f01…
2026-06-20 14:37:10,075 - INFO - HTTP Request: POST https://api.deepseek.com/chat/completions "HTTP/1.1 200 OK"
2026-06-20 14:37:14,331 - INFO - HTTP Request: POST https://api.deepseek.com/chat/completions "HTTP/1.1 200 OK"
2026-06-20 14:37:18,093 - INFO - Debate for TI/guidance completed in 8.2s
2026-06-20 14:37:18,562 - INFO - Stored debate row id=310 for TI/guidance
2026-06-20 14:37:30,844 - INFO - run_debate symbol=TI kind=pe_expansion hash=1101de41f02f…
2026-06-20 14:37:31,686 - INFO - HTTP Request: POST https://api.deepseek.com/chat/completions "HTTP/1.1 200 OK"
2026-06-20 14:37:36,231 - INFO - HTTP Request: POST https://api.deepseek.com/chat/completions "HTTP/1.1 200 OK"
2026-06-20 14:37:41,548 - INFO - Debate for TI/pe_expansion completed in 10.3s
2026-06-20 14:37:42,063 - INFO - Stored debate row id=311 for TI/pe_expansion
2026-06-20 14:37:42,064 - INFO - Progress: 130/149 symbols
2026-06-20 14:37:42,725 - INFO - run_debate symbol=TIMETECHNO kind=guidance hash=3fc11ae3205f…
2026-06-20 14:37:43,490 - INFO - HTTP Request: POST https://api.deepseek.com/chat/completions "HTTP/1.1 200 OK"
2026-06-20 14:37:47,454 - INFO - HTTP Request: POST https://api.deepseek.com/chat/completions "HTTP/1.1 200 OK"
2026-06-20 14:37:50,564 - INFO - Debate for TIMETECHNO/guidance completed in 7.4s
2026-06-20 14:37:51,092 - INFO - Stored debate row id=312 for TIMETECHNO/guidance
2026-06-20 14:38:06,811 - INFO - run_debate symbol=TIMETECHNO kind=pe_expansion hash=60a1f1942255…
2026-06-20 14:38:07,657 - INFO - HTTP Request: POST https://api.deepseek.com/chat/completions "HTTP/1.1 200 OK"
2026-06-20 14:38:12,540 - INFO - HTTP Request: POST https://api.deepseek.com/chat/completions "HTTP/1.1 200 OK"
2026-06-20 14:38:16,981 - INFO - Debate for TIMETECHNO/pe_expansion completed in 9.7s
2026-06-20 14:38:17,487 - INFO - Stored debate row id=313 for TIMETECHNO/pe_expansion
2026-06-20 14:38:18,220 - INFO - run_debate symbol=TIPSMUSIC kind=guidance hash=482bd7e793c3…
2026-06-20 14:38:19,106 - INFO - HTTP Request: POST https://api.deepseek.com/chat/completions "HTTP/1.1 200 OK"
2026-06-20 14:38:23,258 - INFO - HTTP Request: POST https://api.deepseek.com/chat/completions "HTTP/1.1 200 OK"
2026-06-20 14:38:27,221 - INFO - Debate for TIPSMUSIC/guidance completed in 8.4s
2026-06-20 14:38:27,736 - INFO - Stored debate row id=314 for TIPSMUSIC/guidance
2026-06-20 14:38:38,014 - INFO - run_debate symbol=TIPSMUSIC kind=pe_expansion hash=1f24eaa6f435…
2026-06-20 14:38:38,822 - INFO - HTTP Request: POST https://api.deepseek.com/chat/completions "HTTP/1.1 200 OK"
2026-06-20 14:38:44,075 - INFO - HTTP Request: POST https://api.deepseek.com/chat/completions "HTTP/1.1 200 OK"
2026-06-20 14:38:47,703 - INFO - Debate for TIPSMUSIC/pe_expansion completed in 9.3s
2026-06-20 14:38:48,199 - INFO - Stored debate row id=315 for TIPSMUSIC/pe_expansion
2026-06-20 14:38:48,861 - INFO - run_debate symbol=TITAN kind=guidance hash=f12143a123da…
2026-06-20 14:38:49,538 - INFO - HTTP Request: POST https://api.deepseek.com/chat/completions "HTTP/1.1 200 OK"
2026-06-20 14:38:53,448 - INFO - HTTP Request: POST https://api.deepseek.com/chat/completions "HTTP/1.1 200 OK"
2026-06-20 14:38:56,492 - INFO - Debate for TITAN/guidance completed in 7.2s
2026-06-20 14:38:56,976 - INFO - Stored debate row id=316 for TITAN/guidance
2026-06-20 14:39:10,759 - INFO - run_debate symbol=TITAN kind=pe_expansion hash=d0c0784df881…
2026-06-20 14:39:11,760 - INFO - HTTP Request: POST https://api.deepseek.com/chat/completions "HTTP/1.1 200 OK"
2026-06-20 14:39:16,878 - INFO - HTTP Request: POST https://api.deepseek.com/chat/completions "HTTP/1.1 200 OK"
2026-06-20 14:39:20,602 - INFO - Debate for TITAN/pe_expansion completed in 9.3s
2026-06-20 14:39:21,077 - INFO - Stored debate row id=317 for TITAN/pe_expansion
2026-06-20 14:39:21,795 - INFO - run_debate symbol=TMCV kind=guidance hash=3ff6c9efdc93…
2026-06-20 14:39:22,411 - INFO - HTTP Request: POST https://api.deepseek.com/chat/completions "HTTP/1.1 200 OK"
2026-06-20 14:39:26,178 - INFO - HTTP Request: POST https://api.deepseek.com/chat/completions "HTTP/1.1 200 OK"
2026-06-20 14:39:29,748 - INFO - Debate for TMCV/guidance completed in 7.5s
2026-06-20 14:39:30,296 - INFO - Stored debate row id=318 for TMCV/guidance
2026-06-20 14:39:41,066 - INFO - run_debate symbol=TMCV kind=pe_expansion hash=3555b3c6e52f…
2026-06-20 14:39:41,848 - INFO - HTTP Request: POST https://api.deepseek.com/chat/completions "HTTP/1.1 200 OK"
2026-06-20 14:39:46,576 - INFO - HTTP Request: POST https://api.deepseek.com/chat/completions "HTTP/1.1 200 OK"
2026-06-20 14:39:50,811 - INFO - Debate for TMCV/pe_expansion completed in 9.3s
2026-06-20 14:39:51,345 - INFO - Stored debate row id=319 for TMCV/pe_expansion
2026-06-20 14:39:52,034 - INFO - run_debate symbol=TMPV kind=guidance hash=5e3461aa2108…
2026-06-20 14:39:52,648 - INFO - HTTP Request: POST https://api.deepseek.com/chat/completions "HTTP/1.1 200 OK"
2026-06-20 14:39:57,326 - INFO - HTTP Request: POST https://api.deepseek.com/chat/completions "HTTP/1.1 200 OK"
2026-06-20 14:40:01,569 - INFO - Debate for TMPV/guidance completed in 9.1s
2026-06-20 14:40:02,054 - INFO - Stored debate row id=320 for TMPV/guidance
2026-06-20 14:40:14,761 - INFO - run_debate symbol=TMPV kind=pe_expansion hash=d02378bcf622…
2026-06-20 14:40:15,494 - INFO - HTTP Request: POST https://api.deepseek.com/chat/completions "HTTP/1.1 200 OK"
2026-06-20 14:40:20,689 - INFO - HTTP Request: POST https://api.deepseek.com/chat/completions "HTTP/1.1 200 OK"
2026-06-20 14:40:24,468 - INFO - Debate for TMPV/pe_expansion completed in 9.3s
2026-06-20 14:40:24,959 - INFO - Stored debate row id=321 for TMPV/pe_expansion
2026-06-20 14:40:25,641 - INFO - run_debate symbol=TRENT kind=guidance hash=d2e5f8df25b2…
2026-06-20 14:40:26,305 - INFO - HTTP Request: POST https://api.deepseek.com/chat/completions "HTTP/1.1 200 OK"
2026-06-20 14:40:31,119 - INFO - HTTP Request: POST https://api.deepseek.com/chat/completions "HTTP/1.1 200 OK"
2026-06-20 14:40:34,913 - INFO - Debate for TRENT/guidance completed in 8.8s
2026-06-20 14:40:35,412 - INFO - Stored debate row id=322 for TRENT/guidance
2026-06-20 14:40:43,510 - INFO - run_debate symbol=TRENT kind=pe_expansion hash=814e3a23d698…
2026-06-20 14:40:44,407 - INFO - HTTP Request: POST https://api.deepseek.com/chat/completions "HTTP/1.1 200 OK"
2026-06-20 14:40:50,267 - INFO - HTTP Request: POST https://api.deepseek.com/chat/completions "HTTP/1.1 200 OK"
2026-06-20 14:40:53,851 - INFO - Debate for TRENT/pe_expansion completed in 9.9s
2026-06-20 14:40:54,349 - INFO - Stored debate row id=323 for TRENT/pe_expansion
2026-06-20 14:40:54,973 - INFO - run_debate symbol=TVSMOTOR kind=guidance hash=bc36684fbf50…
2026-06-20 14:40:55,694 - INFO - HTTP Request: POST https://api.deepseek.com/chat/completions "HTTP/1.1 200 OK"
2026-06-20 14:41:00,406 - INFO - HTTP Request: POST https://api.deepseek.com/chat/completions "HTTP/1.1 200 OK"
2026-06-20 14:41:04,103 - INFO - Debate for TVSMOTOR/guidance completed in 8.7s
2026-06-20 14:41:04,875 - INFO - Stored debate row id=324 for TVSMOTOR/guidance
2026-06-20 14:41:19,571 - INFO - run_debate symbol=TVSMOTOR kind=pe_expansion hash=e291e5a37f8d…
2026-06-20 14:41:22,039 - INFO - HTTP Request: POST https://api.deepseek.com/chat/completions "HTTP/1.1 200 OK"
2026-06-20 14:41:27,159 - INFO - HTTP Request: POST https://api.deepseek.com/chat/completions "HTTP/1.1 200 OK"
2026-06-20 14:41:31,440 - INFO - Debate for TVSMOTOR/pe_expansion completed in 11.4s
2026-06-20 14:41:32,215 - INFO - Stored debate row id=325 for TVSMOTOR/pe_expansion
2026-06-20 14:41:33,036 - INFO - run_debate symbol=UGROCAP kind=guidance hash=40bf60d86c8b…
2026-06-20 14:41:33,787 - INFO - HTTP Request: POST https://api.deepseek.com/chat/completions "HTTP/1.1 200 OK"
2026-06-20 14:41:37,568 - INFO - HTTP Request: POST https://api.deepseek.com/chat/completions "HTTP/1.1 200 OK"
2026-06-20 14:41:42,821 - INFO - Debate for UGROCAP/guidance completed in 9.3s
2026-06-20 14:41:43,318 - INFO - Stored debate row id=326 for UGROCAP/guidance
2026-06-20 14:41:56,176 - INFO - run_debate symbol=UGROCAP kind=pe_expansion hash=87c24309a9e1…
2026-06-20 14:41:57,032 - INFO - HTTP Request: POST https://api.deepseek.com/chat/completions "HTTP/1.1 200 OK"
2026-06-20 14:42:01,809 - INFO - HTTP Request: POST https://api.deepseek.com/chat/completions "HTTP/1.1 200 OK"
2026-06-20 14:42:05,744 - INFO - Debate for UGROCAP/pe_expansion completed in 9.1s
2026-06-20 14:42:06,263 - INFO - Stored debate row id=327 for UGROCAP/pe_expansion
2026-06-20 14:42:06,907 - INFO - run_debate symbol=VEDL kind=guidance hash=4945b98e0c48…
2026-06-20 14:42:07,527 - INFO - HTTP Request: POST https://api.deepseek.com/chat/completions "HTTP/1.1 200 OK"
2026-06-20 14:42:10,914 - INFO - HTTP Request: POST https://api.deepseek.com/chat/completions "HTTP/1.1 200 OK"
2026-06-20 14:42:14,081 - INFO - Debate for VEDL/guidance completed in 6.7s
2026-06-20 14:42:14,601 - INFO - Stored debate row id=328 for VEDL/guidance
2026-06-20 14:42:36,633 - INFO - run_debate symbol=VEDL kind=pe_expansion hash=21b364d6fc0c…
2026-06-20 14:42:37,376 - INFO - HTTP Request: POST https://api.deepseek.com/chat/completions "HTTP/1.1 200 OK"
2026-06-20 14:42:41,738 - INFO - HTTP Request: POST https://api.deepseek.com/chat/completions "HTTP/1.1 200 OK"
2026-06-20 14:42:46,079 - INFO - Debate for VEDL/pe_expansion completed in 9.0s
2026-06-20 14:42:46,641 - INFO - Stored debate row id=329 for VEDL/pe_expansion
2026-06-20 14:42:47,266 - INFO - run_debate symbol=VINATIORGA kind=guidance hash=6306ccfba538…
2026-06-20 14:42:47,935 - INFO - HTTP Request: POST https://api.deepseek.com/chat/completions "HTTP/1.1 200 OK"
2026-06-20 14:42:53,815 - INFO - HTTP Request: POST https://api.deepseek.com/chat/completions "HTTP/1.1 200 OK"
2026-06-20 14:42:57,596 - INFO - Debate for VINATIORGA/guidance completed in 9.9s
2026-06-20 14:42:58,067 - INFO - Stored debate row id=330 for VINATIORGA/guidance
2026-06-20 14:43:07,914 - INFO - run_debate symbol=VINATIORGA kind=pe_expansion hash=56221826ddd2…
2026-06-20 14:43:08,736 - INFO - HTTP Request: POST https://api.deepseek.com/chat/completions "HTTP/1.1 200 OK"
2026-06-20 14:43:13,116 - INFO - HTTP Request: POST https://api.deepseek.com/chat/completions "HTTP/1.1 200 OK"
2026-06-20 14:43:16,689 - INFO - Debate for VINATIORGA/pe_expansion completed in 8.3s
2026-06-20 14:43:17,254 - INFO - Stored debate row id=331 for VINATIORGA/pe_expansion
2026-06-20 14:43:17,255 - INFO - Progress: 140/149 symbols
2026-06-20 14:43:17,898 - INFO - run_debate symbol=VISHNU kind=guidance hash=9254770b2270…
2026-06-20 14:43:18,646 - INFO - HTTP Request: POST https://api.deepseek.com/chat/completions "HTTP/1.1 200 OK"
2026-06-20 14:43:22,373 - INFO - HTTP Request: POST https://api.deepseek.com/chat/completions "HTTP/1.1 200 OK"
2026-06-20 14:43:26,223 - INFO - Debate for VISHNU/guidance completed in 7.8s
2026-06-20 14:43:26,728 - INFO - Stored debate row id=332 for VISHNU/guidance
2026-06-20 14:43:38,579 - INFO - run_debate symbol=VISHNU kind=pe_expansion hash=4aad68b32bcd…
2026-06-20 14:43:39,533 - INFO - HTTP Request: POST https://api.deepseek.com/chat/completions "HTTP/1.1 200 OK"
2026-06-20 14:43:43,417 - INFO - HTTP Request: POST https://api.deepseek.com/chat/completions "HTTP/1.1 200 OK"
2026-06-20 14:43:48,316 - INFO - Debate for VISHNU/pe_expansion completed in 9.2s
2026-06-20 14:43:48,785 - INFO - Stored debate row id=333 for VISHNU/pe_expansion
2026-06-20 14:43:49,616 - INFO - run_debate symbol=VOLTAMP kind=guidance hash=a49c0749fc36…
2026-06-20 14:43:50,289 - INFO - HTTP Request: POST https://api.deepseek.com/chat/completions "HTTP/1.1 200 OK"
2026-06-20 14:43:54,340 - INFO - HTTP Request: POST https://api.deepseek.com/chat/completions "HTTP/1.1 200 OK"
2026-06-20 14:43:58,262 - INFO - Debate for VOLTAMP/guidance completed in 8.2s
2026-06-20 14:43:58,887 - INFO - Stored debate row id=334 for VOLTAMP/guidance
2026-06-20 14:44:06,070 - INFO - run_debate symbol=VOLTAMP kind=pe_expansion hash=a00a2c09f1ad…
2026-06-20 14:44:06,874 - INFO - HTTP Request: POST https://api.deepseek.com/chat/completions "HTTP/1.1 200 OK"
2026-06-20 14:44:10,909 - INFO - HTTP Request: POST https://api.deepseek.com/chat/completions "HTTP/1.1 200 OK"
2026-06-20 14:44:14,994 - INFO - Debate for VOLTAMP/pe_expansion completed in 8.4s
2026-06-20 14:44:15,512 - INFO - Stored debate row id=335 for VOLTAMP/pe_expansion
2026-06-20 14:44:16,227 - INFO - run_debate symbol=WAAREEENER kind=guidance hash=3c6040420a12…
2026-06-20 14:44:16,909 - INFO - HTTP Request: POST https://api.deepseek.com/chat/completions "HTTP/1.1 200 OK"
2026-06-20 14:44:20,929 - INFO - HTTP Request: POST https://api.deepseek.com/chat/completions "HTTP/1.1 200 OK"
2026-06-20 14:44:24,284 - INFO - Debate for WAAREEENER/guidance completed in 7.6s
2026-06-20 14:44:24,755 - INFO - Stored debate row id=336 for WAAREEENER/guidance
2026-06-20 14:44:43,732 - INFO - run_debate symbol=WAAREEENER kind=pe_expansion hash=a27dab1da4ba…
2026-06-20 14:44:44,566 - INFO - HTTP Request: POST https://api.deepseek.com/chat/completions "HTTP/1.1 200 OK"
2026-06-20 14:44:48,089 - INFO - HTTP Request: POST https://api.deepseek.com/chat/completions "HTTP/1.1 200 OK"
2026-06-20 14:44:51,282 - INFO - Debate for WAAREEENER/pe_expansion completed in 7.1s
2026-06-20 14:44:51,791 - INFO - Stored debate row id=337 for WAAREEENER/pe_expansion
2026-06-20 14:44:52,547 - INFO - run_debate symbol=WAAREERTL kind=guidance hash=46debbeea92f…
2026-06-20 14:44:53,263 - INFO - HTTP Request: POST https://api.deepseek.com/chat/completions "HTTP/1.1 200 OK"
2026-06-20 14:44:56,840 - INFO - HTTP Request: POST https://api.deepseek.com/chat/completions "HTTP/1.1 200 OK"
2026-06-20 14:45:00,169 - INFO - Debate for WAAREERTL/guidance completed in 7.2s
2026-06-20 14:45:00,714 - INFO - Stored debate row id=338 for WAAREERTL/guidance
2026-06-20 14:45:13,198 - INFO - run_debate symbol=WAAREERTL kind=pe_expansion hash=aa067cefbc05…
2026-06-20 14:45:14,356 - INFO - HTTP Request: POST https://api.deepseek.com/chat/completions "HTTP/1.1 200 OK"
2026-06-20 14:45:19,407 - INFO - HTTP Request: POST https://api.deepseek.com/chat/completions "HTTP/1.1 200 OK"
2026-06-20 14:45:22,763 - INFO - Debate for WAAREERTL/pe_expansion completed in 9.0s
2026-06-20 14:45:23,235 - INFO - Stored debate row id=339 for WAAREERTL/pe_expansion
2026-06-20 14:45:23,881 - INFO - run_debate symbol=WEBELSOLAR kind=guidance hash=beb27d2cf9d8…
2026-06-20 14:45:24,524 - INFO - HTTP Request: POST https://api.deepseek.com/chat/completions "HTTP/1.1 200 OK"
2026-06-20 14:45:27,497 - INFO - HTTP Request: POST https://api.deepseek.com/chat/completions "HTTP/1.1 200 OK"
2026-06-20 14:45:31,372 - INFO - Debate for WEBELSOLAR/guidance completed in 7.1s
2026-06-20 14:45:31,999 - INFO - Stored debate row id=340 for WEBELSOLAR/guidance
2026-06-20 14:45:41,917 - INFO - run_debate symbol=WEBELSOLAR kind=pe_expansion hash=ba07a6098646…
2026-06-20 14:45:42,749 - INFO - HTTP Request: POST https://api.deepseek.com/chat/completions "HTTP/1.1 200 OK"
2026-06-20 14:45:47,740 - INFO - HTTP Request: POST https://api.deepseek.com/chat/completions "HTTP/1.1 200 OK"
2026-06-20 14:45:51,127 - INFO - Debate for WEBELSOLAR/pe_expansion completed in 8.8s
2026-06-20 14:45:51,637 - INFO - Stored debate row id=341 for WEBELSOLAR/pe_expansion
2026-06-20 14:45:52,312 - INFO - run_debate symbol=WELCORP kind=guidance hash=d4f4f8c8399d…
2026-06-20 14:45:53,069 - INFO - HTTP Request: POST https://api.deepseek.com/chat/completions "HTTP/1.1 200 OK"
2026-06-20 14:45:57,059 - INFO - HTTP Request: POST https://api.deepseek.com/chat/completions "HTTP/1.1 200 OK"
2026-06-20 14:46:01,162 - INFO - Debate for WELCORP/guidance completed in 8.4s
2026-06-20 14:46:01,797 - INFO - Stored debate row id=342 for WELCORP/guidance
2026-06-20 14:46:11,336 - INFO - run_debate symbol=WELCORP kind=pe_expansion hash=b756900b000b…
2026-06-20 14:46:12,111 - INFO - HTTP Request: POST https://api.deepseek.com/chat/completions "HTTP/1.1 200 OK"
2026-06-20 14:46:17,641 - INFO - HTTP Request: POST https://api.deepseek.com/chat/completions "HTTP/1.1 200 OK"
2026-06-20 14:46:21,540 - INFO - Debate for WELCORP/pe_expansion completed in 9.8s
2026-06-20 14:46:22,058 - INFO - Stored debate row id=343 for WELCORP/pe_expansion
2026-06-20 14:46:22,708 - INFO - run_debate symbol=WESTLIFE kind=guidance hash=bbaa92376ab4…
2026-06-20 14:46:23,580 - INFO - HTTP Request: POST https://api.deepseek.com/chat/completions "HTTP/1.1 200 OK"
2026-06-20 14:46:27,583 - INFO - HTTP Request: POST https://api.deepseek.com/chat/completions "HTTP/1.1 200 OK"
2026-06-20 14:46:30,951 - INFO - Debate for WESTLIFE/guidance completed in 7.7s
2026-06-20 14:46:31,581 - INFO - Stored debate row id=344 for WESTLIFE/guidance
2026-06-20 14:46:44,703 - INFO - run_debate symbol=WESTLIFE kind=pe_expansion hash=abda8f53b5c9…
2026-06-20 14:46:45,554 - INFO - HTTP Request: POST https://api.deepseek.com/chat/completions "HTTP/1.1 200 OK"
2026-06-20 14:46:50,308 - INFO - HTTP Request: POST https://api.deepseek.com/chat/completions "HTTP/1.1 200 OK"
2026-06-20 14:46:54,710 - INFO - Debate for WESTLIFE/pe_expansion completed in 9.6s
2026-06-20 14:46:55,197 - INFO - Stored debate row id=345 for WESTLIFE/pe_expansion
2026-06-20 14:46:56,091 - INFO - run_debate symbol=ZENSARTECH kind=guidance hash=9b939760cd31…
2026-06-20 14:46:56,844 - INFO - HTTP Request: POST https://api.deepseek.com/chat/completions "HTTP/1.1 200 OK"
2026-06-20 14:47:00,545 - INFO - HTTP Request: POST https://api.deepseek.com/chat/completions "HTTP/1.1 200 OK"
2026-06-20 14:47:03,695 - INFO - Debate for ZENSARTECH/guidance completed in 7.1s
2026-06-20 14:47:04,189 - INFO - Stored debate row id=346 for ZENSARTECH/guidance
2026-06-20 14:47:16,785 - INFO - run_debate symbol=ZENSARTECH kind=pe_expansion hash=2e47269f1377…
2026-06-20 14:47:18,477 - INFO - HTTP Request: POST https://api.deepseek.com/chat/completions "HTTP/1.1 200 OK"
2026-06-20 14:47:22,769 - INFO - HTTP Request: POST https://api.deepseek.com/chat/completions "HTTP/1.1 200 OK"
2026-06-20 14:47:27,089 - INFO - Debate for ZENSARTECH/pe_expansion completed in 9.5s
2026-06-20 14:47:28,050 - INFO - Stored debate row id=347 for ZENSARTECH/pe_expansion
2026-06-20 14:47:28,756 - INFO - run_debate symbol=ZYDUSLIFE kind=guidance hash=182d90d09bd0…
2026-06-20 14:47:29,423 - INFO - HTTP Request: POST https://api.deepseek.com/chat/completions "HTTP/1.1 200 OK"
2026-06-20 14:47:33,895 - INFO - HTTP Request: POST https://api.deepseek.com/chat/completions "HTTP/1.1 200 OK"
2026-06-20 14:47:37,465 - INFO - Debate for ZYDUSLIFE/guidance completed in 8.3s
2026-06-20 14:47:37,940 - INFO - Stored debate row id=348 for ZYDUSLIFE/guidance
2026-06-20 14:47:50,476 - INFO - run_debate symbol=ZYDUSLIFE kind=pe_expansion hash=926d389e284f…
2026-06-20 14:47:52,155 - INFO - HTTP Request: POST https://api.deepseek.com/chat/completions "HTTP/1.1 200 OK"
2026-06-20 14:47:57,479 - INFO - HTTP Request: POST https://api.deepseek.com/chat/completions "HTTP/1.1 200 OK"
2026-06-20 14:48:02,147 - INFO - Debate for ZYDUSLIFE/pe_expansion completed in 11.0s
2026-06-20 14:48:02,726 - INFO - Stored debate row id=349 for ZYDUSLIFE/pe_expansion
2026-06-20 14:48:02,727 - INFO - 
2026-06-20 14:48:02,727 - INFO - 🏁 Phase A5 complete in 4507.0s
2026-06-20 14:48:02,727 - INFO -    Total symbols: 149
2026-06-20 14:48:02,727 - INFO -    Guidance: 149 generated, 0 cache hits, 0 errors
2026-06-20 14:48:02,728 - INFO -    PE Exp:   149 generated, 0 cache hits, 0 errors
