date,equity,cash,open_positions
2007-09-17,100000.0,100000.0,0
2007-09-18,100000.0,100000.0,0
2007-09-19,100000.0,100000.0,0
2007-09-20,100000.0,100000.0,0
2007-09-21,100000.0,100000.0,0
2007-09-24,100000.0,100000.0,0
2007-09-25,100000.0,100000.0,0
2007-09-26,100000.0,100000.0,0
2007-09-27,100000.0,100000.0,0
2007-09-28,100000.0,100000.0,0
2007-10-01,100000.0,100000.0,0
2007-10-03,100000.0,100000.0,0
2007-10-04,100000.0,100000.0,0
2007-10-05,100000.0,100000.0,0
2007-10-08,100000.0,100000.0,0
2007-10-09,100000.0,100000.0,0
2007-10-10,100000.0,100000.0,0
2007-10-11,100000.0,100000.0,0
2007-10-12,100000.0,100000.0,0
2007-10-15,100000.0,100000.0,0
2007-10-16,100000.0,100000.0,0
2007-10-17,104906.054978,44.0134780000044,10
2007-10-18,100186.75927800001,44.0134780000044,10
2007-10-19,97176.558678,44.0134780000044,10
2007-10-22,96553.298278,44.0134780000044,10
2007-10-23,100190.002978,44.0134780000044,10
2007-10-24,102259.26667800001,44.0134780000044,10
2007-10-25,102937.437078,44.0134780000044,10
2007-10-26,106756.544678,44.0134780000044,10
2007-10-29,107315.418678,44.0134780000044,10
2007-10-30,106933.04547800001,44.0134780000044,10
2007-10-31,109136.85487800001,44.0134780000044,10
2007-11-01,108848.236978,44.0134780000044,10
2007-11-02,110214.518178,44.0134780000044,10
2007-11-05,112236.58767800001,44.0134780000044,10
2007-11-06,112841.747478,44.0134780000044,10
2007-11-07,110805.59907800001,44.0134780000044,10
2007-11-08,168200.384078,44.0134780000044,10
2007-11-12,173494.49727800002,44.0134780000044,10
2007-11-13,173477.598578,44.0134780000044,10
2007-11-14,174888.965578,44.0134780000044,10
2007-11-15,175276.049378,44.0134780000044,10
2007-11-16,172627.199078,44.0134780000044,10
2007-11-19,179370.693278,44.0134780000044,10
2007-11-20,174567.139078,44.0134780000044,10
2007-11-21,165724.16387800002,44.0134780000044,10
2007-11-22,159096.30417800002,44.0134780000044,10
2007-11-23,157741.81087800002,44.0134780000044,10
2007-11-26,160111.6009208,43110.069120800006,10
2007-11-27,160204.3479208,43110.069120800006,10
2007-11-28,158892.2345208,43110.069120800006,10
2007-11-29,157277.7758208,43110.069120800006,10
2007-11-30,162327.34392080002,43110.069120800006,10
2007-12-03,164678.11612080003,43110.069120800006,10
2007-12-04,165766.7068208,43110.069120800006,10
2007-12-05,166736.19242079998,43110.069120800006,10
2007-12-06,165277.8764208,43110.069120800006,10
2007-12-07,164444.8661208,43110.069120800006,10
2007-12-10,163950.5165208,43110.069120800006,10
2007-12-11,165014.5243208,43110.069120800006,10
2007-12-12,165991.6364208,43110.069120800006,10
2007-12-13,167008.9757208,43110.069120800006,10
2007-12-14,167900.0958208,43110.069120800006,10
2007-12-17,162278.76072080003,43110.069120800006,10
2007-12-18,160170.7427208,43110.069120800006,10
2007-12-19,158590.0676208,43110.069120800006,10
2007-12-20,158598.7540208,43110.069120800006,10
2007-12-24,160564.5728208,43110.069120800006,10
2007-12-26,163159.0076208,43110.069120800006,10
2007-12-27,164229.9238208,43110.069120800006,10
2007-12-28,165628.3563208,43110.069120800006,10
2007-12-31,166536.29252080002,43110.069120800006,10
2008-01-01,167272.61122080003,43110.069120800006,10
2008-01-02,168782.2374208,43110.069120800006,10
2008-01-03,168629.7216208,43110.069120800006,10
2008-01-04,169038.3148208,43110.069120800006,10
2008-01-07,167321.4674208,43110.069120800006,10
2008-01-08,164094.72522080003,43110.069120800006,10
2008-01-09,164608.6646208,43110.069120800006,10
2008-01-10,160729.9646208,43110.069120800006,10
2008-01-11,160949.8633208,43110.069120800006,10
2008-01-14,162628.9844208,43110.069120800006,10
2008-01-15,161352.88736480003,42185.72666480001,10
2008-01-16,159344.4451648,42185.72666480001,10
2008-01-17,159348.37606480002,42185.72666480001,10
2008-01-18,153363.3890648,42185.72666480001,10
2008-01-21,143685.1573844,30389.2985844,10
2008-01-22,139553.0594376,74490.2231376,5
2008-01-23,140950.8496408,87021.8943408,4
2008-01-24,139257.49874080002,87021.8943408,4
2008-01-25,140572.7787184,97650.5396184,3
2008-01-28,141110.3748184,97650.5396184,3
2008-01-29,140035.1826184,97650.5396184,3
2008-01-30,139551.3456184,97650.5396184,3
2008-01-31,138978.5289184,97650.5396184,3
2008-02-01,139315.7803312,111069.9183312,2
2008-02-04,139315.7803312,111069.9183312,2
2008-02-05,139202.7968832,139202.7968832,0
2008-02-06,139202.7968832,139202.7968832,0
2008-02-07,139202.7968832,139202.7968832,0
2008-02-08,139202.7968832,139202.7968832,0
2008-02-11,139202.7968832,139202.7968832,0
2008-02-12,139202.7968832,139202.7968832,0
2008-02-13,139202.7968832,139202.7968832,0
2008-02-14,139202.7968832,139202.7968832,0
2008-02-15,139202.7968832,139202.7968832,0
2008-02-18,139202.7968832,139202.7968832,0
2008-02-19,139202.7968832,139202.7968832,0
2008-02-20,139202.7968832,139202.7968832,0
2008-02-21,139202.7968832,139202.7968832,0
2008-02-22,139202.7968832,139202.7968832,0
2008-02-25,139202.7968832,139202.7968832,0
2008-02-26,139202.7968832,139202.7968832,0
2008-02-27,139202.7968832,139202.7968832,0
2008-02-28,139202.7968832,139202.7968832,0
2008-02-29,139202.7968832,139202.7968832,0
2008-03-03,139202.7968832,139202.7968832,0
2008-03-04,139202.7968832,139202.7968832,0
2008-03-05,139202.7968832,139202.7968832,0
2008-03-07,139202.7968832,139202.7968832,0
2008-03-10,139202.7968832,139202.7968832,0
2008-03-11,139202.7968832,139202.7968832,0
2008-03-12,139202.7968832,139202.7968832,0
2008-03-13,139202.7968832,139202.7968832,0
2008-03-14,139202.7968832,139202.7968832,0
2008-03-17,139202.7968832,139202.7968832,0
2008-03-18,139202.7968832,139202.7968832,0
2008-03-19,139202.7968832,139202.7968832,0
2008-03-24,139202.7968832,139202.7968832,0
2008-03-25,139202.7968832,139202.7968832,0
2008-03-26,139202.7968832,139202.7968832,0
2008-03-27,139202.7968832,139202.7968832,0
2008-03-28,139202.7968832,139202.7968832,0
2008-03-31,139202.7968832,139202.7968832,0
2008-04-01,139202.7968832,139202.7968832,0
2008-04-02,139202.7968832,139202.7968832,0
2008-04-03,139202.7968832,139202.7968832,0
2008-04-04,139202.7968832,139202.7968832,0
2008-04-07,139202.7968832,139202.7968832,0
2008-04-08,139202.7968832,139202.7968832,0
2008-04-09,139202.7968832,139202.7968832,0
2008-04-10,139202.7968832,139202.7968832,0
2008-04-11,139202.7968832,139202.7968832,0
2008-04-15,139202.7968832,139202.7968832,0
2008-04-16,139202.7968832,139202.7968832,0
2008-04-17,139202.7968832,139202.7968832,0
2008-04-21,139202.7968832,139202.7968832,0
2008-04-22,139202.7968832,139202.7968832,0
2008-04-23,139202.7968832,139202.7968832,0
2008-04-24,139202.7968832,139202.7968832,0
2008-04-25,139202.7968832,139202.7968832,0
2008-04-28,139202.7968832,139202.7968832,0
2008-04-29,139202.7968832,139202.7968832,0
2008-04-30,139202.7968832,139202.7968832,0
2008-05-02,139202.7968832,139202.7968832,0
2008-05-05,139202.7968832,139202.7968832,0
2008-05-06,139202.7968832,139202.7968832,0
2008-05-07,139202.7968832,139202.7968832,0
2008-05-08,139202.7968832,139202.7968832,0
2008-05-09,139202.7968832,139202.7968832,0
2008-05-12,139202.7968832,139202.7968832,0
2008-05-13,139202.7968832,139202.7968832,0
2008-05-14,139202.7968832,139202.7968832,0
2008-05-15,139202.7968832,139202.7968832,0
2008-05-16,139202.7968832,139202.7968832,0
2008-05-20,139202.7968832,139202.7968832,0
2008-05-21,139202.7968832,139202.7968832,0
2008-05-22,139202.7968832,139202.7968832,0
2008-05-23,139202.7968832,139202.7968832,0
2008-05-26,139202.7968832,139202.7968832,0
2008-05-27,139202.7968832,139202.7968832,0
2008-05-28,139202.7968832,139202.7968832,0
2008-05-29,139202.7968832,139202.7968832,0
2008-05-30,139202.7968832,139202.7968832,0
2008-06-02,139202.7968832,139202.7968832,0
2008-06-03,139202.7968832,139202.7968832,0
2008-06-04,139202.7968832,139202.7968832,0
2008-06-05,139202.7968832,139202.7968832,0
2008-06-06,139202.7968832,139202.7968832,0
2008-06-09,139202.7968832,139202.7968832,0
2008-06-10,139202.7968832,139202.7968832,0
2008-06-11,139202.7968832,139202.7968832,0
2008-06-12,139202.7968832,139202.7968832,0
2008-06-13,139202.7968832,139202.7968832,0
2008-06-16,139202.7968832,139202.7968832,0
2008-06-17,139202.7968832,139202.7968832,0
2008-06-18,139202.7968832,139202.7968832,0
2008-06-19,139202.7968832,139202.7968832,0
2008-06-20,139202.7968832,139202.7968832,0
2008-06-23,139202.7968832,139202.7968832,0
2008-06-24,139202.7968832,139202.7968832,0
2008-06-25,139202.7968832,139202.7968832,0
2008-06-26,139202.7968832,139202.7968832,0
2008-06-27,139202.7968832,139202.7968832,0
2008-06-30,139202.7968832,139202.7968832,0
2008-07-01,139202.7968832,139202.7968832,0
2008-07-02,139202.7968832,139202.7968832,0
2008-07-03,139202.7968832,139202.7968832,0
2008-07-04,139202.7968832,139202.7968832,0
2008-07-07,139202.7968832,139202.7968832,0
2008-07-08,139202.7968832,139202.7968832,0
2008-07-09,139202.7968832,139202.7968832,0
2008-07-10,139202.7968832,139202.7968832,0
2008-07-11,139202.7968832,139202.7968832,0
2008-07-14,139202.7968832,139202.7968832,0
2008-07-15,139202.7968832,139202.7968832,0
2008-07-16,139202.7968832,139202.7968832,0
2008-07-17,139202.7968832,139202.7968832,0
2008-07-18,139202.7968832,139202.7968832,0
2008-07-21,139202.7968832,139202.7968832,0
2008-07-22,139202.7968832,139202.7968832,0
2008-07-23,139202.7968832,139202.7968832,0
2008-07-24,139202.7968832,139202.7968832,0
2008-07-25,139202.7968832,139202.7968832,0
2008-07-28,139202.7968832,139202.7968832,0
2008-07-29,139202.7968832,139202.7968832,0
2008-07-30,139202.7968832,139202.7968832,0
2008-07-31,139202.7968832,139202.7968832,0
2008-08-01,139202.7968832,139202.7968832,0
2008-08-04,139202.7968832,139202.7968832,0
2008-08-05,139202.7968832,139202.7968832,0
2008-08-06,139202.7968832,139202.7968832,0
2008-08-07,139202.7968832,139202.7968832,0
2008-08-08,139202.7968832,139202.7968832,0
2008-08-11,139202.7968832,139202.7968832,0
2008-08-12,139202.7968832,139202.7968832,0
2008-08-13,139202.7968832,139202.7968832,0
2008-08-14,139202.7968832,139202.7968832,0
2008-08-18,139202.7968832,139202.7968832,0
2008-08-19,139202.7968832,139202.7968832,0
2008-08-20,139202.7968832,139202.7968832,0
2008-08-21,139202.7968832,139202.7968832,0
2008-08-22,139202.7968832,139202.7968832,0
2008-08-25,139202.7968832,139202.7968832,0
2008-08-26,139202.7968832,139202.7968832,0
2008-08-27,139202.7968832,139202.7968832,0
2008-08-28,139202.7968832,139202.7968832,0
2008-08-29,139202.7968832,139202.7968832,0
2008-09-01,139202.7968832,139202.7968832,0
2008-09-02,139202.7968832,139202.7968832,0
2008-09-04,139202.7968832,139202.7968832,0
2008-09-05,139202.7968832,139202.7968832,0
2008-09-08,139202.7968832,139202.7968832,0
2008-09-09,139202.7968832,139202.7968832,0
2008-09-10,139202.7968832,139202.7968832,0
2008-09-11,139202.7968832,139202.7968832,0
2008-09-12,139202.7968832,139202.7968832,0
2008-09-15,139202.7968832,139202.7968832,0
2008-09-16,139202.7968832,139202.7968832,0
2008-09-17,139202.7968832,139202.7968832,0
2008-09-18,139202.7968832,139202.7968832,0
2008-09-19,139202.7968832,139202.7968832,0
2008-09-22,139202.7968832,139202.7968832,0
2008-09-23,139202.7968832,139202.7968832,0
2008-09-24,139202.7968832,139202.7968832,0
2008-09-25,139202.7968832,139202.7968832,0
2008-09-26,139202.7968832,139202.7968832,0
2008-09-29,139202.7968832,139202.7968832,0
2008-09-30,139202.7968832,139202.7968832,0
2008-10-01,139202.7968832,139202.7968832,0
2008-10-03,139202.7968832,139202.7968832,0
2008-10-06,139202.7968832,139202.7968832,0
2008-10-07,139202.7968832,139202.7968832,0
2008-10-08,139202.7968832,139202.7968832,0
2008-10-10,139202.7968832,139202.7968832,0
2008-10-13,139202.7968832,139202.7968832,0
2008-10-14,139202.7968832,139202.7968832,0
2008-10-15,139202.7968832,139202.7968832,0
2008-10-16,139202.7968832,139202.7968832,0
2008-10-17,139202.7968832,139202.7968832,0
2008-10-20,139202.7968832,139202.7968832,0
2008-10-21,139202.7968832,139202.7968832,0
2008-10-22,139202.7968832,139202.7968832,0
2008-10-23,139202.7968832,139202.7968832,0
2008-10-24,139202.7968832,139202.7968832,0
2008-10-27,139202.7968832,139202.7968832,0
2008-10-29,139202.7968832,139202.7968832,0
2008-10-31,139202.7968832,139202.7968832,0
2008-11-03,139202.7968832,139202.7968832,0
2008-11-04,139202.7968832,139202.7968832,0
2008-11-05,139202.7968832,139202.7968832,0
2008-11-06,139202.7968832,139202.7968832,0
2008-11-07,139202.7968832,139202.7968832,0
2008-11-10,139202.7968832,139202.7968832,0
2008-11-11,139202.7968832,139202.7968832,0
2008-11-12,139202.7968832,139202.7968832,0
2008-11-14,139202.7968832,139202.7968832,0
2008-11-17,139202.7968832,139202.7968832,0
2008-11-18,139202.7968832,139202.7968832,0
2008-11-19,139202.7968832,139202.7968832,0
2008-11-20,139202.7968832,139202.7968832,0
2008-11-21,139202.7968832,139202.7968832,0
2008-11-24,139202.7968832,139202.7968832,0
2008-11-25,139202.7968832,139202.7968832,0
2008-11-26,139202.7968832,139202.7968832,0
2008-11-28,139202.7968832,139202.7968832,0
2008-12-01,139202.7968832,139202.7968832,0
2008-12-02,139202.7968832,139202.7968832,0
2008-12-03,139202.7968832,139202.7968832,0
2008-12-04,139202.7968832,139202.7968832,0
2008-12-05,139202.7968832,139202.7968832,0
2008-12-08,139202.7968832,139202.7968832,0
2008-12-10,139202.7968832,139202.7968832,0
2008-12-11,139202.7968832,139202.7968832,0
2008-12-12,139202.7968832,139202.7968832,0
2008-12-15,139202.7968832,139202.7968832,0
2008-12-16,139202.7968832,139202.7968832,0
2008-12-17,139202.7968832,139202.7968832,0
2008-12-18,139202.7968832,139202.7968832,0
2008-12-19,139202.7968832,139202.7968832,0
2008-12-22,139202.7968832,139202.7968832,0
2008-12-23,139202.7968832,139202.7968832,0
2008-12-24,139202.7968832,139202.7968832,0
2008-12-26,139202.7968832,139202.7968832,0
2008-12-29,139202.7968832,139202.7968832,0
2008-12-30,139202.7968832,139202.7968832,0
2008-12-31,139202.7968832,139202.7968832,0
2009-01-02,139202.7968832,139202.7968832,0
2009-01-05,139202.7968832,139202.7968832,0
2009-01-06,139202.7968832,139202.7968832,0
2009-01-07,139202.7968832,139202.7968832,0
2009-01-09,139202.7968832,139202.7968832,0
2009-01-12,139202.7968832,139202.7968832,0
2009-01-13,139202.7968832,139202.7968832,0
2009-01-14,139202.7968832,139202.7968832,0
2009-01-15,139202.7968832,139202.7968832,0
2009-01-16,139202.7968832,139202.7968832,0
2009-01-19,139202.7968832,139202.7968832,0
2009-01-20,139202.7968832,139202.7968832,0
2009-01-21,139202.7968832,139202.7968832,0
2009-01-22,139202.7968832,139202.7968832,0
2009-01-23,139202.7968832,139202.7968832,0
2009-01-27,139202.7968832,139202.7968832,0
2009-01-28,139202.7968832,139202.7968832,0
2009-01-29,139202.7968832,139202.7968832,0
2009-01-30,139202.7968832,139202.7968832,0
2009-02-02,139202.7968832,139202.7968832,0
2009-02-03,139202.7968832,139202.7968832,0
2009-02-04,139202.7968832,139202.7968832,0
2009-02-05,139202.7968832,139202.7968832,0
2009-02-06,139202.7968832,139202.7968832,0
2009-02-09,139202.7968832,139202.7968832,0
2009-02-10,139202.7968832,139202.7968832,0
2009-02-11,139202.7968832,139202.7968832,0
2009-02-12,139202.7968832,139202.7968832,0
2009-02-13,139202.7968832,139202.7968832,0
2009-02-16,139202.7968832,139202.7968832,0
2009-02-17,139202.7968832,139202.7968832,0
2009-02-18,139202.7968832,139202.7968832,0
2009-02-19,139202.7968832,139202.7968832,0
2009-02-20,139202.7968832,139202.7968832,0
2009-02-24,139202.7968832,139202.7968832,0
2009-02-25,139202.7968832,139202.7968832,0
2009-02-26,139202.7968832,139202.7968832,0
2009-02-27,139202.7968832,139202.7968832,0
2009-03-02,139202.7968832,139202.7968832,0
2009-03-03,139202.7968832,139202.7968832,0
2009-03-04,139202.7968832,139202.7968832,0
2009-03-05,139202.7968832,139202.7968832,0
2009-03-06,139202.7968832,139202.7968832,0
2009-03-09,139202.7968832,139202.7968832,0
2009-03-12,139202.7968832,139202.7968832,0
2009-03-13,139202.7968832,139202.7968832,0
2009-03-16,139202.7968832,139202.7968832,0
2009-03-17,139202.7968832,139202.7968832,0
2009-03-18,139202.7968832,139202.7968832,0
2009-03-19,139202.7968832,139202.7968832,0
2009-03-20,139202.7968832,139202.7968832,0
2009-03-23,139202.7968832,139202.7968832,0
2009-03-24,139202.7968832,139202.7968832,0
2009-03-25,139202.7968832,139202.7968832,0
2009-03-26,139202.7968832,139202.7968832,0
2009-03-27,139202.7968832,139202.7968832,0
2009-03-30,139202.7968832,139202.7968832,0
2009-03-31,139202.7968832,139202.7968832,0
2009-04-01,139202.7968832,139202.7968832,0
2009-04-02,139202.7968832,139202.7968832,0
2009-04-06,139202.7968832,139202.7968832,0
2009-04-08,139202.7968832,139202.7968832,0
2009-04-09,139202.7968832,139202.7968832,0
2009-04-13,139202.7968832,139202.7968832,0
2009-04-15,139202.7968832,139202.7968832,0
2009-04-16,139202.7968832,139202.7968832,0
2009-04-17,139202.7968832,139202.7968832,0
2009-04-20,139202.7968832,139202.7968832,0
2009-04-21,139202.7968832,139202.7968832,0
2009-04-22,139202.7968832,139202.7968832,0
2009-04-23,139202.7968832,139202.7968832,0
2009-04-24,139202.7968832,139202.7968832,0
2009-04-27,139202.7968832,139202.7968832,0
2009-04-28,139202.7968832,139202.7968832,0
2009-04-29,139202.7968832,139202.7968832,0
2009-05-04,139202.7968832,139202.7968832,0
2009-05-05,139202.7968832,139202.7968832,0
2009-05-06,139202.7968832,139202.7968832,0
2009-05-07,139202.7968832,139202.7968832,0
2009-05-08,139202.7968832,139202.7968832,0
2009-05-11,139202.7968832,139202.7968832,0
2009-05-12,139202.7968832,139202.7968832,0
2009-05-13,139202.7968832,139202.7968832,0
2009-05-14,139202.7968832,139202.7968832,0
2009-05-15,139202.7968832,139202.7968832,0
2009-05-18,139202.7968832,139202.7968832,0
2009-05-19,139202.7968832,139202.7968832,0
2009-05-20,139202.7968832,139202.7968832,0
2009-05-21,139202.7968832,139202.7968832,0
2009-05-22,139202.7968832,139202.7968832,0
2009-05-25,139202.7968832,139202.7968832,0
2009-05-26,139202.7968832,139202.7968832,0
2009-05-27,139202.7968832,139202.7968832,0
2009-05-28,139202.7968832,139202.7968832,0
2009-05-29,139202.7968832,139202.7968832,0
2009-06-01,139202.7968832,139202.7968832,0
2009-06-02,139202.7968832,139202.7968832,0
2009-06-03,139202.7968832,139202.7968832,0
2009-06-04,139202.7968832,139202.7968832,0
2009-06-05,136021.67836320004,1746.0554632000167,10
2009-06-08,132660.7939632,1746.0554632000167,10
2009-06-09,135464.38096320003,1746.0554632000167,10
2009-06-10,135559.41276320003,1746.0554632000167,10
2009-06-11,137084.89596320002,1746.0554632000167,10
2009-06-12,139191.1966632,1746.0554632000167,10
2009-06-15,138373.53936320002,1746.0554632000167,10
2009-06-16,138717.02356320003,1746.0554632000167,10
2009-06-17,133396.87206320002,1746.0554632000167,10
2009-06-18,129125.17616320001,1746.0554632000167,10
2009-06-19,130715.25481600002,9.466716000015367,10
2009-06-22,130177.56361360002,74.76261360001627,10
2009-06-23,129901.73791360001,74.76261360001627,10
2009-06-24,133017.42461360001,74.76261360001627,10
2009-06-25,132942.8378136,74.76261360001627,10
2009-06-26,134555.2860136,74.76261360001627,10
2009-06-29,138036.3120136,74.76261360001627,10
2009-06-30,137859.9194136,74.76261360001627,10
2009-07-01,138504.8906136,74.76261360001627,10
2009-07-02,137871.3478136,74.76261360001627,10
2009-07-03,137710.8484136,74.76261360001627,10
2009-07-06,132860.9903136,74.76261360001627,10
2009-07-07,133658.8457136,74.76261360001627,10
2009-07-08,133327.1427136,74.76261360001627,10
2009-07-09,136241.5455136,74.76261360001627,10
2009-07-10,133610.85503360003,11965.926933600016,9
2009-07-13,129813.8235336,11965.926933600016,9
2009-07-14,134480.24013360002,11965.926933600016,9
2009-07-15,135244.1492336,11965.926933600016,9
2009-07-16,135233.80293360003,11965.926933600016,9
2009-07-17,137290.89463360002,11965.926933600016,9
2009-07-20,139816.9972336,11965.926933600016,9
2009-07-21,140282.81323360003,11965.926933600016,9
2009-07-22,140761.41613360003,11965.926933600016,9
2009-07-23,142701.5862336,11965.926933600016,9
2009-07-24,144402.8499336,11965.926933600016,9
2009-07-27,146905.2296336,11965.926933600016,9
2009-07-28,149084.34604640002,68.27914640001654,10
2009-07-29,148043.18554640003,68.27914640001654,10
2009-07-30,148712.3672464,68.27914640001654,10
2009-07-31,150178.86644640003,68.27914640001654,10
2009-08-03,152724.82294640003,68.27914640001654,10
2009-08-04,152798.16524640002,68.27914640001654,10
2009-08-05,152882.15494640003,68.27914640001654,10
2009-08-06,148987.73584640003,68.27914640001654,10
2009-08-07,147560.68174640002,68.27914640001654,10
2009-08-10,146124.4431464,68.27914640001654,10
2009-08-11,145898.55504640003,68.27914640001654,10
2009-08-12,145094.74204640003,68.27914640001654,10
2009-08-13,147990.25714640002,68.27914640001654,10
2009-08-14,149077.7225464,68.27914640001654,10
2009-08-17,145148.41174640003,68.27914640001654,10
2009-08-18,147688.99114640002,68.27914640001654,10
2009-08-19,146542.2844464,68.27914640001654,10
2009-08-20,147141.50234640003,68.27914640001654,10
2009-08-21,149254.2691464,68.27914640001654,10
2009-08-24,152535.8597464,68.27914640001654,10
2009-08-25,153640.7881464,68.27914640001654,10
2009-08-26,154229.7440464,68.27914640001654,10
2009-08-27,154724.27684640003,68.27914640001654,10
2009-08-28,153772.74454640003,68.27914640001654,10
2009-08-31,154047.46424640002,68.27914640001654,10
2009-09-01,152707.5186464,68.27914640001654,10
2009-09-02,151878.5735464,68.27914640001654,10
2009-09-03,151919.9953464,68.27914640001654,10
2009-09-04,153084.8952464,68.27914640001654,10
2009-09-07,155816.4070464,68.27914640001654,10
2009-09-08,157603.07084640002,68.27914640001654,10
2009-09-09,155560.6452464,68.27914640001654,10
2009-09-10,154563.36324640003,68.27914640001654,10
2009-09-11,153668.69044640003,68.27914640001654,10
2009-09-14,153820.26094640003,68.27914640001654,10
2009-09-15,154644.2551464,68.27914640001654,10
2009-09-16,155721.06894640002,68.27914640001654,10
2009-09-17,156400.9528464,68.27914640001654,10
2009-09-18,158622.1435464,68.27914640001654,10
2009-09-22,161596.58794640002,68.27914640001654,10
2009-09-23,159457.55254640002,68.27914640001654,10
2009-09-24,160844.1368464,68.27914640001654,10
2009-09-25,161513.47794640003,68.27914640001654,10
2009-09-29,163438.27324640003,68.27914640001654,10
2009-09-30,165231.25294640003,68.27914640001654,10
2009-10-01,165907.13744640004,68.27914640001654,10
2009-10-05,164828.28534640002,68.27914640001654,10
2009-10-06,164914.96874640003,68.27914640001654,10
2009-10-07,164823.9358464,68.27914640001654,10
2009-10-08,165350.45094640003,68.27914640001654,10
2009-10-09,165393.82964640003,68.27914640001654,10
2009-10-12,166630.68364640002,68.27914640001654,10
2009-10-14,166915.14614640002,68.27914640001654,10
2009-10-15,166722.60654640003,68.27914640001654,10
2009-10-16,168519.33814640003,68.27914640001654,10
2009-10-20,170144.56314640003,68.27914640001654,10
2009-10-21,170591.5563464,68.27914640001654,10
2009-10-22,168485.34794640003,68.27914640001654,10
2009-10-23,169767.6740464,68.27914640001654,10
2009-10-26,168442.2428464,68.27914640001654,10
2009-10-27,164430.0516464,68.27914640001654,10
2009-10-28,164146.38654640003,68.27914640001654,10
2009-10-29,161052.5798464,68.27914640001654,10
2009-10-30,160898.264736,23.209436000017377,10
2009-11-03,157361.738236,23.209436000017377,10
2009-11-04,159159.33406320002,2.485863200017775,10
2009-11-05,161651.4398632,2.485863200017775,10
2009-11-06,165999.1663632,2.485863200017775,10
2009-11-09,168253.5434632,2.485863200017775,10
2009-11-10,168968.5038632,2.485863200017775,10
2009-11-11,172362.2331632,2.485863200017775,10
2009-11-12,170418.5812632,2.485863200017775,10
2009-11-13,172754.9642632,2.485863200017775,10
2009-11-16,172561.6370632,2.485863200017775,10
2009-11-17,172742.6490632,2.485863200017775,10
2009-11-18,171598.9567632,2.485863200017775,10
2009-11-19,168784.74346320002,2.485863200017775,10
2009-11-20,169821.06086320002,2.485863200017775,10
2009-11-23,169390.9471632,2.485863200017775,10
2009-11-24,169461.3361632,2.485863200017775,10
2009-11-25,168431.70786320002,2.485863200017775,10
2009-11-26,167231.3251632,2.485863200017775,10
2009-11-27,166192.4879632,2.485863200017775,10
2009-11-30,169277.9623632,2.485863200017775,10
2009-12-01,171017.49966320003,2.485863200017775,10
2009-12-02,172076.22926320002,2.485863200017775,10
2009-12-03,173408.44616320002,2.485863200017775,10
2009-12-04,174213.5300632,2.485863200017775,10
2009-12-07,173330.6505632,2.485863200017775,10
2009-12-08,173801.8449632,2.485863200017775,10
2009-12-09,173561.3938632,2.485863200017775,10
2009-12-10,173190.4854632,2.485863200017775,10
2009-12-11,172481.35176320001,2.485863200017775,10
2009-12-14,173362.0715632,2.485863200017775,10
2009-12-15,172654.9539632,2.485863200017775,10
2009-12-16,172457.8894632,2.485863200017775,10
2009-12-17,174496.9801632,2.485863200017775,10
2009-12-18,173694.09936320002,2.485863200017775,10
2009-12-21,172923.78076320002,2.485863200017775,10
2009-12-22,174189.5497632,2.485863200017775,10
2009-12-23,176717.00026320003,2.485863200017775,10
2009-12-24,177116.78256320002,2.485863200017775,10
2009-12-29,178974.52766320002,2.485863200017775,10
2009-12-30,178911.5483632,2.485863200017775,10
2009-12-31,179689.3559632,2.485863200017775,10
2010-01-04,181666.4581632,2.485863200017775,10
2010-01-05,181002.1016632,2.485863200017775,10
2010-01-06,182959.2873632,2.485863200017775,10
2010-01-07,181672.0640632,2.485863200017775,10
2010-01-08,181869.95226320002,2.485863200017775,10
2010-01-11,184975.9010632,2.485863200017775,10
2010-01-12,186856.78746320002,2.485863200017775,10
2010-01-13,189163.46836320002,2.485863200017775,10
2010-01-14,190013.5814632,2.485863200017775,10
2010-01-15,194192.5808632,2.485863200017775,10
2010-01-18,196425.4868632,2.485863200017775,10
2010-01-19,194856.82296320001,2.485863200017775,10
2010-01-20,194292.94256320002,2.485863200017775,10
2010-01-21,190603.94386320002,2.485863200017775,10
2010-01-22,190965.09266320002,2.485863200017775,10
2010-01-25,188261.8866632,2.485863200017775,10
2010-01-27,181927.5081632,2.485863200017775,10
2010-01-28,183644.3981632,2.485863200017775,10
2010-01-29,186023.69506320002,2.485863200017775,10
2010-02-01,189968.80966320002,2.485863200017775,10
2010-02-02,189318.98986320003,2.485863200017775,10
2010-02-03,191111.6176632,2.485863200017775,10
2010-02-04,188746.7903632,2.485863200017775,10
2010-02-05,186482.30596320002,2.485863200017775,10
2010-02-08,188413.0959632,2.485863200017775,10
2010-02-09,189370.78686320002,2.485863200017775,10
2010-02-10,188616.2224632,2.485863200017775,10
2010-02-11,189682.50066320001,2.485863200017775,10
2010-02-15,190278.29356320002,2.485863200017775,10
2010-02-16,190890.1849632,2.485863200017775,10
2010-02-17,191663.4992632,2.485863200017775,10
2010-02-18,187649.9031632,2.485863200017775,10
2010-02-19,187365.51496320002,2.485863200017775,10
2010-02-22,186508.70106320002,2.485863200017775,10
2010-02-23,186152.3858632,2.485863200017775,10
2010-02-24,185137.39236320002,2.485863200017775,10
2010-02-25,183511.52776320002,2.485863200017775,10
2010-02-26,188791.36346320002,2.485863200017775,10
2010-03-02,192547.3227632,2.485863200017775,10
2010-03-03,195404.3570632,2.485863200017775,10
2010-03-04,197282.9463632,2.485863200017775,10
2010-03-05,197517.5990632,2.485863200017775,10
2010-03-08,197889.5924632,2.485863200017775,10
2010-03-09,196883.6145632,2.485863200017775,10
2010-03-10,196491.38876320003,2.485863200017775,10
2010-03-11,199238.9893632,2.485863200017775,10
2010-03-12,199349.9495632,2.485863200017775,10
2010-03-15,196862.26236320002,2.485863200017775,10
2010-03-16,197916.1156632,2.485863200017775,10
2010-03-17,201662.4613632,2.485863200017775,10
2010-03-18,201804.8948632,2.485863200017775,10
2010-03-19,201688.16686320002,2.485863200017775,10
2010-03-22,202521.85996320003,2.485863200017775,10
2010-03-23,203271.1110632,2.485863200017775,10
2010-03-25,204184.0504632,2.485863200017775,10
2010-03-26,204834.3434632,2.485863200017775,10
2010-03-29,202211.68706320002,2.485863200017775,10
2010-03-30,200272.3339632,2.485863200017775,10
2010-03-31,200560.96396320002,2.485863200017775,10
2010-04-01,204205.4762544,115.15035440001884,10
2010-04-05,205503.2017544,115.15035440001884,10
2010-04-06,206891.90715440002,115.15035440001884,10
2010-04-07,208745.5435544,115.15035440001884,10
2010-04-08,208367.28705440002,115.15035440001884,10
2010-04-09,211852.2242544,115.15035440001884,10
2010-04-12,210668.4084544,115.15035440001884,10
2010-04-13,212678.70735440002,115.15035440001884,10
2010-04-15,212752.71665440002,115.15035440001884,10
2010-04-16,212422.7629544,115.15035440001884,10
2010-04-19,211377.1245544,115.15035440001884,10
2010-04-20,212801.81275440002,115.15035440001884,10
2010-04-21,213781.26135440002,115.15035440001884,10
2010-04-22,212353.54315440002,115.15035440001884,10
2010-04-23,213009.0901544,115.15035440001884,10
2010-04-26,213822.77065440002,115.15035440001884,10
2010-04-27,215900.45135440002,115.15035440001884,10
2010-04-28,215118.94965440003,115.15035440001884,10
2010-04-29,214561.68985440003,115.15035440001884,10
2010-04-30,215073.9603544,115.15035440001884,10
2010-05-03,215149.01215440003,115.15035440001884,10
2010-05-04,211537.80415440002,115.15035440001884,10
2010-05-05,212064.82505440002,115.15035440001884,10
2010-05-06,218181.8886544,115.15035440001884,10
2010-05-07,219030.8776544,115.15035440001884,10
2010-05-10,219024.94585440002,115.15035440001884,10
2010-05-11,216924.5892544,115.15035440001884,10
2010-05-12,216902.0570544,115.15035440001884,10
2010-05-13,217560.80855440002,115.15035440001884,10
2010-05-14,216220.90045440002,115.15035440001884,10
2010-05-17,213688.98765440003,115.15035440001884,10
2010-05-18,212773.20435440002,115.15035440001884,10
2010-05-19,207062.1872076,14047.878407600023,10
2010-05-20,206482.2043076,14047.878407600023,10
2010-05-21,205854.9095076,14047.878407600023,10
2010-05-24,206878.93910760002,14047.878407600023,10
2010-05-25,201611.9111076,14047.878407600023,10
2010-05-26,203610.5069076,14047.878407600023,10
2010-05-27,205006.3268076,14047.878407600023,10
2010-05-28,206832.91000760003,14047.878407600023,10
2010-05-31,208514.9591076,14047.878407600023,10
2010-06-01,208277.04140760002,14047.878407600023,10
2010-06-02,211152.08760760003,14047.878407600023,10
2010-06-03,213414.6582076,14047.878407600023,10
2010-06-04,213627.48890760003,14047.878407600023,10
2010-06-07,211218.6894076,14047.878407600023,10
2010-06-08,212211.80200760002,14047.878407600023,10
2010-06-09,212890.05580760003,14047.878407600023,10
2010-06-10,217652.42390760002,14047.878407600023,10
2010-06-11,218516.97170760002,14047.878407600023,10
2010-06-14,218927.4481076,14047.878407600023,10
2010-06-15,219312.5993076,14047.878407600023,10
2010-06-16,221356.45820760002,14047.878407600023,10
2010-06-17,220115.6104076,14047.878407600023,10
2010-06-18,219405.53480760002,14047.878407600023,10
2010-06-21,221308.87000760002,14047.878407600023,10
2010-06-22,222802.55930760002,14047.878407600023,10
2010-06-23,222996.92260760002,14047.878407600023,10
2010-06-24,223175.31420760002,14047.878407600023,10
2010-06-25,221269.10780760003,14047.878407600023,10
2010-06-28,223777.54090760002,14047.878407600023,10
2010-06-29,224272.8323076,14047.878407600023,10
2010-06-30,224078.98660760003,14047.878407600023,10
2010-07-01,222339.9084076,14047.878407600023,10
2010-07-02,222777.27360760001,14047.878407600023,10
2010-07-05,223952.4622076,14047.878407600023,10
2010-07-06,225168.8990076,14047.878407600023,10
2010-07-07,224382.08990760002,14047.878407600023,10
2010-07-08,225736.9653076,14047.878407600023,10
2010-07-09,225753.27250760002,14047.878407600023,10
2010-07-12,226141.21440760003,14047.878407600023,10
2010-07-13,227283.95570760002,14047.878407600023,10
2010-07-14,228239.6741076,14047.878407600023,10
2010-07-15,229307.1443076,14047.878407600023,10
2010-07-16,229883.9338076,14047.878407600023,10
2010-07-19,230480.0113076,14047.878407600023,10
2010-07-20,229610.87560760003,14047.878407600023,10
2010-07-21,232132.2080076,14047.878407600023,10
2010-07-22,233526.2582076,14047.878407600023,10
2010-07-23,232698.3213076,14047.878407600023,10
2010-07-26,231832.2625076,14047.878407600023,10
2010-07-27,230881.6724076,14047.878407600023,10
2010-07-28,230120.1722076,14047.878407600023,10
2010-07-29,230231.73280760003,14047.878407600023,10
2010-07-30,228983.4891076,14047.878407600023,10
2010-08-02,230282.7121076,14047.878407600023,10
2010-08-03,230745.7330076,14047.878407600023,10
2010-08-04,232416.8507076,14047.878407600023,10
2010-08-05,232583.01760760002,14047.878407600023,10
2010-08-06,232412.11880760003,14047.878407600023,10
2010-08-09,233223.0901076,14047.878407600023,10
2010-08-10,231755.1896076,14047.878407600023,10
2010-08-11,232150.6599076,14047.878407600023,10
2010-08-12,232363.0106076,14047.878407600023,10
2010-08-13,233937.6043076,14047.878407600023,10
2010-08-16,231126.5192076,14047.878407600023,10
2010-08-17,232175.0560076,14047.878407600023,10
2010-08-18,233991.7306076,14047.878407600023,10
2010-08-19,236562.9516076,14047.878407600023,10
2010-08-20,235568.7495076,14047.878407600023,10
2010-08-23,236705.9120076,14047.878407600023,10
2010-08-24,237632.38400760002,14047.878407600023,10
2010-08-25,234765.17500760002,14047.878407600023,10
2010-08-26,235196.2000076,14047.878407600023,10
2010-08-27,233058.86860760002,14047.878407600023,10
2010-08-30,233720.90820760003,14047.878407600023,10
2010-08-31,234335.23010760001,14047.878407600023,10
2010-09-01,237727.2380076,14047.878407600023,10
2010-09-02,239985.4921076,14047.878407600023,10
2010-09-03,241967.27730760002,14047.878407600023,10
2010-09-06,244083.51160760003,14047.878407600023,10
2010-09-07,244955.57430760004,14047.878407600023,10
2010-09-08,244185.2840076,14047.878407600023,10
2010-09-09,243160.06910760002,14047.878407600023,10
2010-09-13,245503.6626076,14047.878407600023,10
2010-09-14,246662.76090760002,14047.878407600023,10
2010-09-15,247340.8426076,14047.878407600023,10
2010-09-16,245968.0926076,14047.878407600023,10
2010-09-17,247832.1645076,14047.878407600023,10
2010-09-20,248578.8367076,14047.878407600023,10
2010-09-21,246276.82590760002,14047.878407600023,10
2010-09-22,245495.8439076,14047.878407600023,10
2010-09-23,246294.19470760002,14047.878407600023,10
2010-09-24,247131.66120760003,14047.878407600023,10
2010-09-27,245328.60390760002,14047.878407600023,10
2010-09-28,247332.07220760002,14047.878407600023,10
2010-09-29,245997.4768076,14047.878407600023,10
2010-09-30,245623.5848076,14047.878407600023,10
2010-10-01,248269.25120760003,14047.878407600023,10
2010-10-04,249472.60760760002,14047.878407600023,10
2010-10-05,248352.40750760003,14047.878407600023,10
2010-10-06,249515.81650760002,14047.878407600023,10
2010-10-07,250676.24490760002,14047.878407600023,10
2010-10-08,248040.69720760002,14047.878407600023,10
2010-10-11,249178.26870760001,14047.878407600023,10
2010-10-12,248787.2227076,14047.878407600023,10
2010-10-13,248597.5240076,14047.878407600023,10
2010-10-14,250052.48410760003,14047.878407600023,10
2010-10-15,246575.05550760002,14047.878407600023,10
2010-10-18,244764.19520760002,14047.878407600023,10
2010-10-19,249205.00860760003,14047.878407600023,10
2010-10-20,249869.5012076,14047.878407600023,10
2010-10-21,251434.72280760002,14047.878407600023,10
2010-10-22,251748.52260760003,14047.878407600023,10
2010-10-25,251584.28370760003,14047.878407600023,10
2010-10-26,252671.2678076,14047.878407600023,10
2010-10-27,251431.55430760002,14047.878407600023,10
2010-10-28,252226.32890760002,14047.878407600023,10
2010-10-29,251182.5824076,14047.878407600023,10
2010-11-01,253788.5571076,14047.878407600023,10
2010-11-02,254181.83370760002,14047.878407600023,10
2010-11-03,256033.17820760002,14047.878407600023,10
2010-11-04,258557.8899076,14047.878407600023,10
2010-11-08,259202.80260760002,14047.878407600023,10
2010-11-09,261962.46080760003,14047.878407600023,10
2010-11-10,262898.9148076,14047.878407600023,10
2010-11-11,262541.76450760005,14047.878407600023,10
2010-11-12,258042.51350760003,14047.878407600023,10
2010-11-15,257815.9161076,14047.878407600023,10
2010-11-16,257153.96940760003,14047.878407600023,10
2010-11-18,259804.1306076,14047.878407600023,10
2010-11-19,254912.5493076,14047.878407600023,10
2010-11-22,256141.49580760003,14047.878407600023,10
2010-11-23,254704.75870760003,14047.878407600023,10
2010-11-24,254366.34360760002,14047.878407600023,10
2010-11-25,250710.6142076,14047.878407600023,10
2010-11-26,245468.2195076,14047.878407600023,10
2010-11-29,247367.02400760003,14047.878407600023,10
2010-11-30,249610.2648076,14047.878407600023,10
2010-12-01,254694.91840760002,14047.878407600023,10
2010-12-02,256704.73100760003,14047.878407600023,10
2010-12-03,254353.70650760003,14047.878407600023,10
2010-12-06,253351.70930760002,14047.878407600023,10
2010-12-07,252150.29750760001,14047.878407600023,10
2010-12-08,251945.05450760003,14047.878407600023,10
2010-12-09,245467.0245076,14047.878407600023,10
2010-12-10,248089.7580076,14047.878407600023,10
2010-12-13,250119.8899076,14047.878407600023,10
2010-12-14,251821.06910760002,14047.878407600023,10
2010-12-15,249581.5424076,14047.878407600023,10
2010-12-16,247868.28660760002,14047.878407600023,10
2010-12-20,249147.44290760002,14047.878407600023,10
2010-12-21,248088.55591800003,3584.9303180000243,10
2010-12-22,248004.75811800003,3584.9303180000243,10
2010-12-23,246718.27181800004,3584.9303180000243,10
2010-12-24,245950.91411800004,3584.9303180000243,10
2010-12-27,247451.60301800002,3584.9303180000243,10
2010-12-28,247090.54221800002,3584.9303180000243,10
2010-12-29,248548.31011800002,3584.9303180000243,10
2010-12-30,248761.27591800003,3584.9303180000243,10
2010-12-31,250649.80271800002,3584.9303180000243,10
2011-01-03,253527.02991800001,3584.9303180000243,10
2011-01-04,255683.99341800003,3584.9303180000243,10
2011-01-05,254408.90691800002,3584.9303180000243,10
2011-01-06,251794.79321800004,3584.9303180000243,10
2011-01-07,248457.72551800002,3584.9303180000243,10
2011-01-10,244908.73811800004,3584.9303180000243,10
2011-01-11,241381.39801800004,3584.9303180000243,10
2011-01-12,245227.88761800004,3584.9303180000243,10
2011-01-13,242879.982118,3584.9303180000243,10
2011-01-14,240021.40901800003,3584.9303180000243,10
2011-01-17,239362.06061800002,3584.9303180000243,10
2011-01-18,238369.21101800003,3584.9303180000243,10
2011-01-19,237389.75161800004,3584.9303180000243,10
2011-01-20,238024.814218,3584.9303180000243,10
2011-01-21,238051.38421800002,3584.9303180000243,10
2011-01-24,239666.29391800004,3584.9303180000243,10
2011-01-25,237967.49991800004,3584.9303180000243,10
2011-01-27,235366.55321800004,3584.9303180000243,10
2011-01-28,231411.66160600004,27962.157806000025,9
2011-01-31,228518.17069680002,75703.85139680002,7
2011-02-01,227250.42901120003,103165.06181120002,6
2011-02-02,226065.5816112,103165.06181120002,6
2011-02-03,226756.72811120003,103165.06181120002,6
2011-02-04,226238.29791120003,103165.06181120002,6
2011-02-07,226688.15780480002,118809.83300480002,5
2011-02-08,226137.19090480002,118809.83300480002,5
2011-02-09,225843.44898120002,134636.10458120002,4
2011-02-10,225446.09358120002,134636.10458120002,4
2011-02-11,225727.9358812,134636.10458120002,4
2011-02-14,227093.31478120002,134636.10458120002,4
2011-02-15,227153.32388120002,134636.10458120002,4
2011-02-16,226868.9724812,134636.10458120002,4
2011-02-17,227112.85588120003,134636.10458120002,4
2011-02-18,226969.43368120003,134636.10458120002,4
2011-02-21,227645.03528120002,134636.10458120002,4
2011-02-22,226884.03828120002,134636.10458120002,4
2011-02-23,226097.78538120002,134636.10458120002,4
2011-02-24,225155.34838120002,134636.10458120002,4
2011-02-25,224818.39478120004,134636.10458120002,4
2011-02-28,225806.8879812,134636.10458120002,4
2011-03-01,226420.23558120002,134636.10458120002,4
2011-03-03,226761.4712812,134636.10458120002,4
2011-03-04,227058.05398120004,134636.10458120002,4
2011-03-07,226281.16078120004,134636.10458120002,4
2011-03-08,228005.3776812,134636.10458120002,4
2011-03-09,227641.7347812,134636.10458120002,4
2011-03-10,227550.84988120003,134636.10458120002,4
2011-03-11,226994.15928120003,134636.10458120002,4
2011-03-14,227456.20708120003,134636.10458120002,4
2011-03-15,226818.83548120002,134636.10458120002,4
2011-03-16,226781.68728120002,134636.10458120002,4
2011-03-17,226144.37248120003,134636.10458120002,4
2011-03-18,225903.7629812,134636.10458120002,4
2011-03-21,225473.31298120003,134636.10458120002,4
2011-03-22,225587.35138120002,134636.10458120002,4
2011-03-23,226822.5299812,134636.10458120002,4
2011-03-24,226627.61308120002,134636.10458120002,4
2011-03-25,228727.0876812,134636.10458120002,4
2011-03-28,229172.01828120003,134636.10458120002,4
2011-03-29,228443.67870720002,0.23820720002186135,10
2011-03-30,232043.97960720002,0.23820720002186135,10
2011-03-31,236367.56540720002,0.23820720002186135,10
2011-04-01,237814.0468072,0.23820720002186135,10
2011-04-04,242006.64960720003,0.23820720002186135,10
2011-04-05,245562.2453072,0.23820720002186135,10
2011-04-06,242446.03000720002,0.23820720002186135,10
2011-04-07,243446.05810720002,0.23820720002186135,10
2011-04-08,243287.20530720003,0.23820720002186135,10
2011-04-11,242407.04880720002,0.23820720002186135,10
2011-04-13,247239.61580720003,0.23820720002186135,10
2011-04-15,244983.8214072,0.23820720002186135,10
2011-04-18,242335.30520720003,0.23820720002186135,10
2011-04-19,242484.81780720002,0.23820720002186135,10
2011-04-20,243514.67340720003,0.23820720002186135,10
2011-04-21,242769.7826072,0.23820720002186135,10
2011-04-25,245831.09020720003,0.23820720002186135,10
2011-04-26,244986.34610720002,0.23820720002186135,10
2011-04-27,247006.64502320002,8.647723200021574,10
2011-04-28,245193.24572320003,8.647723200021574,10
2011-04-29,245112.72422320003,8.647723200021574,10
2011-05-02,243219.3072232,8.647723200021574,10
2011-05-03,243110.72272320004,8.647723200021574,10
2011-05-04,241369.44262320004,8.647723200021574,10
2011-05-05,239356.60032320002,8.647723200021574,10
2011-05-06,239669.65962320004,8.647723200021574,10
2011-05-09,241589.16422320003,8.647723200021574,10
2011-05-10,241457.99072320003,8.647723200021574,10
2011-05-11,244632.58802320002,8.647723200021574,10
2011-05-12,242441.44112320003,8.647723200021574,10
2011-05-13,241814.89732320004,8.647723200021574,10
2011-05-16,241516.91302320003,8.647723200021574,10
2011-05-17,238785.15882320004,8.647723200021574,10
2011-05-18,236645.27192320002,8.647723200021574,10
2011-05-19,237761.49348520002,39644.07878520002,8
2011-05-20,238199.12298520003,39644.07878520002,8
2011-05-23,236188.09388520004,39644.07878520002,8
2011-05-24,235422.21908520002,39644.07878520002,8
2011-05-25,235061.93838520002,39644.07878520002,8
2011-05-26,234904.87488520003,39644.07878520002,8
2011-05-27,235890.3338852,39644.07878520002,8
2011-05-30,236641.62248520003,39644.07878520002,8
2011-06-01,238879.7990852,39644.07878520002,8
2011-06-02,240125.67998520003,39644.07878520002,8
2011-06-03,239587.1936852,39644.07878520002,8
2011-06-06,239218.36358520002,39644.07878520002,8
2011-06-07,240574.2009852,39644.07878520002,8
2011-06-08,240422.95878520003,39644.07878520002,8
2011-06-09,240422.06128520003,39644.07878520002,8
2011-06-10,240256.11458520003,39644.07878520002,8
2011-06-13,240500.95398520003,39644.07878520002,8
2011-06-14,243025.78378520004,39644.07878520002,8
2011-06-15,242425.97398520002,39644.07878520002,8
2011-06-16,241517.46318520003,39644.07878520002,8
2011-06-17,240704.14178520002,39644.07878520002,8
2011-06-20,237296.67008520002,39644.07878520002,8
2011-06-21,237047.74457880002,237047.74457880002,0
2011-06-22,237047.74457880002,237047.74457880002,0
2011-06-23,237047.74457880002,237047.74457880002,0
2011-06-24,237047.74457880002,237047.74457880002,0
2011-06-27,237047.74457880002,237047.74457880002,0
2011-06-28,237047.74457880002,237047.74457880002,0
2011-06-29,237047.74457880002,237047.74457880002,0
2011-06-30,237047.74457880002,237047.74457880002,0
2011-07-01,237047.74457880002,237047.74457880002,0
2011-07-04,237047.74457880002,237047.74457880002,0
2011-07-05,237047.74457880002,237047.74457880002,0
2011-07-06,237047.74457880002,237047.74457880002,0
2011-07-07,237047.74457880002,237047.74457880002,0
2011-07-08,237047.74457880002,237047.74457880002,0
2011-07-11,237047.74457880002,237047.74457880002,0
2011-07-12,237047.74457880002,237047.74457880002,0
2011-07-13,237047.74457880002,237047.74457880002,0
2011-07-15,237047.74457880002,237047.74457880002,0
2011-07-18,237047.74457880002,237047.74457880002,0
2011-07-19,237047.74457880002,237047.74457880002,0
2011-07-20,237047.74457880002,237047.74457880002,0
2011-07-21,237047.74457880002,237047.74457880002,0
2011-07-22,237047.74457880002,237047.74457880002,0
2011-07-25,237047.74457880002,237047.74457880002,0
2011-07-26,237047.74457880002,237047.74457880002,0
2011-07-27,237047.74457880002,237047.74457880002,0
2011-07-28,237047.74457880002,237047.74457880002,0
2011-07-29,237047.74457880002,237047.74457880002,0
2011-08-01,237047.74457880002,237047.74457880002,0
2011-08-02,237047.74457880002,237047.74457880002,0
2011-08-03,237047.74457880002,237047.74457880002,0
2011-08-04,237047.74457880002,237047.74457880002,0
2011-08-05,237047.74457880002,237047.74457880002,0
2011-08-08,237047.74457880002,237047.74457880002,0
2011-08-09,237047.74457880002,237047.74457880002,0
2011-08-10,237047.74457880002,237047.74457880002,0
2011-08-11,237047.74457880002,237047.74457880002,0
2011-08-12,237047.74457880002,237047.74457880002,0
2011-08-16,237047.74457880002,237047.74457880002,0
2011-08-17,237047.74457880002,237047.74457880002,0
2011-08-18,237047.74457880002,237047.74457880002,0
2011-08-19,237047.74457880002,237047.74457880002,0
2011-08-22,237047.74457880002,237047.74457880002,0
2011-08-23,237047.74457880002,237047.74457880002,0
2011-08-24,237047.74457880002,237047.74457880002,0
2011-08-25,237047.74457880002,237047.74457880002,0
2011-08-26,237047.74457880002,237047.74457880002,0
2011-08-29,237047.74457880002,237047.74457880002,0
2011-08-30,237047.74457880002,237047.74457880002,0
2011-09-02,237047.74457880002,237047.74457880002,0
2011-09-05,237047.74457880002,237047.74457880002,0
2011-09-06,237047.74457880002,237047.74457880002,0
2011-09-07,237047.74457880002,237047.74457880002,0
2011-09-08,237047.74457880002,237047.74457880002,0
2011-09-09,237047.74457880002,237047.74457880002,0
2011-09-12,237047.74457880002,237047.74457880002,0
2011-09-13,237047.74457880002,237047.74457880002,0
2011-09-14,237047.74457880002,237047.74457880002,0
2011-09-15,237047.74457880002,237047.74457880002,0
2011-09-16,237047.74457880002,237047.74457880002,0
2011-09-19,237047.74457880002,237047.74457880002,0
2011-09-20,237047.74457880002,237047.74457880002,0
2011-09-21,237047.74457880002,237047.74457880002,0
2011-09-22,237047.74457880002,237047.74457880002,0
2011-09-23,237047.74457880002,237047.74457880002,0
2011-09-26,237047.74457880002,237047.74457880002,0
2011-09-27,237047.74457880002,237047.74457880002,0
2011-09-28,237047.74457880002,237047.74457880002,0
2011-09-29,237047.74457880002,237047.74457880002,0
2011-09-30,237047.74457880002,237047.74457880002,0
2011-10-03,237047.74457880002,237047.74457880002,0
2011-10-04,237047.74457880002,237047.74457880002,0
2011-10-05,237047.74457880002,237047.74457880002,0
2011-10-07,237047.74457880002,237047.74457880002,0
2011-10-10,237047.74457880002,237047.74457880002,0
2011-10-11,237047.74457880002,237047.74457880002,0
2011-10-12,237047.74457880002,237047.74457880002,0
2011-10-13,237047.74457880002,237047.74457880002,0
2011-10-14,237047.74457880002,237047.74457880002,0
2011-10-17,237047.74457880002,237047.74457880002,0
2011-10-18,237047.74457880002,237047.74457880002,0
2011-10-19,237047.74457880002,237047.74457880002,0
2011-10-20,237047.74457880002,237047.74457880002,0
2011-10-21,237047.74457880002,237047.74457880002,0
2011-10-24,237047.74457880002,237047.74457880002,0
2011-10-25,237047.74457880002,237047.74457880002,0
2011-10-28,237047.74457880002,237047.74457880002,0
2011-10-31,237047.74457880002,237047.74457880002,0
2011-11-01,237047.74457880002,237047.74457880002,0
2011-11-02,237047.74457880002,237047.74457880002,0
2011-11-03,237047.74457880002,237047.74457880002,0
2011-11-04,237047.74457880002,237047.74457880002,0
2011-11-08,237047.74457880002,237047.74457880002,0
2011-11-09,237047.74457880002,237047.74457880002,0
2011-11-11,237047.74457880002,237047.74457880002,0
2011-11-14,237047.74457880002,237047.74457880002,0
2011-11-15,237047.74457880002,237047.74457880002,0
2011-11-16,237047.74457880002,237047.74457880002,0
2011-11-17,237047.74457880002,237047.74457880002,0
2011-11-18,237047.74457880002,237047.74457880002,0
2011-11-21,237047.74457880002,237047.74457880002,0
2011-11-22,237047.74457880002,237047.74457880002,0
2011-11-23,237047.74457880002,237047.74457880002,0
2011-11-25,237047.74457880002,237047.74457880002,0
2011-11-28,237047.74457880002,237047.74457880002,0
2011-11-29,237047.74457880002,237047.74457880002,0
2011-11-30,237047.74457880002,237047.74457880002,0
2011-12-01,237047.74457880002,237047.74457880002,0
2011-12-02,237047.74457880002,237047.74457880002,0
2011-12-05,237047.74457880002,237047.74457880002,0
2011-12-07,237047.74457880002,237047.74457880002,0
2011-12-08,237047.74457880002,237047.74457880002,0
2011-12-09,237047.74457880002,237047.74457880002,0
2011-12-12,237047.74457880002,237047.74457880002,0
2011-12-13,237047.74457880002,237047.74457880002,0
2011-12-14,237047.74457880002,237047.74457880002,0
2011-12-15,237047.74457880002,237047.74457880002,0
2011-12-16,237047.74457880002,237047.74457880002,0
2011-12-19,237047.74457880002,237047.74457880002,0
2011-12-20,237047.74457880002,237047.74457880002,0
2011-12-21,237047.74457880002,237047.74457880002,0
2011-12-22,237047.74457880002,237047.74457880002,0
2011-12-23,237047.74457880002,237047.74457880002,0
2011-12-27,237047.74457880002,237047.74457880002,0
2011-12-28,237047.74457880002,237047.74457880002,0
2011-12-29,237047.74457880002,237047.74457880002,0
2011-12-30,237047.74457880002,237047.74457880002,0
2012-01-03,237047.74457880002,237047.74457880002,0
2012-01-04,237047.74457880002,237047.74457880002,0
2012-01-05,237047.74457880002,237047.74457880002,0
2012-01-06,237047.74457880002,237047.74457880002,0
2012-01-09,237047.74457880002,237047.74457880002,0
2012-01-10,237047.74457880002,237047.74457880002,0
2012-01-11,237047.74457880002,237047.74457880002,0
2012-01-12,237047.74457880002,237047.74457880002,0
2012-01-13,237047.74457880002,237047.74457880002,0
2012-01-16,237047.74457880002,237047.74457880002,0
2012-01-17,237047.74457880002,237047.74457880002,0
2012-01-18,237047.74457880002,237047.74457880002,0
2012-01-19,237047.74457880002,237047.74457880002,0
2012-01-20,237047.74457880002,237047.74457880002,0
2012-01-23,237047.74457880002,237047.74457880002,0
2012-01-24,237047.74457880002,237047.74457880002,0
2012-01-25,237047.74457880002,237047.74457880002,0
2012-01-27,237047.74457880002,237047.74457880002,0
2012-01-30,237047.74457880002,237047.74457880002,0
2012-01-31,237047.74457880002,237047.74457880002,0
2012-02-01,237047.74457880002,237047.74457880002,0
2012-02-02,237047.74457880002,237047.74457880002,0
2012-02-03,237047.74457880002,237047.74457880002,0
2012-02-06,237047.74457880002,237047.74457880002,0
2012-02-07,237047.74457880002,237047.74457880002,0
2012-02-08,237047.74457880002,237047.74457880002,0
2012-02-09,237047.74457880002,237047.74457880002,0
2012-02-10,237047.74457880002,237047.74457880002,0
2012-02-13,237047.74457880002,237047.74457880002,0
2012-02-14,237047.74457880002,237047.74457880002,0
2012-02-15,237047.74457880002,237047.74457880002,0
2012-02-16,237047.74457880002,237047.74457880002,0
2012-02-17,237047.74457880002,237047.74457880002,0
2012-02-21,237047.74457880002,237047.74457880002,0
2012-02-22,237047.74457880002,237047.74457880002,0
2012-02-23,237047.74457880002,237047.74457880002,0
2012-02-24,237047.74457880002,237047.74457880002,0
2012-02-27,237047.74457880002,237047.74457880002,0
2012-02-28,237047.74457880002,237047.74457880002,0
2012-02-29,237047.74457880002,237047.74457880002,0
2012-03-01,237047.74457880002,237047.74457880002,0
2012-03-02,237047.74457880002,237047.74457880002,0
2012-03-05,237047.74457880002,237047.74457880002,0
2012-03-06,237047.74457880002,237047.74457880002,0
2012-03-07,237047.74457880002,237047.74457880002,0
2012-03-09,237047.74457880002,237047.74457880002,0
2012-03-12,237047.74457880002,237047.74457880002,0
2012-03-13,237047.74457880002,237047.74457880002,0
2012-03-14,237047.74457880002,237047.74457880002,0
2012-03-15,237047.74457880002,237047.74457880002,0
2012-03-16,237047.74457880002,237047.74457880002,0
2012-03-19,237047.74457880002,237047.74457880002,0
2012-03-20,237047.74457880002,237047.74457880002,0
2012-03-21,237047.74457880002,237047.74457880002,0
2012-03-22,237047.74457880002,237047.74457880002,0
2012-03-23,237047.74457880002,237047.74457880002,0
2012-03-26,237047.74457880002,237047.74457880002,0
2012-03-27,237047.74457880002,237047.74457880002,0
2012-03-28,237047.74457880002,237047.74457880002,0
2012-03-29,237047.74457880002,237047.74457880002,0
2012-03-30,237047.74457880002,237047.74457880002,0
2012-04-02,237047.74457880002,237047.74457880002,0
2012-04-03,237047.74457880002,237047.74457880002,0
2012-04-04,237047.74457880002,237047.74457880002,0
2012-04-09,237047.74457880002,237047.74457880002,0
2012-04-10,237047.74457880002,237047.74457880002,0
2012-04-11,237047.74457880002,237047.74457880002,0
2012-04-12,237047.74457880002,237047.74457880002,0
2012-04-13,237047.74457880002,237047.74457880002,0
2012-04-16,237047.74457880002,237047.74457880002,0
2012-04-17,237047.74457880002,237047.74457880002,0
2012-04-18,237047.74457880002,237047.74457880002,0
2012-04-19,237047.74457880002,237047.74457880002,0
2012-04-20,237047.74457880002,237047.74457880002,0
2012-04-23,237047.74457880002,237047.74457880002,0
2012-04-24,237047.74457880002,237047.74457880002,0
2012-04-25,237047.74457880002,237047.74457880002,0
2012-04-26,237047.74457880002,237047.74457880002,0
2012-04-27,237047.74457880002,237047.74457880002,0
2012-04-30,237047.74457880002,237047.74457880002,0
2012-05-02,237047.74457880002,237047.74457880002,0
2012-05-03,237047.74457880002,237047.74457880002,0
2012-05-04,237047.74457880002,237047.74457880002,0
2012-05-07,237047.74457880002,237047.74457880002,0
2012-05-08,237047.74457880002,237047.74457880002,0
2012-05-09,237047.74457880002,237047.74457880002,0
2012-05-10,237047.74457880002,237047.74457880002,0
2012-05-11,237047.74457880002,237047.74457880002,0
2012-05-14,237047.74457880002,237047.74457880002,0
2012-05-15,237047.74457880002,237047.74457880002,0
2012-05-16,237047.74457880002,237047.74457880002,0
2012-05-17,237047.74457880002,237047.74457880002,0
2012-05-18,237047.74457880002,237047.74457880002,0
2012-05-22,237047.74457880002,237047.74457880002,0
2012-05-23,237047.74457880002,237047.74457880002,0
2012-05-24,237047.74457880002,237047.74457880002,0
2012-05-25,237047.74457880002,237047.74457880002,0
2012-05-28,237047.74457880002,237047.74457880002,0
2012-05-29,237047.74457880002,237047.74457880002,0
2012-05-30,237047.74457880002,237047.74457880002,0
2012-05-31,237047.74457880002,237047.74457880002,0
2012-06-01,237047.74457880002,237047.74457880002,0
2012-06-04,237047.74457880002,237047.74457880002,0
2012-06-05,237047.74457880002,237047.74457880002,0
2012-06-06,237047.74457880002,237047.74457880002,0
2012-06-07,237047.74457880002,237047.74457880002,0
2012-06-08,237047.74457880002,237047.74457880002,0
2012-06-11,237047.74457880002,237047.74457880002,0
2012-06-12,237047.74457880002,237047.74457880002,0
2012-06-13,237047.74457880002,237047.74457880002,0
2012-06-14,237047.74457880002,237047.74457880002,0
2012-06-15,237047.74457880002,237047.74457880002,0
2012-06-18,237047.74457880002,237047.74457880002,0
2012-06-19,237047.74457880002,237047.74457880002,0
2012-06-20,237047.74457880002,237047.74457880002,0
2012-06-21,237047.74457880002,237047.74457880002,0
2012-06-22,237047.74457880002,237047.74457880002,0
2012-06-25,237047.74457880002,237047.74457880002,0
2012-06-26,237047.74457880002,237047.74457880002,0
2012-06-27,237047.74457880002,237047.74457880002,0
2012-06-28,237047.74457880002,237047.74457880002,0
2012-06-29,237047.74457880002,237047.74457880002,0
2012-07-02,234614.15876520003,2396.8520652000043,10
2012-07-03,233017.3267652,2396.8520652000043,10
2012-07-04,233857.9266652,2396.8520652000043,10
2012-07-05,235456.28656520002,2396.8520652000043,10
2012-07-06,233998.3284652,2396.8520652000043,10
2012-07-09,231764.3874652,2396.8520652000043,10
2012-07-10,233210.8905652,2396.8520652000043,10
2012-07-11,232547.5652652,2396.8520652000043,10
2012-07-12,233542.07206520002,2396.8520652000043,10
2012-07-13,234099.2743652,2396.8520652000043,10
2012-07-16,234522.08186520002,2396.8520652000043,10
2012-07-17,234299.91376520004,2396.8520652000043,10
2012-07-18,234216.70316520002,2396.8520652000043,10
2012-07-19,235628.94596520002,2396.8520652000043,10
2012-07-20,234498.5730652,2396.8520652000043,10
2012-07-23,234823.91336520002,2396.8520652000043,10
2012-07-24,236184.7205652,2396.8520652000043,10
2012-07-25,239526.14396520003,2396.8520652000043,10
2012-07-26,238133.02146520003,2396.8520652000043,10
2012-07-27,238800.19066520003,2396.8520652000043,10
2012-07-30,240979.1853652,2396.8520652000043,10
2012-07-31,242825.6415652,2396.8520652000043,10
2012-08-01,245222.05006520002,2396.8520652000043,10
2012-08-02,247226.9143652,2396.8520652000043,10
2012-08-03,247150.9659652,2396.8520652000043,10
2012-08-06,248855.29656520003,2396.8520652000043,10
2012-08-07,247672.6741652,2396.8520652000043,10
2012-08-08,247958.85586520002,2396.8520652000043,10
2012-08-09,250440.9285652,2396.8520652000043,10
2012-08-10,249341.3311652,2396.8520652000043,10
2012-08-13,250901.80836520004,2396.8520652000043,10
2012-08-14,250166.20256520002,2396.8520652000043,10
2012-08-16,250292.70716520003,2396.8520652000043,10
2012-08-17,250935.4260652,2396.8520652000043,10
2012-08-21,253806.5191652,2396.8520652000043,10
2012-08-22,253999.6122652,2396.8520652000043,10
2012-08-23,256572.1749652,2396.8520652000043,10
2012-08-24,255501.9389652,2396.8520652000043,10
2012-08-27,256264.31346520002,2396.8520652000043,10
2012-08-29,254704.96796520002,2396.8520652000043,10
2012-08-30,255541.44716520002,2396.8520652000043,10
2012-08-31,254917.77676520002,2396.8520652000043,10
2012-09-03,256828.14136520002,2396.8520652000043,10
2012-09-04,258283.6269652,2396.8520652000043,10
2012-09-05,254799.22846520002,2396.8520652000043,10
2012-09-06,255253.6814652,2396.8520652000043,10
2012-09-07,257933.8850652,2396.8520652000043,10
2012-09-10,261075.54976520003,2396.8520652000043,10
2012-09-11,261688.9720652,2396.8520652000043,10
2012-09-12,261848.6323652,2396.8520652000043,10
2012-09-13,262233.0045652,2396.8520652000043,10
2012-09-14,261663.3752652,2396.8520652000043,10
2012-09-17,258755.20756520002,2396.8520652000043,10
2012-09-18,257586.4829652,2396.8520652000043,10
2012-09-20,256491.7556652,2396.8520652000043,10
2012-09-21,259666.3008652,2396.8520652000043,10
2012-09-24,258828.78636520004,2396.8520652000043,10
2012-09-25,261599.54446520002,2396.8520652000043,10
2012-09-26,266264.26936519996,2396.8520652000043,10
2012-09-27,267692.2014652,2396.8520652000043,10
2012-09-28,270213.56126519997,2396.8520652000043,10
2012-10-01,272018.2218652,2396.8520652000043,10
2012-10-03,272222.9573652,2396.8520652000043,10
2012-10-04,274992.6305652,2396.8520652000043,10
2012-10-05,274485.79536519997,2396.8520652000043,10
2012-10-08,274695.40686519997,2396.8520652000043,10
2012-10-09,278816.9020652,2396.8520652000043,10
2012-10-10,276933.5834652,2396.8520652000043,10
2012-10-11,277508.56346519996,2396.8520652000043,10
2012-10-12,278648.0886652,2396.8520652000043,10
2012-10-15,280272.31356519996,2396.8520652000043,10
2012-10-16,280738.7895652,2396.8520652000043,10
2012-10-17,281658.80136519996,2396.8520652000043,10
2012-10-18,282536.5447652,2396.8520652000043,10
2012-10-19,282116.0642652,2396.8520652000043,10
2012-10-22,288013.4280652,2396.8520652000043,10
2012-10-23,288576.66296519997,2396.8520652000043,10
2012-10-25,290421.7073652,2396.8520652000043,10
2012-10-29,286250.9702652,2396.8520652000043,10
2012-10-30,283683.1612652,2396.8520652000043,10
2012-10-31,289007.8399652,2396.8520652000043,10
2012-11-01,290705.6940652,2396.8520652000043,10
2012-11-02,288348.9538652,2396.8520652000043,10
2012-11-05,288357.00846519996,2396.8520652000043,10
2012-11-06,291136.5579652,2396.8520652000043,10
2012-11-07,296297.9133652,2396.8520652000043,10
2012-11-08,297996.45686519996,2396.8520652000043,10
2012-11-09,297599.2003652,2396.8520652000043,10
2012-11-12,298720.45086519996,2396.8520652000043,10
2012-11-15,296439.4920652,2396.8520652000043,10
2012-11-16,292638.3707652,2396.8520652000043,10
2012-11-19,291067.7917652,2396.8520652000043,10
2012-11-20,288694.3829652,2396.8520652000043,10
2012-11-21,290805.5726652,2396.8520652000043,10
2012-11-22,289249.6770652,2396.8520652000043,10
2012-11-23,289986.7779652,2396.8520652000043,10
2012-11-26,290381.7393652,2396.8520652000043,10
2012-11-27,293164.8138652,2396.8520652000043,10
2012-11-29,294189.3995652,2396.8520652000043,10
2012-11-30,295117.1007652,2396.8520652000043,10
2012-12-03,294556.0279652,2396.8520652000043,10
2012-12-04,296760.1646652,2396.8520652000043,10
2012-12-05,296640.02326519997,2396.8520652000043,10
2012-12-06,296732.7345652,2396.8520652000043,10
2012-12-07,296284.1055652,2396.8520652000043,10
2012-12-10,296927.8629652,2396.8520652000043,10
2012-12-11,297319.1719652,2396.8520652000043,10
2012-12-12,297787.7055652,2396.8520652000043,10
2012-12-13,294847.8032652,2396.8520652000043,10
2012-12-14,294239.0435652,2396.8520652000043,10
2012-12-17,294457.0203652,2396.8520652000043,10
2012-12-18,296118.24986519996,2396.8520652000043,10
2012-12-19,298440.74366519996,2396.8520652000043,10
2012-12-20,298764.1402652,2396.8520652000043,10
2012-12-21,295739.53056519997,2396.8520652000043,10
2012-12-24,298923.4285652,2396.8520652000043,10
2012-12-26,300783.44236519997,2396.8520652000043,10
2012-12-27,300751.40316519997,2396.8520652000043,10
2012-12-28,302066.6929652,2396.8520652000043,10
2012-12-31,301912.2198652,2396.8520652000043,10
2013-01-02,303918.77566519997,2396.8520652000043,10
2013-01-03,304318.3922652,2396.8520652000043,10
2013-01-04,305206.9060652,2396.8520652000043,10
2013-01-07,305555.2884652,2396.8520652000043,10
2013-01-08,305418.8154652,2396.8520652000043,10
2013-01-09,306349.3059652,2396.8520652000043,10
2013-01-10,307466.6601652,2396.8520652000043,10
2013-01-11,302404.82216519996,2396.8520652000043,10
2013-01-14,303793.3137652,2396.8520652000043,10
2013-01-15,304823.8362652,2396.8520652000043,10
2013-01-16,301545.8831652,2396.8520652000043,10
2013-01-17,300587.4534652,2396.8520652000043,10
2013-01-18,300254.9645652,2396.8520652000043,10
2013-01-21,300040.85646519996,2396.8520652000043,10
2013-01-22,299185.56976519997,2396.8520652000043,10
2013-01-23,298338.11276519997,2396.8520652000043,10
2013-01-24,296136.3780652,2396.8520652000043,10
2013-01-25,298473.5055652,2396.8520652000043,10
2013-01-28,300275.8125652,2396.8520652000043,10
2013-01-29,298677.2929652,2396.8520652000043,10
2013-01-30,299294.5410652,2396.8520652000043,10
2013-01-31,300306.6694652,2396.8520652000043,10
2013-02-01,301776.3474652,2396.8520652000043,10
2013-02-04,300887.2163652,2396.8520652000043,10
2013-02-05,298111.5246652,2396.8520652000043,10
2013-02-06,299091.8359652,2396.8520652000043,10
2013-02-07,298096.3693652,2396.8520652000043,10
2013-02-08,299021.0331652,2396.8520652000043,10
2013-02-11,299119.7354652,2396.8520652000043,10
2013-02-12,299845.2506652,2396.8520652000043,10
2013-02-13,300847.3206652,2396.8520652000043,10
2013-02-14,300266.4427652,2396.8520652000043,10
2013-02-15,299230.9499652,2396.8520652000043,10
2013-02-18,300228.3942652,2396.8520652000043,10
2013-02-19,301331.31006519997,2396.8520652000043,10
2013-02-20,302277.5277956,30.518395600003714,10
2013-02-21,300365.1137956,30.518395600003714,10
2013-02-22,299639.1960956,30.518395600003714,10
2013-02-25,299958.3182956,30.518395600003714,10
2013-02-26,298471.5096956,30.518395600003714,10
2013-02-27,299296.57489560003,30.518395600003714,10
2013-02-28,295936.39609560004,30.518395600003714,10
2013-03-01,298127.0879956,30.518395600003714,10
2013-03-04,296152.4017956,30.518395600003714,10
2013-03-05,297656.4322956,30.518395600003714,10
2013-03-06,296942.82139560004,30.518395600003714,10
2013-03-07,297885.65589560004,30.518395600003714,10
2013-03-08,303422.05769560003,30.518395600003714,10
2013-03-11,306140.32489560003,30.518395600003714,10
2013-03-12,305639.9186956,30.518395600003714,10
2013-03-13,304607.8597956,30.518395600003714,10
2013-03-14,304045.01149560005,30.518395600003714,10
2013-03-15,306207.9933956,30.518395600003714,10
2013-03-18,305635.6185956,30.518395600003714,10
2013-03-19,303900.5190956,30.518395600003714,10
2013-03-20,298415.71359560004,30.518395600003714,10
2013-03-21,294204.2289956,30.518395600003714,10
2013-03-22,290586.9911956,30.518395600003714,10
2013-03-25,289461.19999560004,30.518395600003714,10
2013-03-26,287522.6506956,30.518395600003714,10
2013-03-28,289058.2218876,177.85488760000226,10
2013-04-01,290783.2556876,177.85488760000226,10
2013-04-02,295024.6596876,177.85488760000226,10
2013-04-03,295319.2192876,177.85488760000226,10
2013-04-04,291314.49398759997,177.85488760000226,10
2013-04-05,289190.7654876,177.85488760000226,10
2013-04-08,289762.8737876,177.85488760000226,10
2013-04-09,289137.5413876,177.85488760000226,10
2013-04-10,287816.62758759997,177.85488760000226,10
2013-04-11,288355.03678759997,177.85488760000226,10
2013-04-12,287883.5042876,177.85488760000226,10
2013-04-15,286402.2257876,177.85488760000226,10
2013-04-16,288188.8194876,177.85488760000226,10
2013-04-17,290236.3488876,177.85488760000226,10
2013-04-18,292584.7389876,177.85488760000226,10
2013-04-22,296779.9661876,177.85488760000226,10
2013-04-23,298954.7682876,177.85488760000226,10
2013-04-25,303036.1746876,177.85488760000226,10
2013-04-26,302829.69628760003,177.85488760000226,10
2013-04-29,303300.0255876,177.85488760000226,10
2013-04-30,304652.7553876,177.85488760000226,10
2013-05-02,308146.9414876,177.85488760000226,10
2013-05-03,305866.9405876,177.85488760000226,10
2013-05-06,307804.7662876,177.85488760000226,10
2013-05-07,310379.6110876,177.85488760000226,10
2013-05-08,316634.4562876,177.85488760000226,10
2013-05-09,315945.9970876,177.85488760000226,10
2013-05-10,316927.2101876,177.85488760000226,10
2013-05-13,318345.3020876,177.85488760000226,10
2013-05-14,319068.6654876,177.85488760000226,10
2013-05-15,322271.0719876,177.85488760000226,10
2013-05-16,324964.2649876,177.85488760000226,10
2013-05-17,324983.52948759997,177.85488760000226,10
2013-05-20,326830.9689876,177.85488760000226,10
2013-05-21,331791.5231876,177.85488760000226,10
2013-05-22,336401.1892876,177.85488760000226,10
2013-05-23,334015.62038760004,177.85488760000226,10
2013-05-24,332964.3209876,177.85488760000226,10
2013-05-27,333764.6975876,177.85488760000226,10
2013-05-28,332834.5926876,177.85488760000226,10
2013-05-29,338296.8786876,177.85488760000226,10
2013-05-30,336238.79428760003,177.85488760000226,10
2013-05-31,333301.0826876,177.85488760000226,10
2013-06-03,334833.3962876,177.85488760000226,10
2013-06-04,335514.8101464,889.9755464000082,10
2013-06-05,336583.1724464,889.9755464000082,10
2013-06-06,334513.6088464,889.9755464000082,10
2013-06-07,337087.1653464,889.9755464000082,10
2013-06-10,339092.1355464,889.9755464000082,10
2013-06-11,332604.1690464,889.9755464000082,10
2013-06-12,330726.4858464,889.9755464000082,10
2013-06-13,325483.5366464,889.9755464000082,10
2013-06-14,328343.2660464,889.9755464000082,10
2013-06-17,331745.5300464,889.9755464000082,10
2013-06-18,328762.4296464,889.9755464000082,10
2013-06-19,328376.9121464,889.9755464000082,10
2013-06-20,323268.3019464,889.9755464000082,10
2013-06-21,321084.7878464,889.9755464000082,10
2013-06-24,315610.2560464,889.9755464000082,10
2013-06-25,314410.7062464,889.9755464000082,10
2013-06-26,316674.5747464,889.9755464000082,10
2013-06-27,318511.1240464,889.9755464000082,10
2013-06-28,323213.2315464,889.9755464000082,10
2013-07-01,326545.7686464,889.9755464000082,10
2013-07-02,324790.2565464,889.9755464000082,10
2013-07-03,325499.5856464,889.9755464000082,10
2013-07-04,327756.8154464,889.9755464000082,10
2013-07-05,327980.3341464,889.9755464000082,10
2013-07-08,327610.9051464,889.9755464000082,10
2013-07-09,328580.2526464,889.9755464000082,10
2013-07-10,330066.1741464,889.9755464000082,10
2013-07-11,334172.5266464,889.9755464000082,10
2013-07-12,335539.3942464,889.9755464000082,10
2013-07-15,339367.1823464,889.9755464000082,10
2013-07-16,342505.2769464,889.9755464000082,10
2013-07-17,341446.32493,327.6646300000066,10
2013-07-18,342702.04943,327.6646300000066,10
2013-07-19,341232.35453,327.6646300000066,10
2013-07-22,342867.93893,327.6646300000066,10
2013-07-23,340357.25013,327.6646300000066,10
2013-07-24,338806.83593,327.6646300000066,10
2013-07-25,335547.44563000003,327.6646300000066,10
2013-07-26,332456.54423,327.6646300000066,10
2013-07-29,326716.89483,327.6646300000066,10
2013-07-30,322019.2070324,32521.54633240001,9
2013-07-31,313906.3095324,32521.54633240001,9
2013-08-01,313067.2717324,32521.54633240001,9
2013-08-02,314334.5129156,56901.6385156,8
2013-08-05,312821.6236156,56901.6385156,8
2013-08-06,311947.7126156,56901.6385156,8
2013-08-07,311240.70921560004,56901.6385156,8
2013-08-08,309726.7025156,56901.6385156,8
2013-08-12,315097.5539156,56901.6385156,8
2013-08-13,317430.7611156,56901.6385156,8
2013-08-14,316725.51191560004,56901.6385156,8
2013-08-16,313192.8920156,56901.6385156,8
2013-08-19,304366.8558156,56901.6385156,8
2013-08-20,303128.4535156,56901.6385156,8
2013-08-21,297928.5700156,56901.6385156,8
2013-08-22,296144.93576079997,296144.93576079997,0
2013-08-23,296144.93576079997,296144.93576079997,0
2013-08-26,296144.93576079997,296144.93576079997,0
2013-08-27,296144.93576079997,296144.93576079997,0
2013-08-28,296144.93576079997,296144.93576079997,0
2013-08-29,296144.93576079997,296144.93576079997,0
2013-08-30,296144.93576079997,296144.93576079997,0
2013-09-02,296144.93576079997,296144.93576079997,0
2013-09-03,296144.93576079997,296144.93576079997,0
2013-09-04,296144.93576079997,296144.93576079997,0
2013-09-05,296144.93576079997,296144.93576079997,0
2013-09-06,296144.93576079997,296144.93576079997,0
2013-09-10,296144.93576079997,296144.93576079997,0
2013-09-11,296144.93576079997,296144.93576079997,0
2013-09-12,296144.93576079997,296144.93576079997,0
2013-09-13,296144.93576079997,296144.93576079997,0
2013-09-16,296144.93576079997,296144.93576079997,0
2013-09-17,296144.93576079997,296144.93576079997,0
2013-09-18,296144.93576079997,296144.93576079997,0
2013-09-19,296144.93576079997,296144.93576079997,0
2013-09-20,296144.93576079997,296144.93576079997,0
2013-09-23,296144.93576079997,296144.93576079997,0
2013-09-24,296144.93576079997,296144.93576079997,0
2013-09-25,297159.3765492,355.3633492000117,10
2013-09-26,298807.9916492,355.3633492000117,10
2013-09-27,298352.8292492,355.3633492000117,10
2013-09-30,298876.6523492,355.3633492000117,10
2013-10-01,297536.9204492,355.3633492000117,10
2013-10-03,299764.3184492,355.3633492000117,10
2013-10-04,303437.2179492,355.3633492000117,10
2013-10-07,307605.05874919996,355.3633492000117,10
2013-10-08,308607.8281492,355.3633492000117,10
2013-10-09,313185.2911492,355.3633492000117,10
2013-10-10,314339.8027492,355.3633492000117,10
2013-10-11,311322.94484919996,355.3633492000117,10
2013-10-14,314435.5890492,355.3633492000117,10
2013-10-15,312415.2925492,355.3633492000117,10
2013-10-17,314772.4220492,355.3633492000117,10
2013-10-18,315469.1293492,355.3633492000117,10
2013-10-21,316677.0420492,355.3633492000117,10
2013-10-22,319186.4061492,355.3633492000117,10
2013-10-23,318164.52454919997,355.3633492000117,10
2013-10-24,323859.3188492,355.3633492000117,10
2013-10-25,323125.18354919995,355.3633492000117,10
2013-10-28,323390.3066492,355.3633492000117,10
2013-10-29,330781.3222492,355.3633492000117,10
2013-10-30,329754.4587492,355.3633492000117,10
2013-10-31,332807.4315492,355.3633492000117,10
2013-11-01,329309.8997492,355.3633492000117,10
2013-11-05,333650.19124919997,355.3633492000117,10
2013-11-06,333419.0697492,355.3633492000117,10
2013-11-07,333260.5996492,355.3633492000117,10
2013-11-08,331947.9952492,355.3633492000117,10
2013-11-11,334469.5209492,355.3633492000117,10
2013-11-12,333946.6106492,355.3633492000117,10
2013-11-13,331317.9474492,355.3633492000117,10
2013-11-14,330514.62254919996,355.3633492000117,10
2013-11-18,334130.74364919995,355.3633492000117,10
2013-11-19,336122.02214919997,355.3633492000117,10
2013-11-20,338058.9761492,355.3633492000117,10
2013-11-21,335727.2646492,355.3633492000117,10
2013-11-22,340672.51714919996,355.3633492000117,10
2013-11-25,344252.92664920003,355.3633492000117,10
2013-11-26,343177.3656492,355.3633492000117,10
2013-11-27,342181.8816492,355.3633492000117,10
2013-11-28,344304.1820492,355.3633492000117,10
2013-11-29,349085.8278492,355.3633492000117,10
2013-12-02,351037.0689492,355.3633492000117,10
2013-12-03,347241.8625492,355.3633492000117,10
2013-12-04,345014.2881492,355.3633492000117,10
2013-12-05,343924.4443492,355.3633492000117,10
2013-12-06,343460.37234919996,355.3633492000117,10
2013-12-09,345228.0827492,355.3633492000117,10
2013-12-10,346357.25254919997,355.3633492000117,10
2013-12-11,346407.5303492,355.3633492000117,10
2013-12-12,345601.0224492,355.3633492000117,10
2013-12-13,343521.2037492,355.3633492000117,10
2013-12-16,347407.3965492,355.3633492000117,10
2013-12-17,348894.5282492,355.3633492000117,10
2013-12-18,354114.96064919996,355.3633492000117,10
2013-12-19,358207.6548492,355.3633492000117,10
2013-12-20,364625.0475492,355.3633492000117,10
2013-12-23,364934.6415492,355.3633492000117,10
2013-12-24,369035.0761492,355.3633492000117,10
2013-12-26,368685.2532492,355.3633492000117,10
2013-12-27,369303.6270492,355.3633492000117,10
2013-12-30,370193.22554919997,355.3633492000117,10
2013-12-31,369068.0103492,355.3633492000117,10
2014-01-02,367325.7085492,355.3633492000117,10
2014-01-03,369261.64464919997,355.3633492000117,10
2014-01-06,372150.24754919996,355.3633492000117,10
2014-01-07,371932.4125492,355.3633492000117,10
2014-01-08,373224.3212492,355.3633492000117,10
2014-01-09,371105.3659492,355.3633492000117,10
2014-01-10,368396.2559492,355.3633492000117,10
2014-01-13,369632.9768492,355.3633492000117,10
2014-01-14,367726.8602492,355.3633492000117,10
2014-01-15,367095.2272492,355.3633492000117,10
2014-01-16,366892.0803492,355.3633492000117,10
2014-01-17,359523.0988492,355.3633492000117,10
2014-01-20,359942.2164492,355.3633492000117,10
2014-01-21,363357.4887492,355.3633492000117,10
2014-01-22,364250.80894919997,355.3633492000117,10
2014-01-23,358952.57584919996,355.3633492000117,10
2014-01-24,352873.5759492,355.3633492000117,10
2014-01-27,350003.6191492,355.3633492000117,10
2014-01-28,354391.3392492,355.3633492000117,10
2014-01-29,356838.8619492,355.3633492000117,10
2014-01-30,352790.1614492,355.3633492000117,10
2014-01-31,355455.4598492,355.3633492000117,10
2014-02-03,360892.2668492,355.3633492000117,10
2014-02-04,355467.5630492,355.3633492000117,10
2014-02-05,356553.46814919997,355.3633492000117,10
2014-02-06,357384.7436492,355.3633492000117,10
2014-02-07,362360.91304919997,355.3633492000117,10
2014-02-10,362998.7405492,355.3633492000117,10
2014-02-11,363914.32704919996,355.3633492000117,10
2014-02-12,363337.3964492,355.3633492000117,10
2014-02-13,358308.3049492,355.3633492000117,10
2014-02-14,358401.3288492,355.3633492000117,10
2014-02-18,360460.9294492,355.3633492000117,10
2014-02-19,361848.5677492,355.3633492000117,10
2014-02-20,365984.5044492,355.3633492000117,10
2014-02-21,372230.5707492,355.3633492000117,10
2014-02-24,376527.70104919997,355.3633492000117,10
2014-02-25,377532.2952492,355.3633492000117,10
2014-02-26,375095.4457492,355.3633492000117,10
2014-02-28,378091.3811492,355.3633492000117,10
2014-03-03,375342.1382492,355.3633492000117,10
2014-03-04,377936.8722492,355.3633492000117,10
2014-03-05,378038.02084919997,355.3633492000117,10
2014-03-06,384028.1246492,355.3633492000117,10
2014-03-07,375765.74024919997,355.3633492000117,10
2014-03-10,370023.2112492,355.3633492000117,10
2014-03-11,369589.9810492,355.3633492000117,10
2014-03-12,372925.2686492,355.3633492000117,10
2014-03-13,370007.7101492,355.3633492000117,10
2014-03-14,369756.7128492,355.3633492000117,10
2014-03-18,370335.3306492,355.3633492000117,10
2014-03-19,366921.29044919997,355.3633492000117,10
2014-03-20,370965.4624492,355.3633492000117,10
2014-03-21,374465.6760492,355.3633492000117,10
2014-03-24,376085.9381492,355.3633492000117,10
2014-03-25,374474.6193492,355.3633492000117,10
2014-03-26,375308.6102492,355.3633492000117,10
2014-03-27,374862.2999492,355.3633492000117,10
2014-03-28,377051.1790492,355.3633492000117,10
2014-03-31,379905.0978492,355.3633492000117,10
2014-04-01,379450.4635492,355.3633492000117,10
2014-04-02,381343.3816492,355.3633492000117,10
2014-04-03,382025.13834919996,355.3633492000117,10
2014-04-04,383028.7086492,355.3633492000117,10
2014-04-07,383072.2462492,355.3633492000117,10
2014-04-09,384049.9144492,355.3633492000117,10
2014-04-10,378169.4855492,355.3633492000117,10
2014-04-11,381133.1425492,355.3633492000117,10
2014-04-15,380917.3843492,355.3633492000117,10
2014-04-16,378863.8990492,355.3633492000117,10
2014-04-17,381650.96194919996,355.3633492000117,10
2014-04-21,385075.6229492,355.3633492000117,10
2014-04-22,387095.1672492,355.3633492000117,10
2014-04-23,389619.6527492,355.3633492000117,10
2014-04-25,385638.9151492,355.3633492000117,10
2014-04-28,387414.4530492,355.3633492000117,10
2014-04-29,388586.5679492,355.3633492000117,10
2014-04-30,385238.3033492,355.3633492000117,10
2014-05-02,389725.9431492,355.3633492000117,10
2014-05-05,381830.7779492,355.3633492000117,10
2014-05-06,381059.0574492,355.3633492000117,10
2014-05-07,383864.8794492,355.3633492000117,10
2014-05-08,384857.3600492,355.3633492000117,10
2014-05-09,380334.8360492,355.3633492000117,10
2014-05-12,379047.2861492,355.3633492000117,10
2014-05-13,381034.7028492,355.3633492000117,10
2014-05-14,381726.6731492,355.3633492000117,10
2014-05-15,376549.1879492,355.3633492000117,10
2014-05-16,373709.74654920003,355.3633492000117,10
2014-05-19,360835.5830492,355.3633492000117,10
2014-05-20,360519.5679796,15.082679600011033,10
2014-05-21,370847.70837959996,15.082679600011033,10
2014-05-22,374068.16657959996,15.082679600011033,10
2014-05-23,376880.2477796,15.082679600011033,10
2014-05-26,377032.7336796,15.082679600011033,10
2014-05-27,373438.03687959997,15.082679600011033,10
2014-05-28,377344.7066796,15.082679600011033,10
2014-05-29,372182.6483796,15.082679600011033,10
2014-05-30,375925.6413796,15.082679600011033,10
2014-06-02,381905.82237959997,15.082679600011033,10
2014-06-03,383030.8107796,15.082679600011033,10
2014-06-04,385500.5312796,15.082679600011033,10
2014-06-05,391332.7454796,15.082679600011033,10
2014-06-06,396522.66187959997,15.082679600011033,10
2014-06-09,404406.30637959996,15.082679600011033,10
2014-06-10,405920.6818796,15.082679600011033,10
2014-06-11,407262.5504796,15.082679600011033,10
2014-06-12,406901.88737959997,15.082679600011033,10
2014-06-13,398114.2430796,15.082679600011033,10
2014-06-16,396504.4330796,15.082679600011033,10
2014-06-17,402807.5377796,15.082679600011033,10
2014-06-18,401167.306232,280.1208320000078,10
2014-06-19,400766.21713199996,280.1208320000078,10
2014-06-20,401488.25853199995,280.1208320000078,10
2014-06-23,405671.096232,280.1208320000078,10
2014-06-24,407680.58713199996,280.1208320000078,10
2014-06-25,405077.549032,280.1208320000078,10
2014-06-26,405325.861132,280.1208320000078,10
2014-06-27,407153.209132,280.1208320000078,10
2014-06-30,412015.08603199996,280.1208320000078,10
2014-07-01,414122.477332,280.1208320000078,10
2014-07-02,421614.780532,280.1208320000078,10
2014-07-03,423662.834332,280.1208320000078,10
2014-07-04,422419.75153199997,280.1208320000078,10
2014-07-07,423649.826532,280.1208320000078,10
2014-07-08,408711.54173199995,280.1208320000078,10
2014-07-09,407575.89003199997,280.1208320000078,10
2014-07-10,408837.00643199997,280.1208320000078,10
2014-07-11,399235.74423199997,280.1208320000078,10
2014-07-14,395027.077732,280.1208320000078,10
2014-07-15,401402.24303199997,280.1208320000078,10
2014-07-16,407923.314632,280.1208320000078,10
2014-07-17,419519.212632,280.1208320000078,10
2014-07-18,418802.057832,280.1208320000078,10
2014-07-21,420248.456232,280.1208320000078,10
2014-07-22,429401.982532,280.1208320000078,10
2014-07-23,432904.394032,280.1208320000078,10
2014-07-24,432649.49173199997,280.1208320000078,10
2014-07-25,437061.836232,280.1208320000078,10
2014-07-28,437305.52703199995,280.1208320000078,10
2014-07-30,436146.704632,280.1208320000078,10
2014-07-31,435271.761032,280.1208320000078,10
2014-08-01,427784.906132,280.1208320000078,10
2014-08-04,432894.446232,280.1208320000078,10
2014-08-05,437362.201532,280.1208320000078,10
2014-08-06,449696.743232,280.1208320000078,10
2014-08-07,446363.945432,280.1208320000078,10
2014-08-08,435719.460132,280.1208320000078,10
2014-08-11,443673.97063199995,280.1208320000078,10
2014-08-12,446543.564432,280.1208320000078,10
2014-08-13,445097.09823199996,280.1208320000078,10
2014-08-14,447553.088832,280.1208320000078,10
2014-08-18,456228.64253199997,280.1208320000078,10
2014-08-19,462292.798732,280.1208320000078,10
2014-08-20,462112.738832,280.1208320000078,10
2014-08-21,464242.613632,280.1208320000078,10
2014-08-22,466126.426232,280.1208320000078,10
2014-08-25,471633.44503199996,280.1208320000078,10
2014-08-26,465756.127532,280.1208320000078,10
2014-08-27,464792.178532,280.1208320000078,10
2014-08-28,465645.661732,280.1208320000078,10
2014-09-01,478324.980332,280.1208320000078,10
2014-09-02,479725.507232,280.1208320000078,10
2014-09-03,485830.68553200003,280.1208320000078,10
2014-09-04,487343.276332,280.1208320000078,10
2014-09-05,488989.12153199996,280.1208320000078,10
2014-09-08,496596.663932,280.1208320000078,10
2014-09-09,508696.11683199997,280.1208320000078,10
2014-09-10,504865.712732,280.1208320000078,10
2014-09-11,506985.83243199997,280.1208320000078,10
2014-09-12,510575.820332,280.1208320000078,10
2014-09-15,516660.97713199997,280.1208320000078,10
2014-09-16,503708.730132,280.1208320000078,10
2014-09-17,500667.906332,280.1208320000078,10
2014-09-18,503502.909332,280.1208320000078,10
2014-09-19,512844.341732,280.1208320000078,10
2014-09-22,513235.948632,280.1208320000078,10
2014-09-23,503159.213232,280.1208320000078,10
2014-09-24,492687.01483199996,280.1208320000078,10
2014-09-25,485454.425732,280.1208320000078,10
2014-09-26,487439.326632,280.1208320000078,10
2014-09-29,492355.340132,280.1208320000078,10
2014-09-30,497985.311432,280.1208320000078,10
2014-10-01,495926.45473199995,280.1208320000078,10
2014-10-07,491185.64003199997,280.1208320000078,10
2014-10-08,485804.427432,280.1208320000078,10
2014-10-09,495538.214032,280.1208320000078,10
2014-10-10,487293.702232,280.1208320000078,10
2014-10-13,486389.73053199996,280.1208320000078,10
2014-10-14,483584.999532,280.1208320000078,10
2014-10-16,471364.98793199996,280.1208320000078,10
2014-10-17,460820.345732,280.1208320000078,10
2014-10-20,461169.6448988,30715.51279880001,10
2014-10-21,464450.3964988,30715.51279880001,10
2014-10-22,470714.4036988,30715.51279880001,10
2014-10-27,474949.9644988,30715.51279880001,10
2014-10-28,477849.8277988,30715.51279880001,10
2014-10-29,481225.03789880004,30715.51279880001,10
2014-10-30,486165.7500988,30715.51279880001,10
2014-10-31,488405.5825988,30715.51279880001,10
2014-11-03,489566.68969880004,30715.51279880001,10
2014-11-05,485945.9441988,30715.51279880001,10
2014-11-07,486900.31129880005,30715.51279880001,10
2014-11-10,482048.1512988,30715.51279880001,10
2014-11-11,481948.7162988,30715.51279880001,10
2014-11-12,481988.9385988,30715.51279880001,10
2014-11-13,479559.5285988,30715.51279880001,10
2014-11-14,478632.8486988,30715.51279880001,10
2014-11-17,478777.73279880005,30715.51279880001,10
2014-11-18,479484.4194372,5296.607837200005,10
2014-11-19,478049.2944372,5296.607837200005,10
2014-11-20,477012.1731372,5296.607837200005,10
2014-11-21,471778.03853719996,5296.607837200005,10
2014-11-24,470115.6701372,5296.607837200005,10
2014-11-25,464620.7633372,5296.607837200005,10
2014-11-26,471109.85703719995,5296.607837200005,10
2014-11-27,476431.7550372,5296.607837200005,10
2014-11-28,483024.1338372,5296.607837200005,10
2014-12-01,488012.46793720004,5296.607837200005,10
2014-12-02,487822.2646372,5296.607837200005,10
2014-12-03,495249.4474372,5296.607837200005,10
2014-12-04,503805.9283372,5296.607837200005,10
2014-12-05,501998.7522372,5296.607837200005,10
2014-12-08,496278.06703720003,5296.607837200005,10
2014-12-09,485683.08893719997,5296.607837200005,10
2014-12-10,486240.1876372,5296.607837200005,10
2014-12-11,480461.4977372,5296.607837200005,10
2014-12-12,481154.6237372,5296.607837200005,10
2014-12-15,473569.7007372,5296.607837200005,10
2014-12-16,459832.8676372,5296.607837200005,10
2014-12-17,453420.4665444,1141.251744400004,10
2014-12-18,456997.4451444,1141.251744400004,10
2014-12-19,465341.16894440004,1141.251744400004,10
2014-12-22,468901.8486444,1141.251744400004,10
2014-12-23,473220.131292,22978.17399200002,10
2014-12-24,473687.004192,22978.17399200002,10
2014-12-26,471723.498392,22978.17399200002,10
2014-12-29,476867.408092,22978.17399200002,10
2014-12-30,480479.810292,22978.17399200002,10
2014-12-31,481150.693192,22978.17399200002,10
2015-01-02,487929.311992,22978.17399200002,10
2015-01-05,482623.271192,22978.17399200002,10
2015-01-06,471773.08019199996,22978.17399200002,10
2015-01-07,472979.376092,22978.17399200002,10
2015-01-08,484128.593092,22978.17399200002,10
2015-01-09,484143.77639199997,22978.17399200002,10
2015-01-12,484089.674692,22978.17399200002,10
2015-01-13,488725.085392,22978.17399200002,10
2015-01-14,486173.428992,22978.17399200002,10
2015-01-15,486048.52019199997,22978.17399200002,10
2015-01-16,489237.33389199997,22978.17399200002,10
2015-01-19,487679.737892,22978.17399200002,10
2015-01-20,487409.637492,22978.17399200002,10
2015-01-21,486160.712992,22978.17399200002,10
2015-01-22,490489.137692,22978.17399200002,10
2015-01-23,485298.279192,22978.17399200002,10
2015-01-27,487390.396792,22978.17399200002,10
2015-01-28,487790.168492,22978.17399200002,10
2015-01-29,484622.803892,22978.17399200002,10
2015-01-30,482277.763392,22978.17399200002,10
2015-02-02,479779.031892,22978.17399200002,10
2015-02-03,478280.21629199997,22978.17399200002,10
2015-02-04,478200.937392,22978.17399200002,10
2015-02-05,475546.319292,22978.17399200002,10
2015-02-06,468979.43686600006,13249.437566000015,10
2015-02-09,466756.054866,13249.437566000015,10
2015-02-10,478056.6457688,352.4739688000045,10
2015-02-11,485333.2104688,352.4739688000045,10
2015-02-12,485352.3504688,352.4739688000045,10
2015-02-13,490443.9241688,352.4739688000045,10
2015-02-16,492695.26766879996,352.4739688000045,10
2015-02-18,495616.15366879996,352.4739688000045,10
2015-02-19,491151.2547688,352.4739688000045,10
2015-02-20,488450.2703688,352.4739688000045,10
2015-02-23,492341.41486879997,352.4739688000045,10
2015-02-24,494178.8688688,352.4739688000045,10
2015-02-25,495471.0302688,352.4739688000045,10
2015-02-26,487315.1966688,352.4739688000045,10
2015-02-27,495526.3249688,352.4739688000045,10
2015-03-02,497366.1703688,352.4739688000045,10
2015-03-03,502562.99276879994,352.4739688000045,10
2015-03-04,500111.8401688,352.4739688000045,10
2015-03-05,498654.1222688,352.4739688000045,10
2015-03-09,491270.8359688,352.4739688000045,10
2015-03-10,491950.32586879993,352.4739688000045,10
2015-03-11,491011.6812688,352.4739688000045,10
2015-03-12,498115.9627688,352.4739688000045,10
2015-03-13,488826.8292688,352.4739688000045,10
2015-03-16,484937.5980688,352.4739688000045,10
2015-03-17,488358.8651688,352.4739688000045,10
2015-03-18,486989.3808688,352.4739688000045,10
2015-03-19,484335.1951688,352.4739688000045,10
2015-03-20,478316.2735688,352.4739688000045,10
2015-03-23,473859.927672,12545.226372000001,10
2015-03-24,471687.914572,12545.226372000001,10
2015-03-25,470415.740772,12545.226372000001,10
2015-03-26,467850.938972,12545.226372000001,10
2015-03-27,463820.1720444,5542.483144400001,10
2015-03-30,467978.12354440003,5542.483144400001,10
2015-03-31,470192.7978444,5542.483144400001,10
2015-04-01,474399.8958444,5542.483144400001,10
2015-04-06,483188.2641444,5542.483144400001,10
2015-04-07,484774.2896444,5542.483144400001,10
2015-04-08,496369.5518444,5542.483144400001,10
2015-04-09,492905.1435444,5542.483144400001,10
2015-04-10,495475.7561444,5542.483144400001,10
2015-04-13,505880.1027444,5542.483144400001,10
2015-04-16,495320.3716444,5542.483144400001,10
2015-04-17,486012.9367444,5542.483144400001,10
2015-04-20,481582.28284440003,5542.483144400001,10
2015-04-21,483930.0908444,5542.483144400001,10
2015-04-22,486603.96174440003,5542.483144400001,10
2015-04-23,486095.7806444,5542.483144400001,10
2015-04-24,477132.5122444,5542.483144400001,10
2015-04-27,464225.5102444,5542.483144400001,10
2015-04-28,469088.6056444,5542.483144400001,10
2015-04-29,473512.7552444,5542.483144400001,10
2015-04-30,473009.3266444,5542.483144400001,10
2015-05-04,476588.9575444,5542.483144400001,10
2015-05-05,483706.4250444,5542.483144400001,10
2015-05-06,473154.6541444,5542.483144400001,10
2015-05-07,466591.3803444,5542.483144400001,10
2015-05-08,467537.7299748,59274.4345748,9
2015-05-11,472461.87977480004,59274.4345748,9
2015-05-12,470586.5052308,12264.984930799998,10
2015-05-13,472847.5672308,12264.984930799998,10
2015-05-14,475268.50533079996,12264.984930799998,10
2015-05-15,474067.2215308,12264.984930799998,10
2015-05-18,478370.65223079995,12264.984930799998,10
2015-05-19,478989.44763079996,12264.984930799998,10
2015-05-20,482350.8034308,12264.984930799998,10
2015-05-21,482272.6759308,12264.984930799998,10
2015-05-22,482722.10583079996,12264.984930799998,10
2015-05-25,480545.99773079995,12264.984930799998,10
2015-05-26,479342.0070308,12264.984930799998,10
2015-05-27,480477.2026308,12264.984930799998,10
2015-05-28,479644.67573079997,12264.984930799998,10
2015-05-29,485659.1639308,12264.984930799998,10
2015-06-01,486138.69173079997,12264.984930799998,10
2015-06-02,476245.14013079996,12264.984930799998,10
2015-06-03,466590.9185308,12264.984930799998,10
2015-06-04,468117.59233079996,12264.984930799998,10
2015-06-05,468470.63173079997,12264.984930799998,10
2015-06-08,465946.5591308,12264.984930799998,10
2015-06-09,467370.9555308,12264.984930799998,10
2015-06-10,469766.9003308,12264.984930799998,10
2015-06-11,461622.3949112,62097.9325112,9
2015-06-12,461076.4226112,62097.9325112,9
2015-06-15,460553.01271120005,62097.9325112,9
2015-06-16,463184.71924320003,96265.3061432,8
2015-06-17,470619.12224319996,96265.3061432,8
2015-06-18,475758.96854319994,96265.3061432,8
2015-06-19,475753.97184320004,96265.3061432,8
2015-06-22,480061.6862432,96265.3061432,8
2015-06-23,481689.028212,419.1411119999975,10
2015-06-24,475610.335812,419.1411119999975,10
2015-06-25,474937.37701199995,419.1411119999975,10
2015-06-26,476389.286112,419.1411119999975,10
2015-06-29,469380.089712,419.1411119999975,10
2015-06-30,473377.54761199997,419.1411119999975,10
2015-07-01,474239.08071199997,419.1411119999975,10
2015-07-02,475550.29401199997,419.1411119999975,10
2015-07-03,478721.21151199995,419.1411119999975,10
2015-07-06,480716.245312,419.1411119999975,10
2015-07-07,482107.150012,419.1411119999975,10
2015-07-08,480717.437512,419.1411119999975,10
2015-07-09,477611.365712,419.1411119999975,10
2015-07-10,479221.364512,419.1411119999975,10
2015-07-13,484232.819912,419.1411119999975,10
2015-07-14,483253.097112,419.1411119999975,10
2015-07-15,486225.275212,419.1411119999975,10
2015-07-16,490109.78391199996,419.1411119999975,10
2015-07-17,493006.61111199996,419.1411119999975,10
2015-07-20,493161.148212,419.1411119999975,10
2015-07-21,489640.99501199997,419.1411119999975,10
2015-07-22,489946.937712,419.1411119999975,10
2015-07-23,490126.14201199997,419.1411119999975,10
2015-07-24,490544.18371199997,419.1411119999975,10
2015-07-27,485018.145812,419.1411119999975,10
2015-07-28,483410.70941199997,419.1411119999975,10
2015-07-29,488750.274512,419.1411119999975,10
2015-07-30,492509.19507599995,24580.840175999998,9
2015-07-31,494373.89134399995,26.556344000000536,10
2015-08-03,499184.747644,26.556344000000536,10
2015-08-04,499274.939444,26.556344000000536,10
2015-08-05,507095.636044,26.556344000000536,10
2015-08-06,507186.678144,26.556344000000536,10
2015-08-07,513648.572844,26.556344000000536,10
2015-08-10,514294.857744,26.556344000000536,10
2015-08-11,511819.737244,26.556344000000536,10
2015-08-12,497875.904444,26.556344000000536,10
2015-08-13,500676.577144,26.556344000000536,10
2015-08-14,509773.731944,26.556344000000536,10
2015-08-17,507152.625144,26.556344000000536,10
2015-08-18,513425.97864399996,26.556344000000536,10
2015-08-19,518293.77894399996,26.556344000000536,10
2015-08-20,514505.02874399995,26.556344000000536,10
2015-08-21,514110.332544,26.556344000000536,10
2015-08-24,480986.39024399995,26.556344000000536,10
2015-08-25,484150.1207736,56966.6239736,8
2015-08-26,481802.04607359995,56966.6239736,8
2015-08-27,482641.8225736,56966.6239736,8
2015-08-28,486285.8230736,56966.6239736,8
2015-08-31,488229.2528736,56966.6239736,8
2015-09-01,478155.30257359997,56966.6239736,8
2015-09-02,476297.8046688,98329.80796879999,7
2015-09-03,482700.4179808,144950.07498079998,6
2015-09-04,475448.78398079996,144950.07498079998,6
2015-09-07,471274.54038079997,144950.07498079998,6
2015-09-08,470271.0941636,470271.0941636,0
2015-09-09,470271.0941636,470271.0941636,0
2015-09-10,470271.0941636,470271.0941636,0
2015-09-11,470271.0941636,470271.0941636,0
2015-09-14,470271.0941636,470271.0941636,0
2015-09-15,470271.0941636,470271.0941636,0
2015-09-16,470271.0941636,470271.0941636,0
2015-09-18,470271.0941636,470271.0941636,0
2015-09-21,470271.0941636,470271.0941636,0
2015-09-22,470271.0941636,470271.0941636,0
2015-09-23,470271.0941636,470271.0941636,0
2015-09-24,470271.0941636,470271.0941636,0
2015-09-28,470271.0941636,470271.0941636,0
2015-09-29,470271.0941636,470271.0941636,0
2015-09-30,470271.0941636,470271.0941636,0
2015-10-01,470271.0941636,470271.0941636,0
2015-10-05,470271.0941636,470271.0941636,0
2015-10-06,470271.0941636,470271.0941636,0
2015-10-07,470271.0941636,470271.0941636,0
2015-10-08,470271.0941636,470271.0941636,0
2015-10-09,470271.0941636,470271.0941636,0
2015-10-12,470271.0941636,470271.0941636,0
2015-10-13,470271.0941636,470271.0941636,0
2015-10-14,470271.0941636,470271.0941636,0
2015-10-15,470271.0941636,470271.0941636,0
2015-10-16,470271.0941636,470271.0941636,0
2015-10-19,470271.0941636,470271.0941636,0
2015-10-20,470271.0941636,470271.0941636,0
2015-10-21,470271.0941636,470271.0941636,0
2015-10-23,470271.0941636,470271.0941636,0
2015-10-26,470271.0941636,470271.0941636,0
2015-10-27,470271.0941636,470271.0941636,0
2015-10-28,470271.0941636,470271.0941636,0
2015-10-29,470271.0941636,470271.0941636,0
2015-10-30,470271.0941636,470271.0941636,0
2015-11-02,470271.0941636,470271.0941636,0
2015-11-03,470271.0941636,470271.0941636,0
2015-11-04,470271.0941636,470271.0941636,0
2015-11-05,470271.0941636,470271.0941636,0
2015-11-06,470271.0941636,470271.0941636,0
2015-11-09,470271.0941636,470271.0941636,0
2015-11-10,470271.0941636,470271.0941636,0
2015-11-13,470271.0941636,470271.0941636,0
2015-11-16,470271.0941636,470271.0941636,0
2015-11-17,470271.0941636,470271.0941636,0
2015-11-18,470271.0941636,470271.0941636,0
2015-11-19,470271.0941636,470271.0941636,0
2015-11-20,470271.0941636,470271.0941636,0
2015-11-23,470271.0941636,470271.0941636,0
2015-11-24,470271.0941636,470271.0941636,0
2015-11-26,470271.0941636,470271.0941636,0
2015-11-27,470271.0941636,470271.0941636,0
2015-11-30,470271.0941636,470271.0941636,0
2015-12-01,470271.0941636,470271.0941636,0
2015-12-02,470271.0941636,470271.0941636,0
2015-12-03,470271.0941636,470271.0941636,0
2015-12-04,470271.0941636,470271.0941636,0
2015-12-07,470271.0941636,470271.0941636,0
2015-12-08,470271.0941636,470271.0941636,0
2015-12-09,470271.0941636,470271.0941636,0
2015-12-10,470271.0941636,470271.0941636,0
2015-12-11,470271.0941636,470271.0941636,0
2015-12-14,470271.0941636,470271.0941636,0
2015-12-15,470271.0941636,470271.0941636,0
2015-12-16,470271.0941636,470271.0941636,0
2015-12-17,470271.0941636,470271.0941636,0
2015-12-18,470271.0941636,470271.0941636,0
2015-12-21,470271.0941636,470271.0941636,0
2015-12-22,470271.0941636,470271.0941636,0
2015-12-23,470271.0941636,470271.0941636,0
2015-12-24,470271.0941636,470271.0941636,0
2015-12-28,470271.0941636,470271.0941636,0
2015-12-29,470271.0941636,470271.0941636,0
2015-12-30,470271.0941636,470271.0941636,0
2015-12-31,470271.0941636,470271.0941636,0
2016-01-04,470271.0941636,470271.0941636,0
2016-01-05,470271.0941636,470271.0941636,0
2016-01-06,470271.0941636,470271.0941636,0
2016-01-07,470271.0941636,470271.0941636,0
2016-01-08,470271.0941636,470271.0941636,0
2016-01-11,470271.0941636,470271.0941636,0
2016-01-12,470271.0941636,470271.0941636,0
2016-01-13,470271.0941636,470271.0941636,0
2016-01-14,470271.0941636,470271.0941636,0
2016-01-15,470271.0941636,470271.0941636,0
2016-01-18,470271.0941636,470271.0941636,0
2016-01-19,470271.0941636,470271.0941636,0
2016-01-20,470271.0941636,470271.0941636,0
2016-01-21,470271.0941636,470271.0941636,0
2016-01-22,470271.0941636,470271.0941636,0
2016-01-25,470271.0941636,470271.0941636,0
2016-01-27,470271.0941636,470271.0941636,0
2016-01-28,470271.0941636,470271.0941636,0
2016-01-29,470271.0941636,470271.0941636,0
2016-02-01,470271.0941636,470271.0941636,0
2016-02-02,470271.0941636,470271.0941636,0
2016-02-03,470271.0941636,470271.0941636,0
2016-02-04,470271.0941636,470271.0941636,0
2016-02-05,470271.0941636,470271.0941636,0
2016-02-08,470271.0941636,470271.0941636,0
2016-02-09,470271.0941636,470271.0941636,0
2016-02-10,470271.0941636,470271.0941636,0
2016-02-11,470271.0941636,470271.0941636,0
2016-02-12,470271.0941636,470271.0941636,0
2016-02-15,470271.0941636,470271.0941636,0
2016-02-16,470271.0941636,470271.0941636,0
2016-02-17,470271.0941636,470271.0941636,0
2016-02-18,470271.0941636,470271.0941636,0
2016-02-19,470271.0941636,470271.0941636,0
2016-02-22,470271.0941636,470271.0941636,0
2016-02-23,470271.0941636,470271.0941636,0
2016-02-24,470271.0941636,470271.0941636,0
2016-02-25,470271.0941636,470271.0941636,0
2016-02-26,470271.0941636,470271.0941636,0
2016-02-29,470271.0941636,470271.0941636,0
2016-03-01,470271.0941636,470271.0941636,0
2016-03-02,470271.0941636,470271.0941636,0
2016-03-03,470271.0941636,470271.0941636,0
2016-03-04,470271.0941636,470271.0941636,0
2016-03-08,470271.0941636,470271.0941636,0
2016-03-09,470271.0941636,470271.0941636,0
2016-03-10,470271.0941636,470271.0941636,0
2016-03-11,470271.0941636,470271.0941636,0
2016-03-14,470271.0941636,470271.0941636,0
2016-03-15,470271.0941636,470271.0941636,0
2016-03-16,470271.0941636,470271.0941636,0
2016-03-17,470271.0941636,470271.0941636,0
2016-03-18,470271.0941636,470271.0941636,0
2016-03-21,470271.0941636,470271.0941636,0
2016-03-22,470271.0941636,470271.0941636,0
2016-03-23,470271.0941636,470271.0941636,0
2016-03-28,470271.0941636,470271.0941636,0
2016-03-29,470271.0941636,470271.0941636,0
2016-03-30,470271.0941636,470271.0941636,0
2016-03-31,470271.0941636,470271.0941636,0
2016-04-01,470271.0941636,470271.0941636,0
2016-04-04,470271.0941636,470271.0941636,0
2016-04-05,470271.0941636,470271.0941636,0
2016-04-06,470271.0941636,470271.0941636,0
2016-04-07,470271.0941636,470271.0941636,0
2016-04-08,470271.0941636,470271.0941636,0
2016-04-11,470271.0941636,470271.0941636,0
2016-04-12,470271.0941636,470271.0941636,0
2016-04-13,470271.0941636,470271.0941636,0
2016-04-18,470271.0941636,470271.0941636,0
2016-04-20,470271.0941636,470271.0941636,0
2016-04-21,470271.0941636,470271.0941636,0
2016-04-22,470271.0941636,470271.0941636,0
2016-04-25,470271.0941636,470271.0941636,0
2016-04-26,470271.0941636,470271.0941636,0
2016-04-27,470271.0941636,470271.0941636,0
2016-04-28,470271.0941636,470271.0941636,0
2016-04-29,470271.0941636,470271.0941636,0
2016-05-02,470271.0941636,470271.0941636,0
2016-05-03,470271.0941636,470271.0941636,0
2016-05-04,470271.0941636,470271.0941636,0
2016-05-05,470271.0941636,470271.0941636,0
2016-05-06,470271.0941636,470271.0941636,0
2016-05-09,470271.0941636,470271.0941636,0
2016-05-10,470271.0941636,470271.0941636,0
2016-05-11,470271.0941636,470271.0941636,0
2016-05-12,470271.0941636,470271.0941636,0
2016-05-13,470271.0941636,470271.0941636,0
2016-05-16,470271.0941636,470271.0941636,0
2016-05-17,470271.0941636,470271.0941636,0
2016-05-18,470271.0941636,470271.0941636,0
2016-05-19,470271.0941636,470271.0941636,0
2016-05-20,470271.0941636,470271.0941636,0
2016-05-23,470271.0941636,470271.0941636,0
2016-05-24,470271.0941636,470271.0941636,0
2016-05-25,470271.0941636,470271.0941636,0
2016-05-26,470271.0941636,470271.0941636,0
2016-05-27,470271.0941636,470271.0941636,0
2016-05-30,470271.0941636,470271.0941636,0
2016-05-31,470271.0941636,470271.0941636,0
2016-06-01,470271.0941636,470271.0941636,0
2016-06-02,470271.0941636,470271.0941636,0
2016-06-03,470271.0941636,470271.0941636,0
2016-06-06,470271.0941636,470271.0941636,0
2016-06-07,470271.0941636,470271.0941636,0
2016-06-08,470271.0941636,470271.0941636,0
2016-06-09,470271.0941636,470271.0941636,0
2016-06-10,470271.0941636,470271.0941636,0
2016-06-13,470271.0941636,470271.0941636,0
2016-06-14,470271.0941636,470271.0941636,0
2016-06-15,470271.0941636,470271.0941636,0
2016-06-16,470271.0941636,470271.0941636,0
2016-06-17,470271.0941636,470271.0941636,0
2016-06-20,470271.0941636,470271.0941636,0
2016-06-21,470271.0941636,470271.0941636,0
2016-06-22,470271.0941636,470271.0941636,0
2016-06-23,470271.0941636,470271.0941636,0
2016-06-24,470271.0941636,470271.0941636,0
2016-06-27,470271.0941636,470271.0941636,0
2016-06-28,470271.0941636,470271.0941636,0
2016-06-29,470271.0941636,470271.0941636,0
2016-06-30,470271.0941636,470271.0941636,0
2016-07-01,470271.0941636,470271.0941636,0
2016-07-04,463409.5830068,3681.0053067999906,10
2016-07-05,458726.8021068,3681.0053067999906,10
2016-07-07,457118.06700680003,3681.0053067999906,10
2016-07-08,453915.7674068,3681.0053067999906,10
2016-07-11,461137.8323068,3681.0053067999906,10
2016-07-12,460760.97290680005,3681.0053067999906,10
2016-07-13,459989.14220680005,3681.0053067999906,10
2016-07-14,463708.50840680004,3681.0053067999906,10
2016-07-15,466807.1702068,3681.0053067999906,10
2016-07-18,463189.1140068,3681.0053067999906,10
2016-07-19,465681.4478068,3681.0053067999906,10
2016-07-20,473064.9338068,3681.0053067999906,10
2016-07-21,469639.4831068,3681.0053067999906,10
2016-07-22,471776.98240680003,3681.0053067999906,10
2016-07-25,476983.8172068,3681.0053067999906,10
2016-07-26,482099.45080680004,3681.0053067999906,10
2016-07-27,487026.46910680004,3681.0053067999906,10
2016-07-28,495551.7819068,3681.0053067999906,10
2016-07-29,498622.5429068,3681.0053067999906,10
2016-08-01,502137.8058068,3681.0053067999906,10
2016-08-02,501692.8386068,3681.0053067999906,10
2016-08-03,495381.6119068,3681.0053067999906,10
2016-08-04,490902.6924068,3681.0053067999906,10
2016-08-05,496111.50460680004,3681.0053067999906,10
2016-08-08,498729.2125068,3681.0053067999906,10
2016-08-09,496343.1207068,3681.0053067999906,10
2016-08-10,492208.5918068,3681.0053067999906,10
2016-08-11,493059.4009068,3681.0053067999906,10
2016-08-16,494178.2412068,3681.0053067999906,10
2016-08-17,494717.88190680003,3681.0053067999906,10
2016-08-18,502291.7617068,3681.0053067999906,10
2016-08-19,504907.6637068,3681.0053067999906,10
2016-08-22,513560.64190680004,3681.0053067999906,10
2016-08-23,511178.0595068,3681.0053067999906,10
2016-08-24,514120.3420068,3681.0053067999906,10
2016-08-25,516373.0586068,3681.0053067999906,10
2016-08-26,516466.40460680006,3681.0053067999906,10
2016-08-29,517121.5735068,3681.0053067999906,10
2016-08-30,522174.6978068,3681.0053067999906,10
2016-08-31,529272.1678068,3681.0053067999906,10
2016-09-01,535482.7808068,3681.0053067999906,10
2016-09-02,536696.6778068,3681.0053067999906,10
2016-09-06,539733.5210068,3681.0053067999906,10
2016-09-07,539744.2731068,3681.0053067999906,10
2016-09-08,549739.2046068,3681.0053067999906,10
2016-09-09,544462.8243068,3681.0053067999906,10
2016-09-12,525327.6997067999,3681.0053067999906,10
2016-09-14,530068.1845068,3681.0053067999906,10
2016-09-15,529466.3750068,3681.0053067999906,10
2016-09-16,531764.9744068,3681.0053067999906,10
2016-09-19,530089.9144068,3681.0053067999906,10
2016-09-20,526489.3814068,3681.0053067999906,10
2016-09-21,523484.6458068,3681.0053067999906,10
2016-09-22,533392.6942068,3681.0053067999906,10
2016-09-23,530155.6041068,3681.0053067999906,10
2016-09-26,524249.96900680003,3681.0053067999906,10
2016-09-27,521276.95570680004,3681.0053067999906,10
2016-09-28,525272.6342068,3681.0053067999906,10
2016-09-29,508293.6648068,3681.0053067999906,10
2016-09-30,517412.4372068,3681.0053067999906,10
2016-10-03,528458.9740068,3681.0053067999906,10
2016-10-04,535273.5761068,3681.0053067999906,10
2016-10-05,540554.7219068,3681.0053067999906,10
2016-10-06,542222.0180068,3681.0053067999906,10
2016-10-07,539055.1775068,3681.0053067999906,10
2016-10-10,538034.3621068,3681.0053067999906,10
2016-10-13,531271.2253068,3681.0053067999906,10
2016-10-14,539703.2711068,3681.0053067999906,10
2016-10-17,537977.5309068,3681.0053067999906,10
2016-10-18,544574.5880068,3681.0053067999906,10
2016-10-19,551320.6737068,3681.0053067999906,10
2016-10-20,555689.1601068,3681.0053067999906,10
2016-10-21,554516.1919068,3681.0053067999906,10
2016-10-24,553797.8789068001,3681.0053067999906,10
2016-10-25,555219.3319068,3681.0053067999906,10
2016-10-26,552456.5926068,3681.0053067999906,10
2016-10-27,545953.1519068,3681.0053067999906,10
2016-10-28,551057.4626068,3681.0053067999906,10
2016-11-01,552398.5806068,3681.0053067999906,10
2016-11-02,539588.3973068,3681.0053067999906,10
2016-11-03,535929.7690068,3681.0053067999906,10
2016-11-04,529690.0238068,3681.0053067999906,10
2016-11-07,534870.1457068,3681.0053067999906,10
2016-11-08,537342.6221068,3681.0053067999906,10
2016-11-09,528332.5448068,3681.0053067999906,10
2016-11-10,536213.06657,4159.770069999984,10
2016-11-11,519747.77547,4159.770069999984,10
2016-11-15,494291.92325839994,7413.162758399987,10
2016-11-16,492083.0913488,94774.34204879998,8
2016-11-17,489063.9634488,94774.34204879998,8
2016-11-18,494092.95964879997,94774.34204879998,8
2016-11-21,483667.546912,144445.767612,7
2016-11-22,484315.882612,144445.767612,7
2016-11-23,482136.168112,144445.767612,7
2016-11-24,484420.117812,144445.767612,7
2016-11-25,491088.320612,144445.767612,7
2016-11-28,492522.446112,144445.767612,7
2016-11-29,493748.624712,144445.767612,7
2016-11-30,495543.024312,144445.767612,7
2016-12-01,494299.573556,1101.2599560000017,10
2016-12-02,490185.14875600004,1101.2599560000017,10
2016-12-05,494812.644456,1101.2599560000017,10
2016-12-06,498596.448056,1101.2599560000017,10
2016-12-07,495124.173756,1101.2599560000017,10
2016-12-08,499320.418956,1101.2599560000017,10
2016-12-09,501116.11795600003,1101.2599560000017,10
2016-12-12,496824.546156,1101.2599560000017,10
2016-12-13,509913.711656,1101.2599560000017,10
2016-12-14,492332.472556,1101.2599560000017,10
2016-12-15,498464.48235600005,1101.2599560000017,10
2016-12-16,502573.535356,1101.2599560000017,10
2016-12-19,488678.971556,1101.2599560000017,10
2016-12-20,490989.53865600005,1101.2599560000017,10
2016-12-21,491117.052456,1101.2599560000017,10
2016-12-22,482403.05545600003,1101.2599560000017,10
2016-12-23,479196.465356,1101.2599560000017,10
2016-12-26,475076.3947368,56506.5535368,9
2016-12-27,478676.8694368,95276.79973679999,8
2016-12-28,478190.0304368,95276.79973679999,8
2016-12-29,479961.1913368,95276.79973679999,8
2016-12-30,486216.53663680004,95276.79973679999,8
2017-01-02,488069.7967368,95276.79973679999,8
2017-01-03,495242.9724368,95276.79973679999,8
2017-01-04,493704.37583679997,95276.79973679999,8
2017-01-05,499915.8953368,95276.79973679999,8
2017-01-06,497679.358136,58.2427359999856,10
2017-01-09,499704.68843599997,58.2427359999856,10
2017-01-10,502416.031836,58.2427359999856,10
2017-01-11,505104.32203599997,58.2427359999856,10
2017-01-12,505955.400936,58.2427359999856,10
2017-01-13,509655.141336,58.2427359999856,10
2017-01-16,511267.13413599995,58.2427359999856,10
2017-01-17,511678.584736,58.2427359999856,10
2017-01-18,508909.80703599995,58.2427359999856,10
2017-01-19,515314.22513599996,58.2427359999856,10
2017-01-20,510626.055736,58.2427359999856,10
2017-01-23,516745.937736,58.2427359999856,10
2017-01-24,521627.43183599995,58.2427359999856,10
2017-01-25,531679.736036,58.2427359999856,10
2017-01-27,533201.153436,58.2427359999856,10
2017-01-30,526109.097436,58.2427359999856,10
2017-01-31,520576.954936,58.2427359999856,10
2017-02-01,529381.550836,58.2427359999856,10
2017-02-02,534848.278936,58.2427359999856,10
2017-02-03,539009.3345359999,58.2427359999856,10
2017-02-06,547542.834436,58.2427359999856,10
2017-02-07,544679.157736,58.2427359999856,10
2017-02-08,542022.8876359999,58.2427359999856,10
2017-02-09,542151.253636,58.2427359999856,10
2017-02-10,545905.932436,58.2427359999856,10
2017-02-13,543758.835136,58.2427359999856,10
2017-02-14,543245.308936,58.2427359999856,10
2017-02-15,543666.7245359999,58.2427359999856,10
2017-02-16,547757.162736,58.2427359999856,10
2017-02-17,550363.969936,58.2427359999856,10
2017-02-20,551766.1069359999,58.2427359999856,10
2017-02-21,555846.419536,58.2427359999856,10
2017-02-22,554073.318136,58.2427359999856,10
2017-02-23,551546.173736,58.2427359999856,10
2017-02-27,550281.561136,58.2427359999856,10
2017-02-28,548579.882236,58.2427359999856,10
2017-03-01,550690.328736,58.2427359999856,10
2017-03-02,544711.061836,58.2427359999856,10
2017-03-03,545013.3924359999,58.2427359999856,10
2017-03-06,547427.987336,58.2427359999856,10
2017-03-07,547565.954636,58.2427359999856,10
2017-03-08,544106.727436,58.2427359999856,10
2017-03-09,542592.666736,58.2427359999856,10
2017-03-10,542343.098836,58.2427359999856,10
2017-03-14,546732.010136,58.2427359999856,10
2017-03-15,550155.844636,58.2427359999856,10
2017-03-16,557576.396736,58.2427359999856,10
2017-03-17,552522.775336,58.2427359999856,10
2017-03-20,554231.919236,58.2427359999856,10
2017-03-21,552438.495736,58.2427359999856,10
2017-03-22,548086.088736,58.2427359999856,10
2017-03-23,550746.090236,58.2427359999856,10
2017-03-24,553439.149136,58.2427359999856,10
2017-03-27,551561.299936,58.2427359999856,10
2017-03-28,552317.295636,58.2427359999856,10
2017-03-29,553076.845236,58.2427359999856,10
2017-03-30,558837.234636,58.2427359999856,10
2017-03-31,567594.8055359999,58.2427359999856,10
2017-04-03,569243.8937359999,58.2427359999856,10
2017-04-05,572817.680336,58.2427359999856,10
2017-04-06,574475.295436,58.2427359999856,10
2017-04-07,574386.581436,58.2427359999856,10
2017-04-10,579764.389636,58.2427359999856,10
2017-04-11,581987.628136,58.2427359999856,10
2017-04-12,581387.920336,58.2427359999856,10
2017-04-13,581361.5394359999,58.2427359999856,10
2017-04-17,583136.177536,58.2427359999856,10
2017-04-18,582166.906336,58.2427359999856,10
2017-04-19,588631.616436,58.2427359999856,10
2017-04-20,594319.661336,58.2427359999856,10
2017-04-21,592661.066836,58.2427359999856,10
2017-04-24,597980.2637359999,58.2427359999856,10
2017-04-25,603666.0790360001,58.2427359999856,10
2017-04-26,607890.559836,58.2427359999856,10
2017-04-27,609648.7130359999,58.2427359999856,10
2017-04-28,613121.2452359999,58.2427359999856,10
2017-05-02,619096.132036,58.2427359999856,10
2017-05-03,615990.782036,58.2427359999856,10
2017-05-04,625140.596636,58.2427359999856,10
2017-05-05,623778.877936,58.2427359999856,10
2017-05-08,624205.075236,58.2427359999856,10
2017-05-09,631255.466136,58.2427359999856,10
2017-05-10,642310.284736,58.2427359999856,10
2017-05-11,639828.424736,58.2427359999856,10
2017-05-12,635130.674736,58.2427359999856,10
2017-05-15,644596.740536,58.2427359999856,10
2017-05-16,646349.832936,58.2427359999856,10
2017-05-17,637861.631736,58.2427359999856,10
2017-05-18,628360.465436,58.2427359999856,10
2017-05-19,621844.930136,58.2427359999856,10
2017-05-22,618021.623336,58.2427359999856,10
2017-05-23,614955.553236,58.2427359999856,10
2017-05-24,609176.592836,58.2427359999856,10
2017-05-25,623536.456736,58.2427359999856,10
2017-05-26,631529.177836,58.2427359999856,10
2017-05-29,626578.205036,58.2427359999856,10
2017-05-30,627812.592236,58.2427359999856,10
2017-05-31,642654.387736,58.2427359999856,10
2017-06-01,635506.367636,58.2427359999856,10
2017-06-02,635807.916936,58.2427359999856,10
2017-06-05,636787.970636,58.2427359999856,10
2017-06-06,631617.804136,58.2427359999856,10
2017-06-07,633952.051236,58.2427359999856,10
2017-06-08,633199.111336,58.2427359999856,10
2017-06-09,630630.096836,58.2427359999856,10
2017-06-12,627331.699236,58.2427359999856,10
2017-06-13,625844.651736,58.2427359999856,10
2017-06-14,632469.330236,58.2427359999856,10
2017-06-15,625472.502736,58.2427359999856,10
2017-06-16,628506.750736,58.2427359999856,10
2017-06-19,625973.8700359999,58.2427359999856,10
2017-06-20,622027.063736,58.2427359999856,10
2017-06-21,624022.473036,58.2427359999856,10
2017-06-22,616653.1779359999,58.2427359999856,10
2017-06-23,605807.526436,58.2427359999856,10
2017-06-27,600205.934636,58.2427359999856,10
2017-06-28,599426.480736,58.2427359999856,10
2017-06-29,606183.211836,58.2427359999856,10
2017-06-30,605153.348436,58.2427359999856,10
2017-07-03,613252.786136,58.2427359999856,10
2017-07-04,617494.938036,58.2427359999856,10
2017-07-05,624181.791136,58.2427359999856,10
2017-07-06,623624.535236,58.2427359999856,10
2017-07-07,624719.417836,58.2427359999856,10
2017-07-10,628769.249636,58.2427359999856,10
2017-07-11,624114.400436,58.2427359999856,10
2017-07-12,623857.550236,58.2427359999856,10
2017-07-13,630021.719936,58.2427359999856,10
2017-07-14,628735.504236,58.2427359999856,10
2017-07-17,631300.737236,58.2427359999856,10
2017-07-18,620261.608236,58.2427359999856,10
2017-07-19,620681.779736,58.2427359999856,10
2017-07-20,616590.373336,58.2427359999856,10
2017-07-21,617589.4218359999,58.2427359999856,10
2017-07-24,621038.540236,58.2427359999856,10
2017-07-25,622239.6801359999,58.2427359999856,10
2017-07-26,625492.329336,58.2427359999856,10
2017-07-27,622307.778536,58.2427359999856,10
2017-07-28,627849.930636,58.2427359999856,10
2017-07-31,632969.7602360001,58.2427359999856,10
2017-08-01,634943.527236,58.2427359999856,10
2017-08-02,633030.091636,58.2427359999856,10
2017-08-03,630229.182836,58.2427359999856,10
2017-08-04,636762.520236,58.2427359999856,10
2017-08-07,643465.748936,58.2427359999856,10
2017-08-08,635781.938036,58.2427359999856,10
2017-08-09,625617.3251359999,58.2427359999856,10
2017-08-10,604574.747216,70.7005159999826,10
2017-08-11,610467.7499160001,70.7005159999826,10
2017-08-14,623205.4951160001,70.7005159999826,10
2017-08-16,631029.1935159999,70.7005159999826,10
2017-08-17,638033.2984159999,70.7005159999826,10
2017-08-18,632780.658816,70.7005159999826,10
2017-08-21,626207.820016,70.7005159999826,10
2017-08-22,627993.7064159999,70.7005159999826,10
2017-08-23,633192.2048160001,70.7005159999826,10
2017-08-24,636264.4856159999,70.7005159999826,10
2017-08-28,641515.3898159999,70.7005159999826,10
2017-08-29,635195.661116,70.7005159999826,10
2017-08-30,641651.5973159999,70.7005159999826,10
2017-08-31,644609.851216,70.7005159999826,10
2017-09-01,647760.1845159999,70.7005159999826,10
2017-09-04,641058.374516,70.7005159999826,10
2017-09-05,645612.677016,70.7005159999826,10
2017-09-06,646046.770116,70.7005159999826,10
2017-09-07,647731.5096159999,70.7005159999826,10
2017-09-08,646503.2859159999,70.7005159999826,10
2017-09-11,651804.4497159999,70.7005159999826,10
2017-09-12,659594.2340160001,70.7005159999826,10
2017-09-13,654419.8144159999,70.7005159999826,10
2017-09-14,653163.9838159999,70.7005159999826,10
2017-09-15,653121.200716,70.7005159999826,10
2017-09-18,659511.3776159999,70.7005159999826,10
2017-09-19,668686.499416,70.7005159999826,10
2017-09-20,663608.7781159999,70.7005159999826,10
2017-09-21,660991.265316,70.7005159999826,10
2017-09-22,644801.889916,70.7005159999826,10
2017-09-25,631665.762016,70.7005159999826,10
2017-09-26,632514.107116,70.7005159999826,10
2017-09-27,623086.3421159999,70.7005159999826,10
2017-09-28,627321.9829160001,70.7005159999826,10
2017-09-29,637405.4423159999,70.7005159999826,10
2017-10-03,644825.4423159999,70.7005159999826,10
2017-10-04,652573.1904159999,70.7005159999826,10
2017-10-05,654093.6667160001,70.7005159999826,10
2017-10-06,665372.041616,70.7005159999826,10
2017-10-09,663506.9697159999,70.7005159999826,10
2017-10-10,663704.505016,70.7005159999826,10
2017-10-11,667606.243616,70.7005159999826,10
2017-10-12,667005.4557159999,70.7005159999826,10
2017-10-13,667056.678416,70.7005159999826,10
2017-10-16,666860.180216,70.7005159999826,10
2017-10-17,665658.0089159999,70.7005159999826,10
2017-10-18,665865.853816,70.7005159999826,10
2017-10-19,663229.8794160001,70.7005159999826,10
2017-10-23,661659.680616,70.7005159999826,10
2017-10-24,665267.7323159999,70.7005159999826,10
2017-10-25,663091.8133159999,70.7005159999826,10
2017-10-26,669253.048616,70.7005159999826,10
2017-10-27,667610.299716,70.7005159999826,10
2017-10-30,675714.1427159999,70.7005159999826,10
2017-10-31,679974.056116,70.7005159999826,10
2017-11-01,682417.768016,70.7005159999826,10
2017-11-02,679475.777616,70.7005159999826,10
2017-11-03,679467.760516,70.7005159999826,10
2017-11-06,677438.0780159999,70.7005159999826,10
2017-11-07,672431.3428159999,70.7005159999826,10
2017-11-08,669792.3912160001,70.7005159999826,10
2017-11-09,665816.4671159999,70.7005159999826,10
2017-11-10,664242.7829160001,70.7005159999826,10
2017-11-13,663093.7792159999,70.7005159999826,10
2017-11-14,662296.3154160001,70.7005159999826,10
2017-11-15,661894.8557159998,70.7005159999826,10
2017-11-16,666728.3953160001,70.7005159999826,10
2017-11-17,666210.842616,70.7005159999826,10
2017-11-20,670710.852916,70.7005159999826,10
2017-11-21,673856.301216,70.7005159999826,10
2017-11-22,676377.5706159999,70.7005159999826,10
2017-11-23,678502.739816,70.7005159999826,10
2017-11-24,682124.080816,70.7005159999826,10
2017-11-27,678107.710916,70.7005159999826,10
2017-11-28,676841.8473159999,70.7005159999826,10
2017-11-29,676500.0577159999,70.7005159999826,10
2017-11-30,683061.845916,70.7005159999826,10
2017-12-01,682909.5847159999,70.7005159999826,10
2017-12-04,681949.9738159999,70.7005159999826,10
2017-12-05,679252.6575159999,70.7005159999826,10
2017-12-06,677771.4372159999,70.7005159999826,10
2017-12-07,689533.760116,70.7005159999826,10
2017-12-08,692964.414116,70.7005159999826,10
2017-12-11,692005.373716,70.7005159999826,10
2017-12-12,689942.0835160001,70.7005159999826,10
2017-12-13,689492.661716,70.7005159999826,10
2017-12-14,692169.694716,70.7005159999826,10
2017-12-15,696324.1524159999,70.7005159999826,10
2017-12-18,700702.709516,70.7005159999826,10
2017-12-19,702179.109616,70.7005159999826,10
2017-12-20,702757.1893160001,70.7005159999826,10
2017-12-21,707641.8583159999,70.7005159999826,10
2017-12-22,707655.1634159999,70.7005159999826,10
2017-12-26,711051.0835160001,70.7005159999826,10
2017-12-27,708312.650416,70.7005159999826,10
2017-12-28,707076.5036160001,70.7005159999826,10
2017-12-29,706193.5214160001,70.7005159999826,10
2018-01-02,706171.2618159999,70.7005159999826,10
2018-01-03,709834.300516,70.7005159999826,10
2018-01-04,710588.7466160001,70.7005159999826,10
2018-01-05,711302.023116,70.7005159999826,10
2018-01-08,712045.573816,70.7005159999826,10
2018-01-09,710334.671716,70.7005159999826,10
2018-01-10,709972.5195160001,70.7005159999826,10
2018-01-11,709164.5820160001,70.7005159999826,10
2018-01-12,711829.028716,70.7005159999826,10
2018-01-15,711336.102616,70.7005159999826,10
2018-01-16,698130.6871159999,70.7005159999826,10
2018-01-17,698966.7131159999,70.7005159999826,10
2018-01-18,695173.100416,70.7005159999826,10
2018-01-19,697524.3735160001,70.7005159999826,10
2018-01-22,695399.5766159999,70.7005159999826,10
2018-01-23,700064.103416,70.7005159999826,10
2018-01-24,695859.2877160001,70.7005159999826,10
2018-01-25,696885.2969160001,70.7005159999826,10
2018-01-29,689707.257216,70.7005159999826,10
2018-01-30,687399.181816,70.7005159999826,10
2018-01-31,684577.4948160001,70.7005159999826,10
2018-02-01,680782.9460159999,70.7005159999826,10
2018-02-02,656978.884716,70.7005159999826,10
2018-02-05,651406.2911159999,70.7005159999826,10
2018-02-06,643545.2780188,16.430418799980544,10
2018-02-07,658053.9035187999,16.430418799980544,10
2018-02-08,665550.3738188,16.430418799980544,10
2018-02-09,662730.1854188,16.430418799980544,10
2018-02-12,670169.3328188,16.430418799980544,10
2018-02-14,671749.0545188,16.430418799980544,10
2018-02-15,675435.1480188,16.430418799980544,10
2018-02-16,672791.7861187999,16.430418799980544,10
2018-02-19,669654.9669188,16.430418799980544,10
2018-02-20,668708.5201188,16.430418799980544,10
2018-02-21,670075.5189187999,16.430418799980544,10
2018-02-22,667436.8020187999,16.430418799980544,10
2018-02-23,672251.8308188,16.430418799980544,10
2018-02-26,686597.1596188,16.430418799980544,10
2018-02-27,684297.9614187999,16.430418799980544,10
2018-02-28,690220.2673188,16.430418799980544,10
2018-03-01,688156.6273188,16.430418799980544,10
2018-03-05,680969.6340188,16.430418799980544,10
2018-03-06,670659.7585188,16.430418799980544,10
2018-03-07,661293.5963504,119.91085039998143,10
2018-03-08,662858.9673504,119.91085039998143,10
2018-03-09,664998.8729504,119.91085039998143,10
2018-03-12,678231.5999504,119.91085039998143,10
2018-03-13,685368.4803504,119.91085039998143,10
2018-03-14,676165.0417504,119.91085039998143,10
2018-03-15,674133.4649503999,119.91085039998143,10
2018-03-16,658528.1022504,119.91085039998143,10
2018-03-19,649027.5215504,119.91085039998143,10
2018-03-20,648356.7400504,119.91085039998143,10
2018-03-21,646364.7872503999,119.91085039998143,10
2018-03-22,646811.4510167999,75750.05871679998,9
2018-03-23,637373.9555167999,75750.05871679998,9
2018-03-26,634270.9304439999,124475.19364399997,8
2018-03-27,638506.8760439999,124475.19364399997,8
2018-03-28,644797.4782536,132.83315359996777,10
2018-04-02,648871.1250536001,132.83315359996777,10
2018-04-03,652760.0095536,132.83315359996777,10
2018-04-04,650972.5426536,132.83315359996777,10
2018-04-05,656161.1191536,132.83315359996777,10
2018-04-06,656855.9514536,132.83315359996777,10
2018-04-09,654307.3012535999,132.83315359996777,10
2018-04-10,659418.9291536,132.83315359996777,10
2018-04-11,660380.3369535999,132.83315359996777,10
2018-04-12,663050.1671536,132.83315359996777,10
2018-04-13,676330.3202536,132.83315359996777,10
2018-04-16,672691.2266536,132.83315359996777,10
2018-04-17,675961.0862536,132.83315359996777,10
2018-04-18,674254.4105536,132.83315359996777,10
2018-04-19,684060.0461536,132.83315359996777,10
2018-04-20,693697.7542536,132.83315359996777,10
2018-04-23,691997.3813536,132.83315359996777,10
2018-04-24,691791.2300535999,132.83315359996777,10
2018-04-25,692903.7917536,132.83315359996777,10
2018-04-26,701324.1657536,132.83315359996777,10
2018-04-27,699204.0340536,132.83315359996777,10
2018-04-30,702504.7635536,132.83315359996777,10
2018-05-02,703392.4264535999,132.83315359996777,10
2018-05-03,707023.2141536,132.83315359996777,10
2018-05-04,700146.0353535999,132.83315359996777,10
2018-05-07,703793.8211536,132.83315359996777,10
2018-05-08,700650.3008536,132.83315359996777,10
2018-05-09,698115.3919536,132.83315359996777,10
2018-05-10,698573.4122536,132.83315359996777,10
2018-05-11,702961.5596536,132.83315359996777,10
2018-05-14,698395.2275536,132.83315359996777,10
2018-05-15,695024.4917536,132.83315359996777,10
2018-05-16,691372.1920536,132.83315359996777,10
2018-05-17,694357.5560536,132.83315359996777,10
2018-05-18,692123.0660535999,132.83315359996777,10
2018-05-21,681446.0978248,22379.669624799964,10
2018-05-22,689181.6830248,22379.669624799964,10
2018-05-23,683596.1113248,22379.669624799964,10
2018-05-24,679839.0897248,22379.669624799964,10
2018-05-25,686559.8494247999,22379.669624799964,10
2018-05-28,690039.999244,92.43974399997387,10
2018-05-29,689786.755744,92.43974399997387,10
2018-05-30,691395.444544,92.43974399997387,10
2018-05-31,699368.561444,92.43974399997387,10
2018-06-01,695913.218744,92.43974399997387,10
2018-06-04,683833.480944,92.43974399997387,10
2018-06-05,671637.6606968,1328.366896799962,10
2018-06-06,673277.5073719999,233.0619719999595,10
2018-06-07,681042.2325719999,233.0619719999595,10
2018-06-08,684490.1317719999,233.0619719999595,10
2018-06-11,687445.4738719999,233.0619719999595,10
2018-06-12,691258.1120719999,233.0619719999595,10
2018-06-13,691885.674972,233.0619719999595,10
2018-06-14,691186.548172,233.0619719999595,10
2018-06-15,691310.3666719999,233.0619719999595,10
2018-06-18,685258.7163719999,233.0619719999595,10
2018-06-19,682816.5534719999,233.0619719999595,10
2018-06-20,684915.6602719999,233.0619719999595,10
2018-06-21,683501.346072,233.0619719999595,10
2018-06-22,688847.2281719999,233.0619719999595,10
2018-06-25,688122.8359719999,233.0619719999595,10
2018-06-26,685945.4579719999,233.0619719999595,10
2018-06-27,677623.765572,233.0619719999595,10
2018-06-28,670305.4237719999,233.0619719999595,10
2018-06-29,680303.8018719999,233.0619719999595,10
2018-07-02,677520.8579719999,233.0619719999595,10
2018-07-03,684740.1120719999,233.0619719999595,10
2018-07-04,688501.665272,233.0619719999595,10
2018-07-05,686882.3217719999,233.0619719999595,10
2018-07-06,687381.7743719999,233.0619719999595,10
2018-07-09,696033.022672,233.0619719999595,10
2018-07-10,706879.585672,233.0619719999595,10
2018-07-11,709127.2161719999,233.0619719999595,10
2018-07-12,709719.897472,233.0619719999595,10
2018-07-13,710533.312772,233.0619719999595,10
2018-07-16,700462.413872,233.0619719999595,10
2018-07-17,709136.2033719999,233.0619719999595,10
2018-07-18,707876.3958719999,233.0619719999595,10
2018-07-19,698539.572372,233.0619719999595,10
2018-07-20,704217.462372,233.0619719999595,10
2018-07-23,710284.6687719999,233.0619719999595,10
2018-07-24,710716.454372,233.0619719999595,10
2018-07-25,713794.2035719999,233.0619719999595,10
2018-07-26,716702.5127719999,233.0619719999595,10
2018-07-27,720384.6085719999,233.0619719999595,10
2018-07-30,716811.127872,233.0619719999595,10
2018-07-31,723507.5500719999,233.0619719999595,10
2018-08-01,731907.263172,233.0619719999595,10
2018-08-02,727723.067372,233.0619719999595,10
2018-08-03,734062.175572,233.0619719999595,10
2018-08-06,735515.797372,233.0619719999595,10
2018-08-07,737991.842172,233.0619719999595,10
2018-08-08,745572.9087719999,233.0619719999595,10
2018-08-09,745937.7784719999,233.0619719999595,10
2018-08-10,736224.8357719999,233.0619719999595,10
2018-08-13,736568.2518719999,233.0619719999595,10
2018-08-14,746918.8904719999,233.0619719999595,10
2018-08-16,745255.3224719999,233.0619719999595,10
2018-08-17,750240.803872,233.0619719999595,10
2018-08-20,746279.811272,233.0619719999595,10
2018-08-21,749955.914272,233.0619719999595,10
2018-08-23,754531.1491719999,233.0619719999595,10
2018-08-24,751177.591072,233.0619719999595,10
2018-08-27,753252.0818719999,233.0619719999595,10
2018-08-28,748689.3363719999,233.0619719999595,10
2018-08-29,751424.5312719999,233.0619719999595,10
2018-08-30,759981.4905719999,233.0619719999595,10
2018-08-31,762206.025372,233.0619719999595,10
2018-09-03,752633.7429719999,233.0619719999595,10
2018-09-04,735538.7299719999,233.0619719999595,10
2018-09-05,731472.6841719999,233.0619719999595,10
2018-09-06,734109.4655719999,233.0619719999595,10
2018-09-07,739957.928772,233.0619719999595,10
2018-09-10,735342.940872,233.0619719999595,10
2018-09-11,729581.439572,233.0619719999595,10
2018-09-12,731027.2183719999,233.0619719999595,10
2018-09-14,733730.917772,233.0619719999595,10
2018-09-17,730423.8607719999,233.0619719999595,10
2018-09-18,722714.919072,233.0619719999595,10
2018-09-19,721122.9045719999,233.0619719999595,10
2018-09-21,711728.518172,233.0619719999595,10
2018-09-24,697864.164272,233.0619719999595,10
2018-09-25,698889.821672,233.0619719999595,10
2018-09-26,694747.250272,233.0619719999595,10
2018-09-27,686415.6116928,107.38869279996288,10
2018-09-28,682718.2867928,107.38869279996288,10
2018-10-01,673999.4269928,107.38869279996288,10
2018-10-03,659704.0688996,1625.937399599963,10
2018-10-04,643914.2734995999,1625.937399599963,10
2018-10-05,626701.8088507999,67399.64815079997,9
2018-10-08,621883.1401804,203600.84798039997,7
2018-10-09,617729.0589804,203600.84798039997,7
2018-10-10,622053.8772803999,203600.84798039997,7
2018-10-11,619144.8035804,203600.84798039997,7
2018-10-12,627821.5587804,203600.84798039997,7
2018-10-15,628786.6705803999,203600.84798039997,7
2018-10-16,628737.4295804,203600.84798039997,7
2018-10-17,627281.8238804,203600.84798039997,7
2018-10-19,623253.6855804,203600.84798039997,7
2018-10-22,616769.2098804,203600.84798039997,7
2018-10-23,612892.503466,251571.54816599996,6
2018-10-24,611950.061166,251571.54816599996,6
2018-10-25,613627.344166,251571.54816599996,6
2018-10-26,612979.8304255999,292766.93992559996,5
2018-10-29,617314.1302256,292766.93992559996,5
2018-10-30,621785.4047255999,292766.93992559996,5
2018-10-31,621439.0577807999,621439.0577807999,0
2018-11-01,621439.0577807999,621439.0577807999,0
2018-11-02,621439.0577807999,621439.0577807999,0
2018-11-05,621439.0577807999,621439.0577807999,0
2018-11-06,621439.0577807999,621439.0577807999,0
2018-11-07,621439.0577807999,621439.0577807999,0
2018-11-09,621439.0577807999,621439.0577807999,0
2018-11-12,621439.0577807999,621439.0577807999,0
2018-11-13,621439.0577807999,621439.0577807999,0
2018-11-14,621439.0577807999,621439.0577807999,0
2018-11-15,621439.0577807999,621439.0577807999,0
2018-11-16,621439.0577807999,621439.0577807999,0
2018-11-19,621439.0577807999,621439.0577807999,0
2018-11-20,621439.0577807999,621439.0577807999,0
2018-11-21,621439.0577807999,621439.0577807999,0
2018-11-22,621439.0577807999,621439.0577807999,0
2018-11-26,621439.0577807999,621439.0577807999,0
2018-11-27,621439.0577807999,621439.0577807999,0
2018-11-28,621439.0577807999,621439.0577807999,0
2018-11-29,621439.0577807999,621439.0577807999,0
2018-11-30,621439.0577807999,621439.0577807999,0
2018-12-03,621439.0577807999,621439.0577807999,0
2018-12-04,621439.0577807999,621439.0577807999,0
2018-12-05,621439.0577807999,621439.0577807999,0
2018-12-06,621439.0577807999,621439.0577807999,0
2018-12-07,621439.0577807999,621439.0577807999,0
2018-12-10,621439.0577807999,621439.0577807999,0
2018-12-11,621439.0577807999,621439.0577807999,0
2018-12-12,621439.0577807999,621439.0577807999,0
2018-12-13,621439.0577807999,621439.0577807999,0
2018-12-14,621439.0577807999,621439.0577807999,0
2018-12-17,621447.8659491999,4525.6023491999,10
2018-12-18,625077.0742491999,4525.6023491999,10
2018-12-19,632266.6147492,4525.6023491999,10
2018-12-20,638175.3008492,4525.6023491999,10
2018-12-21,635717.9808491999,4525.6023491999,10
2018-12-24,626707.3211492,4525.6023491999,10
2018-12-26,629386.3967492,4525.6023491999,10
2018-12-27,634536.1029492,4525.6023491999,10
2018-12-28,641642.8666492,4525.6023491999,10
2018-12-31,642693.9715491999,4525.6023491999,10
2019-01-02,630863.5711492,4525.6023491999,10
2019-01-03,626572.1453491999,4525.6023491999,10
2019-01-04,632161.2162491999,4525.6023491999,10
2019-01-07,636526.2389491999,4525.6023491999,10
2019-01-08,640350.2059492,4525.6023491999,10
2019-01-09,639692.9602492,4525.6023491999,10
2019-01-10,639827.1618491999,4525.6023491999,10
2019-01-11,631567.2816491999,4525.6023491999,10
2019-01-14,631778.8196492,4525.6023491999,10
2019-01-15,634121.9165492,4525.6023491999,10
2019-01-16,631834.8739491999,4525.6023491999,10
2019-01-17,633686.2229492,4525.6023491999,10
2019-01-18,629187.4920492,4525.6023491999,10
2019-01-21,624018.9964492,4525.6023491999,10
2019-01-22,624273.2637491999,4525.6023491999,10
2019-01-23,623667.7902492,4525.6023491999,10
2019-01-24,627892.6913492,4525.6023491999,10
2019-01-25,621101.4773491999,4525.6023491999,10
2019-01-28,609363.7523492,4525.6023491999,10
2019-01-29,610042.2123112,66320.4149111999,9
2019-01-30,613022.6081111999,66320.4149111999,9
2019-01-31,614838.1416112,66320.4149111999,9
2019-02-01,616692.5845112,66320.4149111999,9
2019-02-04,607129.9872703998,5441.459070399891,10
2019-02-05,611164.8142703999,5441.459070399891,10
2019-02-06,616451.2918703998,5441.459070399891,10
2019-02-07,621774.1376703999,5441.459070399891,10
2019-02-08,613604.3773703999,5441.459070399891,10
2019-02-11,608359.5684703998,5441.459070399891,10
2019-02-12,607533.3997815999,41.742381599891814,10
2019-02-14,604657.5850815999,41.742381599891814,10
2019-02-15,599097.3774815998,41.742381599891814,10
2019-02-18,593853.0151815999,41.742381599891814,10
2019-02-19,594402.9613815999,41.742381599891814,10
2019-02-20,599217.8794815998,41.742381599891814,10
2019-02-21,602845.2796815998,41.742381599891814,10
2019-02-22,605118.5469815999,41.742381599891814,10
2019-02-25,606828.5423815999,41.742381599891814,10
2019-02-26,602304.3132815999,41.742381599891814,10
2019-02-27,605118.8198815999,41.742381599891814,10
2019-02-28,605697.5321815999,41.742381599891814,10
2019-03-01,608868.2441815998,41.742381599891814,10
2019-03-05,613152.1971815998,41.742381599891814,10
2019-03-06,613427.8163815999,41.742381599891814,10
2019-03-07,614814.6015815999,41.742381599891814,10
2019-03-08,611380.4996815999,41.742381599891814,10
2019-03-11,617994.5158815999,41.742381599891814,10
2019-03-12,621787.4944815999,41.742381599891814,10
2019-03-13,629776.3981815999,41.742381599891814,10
2019-03-14,628465.9210815999,41.742381599891814,10
2019-03-15,627799.8023815999,41.742381599891814,10
2019-03-18,631009.6552815998,41.742381599891814,10
2019-03-19,634914.0037815999,41.742381599891814,10
2019-03-20,630397.7533815998,41.742381599891814,10
2019-03-22,629036.8890815999,41.742381599891814,10
2019-03-25,627002.4426815999,41.742381599891814,10
2019-03-26,630509.5174815998,41.742381599891814,10
2019-03-27,632888.7081815999,41.742381599891814,10
2019-03-28,640884.0891815999,41.742381599891814,10
2019-04-01,649097.9968815999,41.742381599891814,10
2019-04-02,651159.0479815999,41.742381599891814,10
2019-04-03,643508.8558815998,41.742381599891814,10
2019-04-04,646732.4247815999,41.742381599891814,10
2019-04-05,650030.7925815999,41.742381599891814,10
2019-04-08,645925.4169815999,41.742381599891814,10
2019-04-09,650766.9325815998,41.742381599891814,10
2019-04-10,649728.8392815999,41.742381599891814,10
2019-04-11,654056.0778815999,41.742381599891814,10
2019-04-12,656133.4354815999,41.742381599891814,10
2019-04-15,656331.6983815999,41.742381599891814,10
2019-04-16,656977.0542815998,41.742381599891814,10
2019-04-18,655125.2120815999,41.742381599891814,10
2019-04-22,643737.4011815998,41.742381599891814,10
2019-04-23,643837.1383815998,41.742381599891814,10
2019-04-24,652769.5345815999,41.742381599891814,10
2019-04-25,651567.1793815999,41.742381599891814,10
2019-04-26,650881.6210815998,41.742381599891814,10
2019-04-30,652207.6393815998,41.742381599891814,10
2019-05-02,654651.9195815999,41.742381599891814,10
2019-05-03,644534.9448815999,41.742381599891814,10
2019-05-06,640924.3907815999,41.742381599891814,10
2019-05-07,636295.8131815998,41.742381599891814,10
2019-05-08,627994.2470815998,41.742381599891814,10
2019-05-09,628370.3984815999,41.742381599891814,10
2019-05-10,626624.9279815998,41.742381599891814,10
2019-05-13,619186.2038815998,41.742381599891814,10
2019-05-14,625165.2650815998,41.742381599891814,10
2019-05-15,624286.2983815998,41.742381599891814,10
2019-05-16,627944.6279815998,41.742381599891814,10
2019-05-17,633888.4848815998,41.742381599891814,10
2019-05-20,647072.4723815998,41.742381599891814,10
2019-05-21,638323.8905311999,367.6566311998904,10
2019-05-22,640860.0170311999,367.6566311998904,10
2019-05-23,638522.6712311999,367.6566311998904,10
2019-05-24,647453.4414311999,367.6566311998904,10
2019-05-27,659515.4887311999,367.6566311998904,10
2019-05-28,657376.2643311999,367.6566311998904,10
2019-05-29,655723.3133311999,367.6566311998904,10
2019-05-30,661328.0448311999,367.6566311998904,10
2019-05-31,662142.6073311998,367.6566311998904,10
2019-06-03,669296.9111311999,367.6566311998904,10
2019-06-04,664509.4822311999,367.6566311998904,10
2019-06-06,660192.1937311998,367.6566311998904,10
2019-06-07,663301.7490311998,367.6566311998904,10
2019-06-10,663755.7368311998,367.6566311998904,10
2019-06-11,666493.6173311999,367.6566311998904,10
2019-06-12,662420.7124311998,367.6566311998904,10
2019-06-13,662137.5278311998,367.6566311998904,10
2019-06-14,658167.0193311998,367.6566311998904,10
2019-06-17,649055.6569311998,367.6566311998904,10
2019-06-18,651456.6934311999,367.6566311998904,10
2019-06-19,648326.7541311999,367.6566311998904,10
2019-06-20,653157.5859312,367.6566311998904,10
2019-06-21,653750.2176311999,367.6566311998904,10
2019-06-24,653541.6476311999,367.6566311998904,10
2019-06-25,655346.3410311999,367.6566311998904,10
2019-06-26,663696.0580312,367.6566311998904,10
2019-06-27,666930.6755311999,367.6566311998904,10
2019-06-28,667363.6435311999,367.6566311998904,10
2019-07-01,666706.5975311999,367.6566311998904,10
2019-07-02,669495.2619311999,367.6566311998904,10
2019-07-03,667910.0345311998,367.6566311998904,10
2019-07-04,665043.0917311999,367.6566311998904,10
2019-07-05,660898.6973311999,367.6566311998904,10
2019-07-08,645212.2429311998,367.6566311998904,10
2019-07-09,640649.1811311998,367.6566311998904,10
2019-07-10,635011.1880311999,367.6566311998904,10
2019-07-11,637941.0948511999,30.02965119989676,10
2019-07-12,638032.3672511999,30.02965119989676,10
2019-07-15,633409.3613511999,30.02965119989676,10
2019-07-16,640174.3409512,30.02965119989676,10
2019-07-17,639052.3772511999,30.02965119989676,10
2019-07-18,631698.3149511999,30.02965119989676,10
2019-07-19,623700.3884511999,30.02965119989676,10
2019-07-22,621823.2883511999,30.02965119989676,10
2019-07-23,617515.2151512,30.02965119989676,10
2019-07-24,613101.7038511999,30.02965119989676,10
2019-07-25,612655.2621512,30.02965119989676,10
2019-07-26,613881.4932512,30.02965119989676,10
2019-07-29,609161.6542511999,30.02965119989676,10
2019-07-30,599083.6988511999,30.02965119989676,10
2019-07-31,600002.9989447999,73094.0016447999,9
2019-08-01,595609.7017448,73094.0016447999,9
2019-08-02,597211.8783447999,73094.0016447999,9
2019-08-05,594033.4549447999,73094.0016447999,9
2019-08-06,614654.8490447998,73094.0016447999,9
2019-08-07,611831.1475447998,73094.0016447999,9
2019-08-08,615840.8376447998,73094.0016447999,9
2019-08-09,618335.0247447998,73094.0016447999,9
2019-08-13,610422.4228447999,73094.0016447999,9
2019-08-14,608952.3071448,73094.0016447999,9
2019-08-16,604881.1356448,73094.0016447999,9
2019-08-19,607114.0759447999,73094.0016447999,9
2019-08-20,605436.6451448,73094.0016447999,9
2019-08-21,604391.1312447998,73094.0016447999,9
2019-08-22,601133.8978447998,73094.0016447999,9
2019-08-23,603242.7424448,73094.0016447999,9
2019-08-26,609670.8554447999,73094.0016447999,9
2019-08-27,612234.3925448,73094.0016447999,9
2019-08-28,604440.5389447999,73094.0016447999,9
2019-08-29,606491.7800447999,73094.0016447999,9
2019-08-30,616572.3794447999,73094.0016447999,9
2019-09-03,606345.1503448,73094.0016447999,9
2019-09-04,610327.3437448,73094.0016447999,9
2019-09-05,613959.6102447999,73094.0016447999,9
2019-09-06,616596.6122448,73094.0016447999,9
2019-09-09,619355.5480447998,73094.0016447999,9
2019-09-11,622454.2231447999,73094.0016447999,9
2019-09-12,618188.8481447999,73094.0016447999,9
2019-09-13,624770.0689448,73094.0016447999,9
2019-09-16,635302.6763447998,73094.0016447999,9
2019-09-17,629784.3648448,73094.0016447999,9
2019-09-18,628694.9421408,129929.9209407999,8
2019-09-19,621254.0412407999,129929.9209407999,8
2019-09-20,646035.8554407998,129929.9209407999,8
2019-09-23,667011.8735623999,7720.159862399909,10
2019-09-24,665507.7902623999,7720.159862399909,10
2019-09-25,662846.8009623999,7720.159862399909,10
2019-09-26,676706.0626624,7720.159862399909,10
2019-09-27,667230.9241624,7720.159862399909,10
2019-09-30,664011.7968623999,7720.159862399909,10
2019-10-01,663426.8309624,7720.159862399909,10
2019-10-03,671397.4508623999,7720.159862399909,10
2019-10-04,665705.1317623999,7720.159862399909,10
2019-10-07,664117.8216623999,7720.159862399909,10
2019-10-09,677138.0186624,7720.159862399909,10
2019-10-10,677670.1453623999,7720.159862399909,10
2019-10-11,686609.8369623999,7720.159862399909,10
2019-10-14,687343.2165623999,7720.159862399909,10
2019-10-15,695646.3042623999,7720.159862399909,10
2019-10-16,694603.4201623999,7720.159862399909,10
2019-10-17,711583.6353623999,7720.159862399909,10
2019-10-18,716954.4347623999,7720.159862399909,10
2019-10-22,707880.5300623999,7720.159862399909,10
2019-10-23,712335.9509624,7720.159862399909,10
2019-10-24,710020.6904624,7720.159862399909,10
2019-10-25,713415.5259623999,7720.159862399909,10
2019-10-29,718792.3971624,7720.159862399909,10
2019-10-30,720052.3779623999,7720.159862399909,10
2019-10-31,721944.4347623999,7720.159862399909,10
2019-11-01,717154.7491623999,7720.159862399909,10
2019-11-04,724878.8070623999,7720.159862399909,10
2019-11-05,722083.0912623999,7720.159862399909,10
2019-11-06,724333.5827623999,7720.159862399909,10
2019-11-07,728572.3219623999,7720.159862399909,10
2019-11-08,717729.8320624,7720.159862399909,10
2019-11-11,728949.4426623998,7720.159862399909,10
2019-11-13,725954.5134624,7720.159862399909,10
2019-11-14,723567.3771623999,7720.159862399909,10
2019-11-15,727528.2855623999,7720.159862399909,10
2019-11-18,725779.5945623999,7720.159862399909,10
2019-11-19,725602.8730623999,7720.159862399909,10
2019-11-20,732565.2561623999,7720.159862399909,10
2019-11-21,727971.3527623999,7720.159862399909,10
2019-11-22,736620.1121623999,7720.159862399909,10
2019-11-25,752321.7355623998,7720.159862399909,10
2019-11-26,750080.0286624,7720.159862399909,10
2019-11-27,765276.8678623999,7720.159862399909,10
2019-11-28,776136.8625623999,7720.159862399909,10
2019-11-29,782358.0779623999,7720.159862399909,10
2019-12-02,773698.5477623999,7720.159862399909,10
2019-12-03,760652.1121623999,7720.159862399909,10
2019-12-04,766926.8351623999,7720.159862399909,10
2019-12-05,770705.0452624,7720.159862399909,10
2019-12-06,767495.7419623999,7720.159862399909,10
2019-12-09,765238.3548623999,7720.159862399909,10
2019-12-10,763419.5783624,7720.159862399909,10
2019-12-11,774306.7720623999,7720.159862399909,10
2019-12-12,777900.5264623999,7720.159862399909,10
2019-12-13,780717.6784623999,7720.159862399909,10
2019-12-16,779500.4151623999,7720.159862399909,10
2019-12-17,781182.7389623999,7720.159862399909,10
2019-12-18,781269.8268623999,7720.159862399909,10
2019-12-19,783729.3757623999,7720.159862399909,10
2019-12-20,783202.1770623999,7720.159862399909,10
2019-12-23,794593.9926623999,7720.159862399909,10
2019-12-24,800850.5315623999,7720.159862399909,10
2019-12-26,810329.3015624,7720.159862399909,10
2019-12-27,805718.8554623999,7720.159862399909,10
2019-12-30,815370.6087623999,7720.159862399909,10
2019-12-31,822648.9462623999,7720.159862399909,10
2020-01-01,836935.4848623999,7720.159862399909,10
2020-01-02,849450.6436623998,7720.159862399909,10
2020-01-03,859350.2421623999,7720.159862399909,10
2020-01-06,860966.8046623999,7720.159862399909,10
2020-01-07,875402.7494623999,7720.159862399909,10
2020-01-08,891128.5782623999,7720.159862399909,10
2020-01-09,910906.2680623999,7720.159862399909,10
2020-01-10,897588.4791623999,7720.159862399909,10
2020-01-13,888178.9032624,7720.159862399909,10
2020-01-14,878915.1366624,7720.159862399909,10
2020-01-15,868467.3967623999,7720.159862399909,10
2020-01-16,859061.1615623999,7720.159862399909,10
2020-01-17,855302.6991839999,141671.3400839999,10
2020-01-20,855112.2059839999,141671.3400839999,10
2020-01-21,852776.3258839999,141671.3400839999,10
2020-01-22,852046.0966839999,141671.3400839999,10
2020-01-23,859692.2346839999,141671.3400839999,10
2020-01-24,862056.3063839999,141671.3400839999,10
2020-01-27,866599.4924839999,141671.3400839999,10
2020-01-28,865117.9478839999,141671.3400839999,10
2020-01-29,869700.7002839999,141671.3400839999,10
2020-01-30,862790.1514839999,141671.3400839999,10
2020-01-31,853089.993084,141671.3400839999,10
2020-02-03,861466.4233839998,141671.3400839999,10
2020-02-04,868987.5813839999,141671.3400839999,10
2020-02-05,875074.5785839999,141671.3400839999,10
2020-02-06,874025.2267839999,141671.3400839999,10
2020-02-07,882394.9736839999,141671.3400839999,10
2020-02-10,886341.248984,141671.3400839999,10
2020-02-11,888714.0163839998,141671.3400839999,10
2020-02-12,893066.3171839999,141671.3400839999,10
2020-02-13,894794.0879839999,141671.3400839999,10
2020-02-14,893647.1281839999,141671.3400839999,10
2020-02-17,891660.9606839999,141671.3400839999,10
2020-02-18,894907.358684,141671.3400839999,10
2020-02-19,905615.3160839999,141671.3400839999,10
2020-02-20,901617.9632839999,141671.3400839999,10
2020-02-24,894030.9616839999,141671.3400839999,10
2020-02-25,894143.7549839999,141671.3400839999,10
2020-02-26,888872.4701839999,141671.3400839999,10
2020-02-27,890530.8853839999,141671.3400839999,10
2020-02-28,864377.9226839999,141671.3400839999,10
2020-03-02,863105.239264,202848.3542639999,9
2020-03-03,871834.0951808,248244.2123807999,8
2020-03-04,873411.2006807999,248244.2123807999,8
2020-03-05,874209.2006807999,248244.2123807999,8
2020-03-06,873242.2261807999,248244.2123807999,8
2020-03-09,850170.1260808,248244.2123807999,8
2020-03-11,848614.3675427999,308871.0406427999,7
2020-03-12,815423.8986427999,308871.0406427999,7
2020-03-13,777744.3605616,777744.3605616,0
2020-03-16,777744.3605616,777744.3605616,0
2020-03-17,777744.3605616,777744.3605616,0
2020-03-18,777744.3605616,777744.3605616,0
2020-03-19,777744.3605616,777744.3605616,0
2020-03-20,777744.3605616,777744.3605616,0
2020-03-23,777744.3605616,777744.3605616,0
2020-03-24,777744.3605616,777744.3605616,0
2020-03-25,777744.3605616,777744.3605616,0
2020-03-26,777744.3605616,777744.3605616,0
2020-03-27,777744.3605616,777744.3605616,0
2020-03-30,777744.3605616,777744.3605616,0
2020-03-31,777744.3605616,777744.3605616,0
2020-04-01,777744.3605616,777744.3605616,0
2020-04-03,777744.3605616,777744.3605616,0
2020-04-07,777744.3605616,777744.3605616,0
2020-04-08,777744.3605616,777744.3605616,0
2020-04-09,777744.3605616,777744.3605616,0
2020-04-13,777744.3605616,777744.3605616,0
2020-04-15,777744.3605616,777744.3605616,0
2020-04-16,777744.3605616,777744.3605616,0
2020-04-17,777744.3605616,777744.3605616,0
2020-04-20,777744.3605616,777744.3605616,0
2020-04-21,777744.3605616,777744.3605616,0
2020-04-22,777744.3605616,777744.3605616,0
2020-04-23,777744.3605616,777744.3605616,0
2020-04-24,777744.3605616,777744.3605616,0
2020-04-27,777744.3605616,777744.3605616,0
2020-04-28,777744.3605616,777744.3605616,0
2020-04-29,777744.3605616,777744.3605616,0
2020-04-30,777744.3605616,777744.3605616,0
2020-05-04,777744.3605616,777744.3605616,0
2020-05-05,777744.3605616,777744.3605616,0
2020-05-06,777744.3605616,777744.3605616,0
2020-05-07,777744.3605616,777744.3605616,0
2020-05-08,777744.3605616,777744.3605616,0
2020-05-11,777744.3605616,777744.3605616,0
2020-05-12,777744.3605616,777744.3605616,0
2020-05-13,777744.3605616,777744.3605616,0
2020-05-14,777744.3605616,777744.3605616,0
2020-05-15,777744.3605616,777744.3605616,0
2020-05-18,777744.3605616,777744.3605616,0
2020-05-19,777744.3605616,777744.3605616,0
2020-05-20,777744.3605616,777744.3605616,0
2020-05-21,777744.3605616,777744.3605616,0
2020-05-22,777744.3605616,777744.3605616,0
2020-05-26,777744.3605616,777744.3605616,0
2020-05-27,777744.3605616,777744.3605616,0
2020-05-28,777744.3605616,777744.3605616,0
2020-05-29,777744.3605616,777744.3605616,0
2020-06-01,777744.3605616,777744.3605616,0
2020-06-02,777744.3605616,777744.3605616,0
2020-06-03,777744.3605616,777744.3605616,0
2020-06-04,777744.3605616,777744.3605616,0
2020-06-05,777744.3605616,777744.3605616,0
2020-06-08,777744.3605616,777744.3605616,0
2020-06-09,777744.3605616,777744.3605616,0
2020-06-10,777744.3605616,777744.3605616,0
2020-06-11,777744.3605616,777744.3605616,0
2020-06-12,777744.3605616,777744.3605616,0
2020-06-15,777744.3605616,777744.3605616,0
2020-06-16,777744.3605616,777744.3605616,0
2020-06-17,777744.3605616,777744.3605616,0
2020-06-18,777744.3605616,777744.3605616,0
2020-06-19,777744.3605616,777744.3605616,0
2020-06-22,777744.3605616,777744.3605616,0
2020-06-23,777744.3605616,777744.3605616,0
2020-06-24,777744.3605616,777744.3605616,0
2020-06-25,777744.3605616,777744.3605616,0
2020-06-26,777744.3605616,777744.3605616,0
2020-06-29,777744.3605616,777744.3605616,0
2020-06-30,777744.3605616,777744.3605616,0
2020-07-01,777744.3605616,777744.3605616,0
2020-07-02,777744.3605616,777744.3605616,0
2020-07-03,777744.3605616,777744.3605616,0
2020-07-06,777744.3605616,777744.3605616,0
2020-07-07,777744.3605616,777744.3605616,0
2020-07-08,777744.3605616,777744.3605616,0
2020-07-09,777744.3605616,777744.3605616,0
2020-07-10,777744.3605616,777744.3605616,0
2020-07-13,777744.3605616,777744.3605616,0
2020-07-14,777744.3605616,777744.3605616,0
2020-07-15,777744.3605616,777744.3605616,0
2020-07-16,777744.3605616,777744.3605616,0
2020-07-17,777744.3605616,777744.3605616,0
2020-07-20,777744.3605616,777744.3605616,0
2020-07-21,777744.3605616,777744.3605616,0
2020-07-22,777744.3605616,777744.3605616,0
2020-07-23,777744.3605616,777744.3605616,0
2020-07-24,777744.3605616,777744.3605616,0
2020-07-27,777744.3605616,777744.3605616,0
2020-07-28,777744.3605616,777744.3605616,0
2020-07-29,777744.3605616,777744.3605616,0
2020-07-30,777744.3605616,777744.3605616,0
2020-07-31,777744.3605616,777744.3605616,0
2020-08-03,777744.3605616,777744.3605616,0
2020-08-04,777744.3605616,777744.3605616,0
2020-08-05,777744.3605616,777744.3605616,0
2020-08-06,777744.3605616,777744.3605616,0
2020-08-07,777744.3605616,777744.3605616,0
2020-08-10,777744.3605616,777744.3605616,0
2020-08-11,777744.3605616,777744.3605616,0
2020-08-12,777744.3605616,777744.3605616,0
2020-08-13,777744.3605616,777744.3605616,0
2020-08-14,777744.3605616,777744.3605616,0
2020-08-17,777744.3605616,777744.3605616,0
2020-08-18,777744.3605616,777744.3605616,0
2020-08-19,777744.3605616,777744.3605616,0
2020-08-20,777744.3605616,777744.3605616,0
2020-08-21,777744.3605616,777744.3605616,0
2020-08-24,777744.3605616,777744.3605616,0
2020-08-25,777744.3605616,777744.3605616,0
2020-08-26,777744.3605616,777744.3605616,0
2020-08-27,777744.3605616,777744.3605616,0
2020-08-28,777744.3605616,777744.3605616,0
2020-08-31,777744.3605616,777744.3605616,0
2020-09-01,777744.3605616,777744.3605616,0
2020-09-02,777744.3605616,777744.3605616,0
2020-09-03,777744.3605616,777744.3605616,0
2020-09-04,777744.3605616,777744.3605616,0
2020-09-07,777744.3605616,777744.3605616,0
2020-09-08,777744.3605616,777744.3605616,0
2020-09-09,777744.3605616,777744.3605616,0
2020-09-10,777744.3605616,777744.3605616,0
2020-09-11,777744.3605616,777744.3605616,0
2020-09-14,777744.3605616,777744.3605616,0
2020-09-15,777744.3605616,777744.3605616,0
2020-09-16,777744.3605616,777744.3605616,0
2020-09-17,777744.3605616,777744.3605616,0
2020-09-18,777744.3605616,777744.3605616,0
2020-09-21,777744.3605616,777744.3605616,0
2020-09-22,777744.3605616,777744.3605616,0
2020-09-23,777744.3605616,777744.3605616,0
2020-09-24,777744.3605616,777744.3605616,0
2020-09-25,777744.3605616,777744.3605616,0
2020-09-28,777744.3605616,777744.3605616,0
2020-09-29,777744.3605616,777744.3605616,0
2020-09-30,777744.3605616,777744.3605616,0
2020-10-01,777744.3605616,777744.3605616,0
2020-10-05,777744.3605616,777744.3605616,0
2020-10-06,777744.3605616,777744.3605616,0
2020-10-07,777744.3605616,777744.3605616,0
2020-10-08,777744.3605616,777744.3605616,0
2020-10-09,777744.3605616,777744.3605616,0
2020-10-12,777744.3605616,777744.3605616,0
2020-10-13,777744.3605616,777744.3605616,0
2020-10-14,777744.3605616,777744.3605616,0
2020-10-15,777744.3605616,777744.3605616,0
2020-10-16,777744.3605616,777744.3605616,0
2020-10-19,777744.3605616,777744.3605616,0
2020-10-20,777744.3605616,777744.3605616,0
2020-10-21,777744.3605616,777744.3605616,0
2020-10-22,777744.3605616,777744.3605616,0
2020-10-23,777744.3605616,777744.3605616,0
2020-10-26,777744.3605616,777744.3605616,0
2020-10-27,777744.3605616,777744.3605616,0
2020-10-28,777744.3605616,777744.3605616,0
2020-10-29,777744.3605616,777744.3605616,0
2020-10-30,777744.3605616,777744.3605616,0
2020-11-02,777744.3605616,777744.3605616,0
2020-11-03,777744.3605616,777744.3605616,0
2020-11-04,777744.3605616,777744.3605616,0
2020-11-05,777744.3605616,777744.3605616,0
2020-11-06,777744.3605616,777744.3605616,0
2020-11-09,777744.3605616,777744.3605616,0
2020-11-10,777744.3605616,777744.3605616,0
2020-11-11,777744.3605616,777744.3605616,0
2020-11-12,777744.3605616,777744.3605616,0
2020-11-13,777744.3605616,777744.3605616,0
2020-11-17,777744.3605616,777744.3605616,0
2020-11-18,777744.3605616,777744.3605616,0
2020-11-19,777744.3605616,777744.3605616,0
2020-11-20,775720.25775,2182.268850000022,10
2020-11-23,806100.86945,2182.268850000022,10
2020-11-24,815964.18035,2182.268850000022,10
2020-11-25,796683.8462500001,2182.268850000022,10
2020-11-26,799047.44375,2182.268850000022,10
2020-11-27,815918.03995,2182.268850000022,10
2020-12-01,822029.5864500001,2182.268850000022,10
2020-12-02,823415.10575,2182.268850000022,10
2020-12-03,823385.1931500001,2182.268850000022,10
2020-12-04,822796.68885,2182.268850000022,10
2020-12-07,822376.2184499999,2182.268850000022,10
2020-12-08,812444.65695,2182.268850000022,10
2020-12-09,824643.72705,2182.268850000022,10
2020-12-10,812416.51195,2182.268850000022,10
2020-12-11,822602.57485,2182.268850000022,10
2020-12-14,835591.30225,2182.268850000022,10
2020-12-15,826181.18415,2182.268850000022,10
2020-12-16,834979.92205,2182.268850000022,10
2020-12-17,831367.12515,2182.268850000022,10
2020-12-18,822495.40095,2182.268850000022,10
2020-12-21,791221.12745,2182.268850000022,10
2020-12-22,796011.82435,2182.268850000022,10
2020-12-23,812838.06045,2182.268850000022,10
2020-12-24,808769.53465,2182.268850000022,10
2020-12-28,822967.68045,2182.268850000022,10
2020-12-29,820344.77015,2182.268850000022,10
2020-12-30,837408.01075,2182.268850000022,10
2020-12-31,834039.41155,2182.268850000022,10
2021-01-01,846955.19455,2182.268850000022,10
2021-01-04,857268.12495,2182.268850000022,10
2021-01-05,862571.52125,2182.268850000022,10
2021-01-06,859483.3057499999,2182.268850000022,10
2021-01-07,861600.21665,2182.268850000022,10
2021-01-08,875762.78295,2182.268850000022,10
2021-01-11,883563.76125,2182.268850000022,10
2021-01-12,886651.2824499999,2182.268850000022,10
2021-01-13,880199.82965,139.1728500000172,10
2021-01-14,886830.39915,139.1728500000172,10
2021-01-15,880123.72845,139.1728500000172,10
2021-01-18,860937.27925,139.1728500000172,10
2021-01-19,885666.83545,139.1728500000172,10
2021-01-20,900182.41145,139.1728500000172,10
2021-01-21,895432.67325,139.1728500000172,10
2021-01-22,920080.3036499999,139.1728500000172,10
2021-01-25,906123.21435,139.1728500000172,10
2021-01-27,908049.97875,139.1728500000172,10
2021-01-28,900563.66655,139.1728500000172,10
2021-01-29,900112.86975,139.1728500000172,10
2021-02-01,933639.9710499999,139.1728500000172,10
2021-02-02,947974.11425,139.1728500000172,10
2021-02-03,953620.73925,139.1728500000172,10
2021-02-04,973582.8857499999,139.1728500000172,10
2021-02-05,972648.95005,139.1728500000172,10
2021-02-08,986898.87685,139.1728500000172,10
2021-02-09,997680.82525,139.1728500000172,10
2021-02-10,990460.51565,139.1728500000172,10
2021-02-11,979059.8497499999,139.1728500000172,10
2021-02-12,974539.70255,139.1728500000172,10
2021-02-15,970189.84155,139.1728500000172,10
2021-02-16,971078.7790499999,139.1728500000172,10
2021-02-17,978890.5283499999,139.1728500000172,10
2021-02-18,986598.65055,139.1728500000172,10
2021-02-19,980078.7182499999,139.1728500000172,10
2021-02-22,980237.94475,139.1728500000172,10
2021-02-23,999018.00805,139.1728500000172,10
2021-02-24,1013366.2798499999,139.1728500000172,10
2021-02-25,1024863.17725,139.1728500000172,10
2021-02-26,1015581.74835,139.1728500000172,10
2021-03-01,1050103.31035,139.1728500000172,10
2021-03-02,1053487.31585,139.1728500000172,10
2021-03-03,1073181.44255,139.1728500000172,10
2021-03-04,1095672.19325,139.1728500000172,10
2021-03-05,1086339.3117499999,139.1728500000172,10
2021-03-08,1103968.2873499999,139.1728500000172,10
2021-03-09,1089445.5373499999,139.1728500000172,10
2021-03-10,1104222.49505,139.1728500000172,10
2021-03-12,1101065.16945,139.1728500000172,10
2021-03-15,1086319.62455,139.1728500000172,10
2021-03-16,1086950.95475,139.1728500000172,10
2021-03-17,1061095.41155,139.1728500000172,10
2021-03-18,1041662.82165,139.1728500000172,10
2021-03-19,1063018.03505,139.1728500000172,10
2021-03-22,1070211.11865,139.1728500000172,10
2021-03-23,1079126.17225,139.1728500000172,10
2021-03-24,1061408.02575,139.1728500000172,10
2021-03-25,1041550.7448499999,139.1728500000172,10
2021-03-26,1052465.62895,139.1728500000172,10
2021-03-30,1064840.86395,139.1728500000172,10
2021-03-31,1064497.81125,139.1728500000172,10
2021-04-01,1080538.2203499998,139.1728500000172,10
2021-04-05,1051840.81485,139.1728500000172,10
2021-04-06,1070245.85135,139.1728500000172,10
2021-04-07,1073536.15885,139.1728500000172,10
2021-04-08,1084513.83495,139.1728500000172,10
2021-04-09,1081202.62245,139.1728500000172,10
2021-04-12,1016779.2436500001,139.1728500000172,10
2021-04-13,1030832.0527228,236.63902280002367,10
2021-04-15,1044667.4858228,236.63902280002367,10
2021-04-16,1041285.2405228,236.63902280002367,10
2021-04-19,1031909.0633228,236.63902280002367,10
2021-04-20,1042150.2310228,236.63902280002367,10
2021-04-22,1052697.5109228003,236.63902280002367,10
2021-04-23,1042908.0847228001,236.63902280002367,10
2021-04-26,1047273.6759228,236.63902280002367,10
2021-04-27,1055426.0494228,236.63902280002367,10
2021-04-28,1064594.7662228001,236.63902280002367,10
2021-04-29,1059530.2658227999,236.63902280002367,10
2021-04-30,1060928.3289227998,236.63902280002367,10
2021-05-03,1062518.4889228,236.63902280002367,10
2021-05-04,1067547.8150228001,236.63902280002367,10
2021-05-05,1074762.5669228001,236.63902280002367,10
2021-05-06,1060395.3842228,236.63902280002367,10
2021-05-07,1055642.8588228002,236.63902280002367,10
2021-05-10,1061745.4551788,32.170878800039645,10
2021-05-11,1069496.0900788,32.170878800039645,10
2021-05-12,1068707.9027788,32.170878800039645,10
2021-05-14,1066738.6427788,32.170878800039645,10
2021-05-17,1068526.1007788002,32.170878800039645,10
2021-05-18,1093562.3613788001,32.170878800039645,10
2021-05-19,1106149.3818788002,32.170878800039645,10
2021-05-20,1139772.7827788002,32.170878800039645,10
2021-05-21,1150165.1279788,32.170878800039645,10
2021-05-24,1157808.7626788002,32.170878800039645,10
2021-05-25,1138147.1819788,32.170878800039645,10
2021-05-26,1143627.7385788,32.170878800039645,10
2021-05-27,1132810.2257788,32.170878800039645,10
2021-05-28,1126306.0882788002,32.170878800039645,10
2021-05-31,1134287.3887788001,32.170878800039645,10
2021-06-01,1114730.5000788001,32.170878800039645,10
2021-06-02,1134348.4904788001,32.170878800039645,10
2021-06-03,1165491.1259788,32.170878800039645,10
2021-06-04,1179179.9860788002,32.170878800039645,10
2021-06-07,1206464.4979788,32.170878800039645,10
2021-06-08,1196129.4838788002,32.170878800039645,10
2021-06-09,1180762.3300788002,32.170878800039645,10
2021-06-10,1198004.3057788,32.170878800039645,10
2021-06-11,1192116.3013788,32.170878800039645,10
2021-06-14,1178637.7450788,32.170878800039645,10
2021-06-15,1190164.6767788,32.170878800039645,10
2021-06-16,1177056.5409788,32.170878800039645,10
2021-06-17,1167656.8304788,32.170878800039645,10
2021-06-18,1160919.3251788002,32.170878800039645,10
2021-06-21,1172235.6142788,32.170878800039645,10
2021-06-22,1178810.0363788002,32.170878800039645,10
2021-06-23,1169137.5946788,32.170878800039645,10
2021-06-24,1167796.9497788001,32.170878800039645,10
2021-06-25,1166700.1854788002,32.170878800039645,10
2021-06-28,1166647.9700788,32.170878800039645,10
2021-06-29,1177509.4420788002,32.170878800039645,10
2021-06-30,1191033.2104788,32.170878800039645,10
2021-07-01,1193333.7750788,32.170878800039645,10
2021-07-02,1194968.0640788001,32.170878800039645,10
2021-07-05,1204553.1060788,32.170878800039645,10
2021-07-06,1215017.3319788002,32.170878800039645,10
2021-07-07,1226962.2297788002,32.170878800039645,10
2021-07-08,1219088.0080788,32.170878800039645,10
2021-07-09,1224330.7144788,32.170878800039645,10
2021-07-12,1246388.3975788,32.170878800039645,10
2021-07-13,1262944.9562788,32.170878800039645,10
2021-07-14,1269278.4187788,32.170878800039645,10
2021-07-15,1290135.9662788,32.170878800039645,10
2021-07-16,1332605.1112788,32.170878800039645,10
2021-07-19,1329582.3237788002,32.170878800039645,10
2021-07-20,1298509.5681788002,32.170878800039645,10
2021-07-22,1335484.5087788,32.170878800039645,10
2021-07-23,1319214.3125788001,32.170878800039645,10
2021-07-26,1316620.5896788,32.170878800039645,10
2021-07-27,1302003.2303788,32.170878800039645,10
2021-07-28,1303570.9985788001,32.170878800039645,10
2021-07-29,1303582.6063788,32.170878800039645,10
2021-07-30,1307483.9085788,32.170878800039645,10
2021-08-02,1343582.8297788,32.170878800039645,10
2021-08-03,1357766.3526788,32.170878800039645,10
2021-08-04,1346323.9424788002,32.170878800039645,10
2021-08-05,1344479.7318788,32.170878800039645,10
2021-08-06,1331658.4853788,32.170878800039645,10
2021-08-09,1323006.2748788001,32.170878800039645,10
2021-08-10,1291775.0894788,32.170878800039645,10
2021-08-11,1290444.3064788,32.170878800039645,10
2021-08-12,1311820.3253788,32.170878800039645,10
2021-08-13,1299255.4762788,32.170878800039645,10
2021-08-16,1291610.2591788,32.170878800039645,10
2021-08-17,1284989.4611788,32.170878800039645,10
2021-08-18,1283593.8540788002,32.170878800039645,10
2021-08-20,1250644.6209788,32.170878800039645,10
2021-08-23,1214933.3883736,71820.06707360003,10
2021-08-24,1240884.0223716,36759.37087160001,10
2021-08-25,1253784.2539716,36759.37087160001,10
2021-08-26,1246709.6274716,36759.37087160001,10
2021-08-27,1255086.5468716,36759.37087160001,10
2021-08-30,1279575.2418716,36759.37087160001,10
2021-08-31,1292665.8221716,36759.37087160001,10
2021-09-01,1305333.8478716,36759.37087160001,10
2021-09-02,1321573.4351716,36759.37087160001,10
2021-09-03,1341788.3280716,36759.37087160001,10
2021-09-06,1362112.2151716,36759.37087160001,10
2021-09-07,1340419.0174716,36759.37087160001,10
2021-09-08,1360619.1974716,36759.37087160001,10
2021-09-09,1362322.0754716,36759.37087160001,10
2021-09-13,1367946.2457716,36759.37087160001,10
2021-09-14,1374801.8637716,36759.37087160001,10
2021-09-15,1412198.8797716,36759.37087160001,10
2021-09-16,1420411.4933716,36759.37087160001,10
2021-09-17,1411737.0317716,36759.37087160001,10
2021-09-20,1364524.0620716,36759.37087160001,10
2021-09-21,1363266.4983716,36759.37087160001,10
2021-09-22,1376662.1864716,36759.37087160001,10
2021-09-23,1375042.9378716,36759.37087160001,10
2021-09-24,1372158.048926,70904.50292600004,10
2021-09-27,1369393.341426,70904.50292600004,10
2021-09-28,1350882.627626,70904.50292600004,10
2021-09-29,1366933.042326,70904.50292600004,10
2021-09-30,1372174.408326,70904.50292600004,10
2021-10-01,1356122.2711260002,70904.50292600004,10
2021-10-04,1360483.527826,70904.50292600004,10
2021-10-05,1357699.454026,70904.50292600004,10
2021-10-06,1347106.3150260001,70904.50292600004,10
2021-10-07,1360950.262526,70904.50292600004,10
2021-10-08,1362095.4588259999,70904.50292600004,10
2021-10-11,1367851.047226,70904.50292600004,10
2021-10-12,1357572.9093260001,70904.50292600004,10
2021-10-13,1359914.661626,70904.50292600004,10
2021-10-14,1380043.843626,70904.50292600004,10
2021-10-18,1371567.3281260002,70904.50292600004,10
2021-10-19,1358698.110326,70904.50292600004,10
2021-10-20,1335056.584626,70904.50292600004,10
2021-10-21,1332028.6543260003,70904.50292600004,10
2021-10-22,1320280.374026,70904.50292600004,10
2021-10-25,1284615.6738260002,70904.50292600004,10
2021-10-26,1302314.5477776001,57973.49047760006,10
2021-10-27,1288135.4910776,57973.49047760006,10
2021-10-28,1268665.2969776,57973.49047760006,10
2021-10-29,1262485.8842776,57973.49047760006,10
2021-11-01,1277738.8034776002,57973.49047760006,10
2021-11-02,1299951.8104776002,57973.49047760006,10
2021-11-03,1296482.7610776,57973.49047760006,10
2021-11-04,1303043.0976776,57973.49047760006,10
2021-11-08,1327278.7040776,57973.49047760006,10
2021-11-09,1343899.1003776002,57973.49047760006,10
2021-11-10,1342271.5544776001,57973.49047760006,10
2021-11-11,1316359.4003776002,57973.49047760006,10
2021-11-12,1325028.6610776002,57973.49047760006,10
2021-11-15,1330518.3576776,57973.49047760006,10
2021-11-16,1333643.0002776003,57973.49047760006,10
2021-11-17,1323648.3197776002,57973.49047760006,10
2021-11-18,1316646.8300776002,57973.49047760006,10
2021-11-22,1284759.7557776002,57973.49047760006,10
2021-11-23,1310923.9436776,57973.49047760006,10
2021-11-24,1336016.6160776,57973.49047760006,10
2021-11-25,1350849.3446776,57973.49047760006,10
2021-11-26,1313791.0240776,57973.49047760006,10
2021-11-29,1311643.218232,27943.549232000078,10
2021-11-30,1307384.301832,27943.549232000078,10
2021-12-01,1324018.2585824002,8469.18608240012,10
2021-12-02,1330582.2458824,8469.18608240012,10
2021-12-03,1332033.3622824003,8469.18608240012,10
2021-12-06,1316211.7536824,8469.18608240012,10
2021-12-07,1332071.8211824002,8469.18608240012,10
2021-12-08,1341572.0393824002,8469.18608240012,10
2021-12-09,1347530.0619824,8469.18608240012,10
2021-12-10,1353164.8047824001,8469.18608240012,10
2021-12-13,1352626.6682824001,8469.18608240012,10
2021-12-14,1351854.1108824,8469.18608240012,10
2021-12-15,1344050.2508824002,8469.18608240012,10
2021-12-16,1336806.6818824,8469.18608240012,10
2021-12-17,1303961.7832824,8469.18608240012,10
2021-12-20,1259801.5037824002,8469.18608240012,10
2021-12-21,1285520.3089728002,51265.81297280012,10
2021-12-22,1307282.6775728,51265.81297280012,10
2021-12-23,1331556.1933728,51265.81297280012,10
2021-12-24,1318945.0128728,51265.81297280012,10
2021-12-27,1329521.7729728,51265.81297280012,10
2021-12-28,1343954.9390728,51265.81297280012,10
2021-12-29,1347246.6830728,51265.81297280012,10
2021-12-30,1351418.1452728002,51265.81297280012,10
2021-12-31,1366799.4291728002,51265.81297280012,10
2022-01-03,1379434.7605728002,51265.81297280012,10
2022-01-04,1387781.3054728,51265.81297280012,10
2022-01-05,1384101.5565728,51265.81297280012,10
2022-01-06,1404814.0438728,51265.81297280012,10
2022-01-07,1416078.0838728,51265.81297280012,10
2022-01-10,1448939.6634728,51265.81297280012,10
2022-01-11,1435088.1686728,51265.81297280012,10
2022-01-12,1445795.0467728002,51265.81297280012,10
2022-01-13,1448285.8952728,51265.81297280012,10
2022-01-14,1454544.3864728,51265.81297280012,10
2022-01-17,1472681.8314728,51265.81297280012,10
2022-01-18,1452448.6965728002,51265.81297280012,10
2022-01-19,1451005.1681728002,51265.81297280012,10
2022-01-20,1445505.8478728002,51265.81297280012,10
2022-01-21,1425189.1617728001,51265.81297280012,10
2022-01-24,1361916.9132728002,51265.81297280012,10
2022-01-25,1379088.4453540002,20908.28215400013,10
2022-01-27,1351810.9213540002,20908.28215400013,10
2022-01-28,1349623.4342540002,20908.28215400013,10
2022-01-31,1359414.194054,20908.28215400013,10
2022-02-01,1359356.894454,20908.28215400013,10
2022-02-02,1395184.7800540002,20908.28215400013,10
2022-02-03,1395648.918554,20908.28215400013,10
2022-02-04,1391285.1317540002,20908.28215400013,10
2022-02-07,1378141.1642540002,20908.28215400013,10
2022-02-08,1368481.8593396002,75.23243960016407,10
2022-02-09,1366359.3377396,75.23243960016407,10
2022-02-10,1363146.9765396002,75.23243960016407,10
2022-02-11,1345891.2839396002,75.23243960016407,10
2022-02-14,1297138.1014360003,11563.691636000178,10
2022-02-15,1304640.4983360004,11563.691636000178,10
2022-02-16,1310199.0631360002,11563.691636000178,10
2022-02-17,1322005.1803360004,11563.691636000178,10
2022-02-18,1327329.0458360002,11563.691636000178,10
2022-02-21,1282730.8561360002,11563.691636000178,10
2022-02-22,1262740.0982360002,11563.691636000178,10
2022-02-23,1276344.5535624002,83524.99706240017,10
2022-02-24,1210157.2943876002,63609.215387600154,10
2022-02-25,1271692.9313876003,63609.215387600154,10
2022-02-28,1285785.7333876002,63609.215387600154,10
2022-03-02,1274484.1509876002,63609.215387600154,10
2022-03-03,1269261.1859876004,63609.215387600154,10
2022-03-04,1248891.1990876002,63609.215387600154,10
2022-03-07,1202724.8059876002,63609.215387600154,10
2022-03-08,1216219.5331328,391331.1268328001,7
2022-03-09,1234294.3782328,391331.1268328001,7
2022-03-10,1247562.7881328003,391331.1268328001,7
2022-03-11,1251062.3855328,391331.1268328001,7
2022-03-14,1253136.0069328002,391331.1268328001,7
2022-03-15,1253491.2866328,391331.1268328001,7
2022-03-16,1265314.9787328,391331.1268328001,7
2022-03-17,1269840.0084328,391331.1268328001,7
2022-03-21,1249664.2574220002,14891.464522000111,10
2022-03-22,1252185.096822,14891.464522000111,10
2022-03-23,1265443.1684220002,14891.464522000111,10
2022-03-24,1270154.0904220003,14891.464522000111,10
2022-03-25,1281193.1165220002,14891.464522000111,10
2022-03-28,1291006.0220220003,14891.464522000111,10
2022-03-29,1329826.9325220003,14891.464522000111,10
2022-03-30,1330630.778022,14891.464522000111,10
2022-03-31,1347048.5889220003,14891.464522000111,10
2022-04-01,1376128.7829220002,14891.464522000111,10
2022-04-04,1389561.9482220002,14891.464522000111,10
2022-04-05,1416158.5912220003,14891.464522000111,10
2022-04-06,1429883.4554220003,14891.464522000111,10
2022-04-07,1420483.0055220001,14891.464522000111,10
2022-04-08,1442898.7223220002,14891.464522000111,10
2022-04-11,1467511.9619220002,14891.464522000111,10
2022-04-12,1454728.3036220002,14891.464522000111,10
2022-04-13,1439852.5124220003,14891.464522000111,10
2022-04-18,1476375.0926220003,14891.464522000111,10
2022-04-19,1452525.6754220002,14891.464522000111,10
2022-04-20,1439940.0458220001,14891.464522000111,10
2022-04-21,1454940.1470220003,14891.464522000111,10
2022-04-22,1464658.0554220001,14891.464522000111,10
2022-04-25,1442051.295422,14891.464522000111,10
2022-04-26,1485238.5503220002,14891.464522000111,10
2022-04-27,1491152.3540220002,14891.464522000111,10
2022-04-28,1476637.546822,14891.464522000111,10
2022-04-29,1462104.1143220002,14891.464522000111,10
2022-05-02,1453576.1879220002,14891.464522000111,10
2022-05-04,1414429.2838220003,14891.464522000111,10
2022-05-05,1439370.7265220003,14891.464522000111,10
2022-05-06,1421942.0469220001,14891.464522000111,10
2022-05-09,1401330.3689220003,14891.464522000111,10
2022-05-10,1378938.1890524002,249286.63585240013,8
2022-05-11,1360030.2463064,368059.3983064001,7
2022-05-12,1332378.7959064,368059.3983064001,7
2022-05-13,1358895.5568968002,479549.59889680013,6
2022-05-16,1371975.7766968,479549.59889680013,6
2022-05-17,1395192.4906968002,479549.59889680013,6
2022-05-18,1409376.5752968001,479549.59889680013,6
2022-05-19,1407009.4626968,479549.59889680013,6
2022-05-20,1432302.5914968,479549.59889680013,6
2022-05-23,1436442.2226968,479549.59889680013,6
2022-05-24,1418395.9346968,479549.59889680013,6
2022-05-25,1397816.8009968002,479549.59889680013,6
2022-05-26,1414058.8015968,479549.59889680013,6
2022-05-27,1431759.0884600002,590751.9373600001,5
2022-05-30,1456382.76126,590751.9373600001,5
2022-05-31,1443139.86336,590751.9373600001,5
2022-06-01,1424657.5919600003,590751.9373600001,5
2022-06-02,1407951.8405600002,590751.9373600001,5
2022-06-03,1386117.04596,590751.9373600001,5
2022-06-06,1404587.9171600002,590751.9373600001,5
2022-06-07,1396249.9286600002,590751.9373600001,5
2022-06-08,1385424.51186,590751.9373600001,5
2022-06-09,1393785.84006,590751.9373600001,5
2022-06-10,1382135.39776,590751.9373600001,5
2022-06-13,1364586.9578600002,590751.9373600001,5
2022-06-14,1360217.9918400003,868710.5178400001,4
2022-06-15,1357074.8363400002,868710.5178400001,4
2022-06-16,1357942.4211796,1357942.4211796,0
2022-06-17,1357942.4211796,1357942.4211796,0
2022-06-20,1357942.4211796,1357942.4211796,0
2022-06-21,1357942.4211796,1357942.4211796,0
2022-06-22,1357942.4211796,1357942.4211796,0
2022-06-23,1357942.4211796,1357942.4211796,0
2022-06-24,1357942.4211796,1357942.4211796,0
2022-06-27,1357942.4211796,1357942.4211796,0
2022-06-28,1357942.4211796,1357942.4211796,0
2022-06-29,1357942.4211796,1357942.4211796,0
2022-06-30,1357942.4211796,1357942.4211796,0
2022-07-01,1357942.4211796,1357942.4211796,0
2022-07-04,1357942.4211796,1357942.4211796,0
2022-07-05,1357942.4211796,1357942.4211796,0
2022-07-06,1357942.4211796,1357942.4211796,0
2022-07-07,1357942.4211796,1357942.4211796,0
2022-07-08,1357942.4211796,1357942.4211796,0
2022-07-11,1357942.4211796,1357942.4211796,0
2022-07-12,1357942.4211796,1357942.4211796,0
2022-07-13,1357942.4211796,1357942.4211796,0
2022-07-14,1357942.4211796,1357942.4211796,0
2022-07-15,1357942.4211796,1357942.4211796,0
2022-07-18,1357942.4211796,1357942.4211796,0
2022-07-19,1357942.4211796,1357942.4211796,0
2022-07-20,1357942.4211796,1357942.4211796,0
2022-07-21,1357942.4211796,1357942.4211796,0
2022-07-22,1357942.4211796,1357942.4211796,0
2022-07-25,1357942.4211796,1357942.4211796,0
2022-07-26,1357942.4211796,1357942.4211796,0
2022-07-27,1357942.4211796,1357942.4211796,0
2022-07-28,1357942.4211796,1357942.4211796,0
2022-07-29,1357942.4211796,1357942.4211796,0
2022-08-01,1357942.4211796,1357942.4211796,0
2022-08-02,1357942.4211796,1357942.4211796,0
2022-08-03,1357942.4211796,1357942.4211796,0
2022-08-04,1357942.4211796,1357942.4211796,0
2022-08-05,1357942.4211796,1357942.4211796,0
2022-08-08,1357942.4211796,1357942.4211796,0
2022-08-10,1357942.4211796,1357942.4211796,0
2022-08-11,1357942.4211796,1357942.4211796,0
2022-08-12,1357942.4211796,1357942.4211796,0
2022-08-16,1357942.4211796,1357942.4211796,0
2022-08-17,1357942.4211796,1357942.4211796,0
2022-08-18,1357942.4211796,1357942.4211796,0
2022-08-19,1357942.4211796,1357942.4211796,0
2022-08-22,1357942.4211796,1357942.4211796,0
2022-08-23,1357942.4211796,1357942.4211796,0
2022-08-24,1357942.4211796,1357942.4211796,0
2022-08-25,1357942.4211796,1357942.4211796,0
2022-08-26,1357942.4211796,1357942.4211796,0
2022-08-29,1357942.4211796,1357942.4211796,0
2022-08-30,1357942.4211796,1357942.4211796,0
2022-09-01,1357942.4211796,1357942.4211796,0
2022-09-02,1357942.4211796,1357942.4211796,0
2022-09-05,1357942.4211796,1357942.4211796,0
2022-09-06,1357942.4211796,1357942.4211796,0
2022-09-07,1357942.4211796,1357942.4211796,0
2022-09-08,1357942.4211796,1357942.4211796,0
2022-09-09,1357942.4211796,1357942.4211796,0
2022-09-12,1357942.4211796,1357942.4211796,0
2022-09-13,1357942.4211796,1357942.4211796,0
2022-09-14,1357942.4211796,1357942.4211796,0
2022-09-15,1357942.4211796,1357942.4211796,0
2022-09-16,1357942.4211796,1357942.4211796,0
2022-09-19,1357942.4211796,1357942.4211796,0
2022-09-20,1357942.4211796,1357942.4211796,0
2022-09-21,1328773.5731819998,18339.834681999928,10
2022-09-22,1325141.3745819998,18339.834681999928,10
2022-09-23,1298387.5955819997,18339.834681999928,10
2022-09-26,1265466.927182,18339.834681999928,10
2022-09-27,1278953.6596819998,18339.834681999928,10
2022-09-28,1259722.3308819998,18339.834681999928,10
2022-09-29,1273379.7831819998,18339.834681999928,10
2022-09-30,1295253.8248819998,18339.834681999928,10
2022-10-03,1289942.0450819999,18339.834681999928,10
2022-10-04,1307376.3530819998,18339.834681999928,10
2022-10-06,1321758.141682,18339.834681999928,10
2022-10-07,1341405.167982,18339.834681999928,10
2022-10-10,1342375.0331819998,18339.834681999928,10
2022-10-11,1320711.8651819997,18339.834681999928,10
2022-10-12,1329417.332182,18339.834681999928,10
2022-10-13,1323011.9753819997,18339.834681999928,10
2022-10-14,1319051.9347819998,18339.834681999928,10
2022-10-17,1334022.2399819999,18339.834681999928,10
2022-10-18,1343171.6340819998,18339.834681999928,10
2022-10-19,1353564.2273819998,18339.834681999928,10
2022-10-20,1358849.267782,18339.834681999928,10
2022-10-21,1350366.1119819998,18339.834681999928,10
2022-10-24,1359724.405882,18339.834681999928,10
2022-10-25,1372499.5434819998,18339.834681999928,10
2022-10-27,1385522.842982,18339.834681999928,10
2022-10-28,1384510.914382,18339.834681999928,10
2022-10-31,1388118.4761819998,18339.834681999928,10
2022-11-01,1382329.923582,18339.834681999928,10
2022-11-02,1398009.960682,18339.834681999928,10
2022-11-03,1399555.8122819997,18339.834681999928,10
2022-11-04,1407812.9932819998,18339.834681999928,10
2022-11-07,1406499.538582,18339.834681999928,10
2022-11-09,1406548.9021819998,18339.834681999928,10
2022-11-10,1407059.1763819999,18339.834681999928,10
2022-11-11,1425999.303282,18339.834681999928,10
2022-11-14,1442266.7795819999,18339.834681999928,10
2022-11-15,1445856.8153819998,18339.834681999928,10
2022-11-16,1434152.029782,18339.834681999928,10
2022-11-17,1435166.111882,18339.834681999928,10
2022-11-18,1435458.230082,18339.834681999928,10
2022-11-21,1440850.8653819999,18339.834681999928,10
2022-11-22,1453255.385182,18339.834681999928,10
2022-11-23,1462540.671682,18339.834681999928,10
2022-11-24,1463564.085082,18339.834681999928,10
2022-11-25,1469265.5982819998,18339.834681999928,10
2022-11-28,1478675.293682,18339.834681999928,10
2022-11-29,1477280.2324819998,18339.834681999928,10
2022-11-30,1482375.152382,18339.834681999928,10
2022-12-01,1501708.9056819999,18339.834681999928,10
2022-12-02,1497903.732682,18339.834681999928,10
2022-12-05,1512772.189882,18339.834681999928,10
2022-12-06,1504422.2591819998,18339.834681999928,10
2022-12-07,1500200.3880819997,18339.834681999928,10
2022-12-08,1514269.1123819998,18339.834681999928,10
2022-12-09,1495118.066282,18339.834681999928,10
2022-12-12,1508403.1282819998,18339.834681999928,10
2022-12-13,1521234.285182,18339.834681999928,10
2022-12-14,1530714.768982,18339.834681999928,10
2022-12-15,1510722.164282,18339.834681999928,10
2022-12-16,1492367.716182,18339.834681999928,10
2022-12-19,1492119.2190819997,18339.834681999928,10
2022-12-20,1496071.0099819999,18339.834681999928,10
2022-12-21,1461150.9506819998,18339.834681999928,10
2022-12-22,1434711.036682,18339.834681999928,10
2022-12-23,1372040.2424819998,18339.834681999928,10
2022-12-26,1398206.1410579998,48509.17115799994,10
2022-12-27,1415485.675258,48509.17115799994,10
2022-12-28,1420078.034758,48509.17115799994,10
2022-12-29,1421095.240058,48509.17115799994,10
2022-12-30,1436229.459658,48509.17115799994,10
2023-01-02,1445468.6267579999,48509.17115799994,10
2023-01-03,1452234.981158,48509.17115799994,10
2023-01-04,1437470.940458,48509.17115799994,10
2023-01-05,1445525.7438579998,48509.17115799994,10
2023-01-06,1442876.541358,48509.17115799994,10
2023-01-09,1466590.2775579998,48509.17115799994,10
2023-01-10,1454222.315158,48509.17115799994,10
2023-01-11,1452169.299658,48509.17115799994,10
2023-01-12,1447021.1281579998,48509.17115799994,10
2023-01-13,1457991.4850579998,48509.17115799994,10
2023-01-16,1463197.308758,48509.17115799994,10
2023-01-17,1457953.316858,48509.17115799994,10
2023-01-18,1456992.999258,48509.17115799994,10
2023-01-19,1469373.0568579999,48509.17115799994,10
2023-01-20,1460340.444458,48509.17115799994,10
2023-01-23,1450183.910958,48509.17115799994,10
2023-01-24,1447116.176758,48509.17115799994,10
2023-01-25,1426247.920458,48509.17115799994,10
2023-01-27,1387366.3553348,15981.210634799936,10
2023-01-30,1394629.8887348,15981.210634799936,10
2023-01-31,1411248.0067347998,15981.210634799936,10
2023-02-01,1400923.8914347999,15981.210634799936,10
2023-02-02,1404749.5720348,15981.210634799936,10
2023-02-03,1423507.5709348,15981.210634799936,10
2023-02-06,1411750.7489347998,15981.210634799936,10
2023-02-07,1423871.8881348,15981.210634799936,10
2023-02-08,1423009.2587348,15981.210634799936,10
2023-02-09,1406742.6364348,15981.210634799936,10
2023-02-10,1439763.0804348,15981.210634799936,10
2023-02-13,1445252.0503348,15981.210634799936,10
2023-02-14,1441582.0090347999,15981.210634799936,10
2023-02-15,1435618.9194348,15981.210634799936,10
2023-02-16,1451450.3255347998,15981.210634799936,10
2023-02-17,1444579.0262348,15981.210634799936,10
2023-02-20,1427221.8831347998,15981.210634799936,10
2023-02-21,1441896.4822348,15981.210634799936,10
2023-02-22,1410829.3529347999,15981.210634799936,10
2023-02-23,1413848.2338588,30339.12725879994,10
2023-02-24,1404967.8164587999,30339.12725879994,10
2023-02-27,1392499.8337588,30339.12725879994,10
2023-02-28,1387098.5325588,30339.12725879994,10
2023-03-01,1397596.33801,139453.40450999996,9
2023-03-02,1378974.9747076,1499.9636075999588,10
2023-03-03,1386290.2638076,1499.9636075999588,10
2023-03-06,1401278.4593076,1499.9636075999588,10
2023-03-08,1405792.2231076,1499.9636075999588,10
2023-03-09,1400588.9161075999,1499.9636075999588,10
2023-03-10,1393272.4427075998,1499.9636075999588,10
2023-03-13,1368244.6896076,1499.9636075999588,10
2023-03-14,1357425.2430076,1499.9636075999588,10
2023-03-15,1357166.4589076,1499.9636075999588,10
2023-03-16,1348356.1679075998,1499.9636075999588,10
2023-03-17,1352368.0966075999,1499.9636075999588,10
2023-03-20,1339220.7996076,1499.9636075999588,10
2023-03-21,1342657.8880919998,134741.83459199994,9
2023-03-22,1349638.2712919998,134741.83459199994,9
2023-03-23,1362248.8648919999,134741.83459199994,9
2023-03-24,1342159.484672,252240.85597199993,8
2023-03-27,1340742.529772,252240.85597199993,8
2023-03-28,1344229.944372,252240.85597199993,8
2023-03-29,1357763.0407719999,252240.85597199993,8
2023-03-31,1355175.315272,252240.85597199993,8
2023-04-03,1360540.689572,252240.85597199993,8
2023-04-05,1371667.092972,252240.85597199993,8
2023-04-06,1385470.8655208,37.85032079994562,10
2023-04-10,1375311.6862208,37.85032079994562,10
2023-04-11,1383922.2704208,37.85032079994562,10
2023-04-12,1391696.9080208,37.85032079994562,10
2023-04-13,1391543.8870208,37.85032079994562,10
2023-04-17,1387502.5873208,37.85032079994562,10
2023-04-18,1380467.6076208,37.85032079994562,10
2023-04-19,1371398.3250207999,37.85032079994562,10
2023-04-20,1369949.1336208,37.85032079994562,10
2023-04-21,1375944.3643208,37.85032079994562,10
2023-04-24,1382028.3275208,37.85032079994562,10
2023-04-25,1370255.3951208,37.85032079994562,10
2023-04-26,1379398.8613208,37.85032079994562,10
2023-04-27,1381791.7804208,37.85032079994562,10
2023-04-28,1391929.9939208,37.85032079994562,10
2023-05-02,1394072.5563208,37.85032079994562,10
2023-05-03,1410595.7690208,37.85032079994562,10
2023-05-04,1409971.0129208,37.85032079994562,10
2023-05-05,1400398.2108208,37.85032079994562,10
2023-05-08,1410964.5554207999,37.85032079994562,10
2023-05-09,1407712.6916208,37.85032079994562,10
2023-05-10,1406959.4611207999,37.85032079994562,10
2023-05-11,1414465.6017208,37.85032079994562,10
2023-05-12,1414619.8777208,37.85032079994562,10
2023-05-15,1415053.4080208,37.85032079994562,10
2023-05-16,1417034.2462207999,37.85032079994562,10
2023-05-17,1420752.8326208,37.85032079994562,10
2023-05-18,1413803.1967208001,37.85032079994562,10
2023-05-19,1412565.4400208,37.85032079994562,10
2023-05-22,1422637.7383208,37.85032079994562,10
2023-05-23,1430646.7371208,37.85032079994562,10
2023-05-24,1437199.2766208,37.85032079994562,10
2023-05-25,1454243.1602208,37.85032079994562,10
2023-05-26,1472693.6676208,37.85032079994562,10
2023-05-29,1484690.2379208,37.85032079994562,10
2023-05-30,1513076.5340208,37.85032079994562,10
2023-05-31,1518318.2573208,37.85032079994562,10
2023-06-01,1516078.1689208,37.85032079994562,10
2023-06-02,1518455.9167207999,37.85032079994562,10
2023-06-05,1523593.0886208,37.85032079994562,10
2023-06-06,1510574.2225208,37.85032079994562,10
2023-06-07,1521205.5585208,37.85032079994562,10
2023-06-08,1520447.4000208,37.85032079994562,10
2023-06-09,1525624.8442207999,37.85032079994562,10
2023-06-12,1533570.1213208,37.85032079994562,10
2023-06-13,1547290.5622208,37.85032079994562,10
2023-06-14,1547876.6277208,37.85032079994562,10
2023-06-15,1549017.7655208,37.85032079994562,10
2023-06-16,1560592.9575208,37.85032079994562,10
2023-06-19,1559186.5767208,37.85032079994562,10
2023-06-20,1560331.7717207999,37.85032079994562,10
2023-06-21,1558847.9006208,37.85032079994562,10
2023-06-22,1552171.8208208,37.85032079994562,10
2023-06-23,1543220.6581208,37.85032079994562,10
2023-06-26,1550278.6892208,37.85032079994562,10
2023-06-27,1558530.3313208,37.85032079994562,10
2023-06-28,1553973.4189208,37.85032079994562,10
2023-06-30,1556904.2771208,37.85032079994562,10
2023-07-03,1567114.3490208,37.85032079994562,10
2023-07-04,1561340.8771208,37.85032079994562,10
2023-07-05,1570920.7778208,37.85032079994562,10
2023-07-06,1583198.9607208,37.85032079994562,10
2023-07-07,1576478.4501208,37.85032079994562,10
2023-07-10,1571885.1516208,37.85032079994562,10
2023-07-11,1599524.6370208,37.85032079994562,10
2023-07-12,1608228.7792208,37.85032079994562,10
2023-07-13,1610580.0873208,37.85032079994562,10
2023-07-14,1615316.5219208,37.85032079994562,10
2023-07-17,1636958.9748208,37.85032079994562,10
2023-07-18,1650291.6994208,37.85032079994562,10
2023-07-19,1651487.3361207999,37.85032079994562,10
2023-07-20,1648106.3118208,37.85032079994562,10
2023-07-21,1635192.1647208,37.85032079994562,10
2023-07-24,1632158.8581208,37.85032079994562,10
2023-07-25,1639292.6711208,37.85032079994562,10
2023-07-26,1642233.7699207999,37.85032079994562,10
2023-07-27,1647192.3114208,37.85032079994562,10
2023-07-28,1655803.0291207999,37.85032079994562,10
2023-07-31,1662592.7257208,37.85032079994562,10
2023-08-01,1665774.0810208,37.85032079994562,10
2023-08-02,1657057.7163208,37.85032079994562,10
2023-08-03,1650701.2804208,37.85032079994562,10
2023-08-04,1659376.5815208,37.85032079994562,10
2023-08-07,1670466.8593208,37.85032079994562,10
2023-08-08,1679815.7846207998,37.85032079994562,10
2023-08-09,1684698.1437208,37.85032079994562,10
2023-08-10,1677886.4274207999,37.85032079994562,10
2023-08-11,1664847.4532208,37.85032079994562,10
2023-08-14,1666380.9398208,37.85032079994562,10
2023-08-16,1677884.0413207998,37.85032079994562,10
2023-08-17,1673883.5247207999,37.85032079994562,10
2023-08-18,1683804.5410208,37.85032079994562,10
2023-08-21,1686629.2801208,37.85032079994562,10
2023-08-22,1683745.3726208,37.85032079994562,10
2023-08-23,1686542.6840208,37.85032079994562,10
2023-08-24,1687029.6130208,37.85032079994562,10
2023-08-25,1694236.3969208,37.85032079994562,10
2023-08-28,1708065.0130208,37.85032079994562,10
2023-08-29,1731701.8352208,37.85032079994562,10
2023-08-30,1726499.5876208,37.85032079994562,10
2023-08-31,1731229.3336208,37.85032079994562,10
2023-09-01,1747956.1478207998,37.85032079994562,10
2023-09-04,1746624.0168208,37.85032079994562,10
2023-09-05,1745208.0666208,37.85032079994562,10
2023-09-06,1737218.0922208,37.85032079994562,10
2023-09-07,1755825.7815208,37.85032079994562,10
2023-09-08,1770712.5672208,37.85032079994562,10
2023-09-11,1800426.6415207998,37.85032079994562,10
2023-09-12,1753431.5443208,37.85032079994562,10
2023-09-13,1756168.9537207999,37.85032079994562,10
2023-09-14,1762902.3607208,37.85032079994562,10
2023-09-15,1771965.0546207998,37.85032079994562,10
2023-09-18,1772353.9289208,37.85032079994562,10
2023-09-20,1786653.9843208,37.85032079994562,10
2023-09-21,1768729.8470208,37.85032079994562,10
2023-09-22,1766765.2130208,37.85032079994562,10
2023-09-25,1754120.6108207998,37.85032079994562,10
2023-09-26,1756238.4219207999,37.85032079994562,10
2023-09-27,1800569.4662208,37.85032079994562,10
2023-09-28,1790938.8693208,37.85032079994562,10
2023-09-29,1793939.3679207999,37.85032079994562,10
2023-10-03,1792237.7990208,37.85032079994562,10
2023-10-04,1771354.7651208,37.85032079994562,10
2023-10-05,1789702.2460208,37.85032079994562,10
2023-10-06,1799032.7765208,37.85032079994562,10
2023-10-09,1784936.4931208,37.85032079994562,10
2023-10-10,1798643.8099208,37.85032079994562,10
2023-10-11,1794147.9184208,37.85032079994562,10
2023-10-12,1810273.0129208,37.85032079994562,10
2023-10-13,1815664.6625208,37.85032079994562,10
2023-10-16,1839575.5922208,37.85032079994562,10
2023-10-17,1847188.3250207999,37.85032079994562,10
2023-10-18,1850746.4751208,37.85032079994562,10
2023-10-19,1850063.1836208,37.85032079994562,10
2023-10-20,1863826.4865208,37.85032079994562,10
2023-10-23,1808754.9758207998,37.85032079994562,10
2023-10-25,1791821.0669208,37.85032079994562,10
2023-10-26,1775770.8534207998,37.85032079994562,10
2023-10-27,1831087.9456208,37.85032079994562,10
2023-10-30,1829268.7155207999,37.85032079994562,10
2023-10-31,1835380.5598207999,37.85032079994562,10
2023-11-01,1859648.7216208,37.85032079994562,10
2023-11-02,1864482.7289208001,37.85032079994562,10
2023-11-03,1892371.5040207999,37.85032079994562,10
2023-11-06,1902319.8243208,37.85032079994562,10
2023-11-07,1917558.9301208,37.85032079994562,10
2023-11-08,1934636.0628207999,37.85032079994562,10
2023-11-09,1929186.5450207999,37.85032079994562,10
2023-11-10,1929308.8130208,37.85032079994562,10
2023-11-13,1954050.9274207999,37.85032079994562,10
2023-11-15,1979569.9353208,37.85032079994562,10
2023-11-16,1980668.6322208,37.85032079994562,10
2023-11-17,1985891.0410208,37.85032079994562,10
2023-11-20,1993416.0361208,37.85032079994562,10
2023-11-21,1996132.3331207999,37.85032079994562,10
2023-11-22,2030026.3173208,37.85032079994562,10
2023-11-23,2021926.5090208,37.85032079994562,10
2023-11-24,2026796.4537207999,37.85032079994562,10
2023-11-28,2031213.2040207998,37.85032079994562,10
2023-11-29,2034421.7264208,37.85032079994562,10
2023-11-30,2072377.4465208,37.85032079994562,10
2023-12-01,2065629.4588208,37.85032079994562,10
2023-12-04,2076613.2462208,37.85032079994562,10
2023-12-05,2081553.9388208,37.85032079994562,10
2023-12-06,2071674.7052208,37.85032079994562,10
2023-12-07,2087271.0567208,37.85032079994562,10
2023-12-08,2089595.7958208,37.85032079994562,10
2023-12-11,2090294.1464208,37.85032079994562,10
2023-12-12,2081782.7760208,37.85032079994562,10
2023-12-13,2106154.4509207997,37.85032079994562,10
2023-12-14,2132637.0871208,37.85032079994562,10
2023-12-15,2114681.9959207997,37.85032079994562,10
2023-12-18,2104209.3970207996,37.85032079994562,10
2023-12-19,2114430.1740208,37.85032079994562,10
2023-12-20,2063612.8126208,37.85032079994562,10
2023-12-21,2097598.9638207997,37.85032079994562,10
2023-12-22,2118282.5686207996,37.85032079994562,10
2023-12-26,2126026.2593207997,37.85032079994562,10
2023-12-27,2133019.6897207997,37.85032079994562,10
2023-12-28,2141060.6679208,37.85032079994562,10
2023-12-29,2147389.2841207995,37.85032079994562,10
2024-01-01,2146480.9476207998,37.85032079994562,10
2024-01-02,2140270.1780208,37.85032079994562,10
2024-01-03,2131406.6113207997,37.85032079994562,10
2024-01-04,2143007.1921208,37.85032079994562,10
2024-01-05,2153567.3454207997,37.85032079994562,10
2024-01-08,2138648.5193208,37.85032079994562,10
2024-01-09,2146038.6099207997,37.85032079994562,10
2024-01-10,2150143.4399208,37.85032079994562,10
2024-01-11,2145797.7757208,37.85032079994562,10
2024-01-12,2156064.2463207995,37.85032079994562,10
2024-01-15,2149764.3853208,37.85032079994562,10
2024-01-16,2150736.3231208,37.85032079994562,10
2024-01-17,2142246.9225207996,37.85032079994562,10
2024-01-18,2118716.6261207997,37.85032079994562,10
2024-01-19,2129034.5966207995,37.85032079994562,10
2024-01-23,2099950.1330207996,37.85032079994562,10
2024-01-24,2115155.9323207997,37.85032079994562,10
2024-01-25,2111736.723626,34810.83852599995,10
2024-01-29,2118488.368326,34810.83852599995,10
2024-01-30,2109425.0839824,65159.50068239993,10
2024-01-31,2144731.5567824,65159.50068239993,10
2024-02-01,2142536.1929824,65159.50068239993,10
2024-02-02,2154413.0292824,65159.50068239993,10
2024-02-05,2147474.6479824,65159.50068239993,10
2024-02-06,2177941.6154824,65159.50068239993,10
2024-02-07,2167924.8775824,65159.50068239993,10
2024-02-08,2186997.7464824,65159.50068239993,10
2024-02-09,2189548.3877824,65159.50068239993,10
2024-02-12,2165377.9534824,65159.50068239993,10
2024-02-13,2188631.1994824,65159.50068239993,10
2024-02-14,2196253.8627824,65159.50068239993,10
2024-02-15,2219631.6450824,65159.50068239993,10
2024-02-16,2235404.2552824,65159.50068239993,10
2024-02-19,2241645.7600824,65159.50068239993,10
2024-02-20,2236054.7467824,65159.50068239993,10
2024-02-21,2224216.5832824,65159.50068239993,10
2024-02-22,2216350.6028824,65159.50068239993,10
2024-02-23,2236252.2842824,65159.50068239993,10
2024-02-26,2222356.6076824,65159.50068239993,10
2024-02-27,2228550.0147824,65159.50068239993,10
2024-02-28,2189645.3655824,65159.50068239993,10
2024-02-29,2211942.7102824003,65159.50068239993,10
2024-03-01,2243910.8721824,65159.50068239993,10
2024-03-04,2251495.1988824,65159.50068239993,10
2024-03-05,2239504.8793824,65159.50068239993,10
2024-03-06,2223106.9995824,65159.50068239993,10
2024-03-07,2226060.2880824,65159.50068239993,10
2024-03-11,2226808.7922824,65159.50068239993,10
2024-03-12,2188271.6316824,65159.50068239993,10
2024-03-13,2117081.6211824,65159.50068239993,10
2024-03-14,2152094.9154824,65159.50068239993,10
2024-03-15,2163000.3564824,65159.50068239993,10
2024-03-18,2157406.9814824,65159.50068239993,10
2024-03-19,2145172.7525824,65159.50068239993,10
2024-03-20,2139041.3771824,65159.50068239993,10
2024-03-21,2184618.4761824002,65159.50068239993,10
2024-03-22,2180974.2635824,65159.50068239993,10
2024-03-26,2184259.3188824,65159.50068239993,10
2024-03-27,2216855.0948824002,65159.50068239993,10
2024-03-28,2216920.6817824002,65159.50068239993,10
2024-04-01,2237010.3345824,65159.50068239993,10
2024-04-02,2255729.8581824,65159.50068239993,10
2024-04-03,2259730.5572824003,65159.50068239993,10
2024-04-04,2248043.2176824003,65159.50068239993,10
2024-04-05,2257276.1295824,65159.50068239993,10
2024-04-08,2275990.8043824,65159.50068239993,10
2024-04-09,2276278.3490824,65159.50068239993,10
2024-04-10,2290943.1435824,65159.50068239993,10
2024-04-12,2254244.6322824,65159.50068239993,10
2024-04-15,2234892.6367824003,65159.50068239993,10
2024-04-16,2261027.8332824,65159.50068239993,10
2024-04-18,2284674.6567824,65159.50068239993,10
2024-04-19,2292003.5639824,65159.50068239993,10
2024-04-22,2273153.8146824003,65159.50068239993,10
2024-04-23,2306437.0722815995,911.4320815999235,10
2024-04-24,2327254.1418815996,911.4320815999235,10
2024-04-25,2341842.0653815996,911.4320815999235,10
2024-04-26,2340932.3121816,911.4320815999235,10
2024-04-29,2335451.5889815995,911.4320815999235,10
2024-04-30,2330177.6312815994,911.4320815999235,10
2024-05-02,2316107.5619816,911.4320815999235,10
2024-05-03,2310811.6251815995,911.4320815999235,10
2024-05-06,2317218.5263815997,911.4320815999235,10
2024-05-07,2310787.3129816,911.4320815999235,10
2024-05-08,2322407.2626815997,911.4320815999235,10
2024-05-09,2296378.5393816,911.4320815999235,10
2024-05-10,2310163.5287816,911.4320815999235,10
2024-05-13,2325244.4162815996,911.4320815999235,10
2024-05-14,2362632.0627816,911.4320815999235,10
2024-05-15,2396765.9970815997,911.4320815999235,10
2024-05-16,2415463.5959815998,911.4320815999235,10
2024-05-17,2460189.0475815996,911.4320815999235,10
2024-05-21,2448063.1793815996,911.4320815999235,10
2024-05-22,2432138.8556815996,911.4320815999235,10
2024-05-23,2445880.3736815997,911.4320815999235,10
2024-05-24,2465736.3957816,911.4320815999235,10
2024-05-27,2463333.4611815996,911.4320815999235,10
2024-05-28,2441960.9035815997,911.4320815999235,10
2024-05-29,2432965.4100816,911.4320815999235,10
2024-05-30,2408351.0396815995,911.4320815999235,10
2024-05-31,2427441.7631816,911.4320815999235,10
2024-06-03,2486070.9440816,911.4320815999235,10
2024-06-04,2312997.2089815997,911.4320815999235,10
2024-06-05,2381477.1884816,911.4320815999235,10
2024-06-06,2441397.2229815996,911.4320815999235,10
2024-06-07,2514712.8111815997,911.4320815999235,10
2024-06-10,2533047.8963816,911.4320815999235,10
2024-06-11,2561134.7077816,911.4320815999235,10
2024-06-12,2572763.6404815996,911.4320815999235,10
2024-06-13,2566178.6900815996,911.4320815999235,10
2024-06-14,2611052.4445816,911.4320815999235,10
2024-06-18,2642764.5169816,911.4320815999235,10
2024-06-19,2645304.8580815997,911.4320815999235,10
2024-06-20,2631302.8100815997,911.4320815999235,10
2024-06-21,2638895.2013815995,911.4320815999235,10
2024-06-24,2653813.0743815997,911.4320815999235,10
2024-06-25,2685140.9741816,911.4320815999235,10
2024-06-26,2705180.2394815995,911.4320815999235,10
2024-06-27,2706293.4129815996,911.4320815999235,10
2024-06-28,2727277.0478815995,911.4320815999235,10
2024-07-01,2767340.2389816,911.4320815999235,10
2024-07-02,2777645.3582816,911.4320815999235,10
2024-07-03,2788345.5273816,911.4320815999235,10
2024-07-04,2783486.3178815995,911.4320815999235,10
2024-07-05,2862006.7920815996,911.4320815999235,10
2024-07-08,2884880.8931815997,911.4320815999235,10
2024-07-09,2919713.6066815997,911.4320815999235,10
2024-07-10,2860460.9935815996,911.4320815999235,10
2024-07-11,2848704.7833816,911.4320815999235,10
2024-07-12,2804354.9106815998,911.4320815999235,10
2024-07-15,2816871.5142816,911.4320815999235,10
2024-07-16,2823270.4824816,911.4320815999235,10
2024-07-18,2790648.0984815997,911.4320815999235,10
2024-07-19,2746551.4171816,911.4320815999235,10
2024-07-22,2798166.4446815997,911.4320815999235,10
2024-07-23,2804657.6936815996,911.4320815999235,10
2024-07-24,2823655.9567815997,911.4320815999235,10
2024-07-25,2822082.6074816,911.4320815999235,10
2024-07-26,2905160.3610815997,911.4320815999235,10
2024-07-29,2939752.5428815996,911.4320815999235,10
2024-07-30,2953486.2771815998,911.4320815999235,10
2024-07-31,2958623.3741816,911.4320815999235,10
2024-08-01,2914967.2076815995,911.4320815999235,10
2024-08-02,2879978.1440815995,911.4320815999235,10
2024-08-05,2773186.9948815997,911.4320815999235,10
2024-08-06,2735628.2681815997,911.4320815999235,10
2024-08-07,2793127.8417816,911.4320815999235,10
2024-08-08,2804306.5333815995,911.4320815999235,10
2024-08-09,2834067.0093815997,911.4320815999235,10
2024-08-12,2843064.1464815997,911.4320815999235,10
2024-08-13,2824081.1317815995,911.4320815999235,10
2024-08-14,2842490.6521815998,911.4320815999235,10
2024-08-16,2931058.1730815996,911.4320815999235,10
2024-08-19,2960892.7132816,911.4320815999235,10
2024-08-20,2944695.5562815997,911.4320815999235,10
2024-08-21,2950346.5717816,911.4320815999235,10
2024-08-22,2960276.8815816,911.4320815999235,10
2024-08-23,2955102.8210815997,911.4320815999235,10
2024-08-26,2974124.7899816,911.4320815999235,10
2024-08-27,2884458.4289816,911.4320815999235,10
2024-08-28,2986244.2316815997,911.4320815999235,10
2024-08-29,2953760.5905815996,911.4320815999235,10
2024-08-30,2958877.0935815996,911.4320815999235,10
2024-09-02,2935692.5945816,911.4320815999235,10
2024-09-03,2958633.6599816,911.4320815999235,10
2024-09-04,2966738.4154815995,911.4320815999235,10
2024-09-05,2977253.2954816,911.4320815999235,10
2024-09-06,2956305.6249816,911.4320815999235,10
2024-09-09,2958627.0643816,911.4320815999235,10
2024-09-10,2968451.5006815996,911.4320815999235,10
2024-09-11,2979964.5100816,911.4320815999235,10
2024-09-12,3048293.1411816,911.4320815999235,10
2024-09-13,3061224.2863815995,911.4320815999235,10
2024-09-16,3069993.6562816,911.4320815999235,10
2024-09-17,3063296.3831816,911.4320815999235,10
2024-09-18,3060803.3176815994,911.4320815999235,10
2024-09-19,3058273.0512816,911.4320815999235,10
2024-09-20,3133176.5178815997,911.4320815999235,10
2024-09-23,3181164.9619815997,911.4320815999235,10
2024-09-24,3175996.2528815996,911.4320815999235,10
2024-09-25,3153304.5955732,8.788473199878354,10
2024-09-26,3189283.2854732,8.788473199878354,10
2024-09-27,3151903.6729732,8.788473199878354,10
2024-09-30,3107168.7847732,8.788473199878354,10
2024-10-01,3119544.1295732,8.788473199878354,10
2024-10-03,3060699.0831732,8.788473199878354,10
2024-10-04,3056176.7559732,8.788473199878354,10
2024-10-07,2969135.1671732,8.788473199878354,10
2024-10-08,3062873.0704732,374.6360731999157,10
2024-10-09,3112708.9814732,374.6360731999157,10
2024-10-10,3141272.5042732,374.6360731999157,10
2024-10-11,3161556.2469732002,374.6360731999157,10
2024-10-14,3140873.1214732,374.6360731999157,10
2024-10-15,3165397.4066732,374.6360731999157,10
2024-10-16,3162779.8977732,374.6360731999157,10
2024-10-17,3133787.9983732,374.6360731999157,10
2024-10-18,3120625.2510732,374.6360731999157,10
2024-10-21,3076832.9777732003,374.6360731999157,10
2024-10-22,2967319.1398732,374.6360731999157,10
2024-10-23,2939698.5214732,374.6360731999157,10
2024-10-24,2940548.4904732,374.6360731999157,10
2024-10-25,2901258.8133732,374.6360731999157,10
2024-10-28,2902202.3040732,374.6360731999157,10
2024-10-29,2910853.9651732002,374.6360731999157,10
2024-10-30,2918334.2149708,154.19917079989682,10
2024-10-31,2968087.0408707997,154.19917079989682,10
2024-11-01,3006975.2632828,448.5035827999236,10
2024-11-04,2935772.6592828,448.5035827999236,10
2024-11-05,2953462.5097827995,448.5035827999236,10
2024-11-06,3020070.1435828,448.5035827999236,10
2024-11-07,2970216.5666827997,448.5035827999236,10
2024-11-08,2945554.8402827997,448.5035827999236,10
2024-11-11,2939323.8095827997,448.5035827999236,10
2024-11-12,2902389.4456828,448.5035827999236,10
2024-11-13,2807774.6921828,448.5035827999236,10
2024-11-14,2827659.4115572,24.062357199931284,10
2024-11-18,2813744.7630572002,24.062357199931284,10
2024-11-19,2824966.5756571996,24.062357199931284,10
2024-11-21,2848680.1951571996,24.062357199931284,10
2024-11-22,2881132.7798571996,24.062357199931284,10
2024-11-25,2904195.3969572,24.062357199931284,10
2024-11-26,2894601.4954572,24.062357199931284,10
2024-11-27,2950303.0603572,24.062357199931284,10
2024-11-28,2924080.4165572,24.062357199931284,10
2024-11-29,2948049.8801571997,24.062357199931284,10
2024-12-02,2996265.8618571996,24.062357199931284,10
2024-12-03,3014917.0911572,24.062357199931284,10
2024-12-04,3018813.0785572,24.062357199931284,10
2024-12-05,3048550.8131572,24.062357199931284,10
2024-12-06,3088814.9030971997,223.93159719993128,10
2024-12-09,3102600.7395972,223.93159719993128,10
2024-12-10,3123436.7720971997,223.93159719993128,10
2024-12-11,3115138.6602971996,223.93159719993128,10
2024-12-12,3103411.1774971997,223.93159719993128,10
2024-12-13,3117493.2183971996,223.93159719993128,10
2024-12-16,3179401.4033971997,223.93159719993128,10
2024-12-17,3158204.3727972,223.93159719993128,10
2024-12-18,3138221.7184972,223.93159719993128,10
2024-12-19,3167796.5444972,223.93159719993128,10
2024-12-20,3122630.5862971996,223.93159719993128,10
2024-12-23,3093577.8792971997,223.93159719993128,10
2024-12-24,3090827.1461972,223.93159719993128,10
2024-12-26,3120521.0628971998,223.93159719993128,10
2024-12-27,3145129.1697972,223.93159719993128,10
2024-12-30,3166033.4740971997,223.93159719993128,10
