date,equity,cash,open_positions
2007-09-17,100000.0,100000.0,0
2007-09-18,100000.0,100000.0,0
2007-09-19,100000.0,100000.0,0
2007-09-20,100000.0,100000.0,0
2007-09-21,100000.0,100000.0,0
2007-09-24,100000.0,100000.0,0
2007-09-25,100000.0,100000.0,0
2007-09-26,100000.0,100000.0,0
2007-09-27,100000.0,100000.0,0
2007-09-28,100000.0,100000.0,0
2007-10-01,100000.0,100000.0,0
2007-10-03,100000.0,100000.0,0
2007-10-04,100000.0,100000.0,0
2007-10-05,100000.0,100000.0,0
2007-10-08,100000.0,100000.0,0
2007-10-09,100000.0,100000.0,0
2007-10-10,100000.0,100000.0,0
2007-10-11,100000.0,100000.0,0
2007-10-12,100000.0,100000.0,0
2007-10-15,100000.0,100000.0,0
2007-10-16,99604.14052119998,639.2708211999907,10
2007-10-17,98519.43272119998,639.2708211999907,10
2007-10-18,94109.18912119999,639.2708211999907,10
2007-10-19,91303.89972119998,639.2708211999907,10
2007-10-22,90690.72322119998,639.2708211999907,10
2007-10-23,94095.12202119999,639.2708211999907,10
2007-10-24,96059.37312119998,639.2708211999907,10
2007-10-25,96625.24392119999,639.2708211999907,10
2007-10-26,100056.95482119998,639.2708211999907,10
2007-10-29,100563.90972119999,639.2708211999907,10
2007-10-30,100209.89352119999,639.2708211999907,10
2007-10-31,102387.16372119999,639.2708211999907,10
2007-11-01,102172.79142119997,639.2708211999907,10
2007-11-02,103338.63732119999,639.2708211999907,10
2007-11-05,105226.19572119998,639.2708211999907,10
2007-11-06,105757.99052119999,639.2708211999907,10
2007-11-07,103900.57232119999,639.2708211999907,10
2007-11-08,153850.3815212,639.2708211999907,10
2007-11-12,158492.76212119998,639.2708211999907,10
2007-11-13,158659.72162119998,639.2708211999907,10
2007-11-14,160036.7728212,639.2708211999907,10
2007-11-15,160328.1765212,639.2708211999907,10
2007-11-16,158030.02042119997,639.2708211999907,10
2007-11-19,164337.4424212,639.2708211999907,10
2007-11-20,159964.60902119998,639.2708211999907,10
2007-11-21,151868.0840212,639.2708211999907,10
2007-11-22,145868.4424212,639.2708211999907,10
2007-11-23,144538.4955192,38954.62001919999,10
2007-11-26,148546.1248192,38954.62001919999,10
2007-11-27,148646.9835192,38954.62001919999,10
2007-11-28,147571.55541919998,38954.62001919999,10
2007-11-29,146071.2946192,38954.62001919999,10
2007-11-30,150755.7142192,38954.62001919999,10
2007-12-03,152957.8208192,38954.62001919999,10
2007-12-04,154059.3896192,38954.62001919999,10
2007-12-05,154966.48481919998,38954.62001919999,10
2007-12-06,153575.91991919998,38954.62001919999,10
2007-12-07,152767.3437192,38954.62001919999,10
2007-12-10,152343.5812192,38954.62001919999,10
2007-12-11,153519.21291919998,38954.62001919999,10
2007-12-12,154473.0752192,38954.62001919999,10
2007-12-13,155465.4707192,38954.62001919999,10
2007-12-14,156266.5007192,38954.62001919999,10
2007-12-17,150920.71291919998,38954.62001919999,10
2007-12-18,148954.88611919997,38954.62001919999,10
2007-12-19,147531.0451192,38954.62001919999,10
2007-12-20,147487.45671919998,38954.62001919999,10
2007-12-24,149371.6232192,38954.62001919999,10
2007-12-26,151735.1762192,38954.62001919999,10
2007-12-27,152844.97621919998,38954.62001919999,10
2007-12-28,154165.80971919998,38954.62001919999,10
2007-12-31,155031.6854192,38954.62001919999,10
2008-01-01,155769.1175192,38954.62001919999,10
2008-01-02,157105.5947192,38954.62001919999,10
2008-01-03,156991.1652192,38954.62001919999,10
2008-01-04,157311.5153192,38954.62001919999,10
2008-01-07,155619.7433192,38954.62001919999,10
2008-01-08,152559.96411919998,38954.62001919999,10
2008-01-09,153058.2273192,38954.62001919999,10
2008-01-10,149419.31151919998,38954.62001919999,10
2008-01-11,149530.1691192,38954.62001919999,10
2008-01-14,151000.6203204,38081.408520399986,10
2008-01-15,150233.5180204,38081.408520399986,10
2008-01-16,148317.7900204,38081.408520399986,10
2008-01-17,148402.7949204,38081.408520399986,10
2008-01-18,142515.67565559997,27759.94065559998,10
2008-01-21,134269.44253559998,71732.05083559998,5
2008-01-22,133408.6032972,82624.73969719998,4
2008-01-23,134030.0730972,82624.73969719998,4
2008-01-24,132417.05545559997,91553.74065559998,3
2008-01-25,133495.3034556,91553.74065559998,3
2008-01-28,134001.27625559998,91553.74065559998,3
2008-01-29,132989.33065559997,91553.74065559998,3
2008-01-30,132533.95465559998,91553.74065559998,3
2008-01-31,131945.58269399998,103817.08069399997,2
2008-02-01,131945.58269399998,103817.08069399997,2
2008-02-04,131833.06868599998,131833.06868599998,0
2008-02-05,131833.06868599998,131833.06868599998,0
2008-02-06,131833.06868599998,131833.06868599998,0
2008-02-07,131833.06868599998,131833.06868599998,0
2008-02-08,131833.06868599998,131833.06868599998,0
2008-02-11,131833.06868599998,131833.06868599998,0
2008-02-12,131833.06868599998,131833.06868599998,0
2008-02-13,131833.06868599998,131833.06868599998,0
2008-02-14,131833.06868599998,131833.06868599998,0
2008-02-15,131833.06868599998,131833.06868599998,0
2008-02-18,131833.06868599998,131833.06868599998,0
2008-02-19,131833.06868599998,131833.06868599998,0
2008-02-20,131833.06868599998,131833.06868599998,0
2008-02-21,131833.06868599998,131833.06868599998,0
2008-02-22,131833.06868599998,131833.06868599998,0
2008-02-25,131833.06868599998,131833.06868599998,0
2008-02-26,131833.06868599998,131833.06868599998,0
2008-02-27,131833.06868599998,131833.06868599998,0
2008-02-28,131833.06868599998,131833.06868599998,0
2008-02-29,131833.06868599998,131833.06868599998,0
2008-03-03,131833.06868599998,131833.06868599998,0
2008-03-04,131833.06868599998,131833.06868599998,0
2008-03-05,131833.06868599998,131833.06868599998,0
2008-03-07,131833.06868599998,131833.06868599998,0
2008-03-10,131833.06868599998,131833.06868599998,0
2008-03-11,131833.06868599998,131833.06868599998,0
2008-03-12,131833.06868599998,131833.06868599998,0
2008-03-13,131833.06868599998,131833.06868599998,0
2008-03-14,131833.06868599998,131833.06868599998,0
2008-03-17,131833.06868599998,131833.06868599998,0
2008-03-18,131833.06868599998,131833.06868599998,0
2008-03-19,131833.06868599998,131833.06868599998,0
2008-03-24,131833.06868599998,131833.06868599998,0
2008-03-25,131833.06868599998,131833.06868599998,0
2008-03-26,131833.06868599998,131833.06868599998,0
2008-03-27,131833.06868599998,131833.06868599998,0
2008-03-28,131833.06868599998,131833.06868599998,0
2008-03-31,131833.06868599998,131833.06868599998,0
2008-04-01,131833.06868599998,131833.06868599998,0
2008-04-02,131833.06868599998,131833.06868599998,0
2008-04-03,131833.06868599998,131833.06868599998,0
2008-04-04,131833.06868599998,131833.06868599998,0
2008-04-07,131833.06868599998,131833.06868599998,0
2008-04-08,131833.06868599998,131833.06868599998,0
2008-04-09,131833.06868599998,131833.06868599998,0
2008-04-10,131833.06868599998,131833.06868599998,0
2008-04-11,131833.06868599998,131833.06868599998,0
2008-04-15,131833.06868599998,131833.06868599998,0
2008-04-16,131833.06868599998,131833.06868599998,0
2008-04-17,131833.06868599998,131833.06868599998,0
2008-04-21,131833.06868599998,131833.06868599998,0
2008-04-22,131833.06868599998,131833.06868599998,0
2008-04-23,131833.06868599998,131833.06868599998,0
2008-04-24,131833.06868599998,131833.06868599998,0
2008-04-25,131833.06868599998,131833.06868599998,0
2008-04-28,131833.06868599998,131833.06868599998,0
2008-04-29,131833.06868599998,131833.06868599998,0
2008-04-30,131833.06868599998,131833.06868599998,0
2008-05-02,131833.06868599998,131833.06868599998,0
2008-05-05,131833.06868599998,131833.06868599998,0
2008-05-06,131833.06868599998,131833.06868599998,0
2008-05-07,131833.06868599998,131833.06868599998,0
2008-05-08,131833.06868599998,131833.06868599998,0
2008-05-09,131833.06868599998,131833.06868599998,0
2008-05-12,131833.06868599998,131833.06868599998,0
2008-05-13,131833.06868599998,131833.06868599998,0
2008-05-14,131833.06868599998,131833.06868599998,0
2008-05-15,131833.06868599998,131833.06868599998,0
2008-05-16,131833.06868599998,131833.06868599998,0
2008-05-20,131833.06868599998,131833.06868599998,0
2008-05-21,131833.06868599998,131833.06868599998,0
2008-05-22,131833.06868599998,131833.06868599998,0
2008-05-23,131833.06868599998,131833.06868599998,0
2008-05-26,131833.06868599998,131833.06868599998,0
2008-05-27,131833.06868599998,131833.06868599998,0
2008-05-28,131833.06868599998,131833.06868599998,0
2008-05-29,131833.06868599998,131833.06868599998,0
2008-05-30,131833.06868599998,131833.06868599998,0
2008-06-02,131833.06868599998,131833.06868599998,0
2008-06-03,131833.06868599998,131833.06868599998,0
2008-06-04,131833.06868599998,131833.06868599998,0
2008-06-05,131833.06868599998,131833.06868599998,0
2008-06-06,131833.06868599998,131833.06868599998,0
2008-06-09,131833.06868599998,131833.06868599998,0
2008-06-10,131833.06868599998,131833.06868599998,0
2008-06-11,131833.06868599998,131833.06868599998,0
2008-06-12,131833.06868599998,131833.06868599998,0
2008-06-13,131833.06868599998,131833.06868599998,0
2008-06-16,131833.06868599998,131833.06868599998,0
2008-06-17,131833.06868599998,131833.06868599998,0
2008-06-18,131833.06868599998,131833.06868599998,0
2008-06-19,131833.06868599998,131833.06868599998,0
2008-06-20,131833.06868599998,131833.06868599998,0
2008-06-23,131833.06868599998,131833.06868599998,0
2008-06-24,131833.06868599998,131833.06868599998,0
2008-06-25,131833.06868599998,131833.06868599998,0
2008-06-26,131833.06868599998,131833.06868599998,0
2008-06-27,131833.06868599998,131833.06868599998,0
2008-06-30,131833.06868599998,131833.06868599998,0
2008-07-01,131833.06868599998,131833.06868599998,0
2008-07-02,131833.06868599998,131833.06868599998,0
2008-07-03,131833.06868599998,131833.06868599998,0
2008-07-04,131833.06868599998,131833.06868599998,0
2008-07-07,131833.06868599998,131833.06868599998,0
2008-07-08,131833.06868599998,131833.06868599998,0
2008-07-09,131833.06868599998,131833.06868599998,0
2008-07-10,131833.06868599998,131833.06868599998,0
2008-07-11,131833.06868599998,131833.06868599998,0
2008-07-14,131833.06868599998,131833.06868599998,0
2008-07-15,131833.06868599998,131833.06868599998,0
2008-07-16,131833.06868599998,131833.06868599998,0
2008-07-17,131833.06868599998,131833.06868599998,0
2008-07-18,131833.06868599998,131833.06868599998,0
2008-07-21,131833.06868599998,131833.06868599998,0
2008-07-22,131833.06868599998,131833.06868599998,0
2008-07-23,131833.06868599998,131833.06868599998,0
2008-07-24,131833.06868599998,131833.06868599998,0
2008-07-25,131833.06868599998,131833.06868599998,0
2008-07-28,131833.06868599998,131833.06868599998,0
2008-07-29,131833.06868599998,131833.06868599998,0
2008-07-30,131833.06868599998,131833.06868599998,0
2008-07-31,131833.06868599998,131833.06868599998,0
2008-08-01,131833.06868599998,131833.06868599998,0
2008-08-04,131833.06868599998,131833.06868599998,0
2008-08-05,131833.06868599998,131833.06868599998,0
2008-08-06,131833.06868599998,131833.06868599998,0
2008-08-07,131833.06868599998,131833.06868599998,0
2008-08-08,131833.06868599998,131833.06868599998,0
2008-08-11,131833.06868599998,131833.06868599998,0
2008-08-12,131833.06868599998,131833.06868599998,0
2008-08-13,131833.06868599998,131833.06868599998,0
2008-08-14,131833.06868599998,131833.06868599998,0
2008-08-18,131833.06868599998,131833.06868599998,0
2008-08-19,131833.06868599998,131833.06868599998,0
2008-08-20,131833.06868599998,131833.06868599998,0
2008-08-21,131833.06868599998,131833.06868599998,0
2008-08-22,131833.06868599998,131833.06868599998,0
2008-08-25,131833.06868599998,131833.06868599998,0
2008-08-26,131833.06868599998,131833.06868599998,0
2008-08-27,131833.06868599998,131833.06868599998,0
2008-08-28,131833.06868599998,131833.06868599998,0
2008-08-29,131833.06868599998,131833.06868599998,0
2008-09-01,131833.06868599998,131833.06868599998,0
2008-09-02,131833.06868599998,131833.06868599998,0
2008-09-04,131833.06868599998,131833.06868599998,0
2008-09-05,131833.06868599998,131833.06868599998,0
2008-09-08,131833.06868599998,131833.06868599998,0
2008-09-09,131833.06868599998,131833.06868599998,0
2008-09-10,131833.06868599998,131833.06868599998,0
2008-09-11,131833.06868599998,131833.06868599998,0
2008-09-12,131833.06868599998,131833.06868599998,0
2008-09-15,131833.06868599998,131833.06868599998,0
2008-09-16,131833.06868599998,131833.06868599998,0
2008-09-17,131833.06868599998,131833.06868599998,0
2008-09-18,131833.06868599998,131833.06868599998,0
2008-09-19,131833.06868599998,131833.06868599998,0
2008-09-22,131833.06868599998,131833.06868599998,0
2008-09-23,131833.06868599998,131833.06868599998,0
2008-09-24,131833.06868599998,131833.06868599998,0
2008-09-25,131833.06868599998,131833.06868599998,0
2008-09-26,131833.06868599998,131833.06868599998,0
2008-09-29,131833.06868599998,131833.06868599998,0
2008-09-30,131833.06868599998,131833.06868599998,0
2008-10-01,131833.06868599998,131833.06868599998,0
2008-10-03,131833.06868599998,131833.06868599998,0
2008-10-06,131833.06868599998,131833.06868599998,0
2008-10-07,131833.06868599998,131833.06868599998,0
2008-10-08,131833.06868599998,131833.06868599998,0
2008-10-10,131833.06868599998,131833.06868599998,0
2008-10-13,131833.06868599998,131833.06868599998,0
2008-10-14,131833.06868599998,131833.06868599998,0
2008-10-15,131833.06868599998,131833.06868599998,0
2008-10-16,131833.06868599998,131833.06868599998,0
2008-10-17,131833.06868599998,131833.06868599998,0
2008-10-20,131833.06868599998,131833.06868599998,0
2008-10-21,131833.06868599998,131833.06868599998,0
2008-10-22,131833.06868599998,131833.06868599998,0
2008-10-23,131833.06868599998,131833.06868599998,0
2008-10-24,131833.06868599998,131833.06868599998,0
2008-10-27,131833.06868599998,131833.06868599998,0
2008-10-29,131833.06868599998,131833.06868599998,0
2008-10-31,131833.06868599998,131833.06868599998,0
2008-11-03,131833.06868599998,131833.06868599998,0
2008-11-04,131833.06868599998,131833.06868599998,0
2008-11-05,131833.06868599998,131833.06868599998,0
2008-11-06,131833.06868599998,131833.06868599998,0
2008-11-07,131833.06868599998,131833.06868599998,0
2008-11-10,131833.06868599998,131833.06868599998,0
2008-11-11,131833.06868599998,131833.06868599998,0
2008-11-12,131833.06868599998,131833.06868599998,0
2008-11-14,131833.06868599998,131833.06868599998,0
2008-11-17,131833.06868599998,131833.06868599998,0
2008-11-18,131833.06868599998,131833.06868599998,0
2008-11-19,131833.06868599998,131833.06868599998,0
2008-11-20,131833.06868599998,131833.06868599998,0
2008-11-21,131833.06868599998,131833.06868599998,0
2008-11-24,131833.06868599998,131833.06868599998,0
2008-11-25,131833.06868599998,131833.06868599998,0
2008-11-26,131833.06868599998,131833.06868599998,0
2008-11-28,131833.06868599998,131833.06868599998,0
2008-12-01,131833.06868599998,131833.06868599998,0
2008-12-02,131833.06868599998,131833.06868599998,0
2008-12-03,131833.06868599998,131833.06868599998,0
2008-12-04,131833.06868599998,131833.06868599998,0
2008-12-05,131833.06868599998,131833.06868599998,0
2008-12-08,131833.06868599998,131833.06868599998,0
2008-12-10,131833.06868599998,131833.06868599998,0
2008-12-11,131833.06868599998,131833.06868599998,0
2008-12-12,131833.06868599998,131833.06868599998,0
2008-12-15,131833.06868599998,131833.06868599998,0
2008-12-16,131833.06868599998,131833.06868599998,0
2008-12-17,131833.06868599998,131833.06868599998,0
2008-12-18,131833.06868599998,131833.06868599998,0
2008-12-19,131833.06868599998,131833.06868599998,0
2008-12-22,131833.06868599998,131833.06868599998,0
2008-12-23,131833.06868599998,131833.06868599998,0
2008-12-24,131833.06868599998,131833.06868599998,0
2008-12-26,131833.06868599998,131833.06868599998,0
2008-12-29,131833.06868599998,131833.06868599998,0
2008-12-30,131833.06868599998,131833.06868599998,0
2008-12-31,131833.06868599998,131833.06868599998,0
2009-01-02,131833.06868599998,131833.06868599998,0
2009-01-05,131833.06868599998,131833.06868599998,0
2009-01-06,131833.06868599998,131833.06868599998,0
2009-01-07,131833.06868599998,131833.06868599998,0
2009-01-09,131833.06868599998,131833.06868599998,0
2009-01-12,131833.06868599998,131833.06868599998,0
2009-01-13,131833.06868599998,131833.06868599998,0
2009-01-14,131833.06868599998,131833.06868599998,0
2009-01-15,131833.06868599998,131833.06868599998,0
2009-01-16,131833.06868599998,131833.06868599998,0
2009-01-19,131833.06868599998,131833.06868599998,0
2009-01-20,131833.06868599998,131833.06868599998,0
2009-01-21,131833.06868599998,131833.06868599998,0
2009-01-22,131833.06868599998,131833.06868599998,0
2009-01-23,131833.06868599998,131833.06868599998,0
2009-01-27,131833.06868599998,131833.06868599998,0
2009-01-28,131833.06868599998,131833.06868599998,0
2009-01-29,131833.06868599998,131833.06868599998,0
2009-01-30,131833.06868599998,131833.06868599998,0
2009-02-02,131833.06868599998,131833.06868599998,0
2009-02-03,131833.06868599998,131833.06868599998,0
2009-02-04,131833.06868599998,131833.06868599998,0
2009-02-05,131833.06868599998,131833.06868599998,0
2009-02-06,131833.06868599998,131833.06868599998,0
2009-02-09,131833.06868599998,131833.06868599998,0
2009-02-10,131833.06868599998,131833.06868599998,0
2009-02-11,131833.06868599998,131833.06868599998,0
2009-02-12,131833.06868599998,131833.06868599998,0
2009-02-13,131833.06868599998,131833.06868599998,0
2009-02-16,131833.06868599998,131833.06868599998,0
2009-02-17,131833.06868599998,131833.06868599998,0
2009-02-18,131833.06868599998,131833.06868599998,0
2009-02-19,131833.06868599998,131833.06868599998,0
2009-02-20,131833.06868599998,131833.06868599998,0
2009-02-24,131833.06868599998,131833.06868599998,0
2009-02-25,131833.06868599998,131833.06868599998,0
2009-02-26,131833.06868599998,131833.06868599998,0
2009-02-27,131833.06868599998,131833.06868599998,0
2009-03-02,131833.06868599998,131833.06868599998,0
2009-03-03,131833.06868599998,131833.06868599998,0
2009-03-04,131833.06868599998,131833.06868599998,0
2009-03-05,131833.06868599998,131833.06868599998,0
2009-03-06,131833.06868599998,131833.06868599998,0
2009-03-09,131833.06868599998,131833.06868599998,0
2009-03-12,131833.06868599998,131833.06868599998,0
2009-03-13,131833.06868599998,131833.06868599998,0
2009-03-16,131833.06868599998,131833.06868599998,0
2009-03-17,131833.06868599998,131833.06868599998,0
2009-03-18,131833.06868599998,131833.06868599998,0
2009-03-19,131833.06868599998,131833.06868599998,0
2009-03-20,131833.06868599998,131833.06868599998,0
2009-03-23,131833.06868599998,131833.06868599998,0
2009-03-24,131833.06868599998,131833.06868599998,0
2009-03-25,131833.06868599998,131833.06868599998,0
2009-03-26,131833.06868599998,131833.06868599998,0
2009-03-27,131833.06868599998,131833.06868599998,0
2009-03-30,131833.06868599998,131833.06868599998,0
2009-03-31,131833.06868599998,131833.06868599998,0
2009-04-01,131833.06868599998,131833.06868599998,0
2009-04-02,131833.06868599998,131833.06868599998,0
2009-04-06,131833.06868599998,131833.06868599998,0
2009-04-08,131833.06868599998,131833.06868599998,0
2009-04-09,131833.06868599998,131833.06868599998,0
2009-04-13,131833.06868599998,131833.06868599998,0
2009-04-15,131833.06868599998,131833.06868599998,0
2009-04-16,131833.06868599998,131833.06868599998,0
2009-04-17,131833.06868599998,131833.06868599998,0
2009-04-20,131833.06868599998,131833.06868599998,0
2009-04-21,131833.06868599998,131833.06868599998,0
2009-04-22,131833.06868599998,131833.06868599998,0
2009-04-23,131833.06868599998,131833.06868599998,0
2009-04-24,131833.06868599998,131833.06868599998,0
2009-04-27,131833.06868599998,131833.06868599998,0
2009-04-28,131833.06868599998,131833.06868599998,0
2009-04-29,131833.06868599998,131833.06868599998,0
2009-05-04,131833.06868599998,131833.06868599998,0
2009-05-05,131833.06868599998,131833.06868599998,0
2009-05-06,131833.06868599998,131833.06868599998,0
2009-05-07,131833.06868599998,131833.06868599998,0
2009-05-08,131833.06868599998,131833.06868599998,0
2009-05-11,131833.06868599998,131833.06868599998,0
2009-05-12,131833.06868599998,131833.06868599998,0
2009-05-13,131833.06868599998,131833.06868599998,0
2009-05-14,131833.06868599998,131833.06868599998,0
2009-05-15,131833.06868599998,131833.06868599998,0
2009-05-18,131833.06868599998,131833.06868599998,0
2009-05-19,131833.06868599998,131833.06868599998,0
2009-05-20,131833.06868599998,131833.06868599998,0
2009-05-21,131833.06868599998,131833.06868599998,0
2009-05-22,131833.06868599998,131833.06868599998,0
2009-05-25,131833.06868599998,131833.06868599998,0
2009-05-26,131833.06868599998,131833.06868599998,0
2009-05-27,131833.06868599998,131833.06868599998,0
2009-05-28,131833.06868599998,131833.06868599998,0
2009-05-29,131833.06868599998,131833.06868599998,0
2009-06-01,131833.06868599998,131833.06868599998,0
2009-06-02,131833.06868599998,131833.06868599998,0
2009-06-03,131833.06868599998,131833.06868599998,0
2009-06-04,131310.8291868,750.9543868000019,10
2009-06-05,131801.1122868,750.9543868000019,10
2009-06-08,128508.3591868,750.9543868000019,10
2009-06-09,131216.2046868,750.9543868000019,10
2009-06-10,131281.7914868,750.9543868000019,10
2009-06-11,132771.9153868,750.9543868000019,10
2009-06-12,134946.6468868,750.9543868000019,10
2009-06-15,134131.3499868,750.9543868000019,10
2009-06-16,134451.5888868,750.9543868000019,10
2009-06-17,129240.4049868,750.9543868000019,10
2009-06-18,125032.77678680001,750.9543868000019,10
2009-06-19,126498.8500828,108.24498280000262,10
2009-06-22,126035.45398280001,108.24498280000262,10
2009-06-23,125671.2586612,46.392161199999464,10
2009-06-24,128397.80076120001,46.392161199999464,10
2009-06-25,128067.6654612,46.392161199999464,10
2009-06-26,129677.14356119999,46.392161199999464,10
2009-06-29,133406.2856612,46.392161199999464,10
2009-06-30,132635.7728612,46.392161199999464,10
2009-07-01,133286.8859612,46.392161199999464,10
2009-07-02,132555.7492612,46.392161199999464,10
2009-07-03,132121.5292612,46.392161199999464,10
2009-07-06,126555.60036119999,46.392161199999464,10
2009-07-07,127632.67996119999,46.392161199999464,10
2009-07-08,128271.3510612,46.392161199999464,10
2009-07-09,130457.271006,12280.996006,9
2009-07-10,127546.421206,12280.996006,9
2009-07-13,123814.144006,12280.996006,9
2009-07-14,128922.713906,12280.996006,9
2009-07-15,129978.111706,12280.996006,9
2009-07-16,129468.440806,12280.996006,9
2009-07-17,131765.893706,12280.996006,9
2009-07-20,134834.271506,12280.996006,9
2009-07-21,134888.715706,12280.996006,9
2009-07-22,135006.457306,12280.996006,9
2009-07-23,136547.18060599998,12280.996006,9
2009-07-24,138452.349606,12280.996006,9
2009-07-27,139672.3359504,75.30385039999965,10
2009-07-28,141296.6188504,75.30385039999965,10
2009-07-29,139707.7568504,75.30385039999965,10
2009-07-30,140517.1344504,75.30385039999965,10
2009-07-31,141864.1955504,75.30385039999965,10
2009-08-03,144704.9455504,75.30385039999965,10
2009-08-04,144044.8710504,75.30385039999965,10
2009-08-05,143685.3625504,75.30385039999965,10
2009-08-06,140177.1929504,75.30385039999965,10
2009-08-07,139010.0479504,75.30385039999965,10
2009-08-10,137702.4848504,75.30385039999965,10
2009-08-11,137718.24535040002,75.30385039999965,10
2009-08-12,137479.3514504,75.30385039999965,10
2009-08-13,140316.73425039998,75.30385039999965,10
2009-08-14,141567.9500504,75.30385039999965,10
2009-08-17,137241.0247504,75.30385039999965,10
2009-08-18,139037.1863504,75.30385039999965,10
2009-08-19,137912.9451504,75.30385039999965,10
2009-08-20,138603.4661504,75.30385039999965,10
2009-08-21,141047.5075504,75.30385039999965,10
2009-08-24,144921.8758504,75.30385039999965,10
2009-08-25,146032.9780504,75.30385039999965,10
2009-08-26,146627.1131504,75.30385039999965,10
2009-08-27,146601.0865504,75.30385039999965,10
2009-08-28,145722.7191504,75.30385039999965,10
2009-08-31,146231.0020504,75.30385039999965,10
2009-09-01,144610.3234504,75.30385039999965,10
2009-09-02,143799.6589504,75.30385039999965,10
2009-09-03,144097.0997504,75.30385039999965,10
2009-09-04,145176.9954504,75.30385039999965,10
2009-09-07,147682.8417504,75.30385039999965,10
2009-09-08,149400.8488504,75.30385039999965,10
2009-09-09,147696.6670504,75.30385039999965,10
2009-09-10,146647.63685039998,75.30385039999965,10
2009-09-11,146816.4129504,75.30385039999965,10
2009-09-14,147004.2037504,75.30385039999965,10
2009-09-15,148042.5980504,75.30385039999965,10
2009-09-16,149470.5164504,75.30385039999965,10
2009-09-17,150064.05715039998,75.30385039999965,10
2009-09-18,151529.97325039998,75.30385039999965,10
2009-09-22,154874.5133504,75.30385039999965,10
2009-09-23,153127.6058504,75.30385039999965,10
2009-09-24,154616.0077504,75.30385039999965,10
2009-09-25,155074.9480504,75.30385039999965,10
2009-09-29,156358.4220504,75.30385039999965,10
2009-09-30,158292.7070504,75.30385039999965,10
2009-10-01,157939.3111504,75.30385039999965,10
2009-10-05,156682.4037504,75.30385039999965,10
2009-10-06,156994.7267504,75.30385039999965,10
2009-10-07,156638.0793504,75.30385039999965,10
2009-10-08,156661.4742504,75.30385039999965,10
2009-10-09,156457.2444504,75.30385039999965,10
2009-10-12,158272.5732504,75.30385039999965,10
2009-10-14,159096.5915504,75.30385039999965,10
2009-10-15,159233.0767504,75.30385039999965,10
2009-10-16,161681.37215039998,75.30385039999965,10
2009-10-20,163185.0984504,75.30385039999965,10
2009-10-21,163797.9739504,75.30385039999965,10
2009-10-22,161449.8393504,75.30385039999965,10
2009-10-23,162934.07185039998,75.30385039999965,10
2009-10-26,161742.4430504,75.30385039999965,10
2009-10-27,157376.4817504,75.30385039999965,10
2009-10-28,156373.5879504,75.30385039999965,10
2009-10-29,153011.4359328,62.81653280000137,10
2009-10-30,153240.6181328,62.81653280000137,10
2009-11-03,149033.339108,173.28280800000175,10
2009-11-04,151300.106508,173.28280800000175,10
2009-11-05,153772.93570799998,173.28280800000175,10
2009-11-06,158271.68340799998,173.28280800000175,10
2009-11-09,160814.02830799998,173.28280800000175,10
2009-11-10,161495.73410799998,173.28280800000175,10
2009-11-11,164991.222708,173.28280800000175,10
2009-11-12,162860.779108,173.28280800000175,10
2009-11-13,165284.562208,173.28280800000175,10
2009-11-16,165200.321508,173.28280800000175,10
2009-11-17,165685.58890799998,173.28280800000175,10
2009-11-18,164494.39480799998,173.28280800000175,10
2009-11-19,161606.502208,173.28280800000175,10
2009-11-20,162681.331908,173.28280800000175,10
2009-11-23,161851.124908,173.28280800000175,10
2009-11-24,161754.298808,173.28280800000175,10
2009-11-25,160860.93080799998,173.28280800000175,10
2009-11-26,159747.743108,173.28280800000175,10
2009-11-27,158673.210508,173.28280800000175,10
2009-11-30,161674.576308,173.28280800000175,10
2009-12-01,163481.359008,173.28280800000175,10
2009-12-02,164168.65890799998,173.28280800000175,10
2009-12-03,165117.610008,173.28280800000175,10
2009-12-04,165757.064608,173.28280800000175,10
2009-12-07,164612.41810799998,173.28280800000175,10
2009-12-08,165196.692208,173.28280800000175,10
2009-12-09,164554.548708,173.28280800000175,10
2009-12-10,164536.213508,173.28280800000175,10
2009-12-11,163844.036608,173.28280800000175,10
2009-12-14,164671.604508,173.28280800000175,10
2009-12-15,164002.862008,173.28280800000175,10
2009-12-16,163945.62770799999,173.28280800000175,10
2009-12-17,166196.82120799998,173.28280800000175,10
2009-12-18,165606.020208,173.28280800000175,10
2009-12-21,164820.02460799998,173.28280800000175,10
2009-12-22,165496.84570799998,173.28280800000175,10
2009-12-23,168207.735908,173.28280800000175,10
2009-12-24,168371.403008,173.28280800000175,10
2009-12-29,168717.473308,173.28280800000175,10
2009-12-30,168706.96450799998,173.28280800000175,10
2009-12-31,169549.892008,173.28280800000175,10
2010-01-04,172016.232608,173.28280800000175,10
2010-01-05,171450.81640799998,173.28280800000175,10
2010-01-06,173801.006508,173.28280800000175,10
2010-01-07,172402.85500799998,173.28280800000175,10
2010-01-08,172639.36950799997,173.28280800000175,10
2010-01-11,174940.702008,173.28280800000175,10
2010-01-12,176824.116408,173.28280800000175,10
2010-01-13,179186.199708,173.28280800000175,10
2010-01-14,180106.306308,173.28280800000175,10
2010-01-15,184250.04800799998,173.28280800000175,10
2010-01-18,186455.50140799998,173.28280800000175,10
2010-01-19,184471.01490799998,173.28280800000175,10
2010-01-20,184270.25620799998,173.28280800000175,10
2010-01-21,179967.627808,173.28280800000175,10
2010-01-22,179942.727108,173.28280800000175,10
2010-01-25,177676.316708,173.28280800000175,10
2010-01-27,171371.515608,173.28280800000175,10
2010-01-28,173526.590408,173.28280800000175,10
2010-01-29,175557.317808,173.28280800000175,10
2010-02-01,179003.46270799998,173.28280800000175,10
2010-02-02,178506.146408,173.28280800000175,10
2010-02-03,179623.32310799998,173.28280800000175,10
2010-02-04,177385.753608,173.28280800000175,10
2010-02-05,175227.382008,173.28280800000175,10
2010-02-08,176275.84510799998,173.28280800000175,10
2010-02-09,177190.892608,173.28280800000175,10
2010-02-10,175831.517108,173.28280800000175,10
2010-02-11,176437.18930799997,173.28280800000175,10
2010-02-15,176421.729508,173.28280800000175,10
2010-02-16,177052.36230799998,173.28280800000175,10
2010-02-17,177550.990608,173.28280800000175,10
2010-02-18,175422.872208,173.28280800000175,10
2010-02-19,174905.197908,173.28280800000175,10
2010-02-22,173610.635808,173.28280800000175,10
2010-02-23,173230.93590799998,173.28280800000175,10
2010-02-24,172486.28630799998,173.28280800000175,10
2010-02-25,170987.112708,173.28280800000175,10
2010-02-26,176295.021808,173.28280800000175,10
2010-03-02,179865.76800799998,173.28280800000175,10
2010-03-03,182817.90570799998,173.28280800000175,10
2010-03-04,184874.495408,173.28280800000175,10
2010-03-05,184515.004808,173.28280800000175,10
2010-03-08,184258.399608,173.28280800000175,10
2010-03-09,183170.082008,173.28280800000175,10
2010-03-10,182687.080708,173.28280800000175,10
2010-03-11,185295.138908,173.28280800000175,10
2010-03-12,185710.278708,173.28280800000175,10
2010-03-15,183594.55720799998,173.28280800000175,10
2010-03-16,184895.87870799997,173.28280800000175,10
2010-03-17,188276.60010799998,173.28280800000175,10
2010-03-18,188958.849308,173.28280800000175,10
2010-03-19,189065.930208,173.28280800000175,10
2010-03-22,189934.23610799998,173.28280800000175,10
2010-03-23,191038.852008,173.28280800000175,10
2010-03-25,192055.73050799998,173.28280800000175,10
2010-03-26,192452.808608,173.28280800000175,10
2010-03-29,189561.925608,173.28280800000175,10
2010-03-30,187579.570408,173.28280800000175,10
2010-03-31,187865.786502,215.09300200000143,10
2010-04-01,191740.20230200002,215.09300200000143,10
2010-04-05,192915.413902,215.09300200000143,10
2010-04-06,193252.766202,215.09300200000143,10
2010-04-07,195419.483202,215.09300200000143,10
2010-04-08,194632.97930200002,215.09300200000143,10
2010-04-09,197736.336802,215.09300200000143,10
2010-04-12,195900.563102,215.09300200000143,10
2010-04-13,197919.382302,215.09300200000143,10
2010-04-15,197348.62560200001,215.09300200000143,10
2010-04-16,196153.96450200002,215.09300200000143,10
2010-04-19,195564.34020200002,215.09300200000143,10
2010-04-20,197433.036402,215.09300200000143,10
2010-04-21,198891.275702,215.09300200000143,10
2010-04-22,197953.643002,215.09300200000143,10
2010-04-23,198716.084802,215.09300200000143,10
2010-04-26,199761.707402,215.09300200000143,10
2010-04-27,201616.037202,215.09300200000143,10
2010-04-28,200475.103302,215.09300200000143,10
2010-04-29,199364.703902,215.09300200000143,10
2010-04-30,201220.05150200002,215.09300200000143,10
2010-05-03,200942.855802,215.09300200000143,10
2010-05-04,197966.89350200002,215.09300200000143,10
2010-05-05,198532.47310200002,215.09300200000143,10
2010-05-06,204791.982002,215.09300200000143,10
2010-05-07,204696.327102,215.09300200000143,10
2010-05-10,204463.031502,215.09300200000143,10
2010-05-11,201960.110202,215.09300200000143,10
2010-05-12,203012.98790200002,215.09300200000143,10
2010-05-13,203786.024102,215.09300200000143,10
2010-05-14,202488.240102,215.09300200000143,10
2010-05-17,200047.12870200002,215.09300200000143,10
2010-05-18,198973.515866,14687.708466,10
2010-05-19,194080.64916600002,14687.708466,10
2010-05-20,193590.482166,14687.708466,10
2010-05-21,193135.323566,14687.708466,10
2010-05-24,193206.99976600002,14687.708466,10
2010-05-25,187800.99546600002,14687.708466,10
2010-05-26,190209.299466,14687.708466,10
2010-05-27,191800.26556600002,14687.708466,10
2010-05-28,194015.32016600002,14687.708466,10
2010-05-31,195603.727866,14687.708466,10
2010-06-01,195745.620766,14687.708466,10
2010-06-02,198019.708966,14687.708466,10
2010-06-03,199786.39866600002,14687.708466,10
2010-06-04,199715.670466,14687.708466,10
2010-06-07,197491.607866,14687.708466,10
2010-06-08,197762.471666,14687.708466,10
2010-06-09,198988.58356600002,14687.708466,10
2010-06-10,202626.881566,14687.708466,10
2010-06-11,203316.589366,14687.708466,10
2010-06-14,203243.23806600002,14687.708466,10
2010-06-15,203934.148166,14687.708466,10
2010-06-16,205251.62656600002,14687.708466,10
2010-06-17,204344.416566,14687.708466,10
2010-06-18,203655.59836600002,14687.708466,10
2010-06-21,205335.656866,14687.708466,10
2010-06-22,206349.933366,14687.708466,10
2010-06-23,206472.623366,14687.708466,10
2010-06-24,206717.545466,14687.708466,10
2010-06-25,205369.555866,14687.708466,10
2010-06-28,207298.368366,14687.708466,10
2010-06-29,207217.28226600002,14687.708466,10
2010-06-30,207137.589366,14687.708466,10
2010-07-01,205840.45506600002,14687.708466,10
2010-07-02,206352.60746600002,14687.708466,10
2010-07-05,208062.08986600002,14687.708466,10
2010-07-06,209689.101566,14687.708466,10
2010-07-07,208971.752566,14687.708466,10
2010-07-08,210145.27986600003,14687.708466,10
2010-07-09,210105.31906600003,14687.708466,10
2010-07-12,210796.713266,14687.708466,10
2010-07-13,211733.522566,14687.708466,10
2010-07-14,211400.93406600002,14687.708466,10
2010-07-15,212486.14736600002,14687.708466,10
2010-07-16,213084.713766,14687.708466,10
2010-07-19,213753.07506600002,14687.708466,10
2010-07-20,211829.84776600002,14687.708466,10
2010-07-21,213595.215866,14687.708466,10
2010-07-22,214753.199666,14687.708466,10
2010-07-23,214022.809566,14687.708466,10
2010-07-26,212511.540466,14687.708466,10
2010-07-27,211509.038066,14687.708466,10
2010-07-28,211432.399366,14687.708466,10
2010-07-29,211655.35816600002,14687.708466,10
2010-07-30,210241.97646600002,14687.708466,10
2010-08-02,211779.15956600002,14687.708466,10
2010-08-03,212896.42486600002,14687.708466,10
2010-08-04,214151.451466,14687.708466,10
2010-08-05,213972.070666,14687.708466,10
2010-08-06,213110.134166,14687.708466,10
2010-08-09,213897.787566,14687.708466,10
2010-08-10,212389.65776600002,14687.708466,10
2010-08-11,212554.99906600002,14687.708466,10
2010-08-12,212961.493966,14687.708466,10
2010-08-13,215115.476766,14687.708466,10
2010-08-16,212444.18286600002,14687.708466,10
2010-08-17,212737.25956600002,14687.708466,10
2010-08-18,213751.471366,14687.708466,10
2010-08-19,216035.123966,14687.708466,10
2010-08-20,214861.217466,14687.708466,10
2010-08-23,215982.695666,14687.708466,10
2010-08-24,215702.401866,14687.708466,10
2010-08-25,213828.970766,14687.708466,10
2010-08-26,214957.52656600002,14687.708466,10
2010-08-27,213853.992166,14687.708466,10
2010-08-30,214392.66016600002,14687.708466,10
2010-08-31,215066.60626600002,14687.708466,10
2010-09-01,217794.478066,14687.708466,10
2010-09-02,219353.994566,14687.708466,10
2010-09-03,221121.74046600002,14687.708466,10
2010-09-06,222534.912366,14687.708466,10
2010-09-07,223159.276866,14687.708466,10
2010-09-08,222372.13586600003,14687.708466,10
2010-09-09,221390.722566,14687.708466,10
2010-09-13,223117.22476600003,14687.708466,10
2010-09-14,225033.443566,14687.708466,10
2010-09-15,225364.73626600002,14687.708466,10
2010-09-16,224518.88036600003,14687.708466,10
2010-09-17,226309.108366,14687.708466,10
2010-09-20,227547.989566,14687.708466,10
2010-09-21,225994.12226600002,14687.708466,10
2010-09-22,225794.77676600002,14687.708466,10
2010-09-23,226724.872066,14687.708466,10
2010-09-24,227361.282066,14687.708466,10
2010-09-27,226212.84826600002,14687.708466,10
2010-09-28,226384.13526600003,14687.708466,10
2010-09-29,225539.298866,14687.708466,10
2010-09-30,224307.138666,14687.708466,10
2010-10-01,227826.060166,14687.708466,10
2010-10-04,229463.940666,14687.708466,10
2010-10-05,228252.397166,14687.708466,10
2010-10-06,229579.55426600002,14687.708466,10
2010-10-07,230829.22636600002,14687.708466,10
2010-10-08,228596.868266,14687.708466,10
2010-10-11,229550.67486600002,14687.708466,10
2010-10-12,229366.45206600003,14687.708466,10
2010-10-13,229540.652766,14687.708466,10
2010-10-14,231367.105566,14687.708466,10
2010-10-15,229541.89076600003,14687.708466,10
2010-10-18,228259.964566,14687.708466,10
2010-10-19,232063.06726600003,14687.708466,10
2010-10-20,231530.371466,14687.708466,10
2010-10-21,233681.060766,14687.708466,10
2010-10-22,234173.96496600003,14687.708466,10
2010-10-25,234215.10936600002,14687.708466,10
2010-10-26,235830.715266,14687.708466,10
2010-10-27,234873.736566,14687.708466,10
2010-10-28,235536.63076600002,14687.708466,10
2010-10-29,234191.820466,14687.708466,10
2010-11-01,236820.670966,14687.708466,10
2010-11-02,237323.384366,14687.708466,10
2010-11-03,239004.20186600002,14687.708466,10
2010-11-04,241297.586866,14687.708466,10
2010-11-08,242554.93776600002,14687.708466,10
2010-11-09,245214.99056600002,14687.708466,10
2010-11-10,245908.455966,14687.708466,10
2010-11-11,245903.84106600002,14687.708466,10
2010-11-12,240961.963766,14687.708466,10
2010-11-15,241631.754266,14687.708466,10
2010-11-16,241018.67916600002,14687.708466,10
2010-11-18,244296.045866,14687.708466,10
2010-11-19,239910.06526600002,14687.708466,10
2010-11-22,240901.75596600003,14687.708466,10
2010-11-23,239637.563866,14687.708466,10
2010-11-24,239891.106466,14687.708466,10
2010-11-25,236372.95926600002,14687.708466,10
2010-11-26,231243.01026600003,14687.708466,10
2010-11-29,233460.16226600003,14687.708466,10
2010-11-30,235757.387166,14687.708466,10
2010-12-01,240163.325866,14687.708466,10
2010-12-02,241240.037066,14687.708466,10
2010-12-03,239576.23326600002,14687.708466,10
2010-12-06,238514.559866,14687.708466,10
2010-12-07,237623.610366,14687.708466,10
2010-12-08,236412.372366,14687.708466,10
2010-12-09,229430.856366,14687.708466,10
2010-12-10,232504.792266,14687.708466,10
2010-12-13,234076.800666,14687.708466,10
2010-12-14,235098.15406600002,14687.708466,10
2010-12-15,232996.35636600002,14687.708466,10
2010-12-16,231503.86366600002,14687.708466,10
2010-12-20,231219.3102104,12696.897310400003,10
2010-12-21,230346.69971040002,12696.897310400003,10
2010-12-22,230514.75611040002,12696.897310400003,10
2010-12-23,229871.8143104,12696.897310400003,10
2010-12-24,229379.6951104,12696.897310400003,10
2010-12-27,230832.9296104,12696.897310400003,10
2010-12-28,230371.7145104,12696.897310400003,10
2010-12-29,231727.4636104,12696.897310400003,10
2010-12-30,231821.50541040002,12696.897310400003,10
2010-12-31,233110.4171104,12696.897310400003,10
2011-01-03,235864.79231040002,12696.897310400003,10
2011-01-04,238309.00911040002,12696.897310400003,10
2011-01-05,237220.4414104,12696.897310400003,10
2011-01-06,235175.05161040003,12696.897310400003,10
2011-01-07,231564.4453104,12696.897310400003,10
2011-01-10,228299.1327104,12696.897310400003,10
2011-01-11,226189.81551040002,12696.897310400003,10
2011-01-12,229434.7214104,12696.897310400003,10
2011-01-13,226522.4228104,12696.897310400003,10
2011-01-14,224410.1902104,12696.897310400003,10
2011-01-17,222989.8355104,12696.897310400003,10
2011-01-18,221885.1334104,12696.897310400003,10
2011-01-19,221348.7395104,12696.897310400003,10
2011-01-20,222032.2634104,12696.897310400003,10
2011-01-21,221962.1943104,12696.897310400003,10
2011-01-24,223245.0554104,12696.897310400003,10
2011-01-25,221417.4045104,12696.897310400003,10
2011-01-27,219032.60163440002,35988.25173440001,9
2011-01-28,216182.6215824,55062.13778240001,8
2011-01-31,213581.2372684,81138.44216840001,7
2011-02-01,212227.63476840002,81138.44216840001,7
2011-02-02,211079.0897684,81138.44216840001,7
2011-02-03,211629.91606840002,81138.44216840001,7
2011-02-04,210908.9101624,96726.36656240001,6
2011-02-07,210909.25646240002,96726.36656240001,6
2011-02-08,210081.29449360003,111934.8056936,5
2011-02-09,209717.8595936,111934.8056936,5
2011-02-10,209139.7719936,111934.8056936,5
2011-02-11,209454.98799360002,111934.8056936,5
2011-02-14,211082.9150936,111934.8056936,5
2011-02-15,211117.2573936,111934.8056936,5
2011-02-16,210634.78689360002,111934.8056936,5
2011-02-17,210978.7258936,111934.8056936,5
2011-02-18,210936.6028936,111934.8056936,5
2011-02-21,211566.57169359998,111934.8056936,5
2011-02-22,210953.40819360001,111934.8056936,5
2011-02-23,210428.8478936,111934.8056936,5
2011-02-24,208939.9750936,111934.8056936,5
2011-02-25,208834.3718936,111934.8056936,5
2011-02-28,209916.3931936,111934.8056936,5
2011-03-01,210766.8267936,111934.8056936,5
2011-03-03,211079.4972936,111934.8056936,5
2011-03-04,211297.7356936,111934.8056936,5
2011-03-07,210893.2826936,111934.8056936,5
2011-03-08,212424.2321936,111934.8056936,5
2011-03-09,212215.08649359999,111934.8056936,5
2011-03-10,211899.5989936,111934.8056936,5
2011-03-11,211344.65599360003,111934.8056936,5
2011-03-14,211860.2377936,111934.8056936,5
2011-03-15,210823.7381936,111934.8056936,5
2011-03-16,211023.2146936,111934.8056936,5
2011-03-17,210085.1709936,111934.8056936,5
2011-03-18,209607.2806936,111934.8056936,5
2011-03-21,209329.3595936,111934.8056936,5
2011-03-22,209615.7033936,111934.8056936,5
2011-03-23,210958.4031936,111934.8056936,5
2011-03-24,210658.7535936,111934.8056936,5
2011-03-25,212675.30159360002,111934.8056936,5
2011-03-28,212708.475922,10061.693822000008,10
2011-03-29,212432.671922,10061.693822000008,10
2011-03-30,215058.465822,10061.693822000008,10
2011-03-31,219114.127622,10061.693822000008,10
2011-04-01,220244.288322,10061.693822000008,10
2011-04-04,224145.582822,10061.693822000008,10
2011-04-05,227817.984722,10061.693822000008,10
2011-04-06,225018.364622,10061.693822000008,10
2011-04-07,225598.919122,10061.693822000008,10
2011-04-08,225408.766022,10061.693822000008,10
2011-04-11,224725.331222,10061.693822000008,10
2011-04-13,228748.794122,10061.693822000008,10
2011-04-15,226299.484522,10061.693822000008,10
2011-04-18,224011.156222,10061.693822000008,10
2011-04-19,223358.140422,10061.693822000008,10
2011-04-20,224911.239922,10061.693822000008,10
2011-04-21,224367.419022,10061.693822000008,10
2011-04-25,227439.658422,10061.693822000008,10
2011-04-26,226449.4596136,8204.82011360001,10
2011-04-27,227582.2607136,8204.82011360001,10
2011-04-28,226464.4153136,8204.82011360001,10
2011-04-29,226927.22251360002,8204.82011360001,10
2011-05-02,225773.3162136,8204.82011360001,10
2011-05-03,225720.33151360002,8204.82011360001,10
2011-05-04,223381.9349136,8204.82011360001,10
2011-05-05,221428.3614136,8204.82011360001,10
2011-05-06,222129.3294136,8204.82011360001,10
2011-05-09,223007.4030136,8204.82011360001,10
2011-05-10,222731.5997136,8204.82011360001,10
2011-05-11,225062.8846136,8204.82011360001,10
2011-05-12,222890.3332136,8204.82011360001,10
2011-05-13,222561.22241360001,8204.82011360001,10
2011-05-16,221935.5222136,8204.82011360001,10
2011-05-17,219603.7195136,8204.82011360001,10
2011-05-18,217045.3670348,45702.09833480001,8
2011-05-19,217899.87753480003,45702.09833480001,8
2011-05-20,218417.35453480002,45702.09833480001,8
2011-05-23,216815.69483480003,45702.09833480001,8
2011-05-24,216148.9142348,45702.09833480001,8
2011-05-25,215678.70393480003,45702.09833480001,8
2011-05-26,215450.99623480003,45702.09833480001,8
2011-05-27,215707.00463480002,45702.09833480001,8
2011-05-30,216469.83743480002,45702.09833480001,8
2011-06-01,218093.6093348,45702.09833480001,8
2011-06-02,219508.18603480002,45702.09833480001,8
2011-06-03,218774.2968348,45702.09833480001,8
2011-06-06,218637.4316348,45702.09833480001,8
2011-06-07,219537.66023480002,45702.09833480001,8
2011-06-08,219186.6275348,45702.09833480001,8
2011-06-09,218799.3083348,45702.09833480001,8
2011-06-10,218712.7360348,45702.09833480001,8
2011-06-13,218810.51193480002,45702.09833480001,8
2011-06-14,221177.34163480002,45702.09833480001,8
2011-06-15,220769.24293480002,45702.09833480001,8
2011-06-16,220276.64883480003,45702.09833480001,8
2011-06-17,220008.5106348,45702.09833480001,8
2011-06-20,216617.45428279997,216617.45428279997,0
2011-06-21,216617.45428279997,216617.45428279997,0
2011-06-22,216617.45428279997,216617.45428279997,0
2011-06-23,216617.45428279997,216617.45428279997,0
2011-06-24,216617.45428279997,216617.45428279997,0
2011-06-27,216617.45428279997,216617.45428279997,0
2011-06-28,216617.45428279997,216617.45428279997,0
2011-06-29,216617.45428279997,216617.45428279997,0
2011-06-30,216617.45428279997,216617.45428279997,0
2011-07-01,216617.45428279997,216617.45428279997,0
2011-07-04,216617.45428279997,216617.45428279997,0
2011-07-05,216617.45428279997,216617.45428279997,0
2011-07-06,216617.45428279997,216617.45428279997,0
2011-07-07,216617.45428279997,216617.45428279997,0
2011-07-08,216617.45428279997,216617.45428279997,0
2011-07-11,216617.45428279997,216617.45428279997,0
2011-07-12,216617.45428279997,216617.45428279997,0
2011-07-13,216617.45428279997,216617.45428279997,0
2011-07-15,216617.45428279997,216617.45428279997,0
2011-07-18,216617.45428279997,216617.45428279997,0
2011-07-19,216617.45428279997,216617.45428279997,0
2011-07-20,216617.45428279997,216617.45428279997,0
2011-07-21,216617.45428279997,216617.45428279997,0
2011-07-22,216617.45428279997,216617.45428279997,0
2011-07-25,216617.45428279997,216617.45428279997,0
2011-07-26,216617.45428279997,216617.45428279997,0
2011-07-27,216617.45428279997,216617.45428279997,0
2011-07-28,216617.45428279997,216617.45428279997,0
2011-07-29,216617.45428279997,216617.45428279997,0
2011-08-01,216617.45428279997,216617.45428279997,0
2011-08-02,216617.45428279997,216617.45428279997,0
2011-08-03,216617.45428279997,216617.45428279997,0
2011-08-04,216617.45428279997,216617.45428279997,0
2011-08-05,216617.45428279997,216617.45428279997,0
2011-08-08,216617.45428279997,216617.45428279997,0
2011-08-09,216617.45428279997,216617.45428279997,0
2011-08-10,216617.45428279997,216617.45428279997,0
2011-08-11,216617.45428279997,216617.45428279997,0
2011-08-12,216617.45428279997,216617.45428279997,0
2011-08-16,216617.45428279997,216617.45428279997,0
2011-08-17,216617.45428279997,216617.45428279997,0
2011-08-18,216617.45428279997,216617.45428279997,0
2011-08-19,216617.45428279997,216617.45428279997,0
2011-08-22,216617.45428279997,216617.45428279997,0
2011-08-23,216617.45428279997,216617.45428279997,0
2011-08-24,216617.45428279997,216617.45428279997,0
2011-08-25,216617.45428279997,216617.45428279997,0
2011-08-26,216617.45428279997,216617.45428279997,0
2011-08-29,216617.45428279997,216617.45428279997,0
2011-08-30,216617.45428279997,216617.45428279997,0
2011-09-02,216617.45428279997,216617.45428279997,0
2011-09-05,216617.45428279997,216617.45428279997,0
2011-09-06,216617.45428279997,216617.45428279997,0
2011-09-07,216617.45428279997,216617.45428279997,0
2011-09-08,216617.45428279997,216617.45428279997,0
2011-09-09,216617.45428279997,216617.45428279997,0
2011-09-12,216617.45428279997,216617.45428279997,0
2011-09-13,216617.45428279997,216617.45428279997,0
2011-09-14,216617.45428279997,216617.45428279997,0
2011-09-15,216617.45428279997,216617.45428279997,0
2011-09-16,216617.45428279997,216617.45428279997,0
2011-09-19,216617.45428279997,216617.45428279997,0
2011-09-20,216617.45428279997,216617.45428279997,0
2011-09-21,216617.45428279997,216617.45428279997,0
2011-09-22,216617.45428279997,216617.45428279997,0
2011-09-23,216617.45428279997,216617.45428279997,0
2011-09-26,216617.45428279997,216617.45428279997,0
2011-09-27,216617.45428279997,216617.45428279997,0
2011-09-28,216617.45428279997,216617.45428279997,0
2011-09-29,216617.45428279997,216617.45428279997,0
2011-09-30,216617.45428279997,216617.45428279997,0
2011-10-03,216617.45428279997,216617.45428279997,0
2011-10-04,216617.45428279997,216617.45428279997,0
2011-10-05,216617.45428279997,216617.45428279997,0
2011-10-07,216617.45428279997,216617.45428279997,0
2011-10-10,216617.45428279997,216617.45428279997,0
2011-10-11,216617.45428279997,216617.45428279997,0
2011-10-12,216617.45428279997,216617.45428279997,0
2011-10-13,216617.45428279997,216617.45428279997,0
2011-10-14,216617.45428279997,216617.45428279997,0
2011-10-17,216617.45428279997,216617.45428279997,0
2011-10-18,216617.45428279997,216617.45428279997,0
2011-10-19,216617.45428279997,216617.45428279997,0
2011-10-20,216617.45428279997,216617.45428279997,0
2011-10-21,216617.45428279997,216617.45428279997,0
2011-10-24,216617.45428279997,216617.45428279997,0
2011-10-25,216617.45428279997,216617.45428279997,0
2011-10-28,216617.45428279997,216617.45428279997,0
2011-10-31,216617.45428279997,216617.45428279997,0
2011-11-01,216617.45428279997,216617.45428279997,0
2011-11-02,216617.45428279997,216617.45428279997,0
2011-11-03,216617.45428279997,216617.45428279997,0
2011-11-04,216617.45428279997,216617.45428279997,0
2011-11-08,216617.45428279997,216617.45428279997,0
2011-11-09,216617.45428279997,216617.45428279997,0
2011-11-11,216617.45428279997,216617.45428279997,0
2011-11-14,216617.45428279997,216617.45428279997,0
2011-11-15,216617.45428279997,216617.45428279997,0
2011-11-16,216617.45428279997,216617.45428279997,0
2011-11-17,216617.45428279997,216617.45428279997,0
2011-11-18,216617.45428279997,216617.45428279997,0
2011-11-21,216617.45428279997,216617.45428279997,0
2011-11-22,216617.45428279997,216617.45428279997,0
2011-11-23,216617.45428279997,216617.45428279997,0
2011-11-25,216617.45428279997,216617.45428279997,0
2011-11-28,216617.45428279997,216617.45428279997,0
2011-11-29,216617.45428279997,216617.45428279997,0
2011-11-30,216617.45428279997,216617.45428279997,0
2011-12-01,216617.45428279997,216617.45428279997,0
2011-12-02,216617.45428279997,216617.45428279997,0
2011-12-05,216617.45428279997,216617.45428279997,0
2011-12-07,216617.45428279997,216617.45428279997,0
2011-12-08,216617.45428279997,216617.45428279997,0
2011-12-09,216617.45428279997,216617.45428279997,0
2011-12-12,216617.45428279997,216617.45428279997,0
2011-12-13,216617.45428279997,216617.45428279997,0
2011-12-14,216617.45428279997,216617.45428279997,0
2011-12-15,216617.45428279997,216617.45428279997,0
2011-12-16,216617.45428279997,216617.45428279997,0
2011-12-19,216617.45428279997,216617.45428279997,0
2011-12-20,216617.45428279997,216617.45428279997,0
2011-12-21,216617.45428279997,216617.45428279997,0
2011-12-22,216617.45428279997,216617.45428279997,0
2011-12-23,216617.45428279997,216617.45428279997,0
2011-12-27,216617.45428279997,216617.45428279997,0
2011-12-28,216617.45428279997,216617.45428279997,0
2011-12-29,216617.45428279997,216617.45428279997,0
2011-12-30,216617.45428279997,216617.45428279997,0
2012-01-03,216617.45428279997,216617.45428279997,0
2012-01-04,216617.45428279997,216617.45428279997,0
2012-01-05,216617.45428279997,216617.45428279997,0
2012-01-06,216617.45428279997,216617.45428279997,0
2012-01-09,216617.45428279997,216617.45428279997,0
2012-01-10,216617.45428279997,216617.45428279997,0
2012-01-11,216617.45428279997,216617.45428279997,0
2012-01-12,216617.45428279997,216617.45428279997,0
2012-01-13,216617.45428279997,216617.45428279997,0
2012-01-16,216617.45428279997,216617.45428279997,0
2012-01-17,216617.45428279997,216617.45428279997,0
2012-01-18,216617.45428279997,216617.45428279997,0
2012-01-19,216617.45428279997,216617.45428279997,0
2012-01-20,216617.45428279997,216617.45428279997,0
2012-01-23,216617.45428279997,216617.45428279997,0
2012-01-24,216617.45428279997,216617.45428279997,0
2012-01-25,216617.45428279997,216617.45428279997,0
2012-01-27,216617.45428279997,216617.45428279997,0
2012-01-30,216617.45428279997,216617.45428279997,0
2012-01-31,216617.45428279997,216617.45428279997,0
2012-02-01,216617.45428279997,216617.45428279997,0
2012-02-02,216617.45428279997,216617.45428279997,0
2012-02-03,216617.45428279997,216617.45428279997,0
2012-02-06,216617.45428279997,216617.45428279997,0
2012-02-07,216617.45428279997,216617.45428279997,0
2012-02-08,216617.45428279997,216617.45428279997,0
2012-02-09,216617.45428279997,216617.45428279997,0
2012-02-10,216617.45428279997,216617.45428279997,0
2012-02-13,216617.45428279997,216617.45428279997,0
2012-02-14,216617.45428279997,216617.45428279997,0
2012-02-15,216617.45428279997,216617.45428279997,0
2012-02-16,216617.45428279997,216617.45428279997,0
2012-02-17,216617.45428279997,216617.45428279997,0
2012-02-21,216617.45428279997,216617.45428279997,0
2012-02-22,216617.45428279997,216617.45428279997,0
2012-02-23,216617.45428279997,216617.45428279997,0
2012-02-24,216617.45428279997,216617.45428279997,0
2012-02-27,216617.45428279997,216617.45428279997,0
2012-02-28,216617.45428279997,216617.45428279997,0
2012-02-29,216617.45428279997,216617.45428279997,0
2012-03-01,216617.45428279997,216617.45428279997,0
2012-03-02,216617.45428279997,216617.45428279997,0
2012-03-05,216617.45428279997,216617.45428279997,0
2012-03-06,216617.45428279997,216617.45428279997,0
2012-03-07,216617.45428279997,216617.45428279997,0
2012-03-09,216617.45428279997,216617.45428279997,0
2012-03-12,216617.45428279997,216617.45428279997,0
2012-03-13,216617.45428279997,216617.45428279997,0
2012-03-14,216617.45428279997,216617.45428279997,0
2012-03-15,216617.45428279997,216617.45428279997,0
2012-03-16,216617.45428279997,216617.45428279997,0
2012-03-19,216617.45428279997,216617.45428279997,0
2012-03-20,216617.45428279997,216617.45428279997,0
2012-03-21,216617.45428279997,216617.45428279997,0
2012-03-22,216617.45428279997,216617.45428279997,0
2012-03-23,216617.45428279997,216617.45428279997,0
2012-03-26,216617.45428279997,216617.45428279997,0
2012-03-27,216617.45428279997,216617.45428279997,0
2012-03-28,216617.45428279997,216617.45428279997,0
2012-03-29,216617.45428279997,216617.45428279997,0
2012-03-30,216617.45428279997,216617.45428279997,0
2012-04-02,216617.45428279997,216617.45428279997,0
2012-04-03,216617.45428279997,216617.45428279997,0
2012-04-04,216617.45428279997,216617.45428279997,0
2012-04-09,216617.45428279997,216617.45428279997,0
2012-04-10,216617.45428279997,216617.45428279997,0
2012-04-11,216617.45428279997,216617.45428279997,0
2012-04-12,216617.45428279997,216617.45428279997,0
2012-04-13,216617.45428279997,216617.45428279997,0
2012-04-16,216617.45428279997,216617.45428279997,0
2012-04-17,216617.45428279997,216617.45428279997,0
2012-04-18,216617.45428279997,216617.45428279997,0
2012-04-19,216617.45428279997,216617.45428279997,0
2012-04-20,216617.45428279997,216617.45428279997,0
2012-04-23,216617.45428279997,216617.45428279997,0
2012-04-24,216617.45428279997,216617.45428279997,0
2012-04-25,216617.45428279997,216617.45428279997,0
2012-04-26,216617.45428279997,216617.45428279997,0
2012-04-27,216617.45428279997,216617.45428279997,0
2012-04-30,216617.45428279997,216617.45428279997,0
2012-05-02,216617.45428279997,216617.45428279997,0
2012-05-03,216617.45428279997,216617.45428279997,0
2012-05-04,216617.45428279997,216617.45428279997,0
2012-05-07,216617.45428279997,216617.45428279997,0
2012-05-08,216617.45428279997,216617.45428279997,0
2012-05-09,216617.45428279997,216617.45428279997,0
2012-05-10,216617.45428279997,216617.45428279997,0
2012-05-11,216617.45428279997,216617.45428279997,0
2012-05-14,216617.45428279997,216617.45428279997,0
2012-05-15,216617.45428279997,216617.45428279997,0
2012-05-16,216617.45428279997,216617.45428279997,0
2012-05-17,216617.45428279997,216617.45428279997,0
2012-05-18,216617.45428279997,216617.45428279997,0
2012-05-22,216617.45428279997,216617.45428279997,0
2012-05-23,216617.45428279997,216617.45428279997,0
2012-05-24,216617.45428279997,216617.45428279997,0
2012-05-25,216617.45428279997,216617.45428279997,0
2012-05-28,216617.45428279997,216617.45428279997,0
2012-05-29,216617.45428279997,216617.45428279997,0
2012-05-30,216617.45428279997,216617.45428279997,0
2012-05-31,216617.45428279997,216617.45428279997,0
2012-06-01,216617.45428279997,216617.45428279997,0
2012-06-04,216617.45428279997,216617.45428279997,0
2012-06-05,216617.45428279997,216617.45428279997,0
2012-06-06,216617.45428279997,216617.45428279997,0
2012-06-07,216617.45428279997,216617.45428279997,0
2012-06-08,216617.45428279997,216617.45428279997,0
2012-06-11,216617.45428279997,216617.45428279997,0
2012-06-12,216617.45428279997,216617.45428279997,0
2012-06-13,216617.45428279997,216617.45428279997,0
2012-06-14,216617.45428279997,216617.45428279997,0
2012-06-15,216617.45428279997,216617.45428279997,0
2012-06-18,216617.45428279997,216617.45428279997,0
2012-06-19,216617.45428279997,216617.45428279997,0
2012-06-20,216617.45428279997,216617.45428279997,0
2012-06-21,216617.45428279997,216617.45428279997,0
2012-06-22,216617.45428279997,216617.45428279997,0
2012-06-25,216617.45428279997,216617.45428279997,0
2012-06-26,216617.45428279997,216617.45428279997,0
2012-06-27,216617.45428279997,216617.45428279997,0
2012-06-28,216617.45428279997,216617.45428279997,0
2012-06-29,215759.39863319998,1245.4862331999866,10
2012-07-02,215618.5808332,1245.4862331999866,10
2012-07-03,214159.59123319996,1245.4862331999866,10
2012-07-04,214931.46893319997,1245.4862331999866,10
2012-07-05,216411.48483319997,1245.4862331999866,10
2012-07-06,215062.18193319996,1245.4862331999866,10
2012-07-09,212998.4099332,1245.4862331999866,10
2012-07-10,214329.76193319997,1245.4862331999866,10
2012-07-11,213713.5214332,1245.4862331999866,10
2012-07-12,214633.82003319997,1245.4862331999866,10
2012-07-13,215150.1789332,1245.4862331999866,10
2012-07-16,215544.80613319998,1245.4862331999866,10
2012-07-17,215339.3370332,1245.4862331999866,10
2012-07-18,215269.2495332,1245.4862331999866,10
2012-07-19,216575.39723319997,1245.4862331999866,10
2012-07-20,215532.46033319997,1245.4862331999866,10
2012-07-23,215835.4950332,1245.4862331999866,10
2012-07-24,217097.79823319998,1245.4862331999866,10
2012-07-25,220165.1047332,1245.4862331999866,10
2012-07-26,218881.42483319997,1245.4862331999866,10
2012-07-27,219494.78383319997,1245.4862331999866,10
2012-07-30,221494.27913319998,1245.4862331999866,10
2012-07-31,223202.31853319998,1245.4862331999866,10
2012-08-01,225417.73413319996,1245.4862331999866,10
2012-08-02,227273.81523319997,1245.4862331999866,10
2012-08-03,227192.35773319998,1245.4862331999866,10
2012-08-06,228756.67133319998,1245.4862331999866,10
2012-08-07,227668.57283319999,1245.4862331999866,10
2012-08-08,227924.99243319998,1245.4862331999866,10
2012-08-09,230218.62193319996,1245.4862331999866,10
2012-08-10,229207.84833319997,1245.4862331999866,10
2012-08-13,230645.69413319998,1245.4862331999866,10
2012-08-14,229967.15793319998,1245.4862331999866,10
2012-08-16,230095.60823319998,1245.4862331999866,10
2012-08-17,230692.29253319997,1245.4862331999866,10
2012-08-21,233351.71463319997,1245.4862331999866,10
2012-08-22,233537.30243319998,1245.4862331999866,10
2012-08-23,235909.84013319996,1245.4862331999866,10
2012-08-24,234920.82133319997,1245.4862331999866,10
2012-08-27,235614.82293319996,1245.4862331999866,10
2012-08-29,234160.4804332,1245.4862331999866,10
2012-08-30,234941.30613319998,1245.4862331999866,10
2012-08-31,234368.8383332,1245.4862331999866,10
2012-09-03,236155.02463319997,1245.4862331999866,10
2012-09-04,237509.34933319996,1245.4862331999866,10
2012-09-05,234292.7291332,1245.4862331999866,10
2012-09-06,234718.39313319998,1245.4862331999866,10
2012-09-07,237190.80073319995,1245.4862331999866,10
2012-09-10,240099.18603319998,1245.4862331999866,10
2012-09-11,240666.53223319998,1245.4862331999866,10
2012-09-12,240802.6606332,1245.4862331999866,10
2012-09-13,241151.10253319997,1245.4862331999866,10
2012-09-14,240615.17323319998,1245.4862331999866,10
2012-09-17,237937.88043319999,1245.4862331999866,10
2012-09-18,236851.13803319997,1245.4862331999866,10
2012-09-20,235835.8559332,1245.4862331999866,10
2012-09-21,238769.39883319996,1245.4862331999866,10
2012-09-24,237995.1925332,1245.4862331999866,10
2012-09-25,240556.31973319998,1245.4862331999866,10
2012-09-26,244876.77223319997,1245.4862331999866,10
2012-09-27,246192.41283319998,1245.4862331999866,10
2012-09-28,248512.48513319998,1245.4862331999866,10
2012-10-01,250172.64673319997,1245.4862331999866,10
2012-10-03,250359.42293319997,1245.4862331999866,10
2012-10-04,252928.54363319997,1245.4862331999866,10
2012-10-05,252460.99843319997,1245.4862331999866,10
2012-10-08,252634.45423319997,1245.4862331999866,10
2012-10-09,256454.8089332,1245.4862331999866,10
2012-10-10,254702.29553319997,1245.4862331999866,10
2012-10-11,255237.67453319998,1245.4862331999866,10
2012-10-12,256294.34483319998,1245.4862331999866,10
2012-10-15,257792.82073319997,1245.4862331999866,10
2012-10-16,258224.84013319996,1245.4862331999866,10
2012-10-17,259081.41993319997,1245.4862331999866,10
2012-10-18,259901.34513319997,1245.4862331999866,10
2012-10-19,259515.7573332,1245.4862331999866,10
2012-10-22,264988.3514332,1245.4862331999866,10
2012-10-23,265514.9759332,1245.4862331999866,10
2012-10-25,267221.2921332,1245.4862331999866,10
2012-10-29,263368.4613332,1245.4862331999866,10
2012-10-30,261004.38073319997,1245.4862331999866,10
2012-10-31,265939.2349332,1245.4862331999866,10
2012-11-01,267508.2032332,1245.4862331999866,10
2012-11-02,265327.03953320003,1245.4862331999866,10
2012-11-05,265343.3865332,1245.4862331999866,10
2012-11-06,267905.2303332,1245.4862331999866,10
2012-11-07,272690.5525332,1245.4862331999866,10
2012-11-08,274268.6739332,1245.4862331999866,10
2012-11-09,273905.3726332,1245.4862331999866,10
2012-11-12,274949.0330332,1245.4862331999866,10
2012-11-15,272832.8438332,1245.4862331999866,10
2012-11-16,269327.53593320004,1245.4862331999866,10
2012-11-19,267864.6968332,1245.4862331999866,10
2012-11-20,265662.7188332,1245.4862331999866,10
2012-11-21,267602.9306332,1245.4862331999866,10
2012-11-22,266170.9075332,1245.4862331999866,10
2012-11-23,266853.9693332,1245.4862331999866,10
2012-11-26,267221.24043320003,1245.4862331999866,10
2012-11-27,269788.8724332,1245.4862331999866,10
2012-11-29,270726.9077332,1245.4862331999866,10
2012-11-30,271583.3968332,1245.4862331999866,10
2012-12-03,271074.2782332,1245.4862331999866,10
2012-12-04,273137.35463320004,1245.4862331999866,10
2012-12-05,273029.6748332,1245.4862331999866,10
2012-12-06,273115.6279332,1245.4862331999866,10
2012-12-07,272690.9860332,1245.4862331999866,10
2012-12-10,273300.2496332,1245.4862331999866,10
2012-12-11,273653.4694332,1245.4862331999866,10
2012-12-12,274074.2958332,1245.4862331999866,10
2012-12-13,271362.9608332,1245.4862331999866,10
2012-12-14,270796.9447332,1245.4862331999866,10
2012-12-17,271001.7705332,1245.4862331999866,10
2012-12-18,272533.5176332,1245.4862331999866,10
2012-12-19,274669.5485332,1245.4862331999866,10
2012-12-20,274979.42803320003,1245.4862331999866,10
2012-12-21,272187.7693332,1245.4862331999866,10
2012-12-24,275132.1967332,1245.4862331999866,10
2012-12-26,276848.7802332,1245.4862331999866,10
2012-12-27,276826.2875332,1245.4862331999866,10
2012-12-28,278054.3623332,1245.4862331999866,10
2012-12-31,277913.8335332,1245.4862331999866,10
2013-01-02,279781.2278332,1245.4862331999866,10
2013-01-03,280151.9859332,1245.4862331999866,10
2013-01-04,280975.7275332,1245.4862331999866,10
2013-01-07,281302.5912332,1245.4862331999866,10
2013-01-08,281167.0665332,1245.4862331999866,10
2013-01-09,282028.6983332,1245.4862331999866,10
2013-01-10,283069.6325332,1245.4862331999866,10
2013-01-11,278386.4667332,1245.4862331999866,10
2013-01-14,279659.5407332,1245.4862331999866,10
2013-01-15,280614.4895332,1245.4862331999866,10
2013-01-16,277592.9489332,1245.4862331999866,10
2013-01-17,276707.2088332,1245.4862331999866,10
2013-01-18,276399.6332332,1245.4862331999866,10
2013-01-21,276197.1166332,1245.4862331999866,10
2013-01-22,275404.4431332,1245.4862331999866,10
2013-01-23,274623.3571332,1245.4862331999866,10
2013-01-24,272576.8123332,1245.4862331999866,10
2013-01-25,274739.5686332,1245.4862331999866,10
2013-01-28,276406.5144332,1245.4862331999866,10
2013-01-29,274924.0508332,1245.4862331999866,10
2013-01-30,275501.1563332,1245.4862331999866,10
2013-01-31,276434.9750332,1245.4862331999866,10
2013-02-01,277791.4220332,1245.4862331999866,10
2013-02-04,276968.4633332,1245.4862331999866,10
2013-02-05,274383.9002332,1245.4862331999866,10
2013-02-06,275281.4972332,1245.4862331999866,10
2013-02-07,274351.31653320004,1245.4862331999866,10
2013-02-08,275218.0409332,1245.4862331999866,10
2013-02-11,275303.9712332,1245.4862331999866,10
2013-02-12,275966.4862332,1245.4862331999866,10
2013-02-13,276896.3809332,1245.4862331999866,10
2013-02-14,276365.0292332,1245.4862331999866,10
2013-02-15,275400.8958332,1245.4862331999866,10
2013-02-18,276320.9090332,1245.4862331999866,10
2013-02-19,277206.30771079997,0.18771079998259665,10
2013-02-20,278418.2750108,0.18771079998259665,10
2013-02-21,276647.6452108,0.18771079998259665,10
2013-02-22,275971.4806108,0.18771079998259665,10
2013-02-25,276327.8352108,0.18771079998259665,10
2013-02-26,274930.4970108,0.18771079998259665,10
2013-02-27,275685.2691108,0.18771079998259665,10
2013-02-28,272597.3801108,0.18771079998259665,10
2013-03-01,274611.5966108,0.18771079998259665,10
2013-03-04,272800.90201079997,0.18771079998259665,10
2013-03-05,274199.20341079996,0.18771079998259665,10
2013-03-06,273538.84271079995,0.18771079998259665,10
2013-03-07,274385.0983108,0.18771079998259665,10
2013-03-08,279470.6808108,0.18771079998259665,10
2013-03-11,281965.20291079994,0.18771079998259665,10
2013-03-12,281541.38701079995,0.18771079998259665,10
2013-03-13,280602.3289108,0.18771079998259665,10
2013-03-14,280100.2826108,0.18771079998259665,10
2013-03-15,282098.83321079996,0.18771079998259665,10
2013-03-18,281546.1806108,0.18771079998259665,10
2013-03-19,279938.11481079995,0.18771079998259665,10
2013-03-20,274892.5864108,0.18771079998259665,10
2013-03-21,270987.10291079996,0.18771079998259665,10
2013-03-22,267615.88471079996,0.18771079998259665,10
2013-03-25,266564.64221079997,0.18771079998259665,10
2013-03-26,264553.36170959997,227.6123095999792,10
2013-03-28,266014.7713096,227.6123095999792,10
2013-04-01,267612.6957096,227.6123095999792,10
2013-04-02,271494.03210959997,227.6123095999792,10
2013-04-03,271759.5685096,227.6123095999792,10
2013-04-04,268087.1274096,227.6123095999792,10
2013-04-05,266121.32000959996,227.6123095999792,10
2013-04-08,266644.0478096,227.6123095999792,10
2013-04-09,266067.2905096,227.6123095999792,10
2013-04-10,264853.0940096,227.6123095999792,10
2013-04-11,265344.8272096,227.6123095999792,10
2013-04-12,264916.1264096,227.6123095999792,10
2013-04-15,263559.9697096,227.6123095999792,10
2013-04-16,265201.6809096,227.6123095999792,10
2013-04-17,267089.4473096,227.6123095999792,10
2013-04-18,269257.0265096,227.6123095999792,10
2013-04-22,273120.7492096,227.6123095999792,10
2013-04-23,275112.5630096,227.6123095999792,10
2013-04-25,278867.9476096,227.6123095999792,10
2013-04-26,278687.5135096,227.6123095999792,10
2013-04-29,279121.6455096,227.6123095999792,10
2013-04-30,280373.2873096,227.6123095999792,10
2013-05-02,283597.1617096,227.6123095999792,10
2013-05-03,281462.2001096,227.6123095999792,10
2013-05-06,283237.0513096,227.6123095999792,10
2013-05-07,285589.0132096,227.6123095999792,10
2013-05-08,291335.4756096,227.6123095999792,10
2013-05-09,290682.8622096,227.6123095999792,10
2013-05-10,291574.4580096,227.6123095999792,10
2013-05-13,292801.4093096,227.6123095999792,10
2013-05-14,293474.5673096,227.6123095999792,10
2013-05-15,296444.6964096,227.6123095999792,10
2013-05-16,298959.4359096,227.6123095999792,10
2013-05-17,298982.4161096,227.6123095999792,10
2013-05-20,300693.8016096,227.6123095999792,10
2013-05-21,305299.4077096,227.6123095999792,10
2013-05-22,309504.0523096,227.6123095999792,10
2013-05-23,307320.3524096,227.6123095999792,10
2013-05-24,306356.8046096,227.6123095999792,10
2013-05-27,307095.4600096,227.6123095999792,10
2013-05-28,306253.3840096,227.6123095999792,10
2013-05-29,311248.5319096,227.6123095999792,10
2013-05-30,309341.0266096,227.6123095999792,10
2013-05-31,306706.7227096,227.6123095999792,10
2013-06-03,307916.1253816,300.7844815999779,10
2013-06-04,308761.8719816,300.7844815999779,10
2013-06-05,309718.9988816,300.7844815999779,10
2013-06-06,307839.0297816,300.7844815999779,10
2013-06-07,310197.7900816,300.7844815999779,10
2013-06-10,312080.69068159995,300.7844815999779,10
2013-06-11,306087.67388159997,300.7844815999779,10
2013-06-12,304335.3602816,300.7844815999779,10
2013-06-13,299518.1555816,300.7844815999779,10
2013-06-14,302131.18958159996,300.7844815999779,10
2013-06-17,305247.64438159997,300.7844815999779,10
2013-06-18,302484.8390816,300.7844815999779,10
2013-06-19,302112.6478816,300.7844815999779,10
2013-06-20,297410.0773816,300.7844815999779,10
2013-06-21,295352.7823816,300.7844815999779,10
2013-06-24,290289.9635816,300.7844815999779,10
2013-06-25,289203.8124816,300.7844815999779,10
2013-06-26,291315.3190816,300.7844815999779,10
2013-06-27,293017.3998816,300.7844815999779,10
2013-06-28,297345.2271816,300.7844815999779,10
2013-07-01,300452.76928159996,300.7844815999779,10
2013-07-02,298803.67378159997,300.7844815999779,10
2013-07-03,299493.8192816,300.7844815999779,10
2013-07-04,301562.4095816,300.7844815999779,10
2013-07-05,301749.85258159996,300.7844815999779,10
2013-07-08,301364.09908159997,300.7844815999779,10
2013-07-09,302253.2990816,300.7844815999779,10
2013-07-10,303625.1115816,300.7844815999779,10
2013-07-11,307421.8666816,300.7844815999779,10
2013-07-12,308705.88458159997,300.7844815999779,10
2013-07-15,312218.9019816,300.7844815999779,10
2013-07-16,314882.7900476,588.2619475999745,10
2013-07-17,314435.9335476,588.2619475999745,10
2013-07-18,315570.2138476,588.2619475999745,10
2013-07-19,314194.85324759997,588.2619475999745,10
2013-07-22,315688.2284476,588.2619475999745,10
2013-07-23,313441.0632476,588.2619475999745,10
2013-07-24,312006.4328476,588.2619475999745,10
2013-07-25,309018.6075476,588.2619475999745,10
2013-07-26,306185.2943476,588.2619475999745,10
2013-07-29,300815.9074976,30629.875397599975,9
2013-07-30,296893.2593976,30629.875397599975,9
2013-07-31,289424.7333976,30629.875397599975,9
2013-08-01,288600.8610952,52181.44849519998,8
2013-08-02,289778.4205952,52181.44849519998,8
2013-08-05,288382.11599519994,52181.44849519998,8
2013-08-06,287609.33549519995,52181.44849519998,8
2013-08-07,286985.76839519996,52181.44849519998,8
2013-08-08,285566.07679519994,52181.44849519998,8
2013-08-12,290482.9920952,52181.44849519998,8
2013-08-13,292629.05739519995,52181.44849519998,8
2013-08-14,291972.8301952,52181.44849519998,8
2013-08-16,288719.41899519996,52181.44849519998,8
2013-08-19,280580.5052952,52181.44849519998,8
2013-08-20,279429.6279952,52181.44849519998,8
2013-08-21,273750.34477039997,273750.34477039997,0
2013-08-22,273750.34477039997,273750.34477039997,0
2013-08-23,273750.34477039997,273750.34477039997,0
2013-08-26,273750.34477039997,273750.34477039997,0
2013-08-27,273750.34477039997,273750.34477039997,0
2013-08-28,273750.34477039997,273750.34477039997,0
2013-08-29,273750.34477039997,273750.34477039997,0
2013-08-30,273750.34477039997,273750.34477039997,0
2013-09-02,273750.34477039997,273750.34477039997,0
2013-09-03,273750.34477039997,273750.34477039997,0
2013-09-04,273750.34477039997,273750.34477039997,0
2013-09-05,273750.34477039997,273750.34477039997,0
2013-09-06,273750.34477039997,273750.34477039997,0
2013-09-10,273750.34477039997,273750.34477039997,0
2013-09-11,273750.34477039997,273750.34477039997,0
2013-09-12,273750.34477039997,273750.34477039997,0
2013-09-13,273750.34477039997,273750.34477039997,0
2013-09-16,273750.34477039997,273750.34477039997,0
2013-09-17,273750.34477039997,273750.34477039997,0
2013-09-18,273750.34477039997,273750.34477039997,0
2013-09-19,273750.34477039997,273750.34477039997,0
2013-09-20,273750.34477039997,273750.34477039997,0
2013-09-23,273750.34477039997,273750.34477039997,0
2013-09-24,272665.63088119996,1487.1585811999503,10
2013-09-25,275042.00028119993,1487.1585811999503,10
2013-09-26,276522.1323811999,1487.1585811999503,10
2013-09-27,276096.7352812,1487.1585811999503,10
2013-09-30,276571.3813811999,1487.1585811999503,10
2013-10-01,275344.8921812,1487.1585811999503,10
2013-10-03,277405.22858119995,1487.1585811999503,10
2013-10-04,280821.98568119993,1487.1585811999503,10
2013-10-07,284682.21798119997,1487.1585811999503,10
2013-10-08,285608.25678119995,1487.1585811999503,10
2013-10-09,289824.83318119997,1487.1585811999503,10
2013-10-10,290880.3690811999,1487.1585811999503,10
2013-10-11,288114.38548119995,1487.1585811999503,10
2013-10-14,290978.84958119993,1487.1585811999503,10
2013-10-15,289100.77628119994,1487.1585811999503,10
2013-10-17,291258.29338119994,1487.1585811999503,10
2013-10-18,291918.5918811999,1487.1585811999503,10
2013-10-21,293063.43538119993,1487.1585811999503,10
2013-10-22,295394.32138119993,1487.1585811999503,10
2013-10-23,294443.6407811999,1487.1585811999503,10
2013-10-24,299681.44518119993,1487.1585811999503,10
2013-10-25,299010.35508119996,1487.1585811999503,10
2013-10-28,299267.84248119994,1487.1585811999503,10
2013-10-29,306078.0562811999,1487.1585811999503,10
2013-10-30,305114.3613811999,1487.1585811999503,10
2013-10-31,307944.02258119994,1487.1585811999503,10
2013-11-01,304700.34768119996,1487.1585811999503,10
2013-11-05,308710.76298119995,1487.1585811999503,10
2013-11-06,308509.5798811999,1487.1585811999503,10
2013-11-07,308368.89068119996,1487.1585811999503,10
2013-11-08,307176.62428119994,1487.1585811999503,10
2013-11-11,309496.53598119994,1487.1585811999503,10
2013-11-12,309018.5648811999,1487.1585811999503,10
2013-11-13,306604.48578119994,1487.1585811999503,10
2013-11-14,305864.4239812,1487.1585811999503,10
2013-11-18,309175.5968811999,1487.1585811999503,10
2013-11-19,310983.52358119993,1487.1585811999503,10
2013-11-20,312778.5378811999,1487.1585811999503,10
2013-11-21,310629.2893811999,1487.1585811999503,10
2013-11-22,315184.34988119995,1487.1585811999503,10
2013-11-25,318500.5967811999,1487.1585811999503,10
2013-11-26,317492.39258119994,1487.1585811999503,10
2013-11-27,316579.38878119993,1487.1585811999503,10
2013-11-28,318531.79018119996,1487.1585811999503,10
2013-11-29,322938.93728119996,1487.1585811999503,10
2013-12-02,324741.2401811999,1487.1585811999503,10
2013-12-03,321252.18188119994,1487.1585811999503,10
2013-12-04,319205.67848119995,1487.1585811999503,10
2013-12-05,318192.4142811999,1487.1585811999503,10
2013-12-06,317763.7710811999,1487.1585811999503,10
2013-12-09,319390.61608119996,1487.1585811999503,10
2013-12-10,320441.72608119994,1487.1585811999503,10
2013-12-11,320499.01448119996,1487.1585811999503,10
2013-12-12,319760.4671811999,1487.1585811999503,10
2013-12-13,317838.95808119996,1487.1585811999503,10
2013-12-16,321470.22888119996,1487.1585811999503,10
2013-12-17,322839.2390811999,1487.1585811999503,10
2013-12-18,327679.1825811999,1487.1585811999503,10
2013-12-19,331458.69888119993,1487.1585811999503,10
2013-12-20,337404.99448119994,1487.1585811999503,10
2013-12-23,337652.8933811999,1487.1585811999503,10
2013-12-24,341430.8627811999,1487.1585811999503,10
2013-12-26,341129.2831812,1487.1585811999503,10
2013-12-27,341704.6582811999,1487.1585811999503,10
2013-12-30,342522.4498811999,1487.1585811999503,10
2013-12-31,341473.1140811999,1487.1585811999503,10
2014-01-02,339873.8862811999,1487.1585811999503,10
2014-01-03,341704.9534811999,1487.1585811999503,10
2014-01-06,344383.68858119997,1487.1585811999503,10
2014-01-07,344159.1852811999,1487.1585811999503,10
2014-01-08,345362.14288119995,1487.1585811999503,10
2014-01-09,343388.52528119995,1487.1585811999503,10
2014-01-10,340893.3077811999,1487.1585811999503,10
2014-01-13,342052.8028811999,1487.1585811999503,10
2014-01-14,340268.3907811999,1487.1585811999503,10
2014-01-15,339672.46738119994,1487.1585811999503,10
2014-01-16,339493.01798119996,1487.1585811999503,10
2014-01-17,332695.87538119993,1487.1585811999503,10
2014-01-20,333106.91008119995,1487.1585811999503,10
2014-01-21,336284.4387811999,1487.1585811999503,10
2014-01-22,337116.55098119995,1487.1585811999503,10
2014-01-23,332127.77738119994,1487.1585811999503,10
2014-01-24,326505.37798119994,1487.1585811999503,10
2014-01-27,323851.9876811999,1487.1585811999503,10
2014-01-28,327885.67728119995,1487.1585811999503,10
2014-01-29,330147.40478119993,1487.1585811999503,10
2014-01-30,326419.05668119993,1487.1585811999503,10
2014-01-31,328880.63528119994,1487.1585811999503,10
2014-02-03,333905.61458119994,1487.1585811999503,10
2014-02-04,328891.6593811999,1487.1585811999503,10
2014-02-05,329906.2573811999,1487.1585811999503,10
2014-02-06,330657.09518119995,1487.1585811999503,10
2014-02-07,335259.0379811999,1487.1585811999503,10
2014-02-10,335849.03628119995,1487.1585811999503,10
2014-02-11,336713.72388119996,1487.1585811999503,10
2014-02-12,336214.64158119995,1487.1585811999503,10
2014-02-13,331591.66128119995,1487.1585811999503,10
2014-02-14,331673.79868119996,1487.1585811999503,10
2014-02-18,333553.9387811999,1487.1585811999503,10
2014-02-19,334844.70148119994,1487.1585811999503,10
2014-02-20,338657.44318119995,1487.1585811999503,10
2014-02-21,344427.0369811999,1487.1585811999503,10
2014-02-24,348383.44318119995,1487.1585811999503,10
2014-02-25,349342.2291811999,1487.1585811999503,10
2014-02-26,347061.41348119994,1487.1585811999503,10
2014-02-28,349799.1411811999,1487.1585811999503,10
2014-03-03,347252.62528119993,1487.1585811999503,10
2014-03-04,349646.45188119996,1487.1585811999503,10
2014-03-05,349731.36798119993,1487.1585811999503,10
2014-03-06,355276.0072811999,1487.1585811999503,10
2014-03-07,347669.08188119996,1487.1585811999503,10
2014-03-10,342363.4388811999,1487.1585811999503,10
2014-03-11,341955.4498811999,1487.1585811999503,10
2014-03-12,345023.41738119995,1487.1585811999503,10
2014-03-13,342304.4731811999,1487.1585811999503,10
2014-03-14,342062.8971811999,1487.1585811999503,10
2014-03-18,342599.87918119994,1487.1585811999503,10
2014-03-19,339429.1397811999,1487.1585811999503,10
2014-03-20,343167.37218119996,1487.1585811999503,10
2014-03-21,346423.60998119996,1487.1585811999503,10
2014-03-24,347904.04828119994,1487.1585811999503,10
2014-03-25,346420.5929811999,1487.1585811999503,10
2014-03-26,347192.23978119995,1487.1585811999503,10
2014-03-27,346794.03728119994,1487.1585811999503,10
2014-03-28,348787.65418119996,1487.1585811999503,10
2014-03-31,351419.4571811999,1487.1585811999503,10
2014-04-01,351015.5183811999,1487.1585811999503,10
2014-04-02,352772.86618119996,1487.1585811999503,10
2014-04-03,353402.4068811999,1487.1585811999503,10
2014-04-04,354344.48078119993,1487.1585811999503,10
2014-04-07,354385.89288119995,1487.1585811999503,10
2014-04-09,355309.76398119994,1487.1585811999503,10
2014-04-10,349866.29488119995,1487.1585811999503,10
2014-04-11,352591.5086811999,1487.1585811999503,10
2014-04-15,352392.72338119993,1487.1585811999503,10
2014-04-16,350517.07918119995,1487.1585811999503,10
2014-04-17,353084.6068811999,1487.1585811999503,10
2014-04-21,356289.1556811999,1487.1585811999503,10
2014-04-22,358188.47978119995,1487.1585811999503,10
2014-04-23,360530.4755811999,1487.1585811999503,10
2014-04-25,356840.27548119996,1487.1585811999503,10
2014-04-28,358460.68968119996,1487.1585811999503,10
2014-04-29,359522.0647811999,1487.1585811999503,10
2014-04-30,356430.7278812,1487.1585811999503,10
2014-05-02,360553.1325811999,1487.1585811999503,10
2014-05-05,353246.01678119996,1487.1585811999503,10
2014-05-06,352527.24798119994,1487.1585811999503,10
2014-05-07,355109.64768119995,1487.1585811999503,10
2014-05-08,356031.2428811999,1487.1585811999503,10
2014-05-09,351859.36838119995,1487.1585811999503,10
2014-05-12,350637.9325811999,1487.1585811999503,10
2014-05-13,352496.30788119993,1487.1585811999503,10
2014-05-14,353146.13328119996,1487.1585811999503,10
2014-05-15,348373.3466811999,1487.1585811999503,10
2014-05-16,345726.7857811999,1487.1585811999503,10
2014-05-19,333055.16839999997,19.48799999995026,10
2014-05-20,335338.40479999996,19.48799999995026,10
2014-05-21,345345.72179999994,19.48799999995026,10
2014-05-22,348358.8474999999,19.48799999995026,10
2014-05-23,350785.345,19.48799999995026,10
2014-05-26,350578.045,19.48799999995026,10
2014-05-27,347125.03549999994,19.48799999995026,10
2014-05-28,350883.3844,19.48799999995026,10
2014-05-29,346347.36419999995,19.48799999995026,10
2014-05-30,349877.48339999997,19.48799999995026,10
2014-06-02,355381.21819999994,19.48799999995026,10
2014-06-03,356301.35199999996,19.48799999995026,10
2014-06-04,358657.02339999995,19.48799999995026,10
2014-06-05,363886.46619999997,19.48799999995026,10
2014-06-06,368437.39639999997,19.48799999995026,10
2014-06-09,375810.7238,19.48799999995026,10
2014-06-10,377050.38769999996,19.48799999995026,10
2014-06-11,378230.63639999996,19.48799999995026,10
2014-06-12,377967.30269999994,19.48799999995026,10
2014-06-13,369697.3022,19.48799999995026,10
2014-06-16,368067.05669999996,19.48799999995026,10
2014-06-17,373596.8359495999,18.146349599948735,10
2014-06-18,371996.0746495999,18.146349599948735,10
2014-06-19,371630.29294959997,18.146349599948735,10
2014-06-20,372364.89154959994,18.146349599948735,10
2014-06-23,376146.95334959996,18.146349599948735,10
2014-06-24,377990.6374496,18.146349599948735,10
2014-06-25,375556.2821495999,18.146349599948735,10
2014-06-26,375785.89904959995,18.146349599948735,10
2014-06-27,377535.52684959996,18.146349599948735,10
2014-06-30,382108.90274959995,18.146349599948735,10
2014-07-01,383983.6339495999,18.146349599948735,10
2014-07-02,390875.41154959996,18.146349599948735,10
2014-07-03,392717.38654959993,18.146349599948735,10
2014-07-04,391603.7366495999,18.146349599948735,10
2014-07-07,392670.45404959994,18.146349599948735,10
2014-07-08,378898.3839495999,18.146349599948735,10
2014-07-09,377784.53274959995,18.146349599948735,10
2014-07-10,379014.6910495999,18.146349599948735,10
2014-07-11,370148.9435495999,18.146349599948735,10
2014-07-14,366261.14894959994,18.146349599948735,10
2014-07-15,372160.5612495999,18.146349599948735,10
2014-07-16,378325.52134959993,18.146349599948735,10
2014-07-17,389270.56824959995,18.146349599948735,10
2014-07-18,388631.95814959996,18.146349599948735,10
2014-07-21,389877.61334959994,18.146349599948735,10
2014-07-22,398318.09984959994,18.146349599948735,10
2014-07-23,401602.20274959994,18.146349599948735,10
2014-07-24,401395.4327495999,18.146349599948735,10
2014-07-25,405409.7413495999,18.146349599948735,10
2014-07-28,405601.56694959995,18.146349599948735,10
2014-07-30,404419.3348495999,18.146349599948735,10
2014-07-31,403707.08664959995,18.146349599948735,10
2014-08-01,396713.3382495999,18.146349599948735,10
2014-08-04,401290.0834495999,18.146349599948735,10
2014-08-05,405425.17724959995,18.146349599948735,10
2014-08-06,416821.40484959993,18.146349599948735,10
2014-08-07,413791.75834959996,18.146349599948735,10
2014-08-08,403914.78994959994,18.146349599948735,10
2014-08-11,411349.5555495999,18.146349599948735,10
2014-08-12,413932.50654959993,18.146349599948735,10
2014-08-13,412571.53524959995,18.146349599948735,10
2014-08-14,414801.6645495999,18.146349599948735,10
2014-08-18,422897.30814959994,18.146349599948735,10
2014-08-19,428470.49604959995,18.146349599948735,10
2014-08-20,428305.4303495999,18.146349599948735,10
2014-08-21,430265.85744959995,18.146349599948735,10
2014-08-22,431965.0034495999,18.146349599948735,10
2014-08-25,437040.35504959995,18.146349599948735,10
2014-08-26,431521.19564959995,18.146349599948735,10
2014-08-27,430571.92094959994,18.146349599948735,10
2014-08-28,431506.9680495999,18.146349599948735,10
2014-09-01,443184.00674959994,18.146349599948735,10
2014-09-02,444496.71184959996,18.146349599948735,10
2014-09-03,450193.2684496,18.146349599948735,10
2014-09-04,451676.48884959996,18.146349599948735,10
2014-09-05,453203.11094959994,18.146349599948735,10
2014-09-08,460210.46424959996,18.146349599948735,10
2014-09-09,471347.48364959995,18.146349599948735,10
2014-09-10,467813.0243495999,18.146349599948735,10
2014-09-11,469856.28234959993,18.146349599948735,10
2014-09-12,473125.7539495999,18.146349599948735,10
2014-09-15,478669.63314959995,18.146349599948735,10
2014-09-16,466707.57574959996,18.146349599948735,10
2014-09-17,463767.26884959993,18.146349599948735,10
2014-09-18,466379.6201495999,18.146349599948735,10
2014-09-19,475032.94664959994,18.146349599948735,10
2014-09-22,475363.05734959996,18.146349599948735,10
2014-09-23,466037.9426496,18.146349599948735,10
2014-09-24,456405.49944959994,18.146349599948735,10
2014-09-25,449691.9240495999,18.146349599948735,10
2014-09-26,451565.13164959993,18.146349599948735,10
2014-09-29,456149.58054959995,18.146349599948735,10
2014-09-30,461431.41094959993,18.146349599948735,10
2014-10-01,459625.61574959994,18.146349599948735,10
2014-10-07,455157.8947495999,18.146349599948735,10
2014-10-08,450260.66164959996,18.146349599948735,10
2014-10-09,459359.70904959994,18.146349599948735,10
2014-10-10,451613.26634959993,18.146349599948735,10
2014-10-13,450720.14794959995,18.146349599948735,10
2014-10-14,448103.9375495999,18.146349599948735,10
2014-10-16,436771.08174959995,18.146349599948735,10
2014-10-17,426630.7894424,27211.376142399946,10
2014-10-20,428149.8678424,27211.376142399946,10
2014-10-21,431241.98124239995,27211.376142399946,10
2014-10-22,437080.4340424,27211.376142399946,10
2014-10-27,440939.33694239997,27211.376142399946,10
2014-10-28,443563.32064239995,27211.376142399946,10
2014-10-29,446748.5743424,27211.376142399946,10
2014-10-30,451393.75784239994,27211.376142399946,10
2014-10-31,453528.1066424,27211.376142399946,10
2014-11-03,454724.98734239995,27211.376142399946,10
2014-11-05,451358.00814239995,27211.376142399946,10
2014-11-07,452309.82564239996,27211.376142399946,10
2014-11-10,447891.12444239995,27211.376142399946,10
2014-11-11,447758.91004239995,27211.376142399946,10
2014-11-12,447854.89994239993,27211.376142399946,10
2014-11-13,445583.37224239996,27211.376142399946,10
2014-11-14,444098.7540424,27211.376142399946,10
2014-11-17,443754.4105276,6370.665127599954,10
2014-11-18,445048.4291275999,6370.665127599954,10
2014-11-19,443691.9500276,6370.665127599954,10
2014-11-20,442683.57422759995,6370.665127599954,10
2014-11-21,437846.62462759996,6370.665127599954,10
2014-11-24,436285.6753276,6370.665127599954,10
2014-11-25,431202.6458276,6370.665127599954,10
2014-11-26,437243.8689276,6370.665127599954,10
2014-11-27,442165.4194276,6370.665127599954,10
2014-11-28,448210.21782759996,6370.665127599954,10
2014-12-01,452845.8394276,6370.665127599954,10
2014-12-02,452648.4669276,6370.665127599954,10
2014-12-03,459488.4426276,6370.665127599954,10
2014-12-04,467339.81812759995,6370.665127599954,10
2014-12-05,465647.43812759995,6370.665127599954,10
2014-12-08,460376.4656276,6370.665127599954,10
2014-12-09,450545.58412759996,6370.665127599954,10
2014-12-10,451056.22292759997,6370.665127599954,10
2014-12-11,445691.08922759996,6370.665127599954,10
2014-12-12,446394.0245276,6370.665127599954,10
2014-12-15,439395.68692759995,6370.665127599954,10
2014-12-16,426365.38482639997,2481.4837263999507,10
2014-12-17,420744.03272639995,2481.4837263999507,10
2014-12-18,424070.94812639995,2481.4837263999507,10
2014-12-19,431749.8838264,2481.4837263999507,10
2014-12-22,434648.6937951999,21075.258195199953,10
2014-12-23,437266.45549519995,21075.258195199953,10
2014-12-24,437702.95919519995,21075.258195199953,10
2014-12-26,435869.96189519996,21075.258195199953,10
2014-12-29,440655.6250951999,21075.258195199953,10
2014-12-30,443928.0960952,21075.258195199953,10
2014-12-31,444575.2969951999,21075.258195199953,10
2015-01-02,450881.46629519993,21075.258195199953,10
2015-01-05,445963.23399519996,21075.258195199953,10
2015-01-06,435886.16509519995,21075.258195199953,10
2015-01-07,437015.16909519996,21075.258195199953,10
2015-01-08,447322.14809519995,21075.258195199953,10
2015-01-09,447367.5810951999,21075.258195199953,10
2015-01-12,447339.66299519996,21075.258195199953,10
2015-01-13,451712.7968951999,21075.258195199953,10
2015-01-14,449418.24469519994,21075.258195199953,10
2015-01-15,449257.08319519996,21075.258195199953,10
2015-01-16,452219.09399519995,21075.258195199953,10
2015-01-19,450794.21419519995,21075.258195199953,10
2015-01-20,450517.4929951999,21075.258195199953,10
2015-01-21,449377.0615951999,21075.258195199953,10
2015-01-22,453411.42639519996,21075.258195199953,10
2015-01-23,448633.61969519994,21075.258195199953,10
2015-01-27,450643.53979519993,21075.258195199953,10
2015-01-28,451023.46049519995,21075.258195199953,10
2015-01-29,448103.49219519994,21075.258195199953,10
2015-01-30,445930.3141951999,21075.258195199953,10
2015-02-02,443611.31839519995,21075.258195199953,10
2015-02-03,442242.98839519994,21075.258195199953,10
2015-02-04,442124.08409519994,21075.258195199953,10
2015-02-05,439337.9872983999,13107.587398399955,10
2015-02-06,434244.02489839995,13107.587398399955,10
2015-02-09,431934.9164824,2402.5939823999506,10
2015-02-10,442916.63498239993,2402.5939823999506,10
2015-02-11,449716.70148239995,2402.5939823999506,10
2015-02-12,449740.3923824,2402.5939823999506,10
2015-02-13,454438.99188239995,2402.5939823999506,10
2015-02-16,456503.6211824,2402.5939823999506,10
2015-02-18,459197.9620824,2402.5939823999506,10
2015-02-19,455083.8049824,2402.5939823999506,10
2015-02-20,452564.24898239993,2402.5939823999506,10
2015-02-23,456212.8012824,2402.5939823999506,10
2015-02-24,457871.08548239997,2402.5939823999506,10
2015-02-25,459019.67438239994,2402.5939823999506,10
2015-02-26,451519.3372824,2402.5939823999506,10
2015-02-27,459009.0969824,2402.5939823999506,10
2015-03-02,460725.19008239993,2402.5939823999506,10
2015-03-03,465552.0538823999,2402.5939823999506,10
2015-03-04,463340.8808824,2402.5939823999506,10
2015-03-05,462010.35738239996,2402.5939823999506,10
2015-03-09,455211.3894824,2402.5939823999506,10
2015-03-10,455939.22128239996,2402.5939823999506,10
2015-03-11,455078.1742824,2402.5939823999506,10
2015-03-12,461689.2830824,2402.5939823999506,10
2015-03-13,453047.57528239995,2402.5939823999506,10
2015-03-16,449491.27268239995,2402.5939823999506,10
2015-03-17,452666.24318239995,2402.5939823999506,10
2015-03-18,451441.90398239996,2402.5939823999506,10
2015-03-19,448919.60088239994,2402.5939823999506,10
2015-03-20,443010.65685439995,11419.14835439995,10
2015-03-23,439074.3157543999,11419.14835439995,10
2015-03-24,436969.9649543999,11419.14835439995,10
2015-03-25,435934.55925439997,11419.14835439995,10
2015-03-26,433274.09008319996,5760.310783199944,10
2015-03-27,429907.61348319997,5760.310783199944,10
2015-03-30,433666.21398319997,5760.310783199944,10
2015-03-31,435643.55788319994,5760.310783199944,10
2015-04-01,439613.8544832,5760.310783199944,10
2015-04-06,447682.8233832,5760.310783199944,10
2015-04-07,449133.62448319996,5760.310783199944,10
2015-04-08,459924.7155832,5760.310783199944,10
2015-04-09,456749.8035832,5760.310783199944,10
2015-04-10,459202.57258319994,5760.310783199944,10
2015-04-13,468583.68548319995,5760.310783199944,10
2015-04-16,458721.9691832,5760.310783199944,10
2015-04-17,450087.3909832,5760.310783199944,10
2015-04-20,445984.5010832,5760.310783199944,10
2015-04-21,448173.96748319996,5760.310783199944,10
2015-04-22,450596.38408319996,5760.310783199944,10
2015-04-23,450048.73588319996,5760.310783199944,10
2015-04-24,441856.1417832,5760.310783199944,10
2015-04-27,429978.14768319996,5760.310783199944,10
2015-04-28,434477.45878319995,5760.310783199944,10
2015-04-29,438554.2366832,5760.310783199944,10
2015-04-30,438051.05718319997,5760.310783199944,10
2015-05-04,441338.2976832,5760.310783199944,10
2015-05-05,447897.56398319994,5760.310783199944,10
2015-05-06,438182.71458319994,5760.310783199944,10
2015-05-07,431867.6381191999,56560.43521919995,9
2015-05-08,432551.0417192,56560.43521919995,9
2015-05-11,436962.32730919996,12951.040109199952,10
2015-05-12,435373.7370091999,12951.040109199952,10
2015-05-13,437468.70070919994,12951.040109199952,10
2015-05-14,439732.7968091999,12951.040109199952,10
2015-05-15,438647.23650919995,12951.040109199952,10
2015-05-18,442707.6881091999,12951.040109199952,10
2015-05-19,443269.33060919994,12951.040109199952,10
2015-05-20,446323.4856091999,12951.040109199952,10
2015-05-21,446227.24850919994,12951.040109199952,10
2015-05-22,446631.31870919996,12951.040109199952,10
2015-05-25,444645.31080919993,12951.040109199952,10
2015-05-26,443533.57580919995,12951.040109199952,10
2015-05-27,444550.05380919995,12951.040109199952,10
2015-05-28,443892.88080919994,12951.040109199952,10
2015-05-29,449565.1524091999,12951.040109199952,10
2015-06-01,450090.15900919994,12951.040109199952,10
2015-06-02,440817.7409091999,12951.040109199952,10
2015-06-03,431941.26910919993,12951.040109199952,10
2015-06-04,433410.15810919995,12951.040109199952,10
2015-06-05,433706.9343091999,12951.040109199952,10
2015-06-08,431284.0790091999,12951.040109199952,10
2015-06-09,432520.4035091999,12951.040109199952,10
2015-06-10,434557.69774999993,58674.850149999955,9
2015-06-11,426615.79944999993,58674.850149999955,9
2015-06-12,426098.29964999994,58674.850149999955,9
2015-06-15,425523.05583559995,90494.58863559995,8
2015-06-16,428208.82423559995,90494.58863559995,8
2015-06-17,435007.22013559996,90494.58863559995,8
2015-06-18,439771.78373559995,90494.58863559995,8
2015-06-19,439795.61683559994,90494.58863559995,8
2015-06-22,443367.35185239994,1858.9879523999552,10
2015-06-23,445630.4936523999,1858.9879523999552,10
2015-06-24,440055.74465239997,1858.9879523999552,10
2015-06-25,439454.97445239994,1858.9879523999552,10
2015-06-26,440818.61535239994,1858.9879523999552,10
2015-06-29,434375.54845239996,1858.9879523999552,10
2015-06-30,438052.26535239996,1858.9879523999552,10
2015-07-01,438808.58225239994,1858.9879523999552,10
2015-07-02,440025.78945239994,1858.9879523999552,10
2015-07-03,442953.8168523999,1858.9879523999552,10
2015-07-06,444775.55675239995,1858.9879523999552,10
2015-07-07,446037.8994523999,1858.9879523999552,10
2015-07-08,444642.41335239995,1858.9879523999552,10
2015-07-09,441783.67815239995,1858.9879523999552,10
2015-07-10,443258.12435239996,1858.9879523999552,10
2015-07-13,447857.04595239996,1858.9879523999552,10
2015-07-14,446950.17055239994,1858.9879523999552,10
2015-07-15,449697.3734523999,1858.9879523999552,10
2015-07-16,453214.3976523999,1858.9879523999552,10
2015-07-17,455854.42475239997,1858.9879523999552,10
2015-07-20,456001.57755239995,1858.9879523999552,10
2015-07-21,452730.84435239993,1858.9879523999552,10
2015-07-22,453025.3891523999,1858.9879523999552,10
2015-07-23,453175.98675239994,1858.9879523999552,10
2015-07-24,453557.3562524,1858.9879523999552,10
2015-07-27,448462.77715239994,1858.9879523999552,10
2015-07-28,446937.63765239995,1858.9879523999552,10
2015-07-29,451663.9775067999,25920.466906799957,9
2015-07-30,454988.29203479993,27.263734799955273,10
2015-07-31,456874.7139348,27.263734799955273,10
2015-08-03,461259.8751348,27.263734799955273,10
2015-08-04,461238.39433479996,27.263734799955273,10
2015-08-05,468822.48603479995,27.263734799955273,10
2015-08-06,468759.99733479996,27.263734799955273,10
2015-08-07,474623.5674348,27.263734799955273,10
2015-08-10,475022.36103479995,27.263734799955273,10
2015-08-11,472691.03113479994,27.263734799955273,10
2015-08-12,459753.23033479997,27.263734799955273,10
2015-08-13,462278.5399347999,27.263734799955273,10
2015-08-14,470733.37063479994,27.263734799955273,10
2015-08-17,468271.00043479993,27.263734799955273,10
2015-08-18,474074.1997347999,27.263734799955273,10
2015-08-19,478574.55463479995,27.263734799955273,10
2015-08-20,475013.3084348,27.263734799955273,10
2015-08-21,474594.8285348,27.263734799955273,10
2015-08-24,443576.8997804,54110.251580399956,8
2015-08-25,446608.9916804,54110.251580399956,8
2015-08-26,444482.4667803999,54110.251580399956,8
2015-08-27,445256.6485803999,54110.251580399956,8
2015-08-28,448546.2611803999,54110.251580399956,8
2015-08-31,450349.4081803999,54110.251580399956,8
2015-09-01,440984.3156316,91571.09363159996,7
2015-09-02,438806.5409012,132682.27110119996,6
2015-09-03,443468.20980119996,132682.27110119996,6
2015-09-04,436809.20820119994,132682.27110119996,6
2015-09-07,431800.49459519994,431800.49459519994,0
2015-09-08,431800.49459519994,431800.49459519994,0
2015-09-09,431800.49459519994,431800.49459519994,0
2015-09-10,431800.49459519994,431800.49459519994,0
2015-09-11,431800.49459519994,431800.49459519994,0
2015-09-14,431800.49459519994,431800.49459519994,0
2015-09-15,431800.49459519994,431800.49459519994,0
2015-09-16,431800.49459519994,431800.49459519994,0
2015-09-18,431800.49459519994,431800.49459519994,0
2015-09-21,431800.49459519994,431800.49459519994,0
2015-09-22,431800.49459519994,431800.49459519994,0
2015-09-23,431800.49459519994,431800.49459519994,0
2015-09-24,431800.49459519994,431800.49459519994,0
2015-09-28,431800.49459519994,431800.49459519994,0
2015-09-29,431800.49459519994,431800.49459519994,0
2015-09-30,431800.49459519994,431800.49459519994,0
2015-10-01,431800.49459519994,431800.49459519994,0
2015-10-05,431800.49459519994,431800.49459519994,0
2015-10-06,431800.49459519994,431800.49459519994,0
2015-10-07,431800.49459519994,431800.49459519994,0
2015-10-08,431800.49459519994,431800.49459519994,0
2015-10-09,431800.49459519994,431800.49459519994,0
2015-10-12,431800.49459519994,431800.49459519994,0
2015-10-13,431800.49459519994,431800.49459519994,0
2015-10-14,431800.49459519994,431800.49459519994,0
2015-10-15,431800.49459519994,431800.49459519994,0
2015-10-16,431800.49459519994,431800.49459519994,0
2015-10-19,431800.49459519994,431800.49459519994,0
2015-10-20,431800.49459519994,431800.49459519994,0
2015-10-21,431800.49459519994,431800.49459519994,0
2015-10-23,431800.49459519994,431800.49459519994,0
2015-10-26,431800.49459519994,431800.49459519994,0
2015-10-27,431800.49459519994,431800.49459519994,0
2015-10-28,431800.49459519994,431800.49459519994,0
2015-10-29,431800.49459519994,431800.49459519994,0
2015-10-30,431800.49459519994,431800.49459519994,0
2015-11-02,431800.49459519994,431800.49459519994,0
2015-11-03,431800.49459519994,431800.49459519994,0
2015-11-04,431800.49459519994,431800.49459519994,0
2015-11-05,431800.49459519994,431800.49459519994,0
2015-11-06,431800.49459519994,431800.49459519994,0
2015-11-09,431800.49459519994,431800.49459519994,0
2015-11-10,431800.49459519994,431800.49459519994,0
2015-11-13,431800.49459519994,431800.49459519994,0
2015-11-16,431800.49459519994,431800.49459519994,0
2015-11-17,431800.49459519994,431800.49459519994,0
2015-11-18,431800.49459519994,431800.49459519994,0
2015-11-19,431800.49459519994,431800.49459519994,0
2015-11-20,431800.49459519994,431800.49459519994,0
2015-11-23,431800.49459519994,431800.49459519994,0
2015-11-24,431800.49459519994,431800.49459519994,0
2015-11-26,431800.49459519994,431800.49459519994,0
2015-11-27,431800.49459519994,431800.49459519994,0
2015-11-30,431800.49459519994,431800.49459519994,0
2015-12-01,431800.49459519994,431800.49459519994,0
2015-12-02,431800.49459519994,431800.49459519994,0
2015-12-03,431800.49459519994,431800.49459519994,0
2015-12-04,431800.49459519994,431800.49459519994,0
2015-12-07,431800.49459519994,431800.49459519994,0
2015-12-08,431800.49459519994,431800.49459519994,0
2015-12-09,431800.49459519994,431800.49459519994,0
2015-12-10,431800.49459519994,431800.49459519994,0
2015-12-11,431800.49459519994,431800.49459519994,0
2015-12-14,431800.49459519994,431800.49459519994,0
2015-12-15,431800.49459519994,431800.49459519994,0
2015-12-16,431800.49459519994,431800.49459519994,0
2015-12-17,431800.49459519994,431800.49459519994,0
2015-12-18,431800.49459519994,431800.49459519994,0
2015-12-21,431800.49459519994,431800.49459519994,0
2015-12-22,431800.49459519994,431800.49459519994,0
2015-12-23,431800.49459519994,431800.49459519994,0
2015-12-24,431800.49459519994,431800.49459519994,0
2015-12-28,431800.49459519994,431800.49459519994,0
2015-12-29,431800.49459519994,431800.49459519994,0
2015-12-30,431800.49459519994,431800.49459519994,0
2015-12-31,431800.49459519994,431800.49459519994,0
2016-01-04,431800.49459519994,431800.49459519994,0
2016-01-05,431800.49459519994,431800.49459519994,0
2016-01-06,431800.49459519994,431800.49459519994,0
2016-01-07,431800.49459519994,431800.49459519994,0
2016-01-08,431800.49459519994,431800.49459519994,0
2016-01-11,431800.49459519994,431800.49459519994,0
2016-01-12,431800.49459519994,431800.49459519994,0
2016-01-13,431800.49459519994,431800.49459519994,0
2016-01-14,431800.49459519994,431800.49459519994,0
2016-01-15,431800.49459519994,431800.49459519994,0
2016-01-18,431800.49459519994,431800.49459519994,0
2016-01-19,431800.49459519994,431800.49459519994,0
2016-01-20,431800.49459519994,431800.49459519994,0
2016-01-21,431800.49459519994,431800.49459519994,0
2016-01-22,431800.49459519994,431800.49459519994,0
2016-01-25,431800.49459519994,431800.49459519994,0
2016-01-27,431800.49459519994,431800.49459519994,0
2016-01-28,431800.49459519994,431800.49459519994,0
2016-01-29,431800.49459519994,431800.49459519994,0
2016-02-01,431800.49459519994,431800.49459519994,0
2016-02-02,431800.49459519994,431800.49459519994,0
2016-02-03,431800.49459519994,431800.49459519994,0
2016-02-04,431800.49459519994,431800.49459519994,0
2016-02-05,431800.49459519994,431800.49459519994,0
2016-02-08,431800.49459519994,431800.49459519994,0
2016-02-09,431800.49459519994,431800.49459519994,0
2016-02-10,431800.49459519994,431800.49459519994,0
2016-02-11,431800.49459519994,431800.49459519994,0
2016-02-12,431800.49459519994,431800.49459519994,0
2016-02-15,431800.49459519994,431800.49459519994,0
2016-02-16,431800.49459519994,431800.49459519994,0
2016-02-17,431800.49459519994,431800.49459519994,0
2016-02-18,431800.49459519994,431800.49459519994,0
2016-02-19,431800.49459519994,431800.49459519994,0
2016-02-22,431800.49459519994,431800.49459519994,0
2016-02-23,431800.49459519994,431800.49459519994,0
2016-02-24,431800.49459519994,431800.49459519994,0
2016-02-25,431800.49459519994,431800.49459519994,0
2016-02-26,431800.49459519994,431800.49459519994,0
2016-02-29,431800.49459519994,431800.49459519994,0
2016-03-01,431800.49459519994,431800.49459519994,0
2016-03-02,431800.49459519994,431800.49459519994,0
2016-03-03,431800.49459519994,431800.49459519994,0
2016-03-04,431800.49459519994,431800.49459519994,0
2016-03-08,431800.49459519994,431800.49459519994,0
2016-03-09,431800.49459519994,431800.49459519994,0
2016-03-10,431800.49459519994,431800.49459519994,0
2016-03-11,431800.49459519994,431800.49459519994,0
2016-03-14,431800.49459519994,431800.49459519994,0
2016-03-15,431800.49459519994,431800.49459519994,0
2016-03-16,431800.49459519994,431800.49459519994,0
2016-03-17,431800.49459519994,431800.49459519994,0
2016-03-18,431800.49459519994,431800.49459519994,0
2016-03-21,431800.49459519994,431800.49459519994,0
2016-03-22,431800.49459519994,431800.49459519994,0
2016-03-23,431800.49459519994,431800.49459519994,0
2016-03-28,431800.49459519994,431800.49459519994,0
2016-03-29,431800.49459519994,431800.49459519994,0
2016-03-30,431800.49459519994,431800.49459519994,0
2016-03-31,431800.49459519994,431800.49459519994,0
2016-04-01,431800.49459519994,431800.49459519994,0
2016-04-04,431800.49459519994,431800.49459519994,0
2016-04-05,431800.49459519994,431800.49459519994,0
2016-04-06,431800.49459519994,431800.49459519994,0
2016-04-07,431800.49459519994,431800.49459519994,0
2016-04-08,431800.49459519994,431800.49459519994,0
2016-04-11,431800.49459519994,431800.49459519994,0
2016-04-12,431800.49459519994,431800.49459519994,0
2016-04-13,431800.49459519994,431800.49459519994,0
2016-04-18,431800.49459519994,431800.49459519994,0
2016-04-20,431800.49459519994,431800.49459519994,0
2016-04-21,431800.49459519994,431800.49459519994,0
2016-04-22,431800.49459519994,431800.49459519994,0
2016-04-25,431800.49459519994,431800.49459519994,0
2016-04-26,431800.49459519994,431800.49459519994,0
2016-04-27,431800.49459519994,431800.49459519994,0
2016-04-28,431800.49459519994,431800.49459519994,0
2016-04-29,431800.49459519994,431800.49459519994,0
2016-05-02,431800.49459519994,431800.49459519994,0
2016-05-03,431800.49459519994,431800.49459519994,0
2016-05-04,431800.49459519994,431800.49459519994,0
2016-05-05,431800.49459519994,431800.49459519994,0
2016-05-06,431800.49459519994,431800.49459519994,0
2016-05-09,431800.49459519994,431800.49459519994,0
2016-05-10,431800.49459519994,431800.49459519994,0
2016-05-11,431800.49459519994,431800.49459519994,0
2016-05-12,431800.49459519994,431800.49459519994,0
2016-05-13,431800.49459519994,431800.49459519994,0
2016-05-16,431800.49459519994,431800.49459519994,0
2016-05-17,431800.49459519994,431800.49459519994,0
2016-05-18,431800.49459519994,431800.49459519994,0
2016-05-19,431800.49459519994,431800.49459519994,0
2016-05-20,431800.49459519994,431800.49459519994,0
2016-05-23,431800.49459519994,431800.49459519994,0
2016-05-24,431800.49459519994,431800.49459519994,0
2016-05-25,431800.49459519994,431800.49459519994,0
2016-05-26,431800.49459519994,431800.49459519994,0
2016-05-27,431800.49459519994,431800.49459519994,0
2016-05-30,431800.49459519994,431800.49459519994,0
2016-05-31,431800.49459519994,431800.49459519994,0
2016-06-01,431800.49459519994,431800.49459519994,0
2016-06-02,431800.49459519994,431800.49459519994,0
2016-06-03,431800.49459519994,431800.49459519994,0
2016-06-06,431800.49459519994,431800.49459519994,0
2016-06-07,431800.49459519994,431800.49459519994,0
2016-06-08,431800.49459519994,431800.49459519994,0
2016-06-09,431800.49459519994,431800.49459519994,0
2016-06-10,431800.49459519994,431800.49459519994,0
2016-06-13,431800.49459519994,431800.49459519994,0
2016-06-14,431800.49459519994,431800.49459519994,0
2016-06-15,431800.49459519994,431800.49459519994,0
2016-06-16,431800.49459519994,431800.49459519994,0
2016-06-17,431800.49459519994,431800.49459519994,0
2016-06-20,431800.49459519994,431800.49459519994,0
2016-06-21,431800.49459519994,431800.49459519994,0
2016-06-22,431800.49459519994,431800.49459519994,0
2016-06-23,431800.49459519994,431800.49459519994,0
2016-06-24,431800.49459519994,431800.49459519994,0
2016-06-27,431800.49459519994,431800.49459519994,0
2016-06-28,431800.49459519994,431800.49459519994,0
2016-06-29,431800.49459519994,431800.49459519994,0
2016-06-30,431800.49459519994,431800.49459519994,0
2016-07-01,430085.4614075999,1327.1645075998895,10
2016-07-04,427376.1440075999,1327.1645075998895,10
2016-07-05,423024.08560759993,1327.1645075998895,10
2016-07-07,421544.4039075999,1327.1645075998895,10
2016-07-08,418566.2516075999,1327.1645075998895,10
2016-07-11,425245.6188075999,1327.1645075998895,10
2016-07-12,424891.4617075999,1327.1645075998895,10
2016-07-13,424176.0163075999,1327.1645075998895,10
2016-07-14,427632.90060759994,1327.1645075998895,10
2016-07-15,430485.0897075999,1327.1645075998895,10
2016-07-18,427127.4654075999,1327.1645075998895,10
2016-07-19,429435.4070075999,1327.1645075998895,10
2016-07-20,436273.9766075999,1327.1645075998895,10
2016-07-21,433105.7182075999,1327.1645075998895,10
2016-07-22,435090.0330075999,1327.1645075998895,10
2016-07-25,439911.18360759993,1327.1645075998895,10
2016-07-26,444636.4108075999,1327.1645075998895,10
2016-07-27,449224.67730759986,1327.1645075998895,10
2016-07-28,457117.1554075999,1327.1645075998895,10
2016-07-29,459960.8393075999,1327.1645075998895,10
2016-08-01,463200.7420075999,1327.1645075998895,10
2016-08-02,462780.3792075999,1327.1645075998895,10
2016-08-03,456959.9896075999,1327.1645075998895,10
2016-08-04,452816.5053075999,1327.1645075998895,10
2016-08-05,457642.4135075999,1327.1645075998895,10
2016-08-08,460078.6729075999,1327.1645075998895,10
2016-08-09,457852.7128075999,1327.1645075998895,10
2016-08-10,454030.4133075999,1327.1645075998895,10
2016-08-11,454835.6801075999,1327.1645075998895,10
2016-08-16,455887.0556075999,1327.1645075998895,10
2016-08-17,456388.5919075999,1327.1645075998895,10
2016-08-18,463391.3347075999,1327.1645075998895,10
2016-08-19,465787.7317075999,1327.1645075998895,10
2016-08-22,473700.3413075999,1327.1645075998895,10
2016-08-23,471509.5470075999,1327.1645075998895,10
2016-08-24,474205.0783075999,1327.1645075998895,10
2016-08-25,476297.9909075999,1327.1645075998895,10
2016-08-26,476367.6462075999,1327.1645075998895,10
2016-08-29,476990.25330759987,1327.1645075998895,10
2016-08-30,481678.5654075999,1327.1645075998895,10
2016-08-31,488251.8498075999,1327.1645075998895,10
2016-09-01,493979.05270759994,1327.1645075998895,10
2016-09-02,495101.2629075999,1327.1645075998895,10
2016-09-06,497913.2622075999,1327.1645075998895,10
2016-09-07,497903.6425075999,1327.1645075998895,10
2016-09-08,507115.0364075999,1327.1645075998895,10
2016-09-09,502240.9994075999,1327.1645075998895,10
2016-09-12,484538.4107075999,1327.1645075998895,10
2016-09-14,488915.5700075999,1327.1645075998895,10
2016-09-15,488370.1554075999,1327.1645075998895,10
2016-09-16,490482.5250075999,1327.1645075998895,10
2016-09-19,488965.0375075999,1327.1645075998895,10
2016-09-20,485633.8857075999,1327.1645075998895,10
2016-09-21,482870.2260075999,1327.1645075998895,10
2016-09-22,492042.3127075999,1327.1645075998895,10
2016-09-23,489028.1423075999,1327.1645075998895,10
2016-09-26,483559.7442075999,1327.1645075998895,10
2016-09-27,480803.8947075999,1327.1645075998895,10
2016-09-28,484511.9817075999,1327.1645075998895,10
2016-09-29,468791.9757075999,1327.1645075998895,10
2016-09-30,477257.5894075999,1327.1645075998895,10
2016-10-03,487484.62110759993,1327.1645075998895,10
2016-10-04,493828.3315075999,1327.1645075998895,10
2016-10-05,498717.0741075999,1327.1645075998895,10
2016-10-06,500258.7694075999,1327.1645075998895,10
2016-10-07,497338.6479075999,1327.1645075998895,10
2016-10-10,496418.71050759987,1327.1645075998895,10
2016-10-13,490143.6915075999,1327.1645075998895,10
2016-10-14,498004.8863075999,1327.1645075998895,10
2016-10-17,496407.7660075999,1327.1645075998895,10
2016-10-18,502512.5416075999,1327.1645075998895,10
2016-10-19,508708.1643075999,1327.1645075998895,10
2016-10-20,512749.4220075999,1327.1645075998895,10
2016-10-21,511664.07070759987,1327.1645075998895,10
2016-10-24,511004.3004075999,1327.1645075998895,10
2016-10-25,512304.9982075999,1327.1645075998895,10
2016-10-26,509764.1205075999,1327.1645075998895,10
2016-10-27,503782.7141075999,1327.1645075998895,10
2016-10-28,508535.9301075999,1327.1645075998895,10
2016-11-01,509754.5502075999,1327.1645075998895,10
2016-11-02,497909.4709075999,1327.1645075998895,10
2016-11-03,494511.6662075999,1327.1645075998895,10
2016-11-04,488772.9771075999,1327.1645075998895,10
2016-11-07,493594.7307075999,1327.1645075998895,10
2016-11-08,495900.0357075999,1327.1645075998895,10
2016-11-09,487154.44822119985,1474.193521199879,10
2016-11-10,494127.46512119984,1474.193521199879,10
2016-11-11,478451.8498091999,2443.964409199878,10
2016-11-15,455150.5989007999,82704.75900079988,8
2016-11-16,452578.3406007999,82704.75900079988,8
2016-11-17,449637.1720007999,82704.75900079988,8
2016-11-18,454419.47810079984,128296.80840079987,7
2016-11-21,445000.0605007999,128296.80840079987,7
2016-11-22,445451.3002007999,128296.80840079987,7
2016-11-23,443319.31390079984,128296.80840079987,7
2016-11-24,445761.6200007999,128296.80840079987,7
2016-11-25,451948.3642007999,128296.80840079987,7
2016-11-28,453358.99830079987,128296.80840079987,7
2016-11-29,454524.61900079984,128296.80840079987,7
2016-11-30,455657.6581079999,349.18370799987315,10
2016-12-01,455506.0386079999,349.18370799987315,10
2016-12-02,451905.2510079999,349.18370799987315,10
2016-12-05,456419.9815079999,349.18370799987315,10
2016-12-06,460000.0074079999,349.18370799987315,10
2016-12-07,456676.3813079999,349.18370799987315,10
2016-12-08,460554.0731079999,349.18370799987315,10
2016-12-09,462194.2485079999,349.18370799987315,10
2016-12-12,458288.58230799984,349.18370799987315,10
2016-12-13,470958.36230799987,349.18370799987315,10
2016-12-14,454204.5750079999,349.18370799987315,10
2016-12-15,460139.7566079999,349.18370799987315,10
2016-12-16,463980.19030799984,349.18370799987315,10
2016-12-19,450609.12800799985,349.18370799987315,10
2016-12-20,452864.0626079999,349.18370799987315,10
2016-12-21,452970.51290799986,349.18370799987315,10
2016-12-22,444775.69800799986,349.18370799987315,10
2016-12-23,441439.1437375999,53335.10643759987,9
2016-12-26,436991.7344963999,89256.90249639987,8
2016-12-27,440341.6011963999,89256.90249639987,8
2016-12-28,439866.1005963999,89256.90249639987,8
2016-12-29,441550.61519639986,89256.90249639987,8
2016-12-30,447240.5819963999,89256.90249639987,8
2017-01-02,448895.7443963999,89256.90249639987,8
2017-01-03,455631.2044963999,89256.90249639987,8
2017-01-04,454190.5243963999,89256.90249639987,8
2017-01-05,459626.9849167998,28.51601679986925,10
2017-01-06,458334.64161679987,28.51601679986925,10
2017-01-09,460172.3059167998,28.51601679986925,10
2017-01-10,462599.15711679985,28.51601679986925,10
2017-01-11,464957.6197167998,28.51601679986925,10
2017-01-12,465437.2343167999,28.51601679986925,10
2017-01-13,469084.7005167998,28.51601679986925,10
2017-01-16,470599.3602167999,28.51601679986925,10
2017-01-17,471034.07521679986,28.51601679986925,10
2017-01-18,468450.5731167998,28.51601679986925,10
2017-01-19,474278.9939167999,28.51601679986925,10
2017-01-20,469941.1328167999,28.51601679986925,10
2017-01-23,475667.8408167999,28.51601679986925,10
2017-01-24,480115.98331679986,28.51601679986925,10
2017-01-25,489313.2319167999,28.51601679986925,10
2017-01-27,490739.4442167999,28.51601679986925,10
2017-01-30,484258.9455167999,28.51601679986925,10
2017-01-31,479130.02121679985,28.51601679986925,10
2017-02-01,487296.26161679986,28.51601679986925,10
2017-02-02,492502.5337167998,28.51601679986925,10
2017-02-03,496165.39141679986,28.51601679986925,10
2017-02-06,504114.4081167999,28.51601679986925,10
2017-02-07,501429.29061679984,28.51601679986925,10
2017-02-08,499015.9493167999,28.51601679986925,10
2017-02-09,499155.0084167998,28.51601679986925,10
2017-02-10,502509.4074167998,28.51601679986925,10
2017-02-13,500448.6221167998,28.51601679986925,10
2017-02-14,499879.52271679987,28.51601679986925,10
2017-02-15,500179.0709167998,28.51601679986925,10
2017-02-16,503632.0470167999,28.51601679986925,10
2017-02-17,506212.13431679993,28.51601679986925,10
2017-02-20,507626.7445167998,28.51601679986925,10
2017-02-21,511417.3340167999,28.51601679986925,10
2017-02-22,509786.5531167999,28.51601679986925,10
2017-02-23,507401.7443167999,28.51601679986925,10
2017-02-27,506230.8099167999,28.51601679986925,10
2017-02-28,504647.9422167998,28.51601679986925,10
2017-03-01,506601.0917167999,28.51601679986925,10
2017-03-02,501071.1032167999,28.51601679986925,10
2017-03-03,501431.1884167999,28.51601679986925,10
2017-03-06,503550.15381679987,28.51601679986925,10
2017-03-07,503637.6123167998,28.51601679986925,10
2017-03-08,500388.69481679983,28.51601679986925,10
2017-03-09,499002.0622167998,28.51601679986925,10
2017-03-10,498839.91671679984,28.51601679986925,10
2017-03-14,502860.0242167999,28.51601679986925,10
2017-03-15,506051.7151167999,28.51601679986925,10
2017-03-16,512834.7974167998,28.51601679986925,10
2017-03-17,508154.8179167999,28.51601679986925,10
2017-03-20,509725.90561679984,28.51601679986925,10
2017-03-21,508085.51211679983,28.51601679986925,10
2017-03-22,504044.99031679984,28.51601679986925,10
2017-03-23,506515.16861679987,28.51601679986925,10
2017-03-24,508980.97661679983,28.51601679986925,10
2017-03-27,507333.48551679985,28.51601679986925,10
2017-03-28,507906.5261167999,28.51601679986925,10
2017-03-29,508549.3434167999,28.51601679986925,10
2017-03-30,513895.46401679993,28.51601679986925,10
2017-03-31,521936.13401679986,28.51601679986925,10
2017-04-03,523480.6742167999,28.51601679986925,10
2017-04-05,526825.9998167999,28.51601679986925,10
2017-04-06,528315.3213167998,28.51601679986925,10
2017-04-07,528297.6406167998,28.51601679986925,10
2017-04-10,533312.8545167998,28.51601679986925,10
2017-04-11,535354.3965167998,28.51601679986925,10
2017-04-12,534760.7210167998,28.51601679986925,10
2017-04-13,534780.1731167998,28.51601679986925,10
2017-04-17,536448.2015167999,28.51601679986925,10
2017-04-18,535693.7862167999,28.51601679986925,10
2017-04-19,541573.1742167998,28.51601679986925,10
2017-04-20,546961.6948167998,28.51601679986925,10
2017-04-21,545462.3930167998,28.51601679986925,10
2017-04-24,550384.9096167998,28.51601679986925,10
2017-04-25,555692.5410167999,28.51601679986925,10
2017-04-26,559670.6892167998,28.51601679986925,10
2017-04-27,561376.8687167998,28.51601679986925,10
2017-04-28,564607.8363167999,28.51601679986925,10
2017-05-02,570025.6794167998,28.51601679986925,10
2017-05-03,567205.5743167999,28.51601679986925,10
2017-05-04,575934.4204167998,28.51601679986925,10
2017-05-05,574681.4978167998,28.51601679986925,10
2017-05-08,575284.6628167998,28.51601679986925,10
2017-05-09,581885.3746167999,28.51601679986925,10
2017-05-10,592180.0574167998,28.51601679986925,10
2017-05-11,589941.0385167998,28.51601679986925,10
2017-05-12,585598.7367167998,28.51601679986925,10
2017-05-15,594353.6550167998,28.51601679986925,10
2017-05-16,595890.4140167999,28.51601679986925,10
2017-05-17,588005.7104167999,28.51601679986925,10
2017-05-18,579357.5158167998,28.51601679986925,10
2017-05-19,573307.6351167999,28.51601679986925,10
2017-05-22,569604.0252167998,28.51601679986925,10
2017-05-23,566830.8432167999,28.51601679986925,10
2017-05-24,561406.2474167998,28.51601679986925,10
2017-05-25,575072.0124167998,28.51601679986925,10
2017-05-26,582504.7577167999,28.51601679986925,10
2017-05-29,577674.7051167998,28.51601679986925,10
2017-05-30,578765.0773167999,28.51601679986925,10
2017-05-31,592524.3647167998,28.51601679986925,10
2017-06-01,586010.3147167999,28.51601679986925,10
2017-06-02,586221.5004167998,28.51601679986925,10
2017-06-05,587147.6091167998,28.51601679986925,10
2017-06-06,582403.7315167999,28.51601679986925,10
2017-06-07,584676.3124167998,28.51601679986925,10
2017-06-08,584174.6583167998,28.51601679986925,10
2017-06-09,581816.2750167998,28.51601679986925,10
2017-06-12,578818.9224167998,28.51601679986925,10
2017-06-13,577444.4368167998,28.51601679986925,10
2017-06-14,583578.6624167998,28.51601679986925,10
2017-06-15,576787.7980167998,28.51601679986925,10
2017-06-16,579595.9071167998,28.51601679986925,10
2017-06-19,577351.4818167998,28.51601679986925,10
2017-06-20,573581.0286167999,28.51601679986925,10
2017-06-21,575501.0977167998,28.51601679986925,10
2017-06-22,568707.2651167999,28.51601679986925,10
2017-06-23,558584.6923167999,28.51601679986925,10
2017-06-27,553430.0679167998,28.51601679986925,10
2017-06-28,552771.8196167998,28.51601679986925,10
2017-06-29,559068.0074167998,28.51601679986925,10
2017-06-30,557979.6992167999,28.51601679986925,10
2017-07-03,565609.9302167998,28.51601679986925,10
2017-07-04,569680.3113167998,28.51601679986925,10
2017-07-05,575931.4653167998,28.51601679986925,10
2017-07-06,575308.0100167998,28.51601679986925,10
2017-07-07,576272.3285167998,28.51601679986925,10
2017-07-10,580027.7580167998,28.51601679986925,10
2017-07-11,575804.8354167999,28.51601679986925,10
2017-07-12,575381.6520167998,28.51601679986925,10
2017-07-13,581071.4455167998,28.51601679986925,10
2017-07-14,579929.5741167999,28.51601679986925,10
2017-07-17,582462.8342167998,28.51601679986925,10
2017-07-18,572171.1473167998,28.51601679986925,10
2017-07-19,572514.9189167998,28.51601679986925,10
2017-07-20,568817.2368167999,28.51601679986925,10
2017-07-21,569679.4602167999,28.51601679986925,10
2017-07-24,572917.9442167998,28.51601679986925,10
2017-07-25,573985.5295167998,28.51601679986925,10
2017-07-26,576933.9215167998,28.51601679986925,10
2017-07-27,573955.7145167999,28.51601679986925,10
2017-07-28,579055.0985167999,28.51601679986925,10
2017-07-31,583841.4357167998,28.51601679986925,10
2017-08-01,585588.3584167998,28.51601679986925,10
2017-08-02,584095.1315167998,28.51601679986925,10
2017-08-03,581491.3568167998,28.51601679986925,10
2017-08-04,587485.0683167998,28.51601679986925,10
2017-08-07,593685.6951167999,28.51601679986925,10
2017-08-08,586463.7154167999,28.51601679986925,10
2017-08-09,576692.8118919998,440.2429919998758,10
2017-08-10,557554.9624919998,440.2429919998758,10
2017-08-11,563165.0729919998,440.2429919998758,10
2017-08-14,574992.5869919999,440.2429919998758,10
2017-08-16,582310.4886919998,440.2429919998758,10
2017-08-17,588825.1358919998,440.2429919998758,10
2017-08-18,583890.5296919999,440.2429919998758,10
2017-08-21,577805.9335919998,440.2429919998758,10
2017-08-22,579593.2831919999,440.2429919998758,10
2017-08-23,584619.4065919998,440.2429919998758,10
2017-08-24,587447.6968919998,440.2429919998758,10
2017-08-28,592522.4624919998,440.2429919998758,10
2017-08-29,586695.6248919999,440.2429919998758,10
2017-08-30,592662.1719919998,440.2429919998758,10
2017-08-31,595328.4676919999,440.2429919998758,10
2017-09-01,598197.5513919998,440.2429919998758,10
2017-09-04,592111.2469919998,440.2429919998758,10
2017-09-05,596287.0456919998,440.2429919998758,10
2017-09-06,596762.5844919998,440.2429919998758,10
2017-09-07,598310.3014919999,440.2429919998758,10
2017-09-08,597113.1309919999,440.2429919998758,10
2017-09-11,602037.3547919998,440.2429919998758,10
2017-09-12,609171.9182919998,440.2429919998758,10
2017-09-13,604444.9575919998,440.2429919998758,10
2017-09-14,603362.8901919998,440.2429919998758,10
2017-09-15,603349.4037919998,440.2429919998758,10
2017-09-18,609169.5950919999,440.2429919998758,10
2017-09-19,617705.1584919998,440.2429919998758,10
2017-09-20,612853.5425919999,440.2429919998758,10
2017-09-21,610467.8781919999,440.2429919998758,10
2017-09-22,595412.5974919999,440.2429919998758,10
2017-09-25,583058.8279919998,440.2429919998758,10
2017-09-26,583940.1457919999,440.2429919998758,10
2017-09-27,575136.7711919998,440.2429919998758,10
2017-09-28,579102.6723919999,440.2429919998758,10
2017-09-29,588569.0520919998,440.2429919998758,10
2017-10-03,595263.5784919999,440.2429919998758,10
2017-10-04,602452.6057919998,440.2429919998758,10
2017-10-05,603849.3351919998,440.2429919998758,10
2017-10-06,614343.2361919999,440.2429919998758,10
2017-10-09,612532.0834919998,440.2429919998758,10
2017-10-10,612842.6904919998,440.2429919998758,10
2017-10-11,616457.4909919999,440.2429919998758,10
2017-10-12,615970.6931919998,440.2429919998758,10
2017-10-13,615864.1476919998,440.2429919998758,10
2017-10-16,615553.8046919998,440.2429919998758,10
2017-10-17,614521.3833919999,440.2429919998758,10
2017-10-18,614653.9414919998,440.2429919998758,10
2017-10-19,612239.9743919999,440.2429919998758,10
2017-10-23,610828.1851919999,440.2429919998758,10
2017-10-24,614317.1791919998,440.2429919998758,10
2017-10-25,612207.2048919998,440.2429919998758,10
2017-10-26,617981.1980919999,440.2429919998758,10
2017-10-27,616499.1636919999,440.2429919998758,10
2017-10-30,624064.4493919999,440.2429919998758,10
2017-10-31,628025.3107919999,440.2429919998758,10
2017-11-01,630268.2225919998,440.2429919998758,10
2017-11-02,627595.9887919999,440.2429919998758,10
2017-11-03,627568.9785919999,440.2429919998758,10
2017-11-06,625610.1091919999,440.2429919998758,10
2017-11-07,620842.9402919998,440.2429919998758,10
2017-11-08,618215.5480919998,440.2429919998758,10
2017-11-09,614497.3324919998,440.2429919998758,10
2017-11-10,613130.6787919998,440.2429919998758,10
2017-11-13,612034.3490919998,440.2429919998758,10
2017-11-14,611274.8372919998,440.2429919998758,10
2017-11-15,611040.8761919999,440.2429919998758,10
2017-11-16,615492.6124919999,440.2429919998758,10
2017-11-17,615019.2434919998,440.2429919998758,10
2017-11-20,619227.0610919999,440.2429919998758,10
2017-11-21,622200.9840919998,440.2429919998758,10
2017-11-22,624364.2912919999,440.2429919998758,10
2017-11-23,626321.5200919999,440.2429919998758,10
2017-11-24,629671.8599919998,440.2429919998758,10
2017-11-27,625911.5020919999,440.2429919998758,10
2017-11-28,624723.1324919999,440.2429919998758,10
2017-11-29,624305.0689919998,440.2429919998758,10
2017-11-30,630406.7972919998,440.2429919998758,10
2017-12-01,630287.1068919998,440.2429919998758,10
2017-12-04,629419.9644919998,440.2429919998758,10
2017-12-05,626849.4669919998,440.2429919998758,10
2017-12-06,625473.7347919998,440.2429919998758,10
2017-12-07,636434.4719919999,440.2429919998758,10
2017-12-08,639537.3835919999,440.2429919998758,10
2017-12-11,638576.4380919999,440.2429919998758,10
2017-12-12,636522.5877919998,440.2429919998758,10
2017-12-13,636063.5695919999,440.2429919998758,10
2017-12-14,638553.7980919998,440.2429919998758,10
2017-12-15,642155.8860919998,440.2429919998758,10
2017-12-18,646236.2471919998,440.2429919998758,10
2017-12-19,647646.8228919999,440.2429919998758,10
2017-12-20,648146.4803919998,440.2429919998758,10
2017-12-21,652685.9224919998,440.2429919998758,10
2017-12-22,652767.8597919998,440.2429919998758,10
2017-12-26,656067.3399919998,440.2429919998758,10
2017-12-27,653516.2033919998,440.2429919998758,10
2017-12-28,652513.3846919999,440.2429919998758,10
2017-12-29,651799.1489919998,440.2429919998758,10
2018-01-02,651986.1608919998,440.2429919998758,10
2018-01-03,655371.5369919998,440.2429919998758,10
2018-01-04,655972.7368919998,440.2429919998758,10
2018-01-05,656509.3267919999,440.2429919998758,10
2018-01-08,657211.1509919999,440.2429919998758,10
2018-01-09,655639.0822919998,440.2429919998758,10
2018-01-10,655132.8188919998,440.2429919998758,10
2018-01-11,654348.8857919999,440.2429919998758,10
2018-01-12,656740.0184919998,440.2429919998758,10
2018-01-15,656544.3350919998,440.2429919998758,10
2018-01-16,644216.2319919998,440.2429919998758,10
2018-01-17,645035.4035919999,440.2429919998758,10
2018-01-18,641547.0889919997,440.2429919998758,10
2018-01-19,643586.8081919999,440.2429919998758,10
2018-01-22,641622.8373919999,440.2429919998758,10
2018-01-23,646070.9324919998,440.2429919998758,10
2018-01-24,642106.8854919999,440.2429919998758,10
2018-01-25,642979.1990919999,440.2429919998758,10
2018-01-29,636357.4485919998,440.2429919998758,10
2018-01-30,634331.9556919999,440.2429919998758,10
2018-01-31,631918.2747919998,440.2429919998758,10
2018-02-01,628403.7973919999,440.2429919998758,10
2018-02-02,606416.0346919999,440.2429919998758,10
2018-02-05,600743.6330352,79.01373519987101,10
2018-02-06,592475.4518352,79.01373519987101,10
2018-02-07,606183.8097351999,79.01373519987101,10
2018-02-08,613068.5762351998,79.01373519987101,10
2018-02-09,610377.0987351998,79.01373519987101,10
2018-02-12,617194.6490351998,79.01373519987101,10
2018-02-14,618630.9110351999,79.01373519987101,10
2018-02-15,622167.6289351999,79.01373519987101,10
2018-02-16,619784.0936351998,79.01373519987101,10
2018-02-19,616813.0231351999,79.01373519987101,10
2018-02-20,616088.2188352,79.01373519987101,10
2018-02-21,617261.9200352,79.01373519987101,10
2018-02-22,614633.2929351998,79.01373519987101,10
2018-02-23,619169.1302351998,79.01373519987101,10
2018-02-26,632719.2883351999,79.01373519987101,10
2018-02-27,630442.2688351998,79.01373519987101,10
2018-02-28,636072.3110351998,79.01373519987101,10
2018-03-01,634037.3610351998,79.01373519987101,10
2018-03-05,627465.2043351999,79.01373519987101,10
2018-03-06,617453.4483611999,239.69926119987213,10
2018-03-07,608584.0291611999,239.69926119987213,10
2018-03-08,609837.0156611999,239.69926119987213,10
2018-03-09,611772.6746611999,239.69926119987213,10
2018-03-12,624126.2841611999,239.69926119987213,10
2018-03-13,630783.8814611998,239.69926119987213,10
2018-03-14,622406.1075611999,239.69926119987213,10
2018-03-15,620506.0068611999,239.69926119987213,10
2018-03-16,606332.0438611999,239.69926119987213,10
2018-03-19,597673.6477611999,239.69926119987213,10
2018-03-20,596945.8941611999,239.69926119987213,10
2018-03-21,594869.4187011998,69713.47810119989,9
2018-03-22,594969.7358011998,69713.47810119989,9
2018-03-23,586015.8880139999,113291.66211399989,8
2018-03-26,582962.6382139998,113291.66211399989,8
2018-03-27,586422.4581859999,31.544585999879928,10
2018-03-28,592961.2133859999,31.544585999879928,10
2018-04-02,596645.6746859999,31.544585999879928,10
2018-04-03,600361.1786859999,31.544585999879928,10
2018-04-04,598629.8526859999,31.544585999879928,10
2018-04-05,603401.409486,31.544585999879928,10
2018-04-06,604124.9071859999,31.544585999879928,10
2018-04-09,601856.882686,31.544585999879928,10
2018-04-10,606552.7287859999,31.544585999879928,10
2018-04-11,607433.169086,31.544585999879928,10
2018-04-12,609860.3571859999,31.544585999879928,10
2018-04-13,622530.6669859999,31.544585999879928,10
2018-04-16,618930.2017859999,31.544585999879928,10
2018-04-17,621953.043586,31.544585999879928,10
2018-04-18,620441.2945859999,31.544585999879928,10
2018-04-19,629691.6376859999,31.544585999879928,10
2018-04-20,638833.380986,31.544585999879928,10
2018-04-23,637152.5216859999,31.544585999879928,10
2018-04-24,636931.4121859999,31.544585999879928,10
2018-04-25,638138.8783859999,31.544585999879928,10
2018-04-26,645929.930586,31.544585999879928,10
2018-04-27,643841.582186,31.544585999879928,10
2018-04-30,646612.2611859998,31.544585999879928,10
2018-05-02,647392.7164859999,31.544585999879928,10
2018-05-03,650915.6488859999,31.544585999879928,10
2018-05-04,644471.2819859999,31.544585999879928,10
2018-05-07,647656.770286,31.544585999879928,10
2018-05-08,644616.0317859999,31.544585999879928,10
2018-05-09,642188.179986,31.544585999879928,10
2018-05-10,642678.245686,31.544585999879928,10
2018-05-11,646341.0621859999,31.544585999879928,10
2018-05-14,642147.964386,31.544585999879928,10
2018-05-15,639021.7944859999,31.544585999879928,10
2018-05-16,635431.2194859999,31.544585999879928,10
2018-05-17,638013.7314859999,31.544585999879928,10
2018-05-18,635297.7871003998,24008.35910039988,10
2018-05-21,626560.3605003998,24008.35910039988,10
2018-05-22,633635.9337003999,24008.35910039988,10
2018-05-23,628462.4320003999,24008.35910039988,10
2018-05-24,624960.6014003999,24008.35910039988,10
2018-05-25,630750.1450711999,2879.9144711998742,10
2018-05-28,634103.2267711998,2879.9144711998742,10
2018-05-29,633880.5877711999,2879.9144711998742,10
2018-05-30,635386.0092711998,2879.9144711998742,10
2018-05-31,642908.1847711998,2879.9144711998742,10
2018-06-01,639594.6775711998,2879.9144711998742,10
2018-06-04,628097.5337483999,3237.710048399873,10
2018-06-05,616242.6592852,41.628685199866595,10
2018-06-06,618591.5931851999,41.628685199866595,10
2018-06-07,625851.6741851999,41.628685199866595,10
2018-06-08,629011.5455851998,41.628685199866595,10
2018-06-11,631801.9242851998,41.628685199866595,10
2018-06-12,635345.0751851999,41.628685199866595,10
2018-06-13,636032.5125851999,41.628685199866595,10
2018-06-14,635245.3896851998,41.628685199866595,10
2018-06-15,635465.7426852,41.628685199866595,10
2018-06-18,629985.1276852,41.628685199866595,10
2018-06-19,627599.5618851999,41.628685199866595,10
2018-06-20,629466.9301851998,41.628685199866595,10
2018-06-21,628159.6610851999,41.628685199866595,10
2018-06-22,633208.7630851999,41.628685199866595,10
2018-06-25,632488.5823852,41.628685199866595,10
2018-06-26,630550.0338851999,41.628685199866595,10
2018-06-27,622872.8197851998,41.628685199866595,10
2018-06-28,616063.6503851999,41.628685199866595,10
2018-06-29,625337.6200851998,41.628685199866595,10
2018-07-02,622650.4442851999,41.628685199866595,10
2018-07-03,629380.3815851999,41.628685199866595,10
2018-07-04,632728.2489852,41.628685199866595,10
2018-07-05,631205.5520851999,41.628685199866595,10
2018-07-06,631713.8606851998,41.628685199866595,10
2018-07-09,639637.4866851999,41.628685199866595,10
2018-07-10,649637.7364851999,41.628685199866595,10
2018-07-11,651555.9992851999,41.628685199866595,10
2018-07-12,652169.2746851998,41.628685199866595,10
2018-07-13,652969.7332851999,41.628685199866595,10
2018-07-16,643811.6084851999,41.628685199866595,10
2018-07-17,651708.0857851999,41.628685199866595,10
2018-07-18,650469.2747851999,41.628685199866595,10
2018-07-19,641876.4800851999,41.628685199866595,10
2018-07-20,647178.2260851999,41.628685199866595,10
2018-07-23,652828.1978851999,41.628685199866595,10
2018-07-24,653287.2028851999,41.628685199866595,10
2018-07-25,655961.6059851999,41.628685199866595,10
2018-07-26,658713.5822851999,41.628685199866595,10
2018-07-27,662092.3093851999,41.628685199866595,10
2018-07-30,658781.0645851999,41.628685199866595,10
2018-07-31,664923.5372851999,41.628685199866595,10
2018-08-01,672581.3382851998,41.628685199866595,10
2018-08-02,668699.8413851999,41.628685199866595,10
2018-08-03,674635.3621851999,41.628685199866595,10
2018-08-06,675908.2586851999,41.628685199866595,10
2018-08-07,678155.1362851999,41.628685199866595,10
2018-08-08,685161.5267851999,41.628685199866595,10
2018-08-09,685655.4463851999,41.628685199866595,10
2018-08-10,676736.6558851999,41.628685199866595,10
2018-08-13,677061.1080851998,41.628685199866595,10
2018-08-14,686327.7992851998,41.628685199866595,10
2018-08-16,684897.0915851999,41.628685199866595,10
2018-08-17,689403.2229851999,41.628685199866595,10
2018-08-20,685825.6679852,41.628685199866595,10
2018-08-21,689225.1755851998,41.628685199866595,10
2018-08-23,693502.9780851998,41.628685199866595,10
2018-08-24,690568.1428851999,41.628685199866595,10
2018-08-27,692407.2340851999,41.628685199866595,10
2018-08-28,688096.3720851999,41.628685199866595,10
2018-08-29,690698.1056852,41.628685199866595,10
2018-08-30,698639.3177852,41.628685199866595,10
2018-08-31,700539.1384851999,41.628685199866595,10
2018-09-03,691808.1599851999,41.628685199866595,10
2018-09-04,676023.9786851999,41.628685199866595,10
2018-09-05,672115.1452851999,41.628685199866595,10
2018-09-06,674564.2436851999,41.628685199866595,10
2018-09-07,680113.6397851999,41.628685199866595,10
2018-09-10,675714.9810851999,41.628685199866595,10
2018-09-11,670447.9058851999,41.628685199866595,10
2018-09-12,671645.7984851999,41.628685199866595,10
2018-09-14,674212.9577851999,41.628685199866595,10
2018-09-17,671170.6295851999,41.628685199866595,10
2018-09-18,664058.0872851999,41.628685199866595,10
2018-09-19,662440.6408851999,41.628685199866595,10
2018-09-21,653830.2580851999,41.628685199866595,10
2018-09-24,641085.7003851999,41.628685199866595,10
2018-09-25,641978.9751851999,41.628685199866595,10
2018-09-26,637590.8551235999,98.71992359987053,10
2018-09-27,632117.3688235999,98.71992359987053,10
2018-09-28,628534.5913235998,98.71992359987053,10
2018-10-01,619513.5165075999,1529.7077075998532,10
2018-10-03,607124.7380075998,1529.7077075998532,10
2018-10-04,592285.4829955999,63041.873895599856,9
2018-10-05,576220.6192395998,191117.05473959984,7
2018-10-08,574520.9012395998,191117.05473959984,7
2018-10-09,570804.9336395998,191117.05473959984,7
2018-10-10,574828.8971395998,191117.05473959984,7
2018-10-11,572254.9192395998,191117.05473959984,7
2018-10-12,580165.7911395999,191117.05473959984,7
2018-10-15,580906.7371395999,191117.05473959984,7
2018-10-16,580785.3572395998,191117.05473959984,7
2018-10-17,579474.7992395998,191117.05473959984,7
2018-10-19,575914.0672395999,191117.05473959984,7
2018-10-22,569734.8432935998,237012.82089359983,6
2018-10-23,566655.0019935998,237012.82089359983,6
2018-10-24,565544.9852935998,237012.82089359983,6
2018-10-25,566805.5770039998,275561.28020399984,5
2018-10-26,566639.9010039999,275561.28020399984,5
2018-10-29,570634.6152039999,275561.28020399984,5
2018-10-30,573523.8822479999,573523.8822479999,0
2018-10-31,573523.8822479999,573523.8822479999,0
2018-11-01,573523.8822479999,573523.8822479999,0
2018-11-02,573523.8822479999,573523.8822479999,0
2018-11-05,573523.8822479999,573523.8822479999,0
2018-11-06,573523.8822479999,573523.8822479999,0
2018-11-07,573523.8822479999,573523.8822479999,0
2018-11-09,573523.8822479999,573523.8822479999,0
2018-11-12,573523.8822479999,573523.8822479999,0
2018-11-13,573523.8822479999,573523.8822479999,0
2018-11-14,573523.8822479999,573523.8822479999,0
2018-11-15,573523.8822479999,573523.8822479999,0
2018-11-16,573523.8822479999,573523.8822479999,0
2018-11-19,573523.8822479999,573523.8822479999,0
2018-11-20,573523.8822479999,573523.8822479999,0
2018-11-21,573523.8822479999,573523.8822479999,0
2018-11-22,573523.8822479999,573523.8822479999,0
2018-11-26,573523.8822479999,573523.8822479999,0
2018-11-27,573523.8822479999,573523.8822479999,0
2018-11-28,573523.8822479999,573523.8822479999,0
2018-11-29,573523.8822479999,573523.8822479999,0
2018-11-30,573523.8822479999,573523.8822479999,0
2018-12-03,573523.8822479999,573523.8822479999,0
2018-12-04,573523.8822479999,573523.8822479999,0
2018-12-05,573523.8822479999,573523.8822479999,0
2018-12-06,573523.8822479999,573523.8822479999,0
2018-12-07,573523.8822479999,573523.8822479999,0
2018-12-10,573523.8822479999,573523.8822479999,0
2018-12-11,573523.8822479999,573523.8822479999,0
2018-12-12,573523.8822479999,573523.8822479999,0
2018-12-13,573523.8822479999,573523.8822479999,0
2018-12-14,571255.8874823999,4257.196082399874,10
2018-12-17,578127.4747824,4257.196082399874,10
2018-12-18,581606.7126823999,4257.196082399874,10
2018-12-19,588387.5689824,4257.196082399874,10
2018-12-20,593970.5198823999,4257.196082399874,10
2018-12-21,591879.2712823999,4257.196082399874,10
2018-12-24,583448.1483823999,4257.196082399874,10
2018-12-26,586085.5846823999,4257.196082399874,10
2018-12-27,590996.0351823999,4257.196082399874,10
2018-12-28,597612.3442824,4257.196082399874,10
2018-12-31,598435.3902824,4257.196082399874,10
2019-01-02,587403.7316823999,4257.196082399874,10
2019-01-03,583284.1668823999,4257.196082399874,10
2019-01-04,588619.1715823999,4257.196082399874,10
2019-01-07,592765.0112823999,4257.196082399874,10
2019-01-08,596301.0087823999,4257.196082399874,10
2019-01-09,595610.4647823999,4257.196082399874,10
2019-01-10,595628.2173824,4257.196082399874,10
2019-01-11,587842.3192824,4257.196082399874,10
2019-01-14,587996.7217823999,4257.196082399874,10
2019-01-15,590124.0743823999,4257.196082399874,10
2019-01-16,588022.6184824,4257.196082399874,10
2019-01-17,589834.0385824,4257.196082399874,10
2019-01-18,585623.5235823999,4257.196082399874,10
2019-01-21,580792.2708824,4257.196082399874,10
2019-01-22,581031.0166823999,4257.196082399874,10
2019-01-23,580427.8325824,4257.196082399874,10
2019-01-24,584323.4937823999,4257.196082399874,10
2019-01-25,578038.2929823999,4257.196082399874,10
2019-01-28,566809.3669816,63835.50098159987,9
2019-01-29,567422.0320815999,63835.50098159987,9
2019-01-30,570216.4721815999,63835.50098159987,9
2019-01-31,571904.5910815999,63835.50098159987,9
2019-02-01,573412.5848235999,6530.88122359987,10
2019-02-04,565043.5866235999,6530.88122359987,10
2019-02-05,568784.2804235999,6530.88122359987,10
2019-02-06,573629.1093235998,6530.88122359987,10
2019-02-07,578591.5659235999,6530.88122359987,10
2019-02-08,570997.6663235999,6530.88122359987,10
2019-02-11,565689.4160671999,97.85276719985995,10
2019-02-12,564384.6459671998,97.85276719985995,10
2019-02-14,561686.8201671998,97.85276719985995,10
2019-02-15,556467.4989671998,97.85276719985995,10
2019-02-18,551604.9344671998,97.85276719985995,10
2019-02-19,552092.1224671999,97.85276719985995,10
2019-02-20,556557.6192671999,97.85276719985995,10
2019-02-21,559943.1604671999,97.85276719985995,10
2019-02-22,562066.7180671998,97.85276719985995,10
2019-02-25,563628.4968671999,97.85276719985995,10
2019-02-26,559430.3453671999,97.85276719985995,10
2019-02-27,562043.7611671998,97.85276719985995,10
2019-02-28,562550.8142671998,97.85276719985995,10
2019-03-01,565512.6635671998,97.85276719985995,10
2019-03-05,569492.7833671998,97.85276719985995,10
2019-03-06,569757.3807671999,97.85276719985995,10
2019-03-07,571046.9590671998,97.85276719985995,10
2019-03-08,567855.9477671998,97.85276719985995,10
2019-03-11,573996.1057671999,97.85276719985995,10
2019-03-12,577557.3423671998,97.85276719985995,10
2019-03-13,584958.0973671998,97.85276719985995,10
2019-03-14,583770.7397671998,97.85276719985995,10
2019-03-15,583143.3608671998,97.85276719985995,10
2019-03-18,586128.2888671999,97.85276719985995,10
2019-03-19,589752.2388671999,97.85276719985995,10
2019-03-20,585598.0987671999,97.85276719985995,10
2019-03-22,584316.5202671998,97.85276719985995,10
2019-03-25,582439.5011671999,97.85276719985995,10
2019-03-26,585686.7964671999,97.85276719985995,10
2019-03-27,587898.4273671999,97.85276719985995,10
2019-03-28,595288.5390671998,97.85276719985995,10
2019-04-01,602985.3167671998,97.85276719985995,10
2019-04-02,604877.3905671998,97.85276719985995,10
2019-04-03,597763.8207671999,97.85276719985995,10
2019-04-04,600741.5212671999,97.85276719985995,10
2019-04-05,603791.9291671999,97.85276719985995,10
2019-04-08,599990.4905671999,97.85276719985995,10
2019-04-09,604483.4492671998,97.85276719985995,10
2019-04-10,603528.3199671998,97.85276719985995,10
2019-04-11,607547.1211671999,97.85276719985995,10
2019-04-12,609463.9402671999,97.85276719985995,10
2019-04-15,609629.0651671998,97.85276719985995,10
2019-04-16,610244.3931671998,97.85276719985995,10
2019-04-18,608532.7848671998,97.85276719985995,10
2019-04-22,597962.9596671999,97.85276719985995,10
2019-04-23,598040.3582671998,97.85276719985995,10
2019-04-24,606331.4842671999,97.85276719985995,10
2019-04-25,605253.8683671999,97.85276719985995,10
2019-04-26,604632.7862671999,97.85276719985995,10
2019-04-30,605858.3765671998,97.85276719985995,10
2019-05-02,608110.1943671999,97.85276719985995,10
2019-05-03,598711.5424671998,97.85276719985995,10
2019-05-06,595377.8211671999,97.85276719985995,10
2019-05-07,591099.8644671999,97.85276719985995,10
2019-05-08,583396.3400671999,97.85276719985995,10
2019-05-09,583735.6509671998,97.85276719985995,10
2019-05-10,582096.2981671998,97.85276719985995,10
2019-05-13,575118.4720671999,97.85276719985995,10
2019-05-14,580631.3890671999,97.85276719985995,10
2019-05-15,579764.0291671999,97.85276719985995,10
2019-05-16,583153.8620671999,97.85276719985995,10
2019-05-17,588564.2245671998,97.85276719985995,10
2019-05-20,600254.7210423998,295.8274423998664,10
2019-05-21,593549.1431423998,295.8274423998664,10
2019-05-22,595900.6649423998,295.8274423998664,10
2019-05-23,593844.9104423998,295.8274423998664,10
2019-05-24,602164.6821424,295.8274423998664,10
2019-05-27,613325.5535423998,295.8274423998664,10
2019-05-28,611359.3742423998,295.8274423998664,10
2019-05-29,609765.2315423999,295.8274423998664,10
2019-05-30,614997.2150423999,295.8274423998664,10
2019-05-31,615805.9913424,295.8274423998664,10
2019-06-03,622480.1347423999,295.8274423998664,10
2019-06-04,618009.4557423999,295.8274423998664,10
2019-06-06,613998.3981424,295.8274423998664,10
2019-06-07,616832.5742423998,295.8274423998664,10
2019-06-10,617265.9491424,295.8274423998664,10
2019-06-11,619803.7264423999,295.8274423998664,10
2019-06-12,616009.3004423999,295.8274423998664,10
2019-06-13,615724.8632423999,295.8274423998664,10
2019-06-14,612057.1676423999,295.8274423998664,10
2019-06-17,603595.7701423999,295.8274423998664,10
2019-06-18,605784.3946423999,295.8274423998664,10
2019-06-19,602803.6719423998,295.8274423998664,10
2019-06-20,607249.0235424,295.8274423998664,10
2019-06-21,607818.5017424,295.8274423998664,10
2019-06-24,607631.4542423999,295.8274423998664,10
2019-06-25,609322.0468424,295.8274423998664,10
2019-06-26,617124.5124424,295.8274423998664,10
2019-06-27,620063.5459423999,295.8274423998664,10
2019-06-28,620477.4936423998,295.8274423998664,10
2019-07-01,619952.6150423998,295.8274423998664,10
2019-07-02,622513.9406424,295.8274423998664,10
2019-07-03,621035.4255424,295.8274423998664,10
2019-07-04,618368.1037424,295.8274423998664,10
2019-07-05,614486.9772423999,295.8274423998664,10
2019-07-08,599956.5689423999,295.8274423998664,10
2019-07-09,595777.3776423999,295.8274423998664,10
2019-07-10,590102.8313283998,33.25312839986145,10
2019-07-11,593874.6081283998,33.25312839986145,10
2019-07-12,593979.8037283998,33.25312839986145,10
2019-07-15,589669.3882283999,33.25312839986145,10
2019-07-16,595975.4470283998,33.25312839986145,10
2019-07-17,594932.8182283998,33.25312839986145,10
2019-07-18,588106.2673283998,33.25312839986145,10
2019-07-19,580624.3125283999,33.25312839986145,10
2019-07-22,578924.8967283998,33.25312839986145,10
2019-07-23,574912.5836283999,33.25312839986145,10
2019-07-24,570725.4949283998,33.25312839986145,10
2019-07-25,570343.1119283999,33.25312839986145,10
2019-07-26,571489.4656283999,33.25312839986145,10
2019-07-29,567046.3106283998,33.25312839986145,10
2019-07-30,557376.3209632,67841.32286319986,9
2019-07-31,558870.5923631999,67841.32286319986,9
2019-08-01,554749.0157631999,67841.32286319986,9
2019-08-02,556263.5312631999,67841.32286319986,9
2019-08-05,553272.5094631999,67841.32286319986,9
2019-08-06,572367.2200631999,67841.32286319986,9
2019-08-07,569744.9701631998,67841.32286319986,9
2019-08-08,573459.4302631998,67841.32286319986,9
2019-08-09,575762.9993631998,67841.32286319986,9
2019-08-13,568355.0467631998,67841.32286319986,9
2019-08-14,566945.8498631999,67841.32286319986,9
2019-08-16,563153.7727631999,67841.32286319986,9
2019-08-19,565212.7566631999,67841.32286319986,9
2019-08-20,563680.7752631998,67841.32286319986,9
2019-08-21,562638.3579631998,67841.32286319986,9
2019-08-22,559624.3434631999,67841.32286319986,9
2019-08-23,561600.6310631998,67841.32286319986,9
2019-08-26,567650.9874631999,67841.32286319986,9
2019-08-27,570064.8582631999,67841.32286319986,9
2019-08-28,562799.7148631999,67841.32286319986,9
2019-08-29,564712.9059631999,67841.32286319986,9
2019-08-30,574086.7289631999,67841.32286319986,9
2019-09-03,564565.1157631999,67841.32286319986,9
2019-09-04,568293.1192631999,67841.32286319986,9
2019-09-05,571732.6338631999,67841.32286319986,9
2019-09-06,574192.9896631999,67841.32286319986,9
2019-09-09,576765.7194631998,67841.32286319986,9
2019-09-11,579694.5298631999,67841.32286319986,9
2019-09-12,575785.1099631998,67841.32286319986,9
2019-09-13,581882.6317631998,67841.32286319986,9
2019-09-16,591682.2163631999,67841.32286319986,9
2019-09-17,586332.5011591999,120342.15215919986,8
2019-09-18,585193.0086591998,120342.15215919986,8
2019-09-19,578246.6857591998,120342.15215919986,8
2019-09-20,600839.7693403999,4933.401640399861,10
2019-09-23,622893.3554403998,4933.401640399861,10
2019-09-24,621581.2540403998,4933.401640399861,10
2019-09-25,619072.3590403998,4933.401640399861,10
2019-09-26,632158.3228403998,4933.401640399861,10
2019-09-27,623189.4961403998,4933.401640399861,10
2019-09-30,620211.3040403998,4933.401640399861,10
2019-10-01,619730.5523403998,4933.401640399861,10
2019-10-03,627214.0086403998,4933.401640399861,10
2019-10-04,621864.0019403999,4933.401640399861,10
2019-10-07,620355.6660403998,4933.401640399861,10
2019-10-09,632617.7731403998,4933.401640399861,10
2019-10-10,633122.8337403998,4933.401640399861,10
2019-10-11,641521.0996403998,4933.401640399861,10
2019-10-14,642228.9359403998,4933.401640399861,10
2019-10-15,649937.3703403998,4933.401640399861,10
2019-10-16,648978.2582403999,4933.401640399861,10
2019-10-17,664818.8523403998,4933.401640399861,10
2019-10-18,669750.6659403999,4933.401640399861,10
2019-10-22,661334.2366403998,4933.401640399861,10
2019-10-23,665403.8782403999,4933.401640399861,10
2019-10-24,663330.8666403998,4933.401640399861,10
2019-10-25,666612.5477403998,4933.401640399861,10
2019-10-29,671800.7070403999,4933.401640399861,10
2019-10-30,672969.4634403998,4933.401640399861,10
2019-10-31,674630.1710403998,4933.401640399861,10
2019-11-01,670087.4690403999,4933.401640399861,10
2019-11-04,677449.9045403998,4933.401640399861,10
2019-11-05,674742.7871403998,4933.401640399861,10
2019-11-06,676698.8126403998,4933.401640399861,10
2019-11-07,680680.9459403998,4933.401640399861,10
2019-11-08,670501.2288403998,4933.401640399861,10
2019-11-11,681080.8140403999,4933.401640399861,10
2019-11-13,678263.5620403998,4933.401640399861,10
2019-11-14,676119.7652403999,4933.401640399861,10
2019-11-15,679897.8521403999,4933.401640399861,10
2019-11-18,678441.9550403998,4933.401640399861,10
2019-11-19,678296.2764403998,4933.401640399861,10
2019-11-20,684754.2301403998,4933.401640399861,10
2019-11-21,680456.7416403998,4933.401640399861,10
2019-11-22,688667.6794403999,4933.401640399861,10
2019-11-25,703386.9651403999,4933.401640399861,10
2019-11-26,701286.9835403998,4933.401640399861,10
2019-11-27,715486.4159403999,4933.401640399861,10
2019-11-28,725693.2765403999,4933.401640399861,10
2019-11-29,731505.4277403998,4933.401640399861,10
2019-12-02,723366.3905403998,4933.401640399861,10
2019-12-03,711179.5307403998,4933.401640399861,10
2019-12-04,717085.3342403998,4933.401640399861,10
2019-12-05,720588.7534403998,4933.401640399861,10
2019-12-06,717580.4155403998,4933.401640399861,10
2019-12-09,715493.8066403999,4933.401640399861,10
2019-12-10,713693.5073403998,4933.401640399861,10
2019-12-11,723880.6569403998,4933.401640399861,10
2019-12-12,727315.1032403999,4933.401640399861,10
2019-12-13,729999.9500403998,4933.401640399861,10
2019-12-16,728995.0269403999,4933.401640399861,10
2019-12-17,730633.1114403998,4933.401640399861,10
2019-12-18,730676.3348403998,4933.401640399861,10
2019-12-19,732903.0794403999,4933.401640399861,10
2019-12-20,732342.2952403998,4933.401640399861,10
2019-12-23,743052.3950403997,4933.401640399861,10
2019-12-24,748880.9579403999,4933.401640399861,10
2019-12-26,757722.9437403998,4933.401640399861,10
2019-12-27,753440.9502403998,4933.401640399861,10
2019-12-30,762499.2968403999,4933.401640399861,10
2019-12-31,769290.2358403997,4933.401640399861,10
2020-01-01,782717.2040403999,4933.401640399861,10
2020-01-02,794440.9773403998,4933.401640399861,10
2020-01-03,803790.7121403998,4933.401640399861,10
2020-01-06,805204.9627403998,4933.401640399861,10
2020-01-07,818715.8667403997,4933.401640399861,10
2020-01-08,833411.5763403998,4933.401640399861,10
2020-01-09,851908.6853403999,4933.401640399861,10
2020-01-10,839344.9814403999,4933.401640399861,10
2020-01-13,830479.7896403999,4933.401640399861,10
2020-01-14,821765.7884403998,4933.401640399861,10
2020-01-15,811986.3293403998,4933.401640399861,10
2020-01-16,801915.3349599998,135428.51845999985,10
2020-01-17,805127.0970599998,135428.51845999985,10
2020-01-20,804967.1120599998,135428.51845999985,10
2020-01-21,802833.4507599998,135428.51845999985,10
2020-01-22,802180.3004599998,135428.51845999985,10
2020-01-23,809305.6034599998,135428.51845999985,10
2020-01-24,811418.4749599998,135428.51845999985,10
2020-01-27,815736.3892599999,135428.51845999985,10
2020-01-28,814280.3160599997,135428.51845999985,10
2020-01-29,818566.7027599998,135428.51845999985,10
2020-01-30,812077.1739599998,135428.51845999985,10
2020-01-31,803000.0836599998,135428.51845999985,10
2020-02-03,810849.0369599998,135428.51845999985,10
2020-02-04,818043.3604599998,135428.51845999985,10
2020-02-05,823517.8778599998,135428.51845999985,10
2020-02-06,822567.4353599998,135428.51845999985,10
2020-02-07,830710.7137599998,135428.51845999985,10
2020-02-10,834616.8805599998,135428.51845999985,10
2020-02-11,836761.6069599998,135428.51845999985,10
2020-02-12,840865.6686599999,135428.51845999985,10
2020-02-13,842527.7449599998,135428.51845999985,10
2020-02-14,841442.9595599998,135428.51845999985,10
2020-02-17,839539.5155599999,135428.51845999985,10
2020-02-18,842924.5631599998,135428.51845999985,10
2020-02-19,852986.9716599998,135428.51845999985,10
2020-02-20,849220.7779599999,135428.51845999985,10
2020-02-24,842316.9409599998,135428.51845999985,10
2020-02-25,842442.8944599999,135428.51845999985,10
2020-02-26,837531.4046599999,135428.51845999985,10
2020-02-27,839035.3118599998,135428.51845999985,10
2020-02-28,814302.2911679999,191855.75106799987,9
2020-03-02,812538.6233884,235180.77488839987,8
2020-03-03,820429.3034883998,235180.77488839987,8
2020-03-04,821805.9838883999,235180.77488839987,8
2020-03-05,822464.5384883998,235180.77488839987,8
2020-03-06,821840.8303883999,235180.77488839987,8
2020-03-09,799943.9633559999,291051.45275599987,7
2020-03-11,798225.8424559999,291051.45275599987,7
2020-03-12,765194.8827739999,765194.8827739999,0
2020-03-13,765194.8827739999,765194.8827739999,0
2020-03-16,765194.8827739999,765194.8827739999,0
2020-03-17,765194.8827739999,765194.8827739999,0
2020-03-18,765194.8827739999,765194.8827739999,0
2020-03-19,765194.8827739999,765194.8827739999,0
2020-03-20,765194.8827739999,765194.8827739999,0
2020-03-23,765194.8827739999,765194.8827739999,0
2020-03-24,765194.8827739999,765194.8827739999,0
2020-03-25,765194.8827739999,765194.8827739999,0
2020-03-26,765194.8827739999,765194.8827739999,0
2020-03-27,765194.8827739999,765194.8827739999,0
2020-03-30,765194.8827739999,765194.8827739999,0
2020-03-31,765194.8827739999,765194.8827739999,0
2020-04-01,765194.8827739999,765194.8827739999,0
2020-04-03,765194.8827739999,765194.8827739999,0
2020-04-07,765194.8827739999,765194.8827739999,0
2020-04-08,765194.8827739999,765194.8827739999,0
2020-04-09,765194.8827739999,765194.8827739999,0
2020-04-13,765194.8827739999,765194.8827739999,0
2020-04-15,765194.8827739999,765194.8827739999,0
2020-04-16,765194.8827739999,765194.8827739999,0
2020-04-17,765194.8827739999,765194.8827739999,0
2020-04-20,765194.8827739999,765194.8827739999,0
2020-04-21,765194.8827739999,765194.8827739999,0
2020-04-22,765194.8827739999,765194.8827739999,0
2020-04-23,765194.8827739999,765194.8827739999,0
2020-04-24,765194.8827739999,765194.8827739999,0
2020-04-27,765194.8827739999,765194.8827739999,0
2020-04-28,765194.8827739999,765194.8827739999,0
2020-04-29,765194.8827739999,765194.8827739999,0
2020-04-30,765194.8827739999,765194.8827739999,0
2020-05-04,765194.8827739999,765194.8827739999,0
2020-05-05,765194.8827739999,765194.8827739999,0
2020-05-06,765194.8827739999,765194.8827739999,0
2020-05-07,765194.8827739999,765194.8827739999,0
2020-05-08,765194.8827739999,765194.8827739999,0
2020-05-11,765194.8827739999,765194.8827739999,0
2020-05-12,765194.8827739999,765194.8827739999,0
2020-05-13,765194.8827739999,765194.8827739999,0
2020-05-14,765194.8827739999,765194.8827739999,0
2020-05-15,765194.8827739999,765194.8827739999,0
2020-05-18,765194.8827739999,765194.8827739999,0
2020-05-19,765194.8827739999,765194.8827739999,0
2020-05-20,765194.8827739999,765194.8827739999,0
2020-05-21,765194.8827739999,765194.8827739999,0
2020-05-22,765194.8827739999,765194.8827739999,0
2020-05-26,765194.8827739999,765194.8827739999,0
2020-05-27,765194.8827739999,765194.8827739999,0
2020-05-28,765194.8827739999,765194.8827739999,0
2020-05-29,765194.8827739999,765194.8827739999,0
2020-06-01,765194.8827739999,765194.8827739999,0
2020-06-02,765194.8827739999,765194.8827739999,0
2020-06-03,765194.8827739999,765194.8827739999,0
2020-06-04,765194.8827739999,765194.8827739999,0
2020-06-05,765194.8827739999,765194.8827739999,0
2020-06-08,765194.8827739999,765194.8827739999,0
2020-06-09,765194.8827739999,765194.8827739999,0
2020-06-10,765194.8827739999,765194.8827739999,0
2020-06-11,765194.8827739999,765194.8827739999,0
2020-06-12,765194.8827739999,765194.8827739999,0
2020-06-15,765194.8827739999,765194.8827739999,0
2020-06-16,765194.8827739999,765194.8827739999,0
2020-06-17,765194.8827739999,765194.8827739999,0
2020-06-18,765194.8827739999,765194.8827739999,0
2020-06-19,765194.8827739999,765194.8827739999,0
2020-06-22,765194.8827739999,765194.8827739999,0
2020-06-23,765194.8827739999,765194.8827739999,0
2020-06-24,765194.8827739999,765194.8827739999,0
2020-06-25,765194.8827739999,765194.8827739999,0
2020-06-26,765194.8827739999,765194.8827739999,0
2020-06-29,765194.8827739999,765194.8827739999,0
2020-06-30,765194.8827739999,765194.8827739999,0
2020-07-01,765194.8827739999,765194.8827739999,0
2020-07-02,765194.8827739999,765194.8827739999,0
2020-07-03,765194.8827739999,765194.8827739999,0
2020-07-06,765194.8827739999,765194.8827739999,0
2020-07-07,765194.8827739999,765194.8827739999,0
2020-07-08,765194.8827739999,765194.8827739999,0
2020-07-09,765194.8827739999,765194.8827739999,0
2020-07-10,765194.8827739999,765194.8827739999,0
2020-07-13,765194.8827739999,765194.8827739999,0
2020-07-14,765194.8827739999,765194.8827739999,0
2020-07-15,765194.8827739999,765194.8827739999,0
2020-07-16,765194.8827739999,765194.8827739999,0
2020-07-17,765194.8827739999,765194.8827739999,0
2020-07-20,765194.8827739999,765194.8827739999,0
2020-07-21,765194.8827739999,765194.8827739999,0
2020-07-22,765194.8827739999,765194.8827739999,0
2020-07-23,765194.8827739999,765194.8827739999,0
2020-07-24,765194.8827739999,765194.8827739999,0
2020-07-27,765194.8827739999,765194.8827739999,0
2020-07-28,765194.8827739999,765194.8827739999,0
2020-07-29,765194.8827739999,765194.8827739999,0
2020-07-30,765194.8827739999,765194.8827739999,0
2020-07-31,765194.8827739999,765194.8827739999,0
2020-08-03,765194.8827739999,765194.8827739999,0
2020-08-04,765194.8827739999,765194.8827739999,0
2020-08-05,765194.8827739999,765194.8827739999,0
2020-08-06,765194.8827739999,765194.8827739999,0
2020-08-07,765194.8827739999,765194.8827739999,0
2020-08-10,765194.8827739999,765194.8827739999,0
2020-08-11,765194.8827739999,765194.8827739999,0
2020-08-12,765194.8827739999,765194.8827739999,0
2020-08-13,765194.8827739999,765194.8827739999,0
2020-08-14,765194.8827739999,765194.8827739999,0
2020-08-17,765194.8827739999,765194.8827739999,0
2020-08-18,765194.8827739999,765194.8827739999,0
2020-08-19,765194.8827739999,765194.8827739999,0
2020-08-20,765194.8827739999,765194.8827739999,0
2020-08-21,765194.8827739999,765194.8827739999,0
2020-08-24,765194.8827739999,765194.8827739999,0
2020-08-25,765194.8827739999,765194.8827739999,0
2020-08-26,765194.8827739999,765194.8827739999,0
2020-08-27,765194.8827739999,765194.8827739999,0
2020-08-28,765194.8827739999,765194.8827739999,0
2020-08-31,765194.8827739999,765194.8827739999,0
2020-09-01,765194.8827739999,765194.8827739999,0
2020-09-02,765194.8827739999,765194.8827739999,0
2020-09-03,765194.8827739999,765194.8827739999,0
2020-09-04,765194.8827739999,765194.8827739999,0
2020-09-07,765194.8827739999,765194.8827739999,0
2020-09-08,765194.8827739999,765194.8827739999,0
2020-09-09,765194.8827739999,765194.8827739999,0
2020-09-10,765194.8827739999,765194.8827739999,0
2020-09-11,765194.8827739999,765194.8827739999,0
2020-09-14,765194.8827739999,765194.8827739999,0
2020-09-15,765194.8827739999,765194.8827739999,0
2020-09-16,765194.8827739999,765194.8827739999,0
2020-09-17,765194.8827739999,765194.8827739999,0
2020-09-18,765194.8827739999,765194.8827739999,0
2020-09-21,765194.8827739999,765194.8827739999,0
2020-09-22,765194.8827739999,765194.8827739999,0
2020-09-23,765194.8827739999,765194.8827739999,0
2020-09-24,765194.8827739999,765194.8827739999,0
2020-09-25,765194.8827739999,765194.8827739999,0
2020-09-28,765194.8827739999,765194.8827739999,0
2020-09-29,765194.8827739999,765194.8827739999,0
2020-09-30,765194.8827739999,765194.8827739999,0
2020-10-01,765194.8827739999,765194.8827739999,0
2020-10-05,765194.8827739999,765194.8827739999,0
2020-10-06,765194.8827739999,765194.8827739999,0
2020-10-07,765194.8827739999,765194.8827739999,0
2020-10-08,765194.8827739999,765194.8827739999,0
2020-10-09,765194.8827739999,765194.8827739999,0
2020-10-12,765194.8827739999,765194.8827739999,0
2020-10-13,765194.8827739999,765194.8827739999,0
2020-10-14,765194.8827739999,765194.8827739999,0
2020-10-15,765194.8827739999,765194.8827739999,0
2020-10-16,765194.8827739999,765194.8827739999,0
2020-10-19,765194.8827739999,765194.8827739999,0
2020-10-20,765194.8827739999,765194.8827739999,0
2020-10-21,765194.8827739999,765194.8827739999,0
2020-10-22,765194.8827739999,765194.8827739999,0
2020-10-23,765194.8827739999,765194.8827739999,0
2020-10-26,765194.8827739999,765194.8827739999,0
2020-10-27,765194.8827739999,765194.8827739999,0
2020-10-28,765194.8827739999,765194.8827739999,0
2020-10-29,765194.8827739999,765194.8827739999,0
2020-10-30,765194.8827739999,765194.8827739999,0
2020-11-02,765194.8827739999,765194.8827739999,0
2020-11-03,765194.8827739999,765194.8827739999,0
2020-11-04,765194.8827739999,765194.8827739999,0
2020-11-05,765194.8827739999,765194.8827739999,0
2020-11-06,765194.8827739999,765194.8827739999,0
2020-11-09,765194.8827739999,765194.8827739999,0
2020-11-10,765194.8827739999,765194.8827739999,0
2020-11-11,765194.8827739999,765194.8827739999,0
2020-11-12,765194.8827739999,765194.8827739999,0
2020-11-13,765194.8827739999,765194.8827739999,0
2020-11-17,765194.8827739999,765194.8827739999,0
2020-11-18,765194.8827739999,765194.8827739999,0
2020-11-19,762461.3941716,79089.24357160008,9
2020-11-20,763220.4312476001,2929.863747600073,10
2020-11-23,792064.6205476001,2929.863747600073,10
2020-11-24,800732.9475476001,2929.863747600073,10
2020-11-25,782246.7126476001,2929.863747600073,10
2020-11-26,783273.1220476001,2929.863747600073,10
2020-11-27,804872.0459476002,2929.863747600073,10
2020-12-01,811981.4490476002,2929.863747600073,10
2020-12-02,816003.9024476002,2929.863747600073,10
2020-12-03,814663.4374476002,2929.863747600073,10
2020-12-04,813107.5310476001,2929.863747600073,10
2020-12-07,812365.3957476001,2929.863747600073,10
2020-12-08,801706.7631476001,2929.863747600073,10
2020-12-09,816242.8899476001,2929.863747600073,10
2020-12-10,803299.8066476001,2929.863747600073,10
2020-12-11,813807.3895476001,2929.863747600073,10
2020-12-14,827034.8297476001,2929.863747600073,10
2020-12-15,817941.4505476,2929.863747600073,10
2020-12-16,825367.3049476001,2929.863747600073,10
2020-12-17,823807.8037476001,2929.863747600073,10
2020-12-18,814747.1097476002,2929.863747600073,10
2020-12-21,780445.8649476002,2929.863747600073,10
2020-12-22,789299.3797476002,2929.863747600073,10
2020-12-23,808570.9922476001,2929.863747600073,10
2020-12-24,804235.6549476001,2929.863747600073,10
2020-12-28,818890.9561476001,2929.863747600073,10
2020-12-29,817285.7403476001,2929.863747600073,10
2020-12-30,834116.0324476002,2929.863747600073,10
2020-12-31,830897.2495476,2929.863747600073,10
2021-01-01,843565.4727476,2929.863747600073,10
2021-01-04,851113.7203476,2929.863747600073,10
2021-01-05,855246.5220476001,2929.863747600073,10
2021-01-06,851582.3239476001,2929.863747600073,10
2021-01-07,854905.1877476001,2929.863747600073,10
2021-01-08,865982.4565476001,2929.863747600073,10
2021-01-11,871083.8683476001,2929.863747600073,10
2021-01-12,870749.7686476001,66.29294760005723,10
2021-01-13,865053.0175476,66.29294760005723,10
2021-01-14,868075.6533476,66.29294760005723,10
2021-01-15,862431.0453476,66.29294760005723,10
2021-01-18,843610.9871476,66.29294760005723,10
2021-01-19,867966.2821476,66.29294760005723,10
2021-01-20,877377.9974476,66.29294760005723,10
2021-01-21,872806.0910476,66.29294760005723,10
2021-01-22,898080.4014476,66.29294760005723,10
2021-01-25,890048.2482476,66.29294760005723,10
2021-01-27,893486.2557476,66.29294760005723,10
2021-01-28,887027.1080476,66.29294760005723,10
2021-01-29,890367.1243476,66.29294760005723,10
2021-02-01,921213.5568476,66.29294760005723,10
2021-02-02,935454.5502476,66.29294760005723,10
2021-02-03,939344.6137476,66.29294760005723,10
2021-02-04,956490.1054476,66.29294760005723,10
2021-02-05,955724.1847476,66.29294760005723,10
2021-02-08,969828.6021476,66.29294760005723,10
2021-02-09,977860.9464476,66.29294760005723,10
2021-02-10,967277.1071476,66.29294760005723,10
2021-02-11,962099.7168476001,66.29294760005723,10
2021-02-12,957196.2221476,66.29294760005723,10
2021-02-15,963255.2925476,66.29294760005723,10
2021-02-16,980604.1649476,66.29294760005723,10
2021-02-17,991561.2806476,66.29294760005723,10
2021-02-18,999452.5643476,66.29294760005723,10
2021-02-19,991194.4069476,66.29294760005723,10
2021-02-22,992608.0271476,66.29294760005723,10
2021-02-23,1007955.4715476,66.29294760005723,10
2021-02-24,1024743.8475476,66.29294760005723,10
2021-02-25,1036421.0432476,66.29294760005723,10
2021-02-26,1032904.3688476001,66.29294760005723,10
2021-03-01,1065537.3561476,66.29294760005723,10
2021-03-02,1078920.6671476,66.29294760005723,10
2021-03-03,1118450.3609476,66.29294760005723,10
2021-03-04,1145724.1890476001,66.29294760005723,10
2021-03-05,1140204.0343476,66.29294760005723,10
2021-03-08,1162092.4638476002,66.29294760005723,10
2021-03-09,1143623.8926476,66.29294760005723,10
2021-03-10,1161567.3377476002,66.29294760005723,10
2021-03-12,1162747.1948476,66.29294760005723,10
2021-03-15,1151759.3689476,66.29294760005723,10
2021-03-16,1152931.6583476001,66.29294760005723,10
2021-03-17,1127735.5527476002,66.29294760005723,10
2021-03-18,1111063.5210476,66.29294760005723,10
2021-03-19,1129720.2011476,66.29294760005723,10
2021-03-22,1155100.8817476002,66.29294760005723,10
2021-03-23,1179807.7188476,66.29294760005723,10
2021-03-24,1169202.9265476002,66.29294760005723,10
2021-03-25,1142560.8334476,66.29294760005723,10
2021-03-26,1158291.5026476001,66.29294760005723,10
2021-03-30,1170582.0868476,66.29294760005723,10
2021-03-31,1182123.1199476002,66.29294760005723,10
2021-04-01,1218966.6725476002,66.29294760005723,10
2021-04-05,1214897.2903476001,66.29294760005723,10
2021-04-06,1241520.6995476,66.29294760005723,10
2021-04-07,1220841.2781476001,66.29294760005723,10
2021-04-08,1208064.2338476,66.29294760005723,10
2021-04-09,1227682.8194476,66.29294760005723,10
2021-04-12,1143715.0331876,744.2211876000656,10
2021-04-13,1166496.0636876002,744.2211876000656,10
2021-04-15,1198229.7952876,744.2211876000656,10
2021-04-16,1199169.9654876,744.2211876000656,10
2021-04-19,1193799.5270876002,744.2211876000656,10
2021-04-20,1206117.1814876,744.2211876000656,10
2021-04-22,1219619.4475876002,744.2211876000656,10
2021-04-23,1208098.9045876001,744.2211876000656,10
2021-04-26,1212780.2929876002,744.2211876000656,10
2021-04-27,1220184.8421876002,744.2211876000656,10
2021-04-28,1229862.0342876,744.2211876000656,10
2021-04-29,1223626.9609876003,744.2211876000656,10
2021-04-30,1222759.5435876,744.2211876000656,10
2021-05-03,1244088.2792876002,744.2211876000656,10
2021-05-04,1253745.7278876002,744.2211876000656,10
2021-05-05,1263890.8127876,744.2211876000656,10
2021-05-06,1257559.7877876002,744.2211876000656,10
2021-05-07,1255718.1940876,744.2211876000656,10
2021-05-10,1255143.2810876002,744.2211876000656,10
2021-05-11,1260613.0744876002,744.2211876000656,10
2021-05-12,1256531.4557876003,744.2211876000656,10
2021-05-14,1227567.7846876,744.2211876000656,10
2021-05-17,1251243.5216876,744.2211876000656,10
2021-05-18,1287097.6670876,744.2211876000656,10
2021-05-19,1292201.3472876002,744.2211876000656,10
2021-05-20,1322862.2941876003,744.2211876000656,10
2021-05-21,1329764.7086876002,744.2211876000656,10
2021-05-24,1333809.7270876002,744.2211876000656,10
2021-05-25,1312955.2268876003,744.2211876000656,10
2021-05-26,1320767.0102876,744.2211876000656,10
2021-05-27,1318400.1296876,744.2211876000656,10
2021-05-28,1307480.2256876002,744.2211876000656,10
2021-05-31,1315337.9497876002,744.2211876000656,10
2021-06-01,1317619.1865876003,744.2211876000656,10
2021-06-02,1366137.4413876003,744.2211876000656,10
2021-06-03,1400675.6276876002,744.2211876000656,10
2021-06-04,1415715.9876876,744.2211876000656,10
2021-06-07,1424698.2599876001,744.2211876000656,10
2021-06-08,1422348.5712876,744.2211876000656,10
2021-06-09,1401635.5549876,744.2211876000656,10
2021-06-10,1414982.7118876001,744.2211876000656,10
2021-06-11,1417661.8969876,744.2211876000656,10
2021-06-14,1389364.3650876002,744.2211876000656,10
2021-06-15,1383918.0945876,744.2211876000656,10
2021-06-16,1357297.6568876002,744.2211876000656,10
2021-06-17,1333450.7654876001,744.2211876000656,10
2021-06-18,1314106.455586,146116.82718600007,10
2021-06-21,1324906.0225860002,146116.82718600007,10
2021-06-22,1329932.8517860002,146116.82718600007,10
2021-06-23,1319323.628986,146116.82718600007,10
2021-06-24,1315558.6704860001,146116.82718600007,10
2021-06-25,1315737.560586,146116.82718600007,10
2021-06-28,1316141.001686,146116.82718600007,10
2021-06-29,1319568.283586,146116.82718600007,10
2021-06-30,1336754.3287860001,146116.82718600007,10
2021-07-01,1338943.514586,146116.82718600007,10
2021-07-02,1341347.505686,146116.82718600007,10
2021-07-05,1349867.498286,146116.82718600007,10
2021-07-06,1360640.027286,146116.82718600007,10
2021-07-07,1364558.434786,146116.82718600007,10
2021-07-08,1357638.417286,146116.82718600007,10
2021-07-09,1358057.110986,146116.82718600007,10
2021-07-12,1372796.184386,146116.82718600007,10
2021-07-13,1387454.144186,146116.82718600007,10
2021-07-14,1392503.069086,146116.82718600007,10
2021-07-15,1414758.875186,146116.82718600007,10
2021-07-16,1426706.8032860002,146116.82718600007,10
2021-07-19,1410292.5418860002,146116.82718600007,10
2021-07-20,1389540.887286,146116.82718600007,10
2021-07-22,1418601.787686,146116.82718600007,10
2021-07-23,1403465.6146860002,146116.82718600007,10
2021-07-26,1413856.8224860001,146116.82718600007,10
2021-07-27,1401472.8191860002,146116.82718600007,10
2021-07-28,1401454.171886,146116.82718600007,10
2021-07-29,1407440.219986,146116.82718600007,10
2021-07-30,1412415.5595860002,146116.82718600007,10
2021-08-02,1438296.282686,146116.82718600007,10
2021-08-03,1453235.015386,146116.82718600007,10
2021-08-04,1449629.896386,146116.82718600007,10
2021-08-05,1438222.8897860001,146116.82718600007,10
2021-08-06,1432577.563386,146116.82718600007,10
2021-08-09,1421130.784886,146116.82718600007,10
2021-08-10,1392519.6172860002,146116.82718600007,10
2021-08-11,1387722.337386,146116.82718600007,10
2021-08-12,1403735.8513860002,146116.82718600007,10
2021-08-13,1394863.5103860002,146116.82718600007,10
2021-08-16,1388959.152986,146116.82718600007,10
2021-08-17,1385651.226586,146116.82718600007,10
2021-08-18,1387002.4019860001,146116.82718600007,10
2021-08-20,1354159.693094,203319.70609400008,10
2021-08-23,1332473.8817172,122736.45061720005,10
2021-08-24,1360307.7219172001,122736.45061720005,10
2021-08-25,1374389.5911172,122736.45061720005,10
2021-08-26,1368128.8737172,122736.45061720005,10
2021-08-27,1369631.5198172,122736.45061720005,10
2021-08-30,1401855.5445172,122736.45061720005,10
2021-08-31,1415255.1495172,122736.45061720005,10
2021-09-01,1435846.2813172,122736.45061720005,10
2021-09-02,1455490.6297171998,122736.45061720005,10
2021-09-03,1471248.9263172,122736.45061720005,10
2021-09-06,1493810.4487172,122736.45061720005,10
2021-09-07,1472501.7654172,122736.45061720005,10
2021-09-08,1491182.6363172,122736.45061720005,10
2021-09-09,1493652.0452172,122736.45061720005,10
2021-09-13,1507163.2930172,122736.45061720005,10
2021-09-14,1510539.6235172,122736.45061720005,10
2021-09-15,1551273.1918172,122736.45061720005,10
2021-09-16,1561189.6471172,122736.45061720005,10
2021-09-17,1554357.4579172,122736.45061720005,10
2021-09-20,1505394.8519172,122736.45061720005,10
2021-09-21,1501432.7435172,122736.45061720005,10
2021-09-22,1518647.7956172,122736.45061720005,10
2021-09-23,1510922.5489988,154749.03129880008,10
2021-09-24,1508962.1111988002,154749.03129880008,10
2021-09-27,1506893.9056988002,154749.03129880008,10
2021-09-28,1489189.8642988002,154749.03129880008,10
2021-09-29,1507438.4847988002,154749.03129880008,10
2021-09-30,1513938.2864988002,154749.03129880008,10
2021-10-01,1499307.9120988,154749.03129880008,10
2021-10-04,1507789.0859988001,154749.03129880008,10
2021-10-05,1508189.8305988002,154749.03129880008,10
2021-10-06,1488171.0049988,154749.03129880008,10
2021-10-07,1503557.8948988002,154749.03129880008,10
2021-10-08,1506811.0832988003,154749.03129880008,10
2021-10-11,1515762.4205988,154749.03129880008,10
2021-10-12,1508133.8899988001,154749.03129880008,10
2021-10-13,1510392.0330988,154749.03129880008,10
2021-10-14,1529590.8648988002,154749.03129880008,10
2021-10-18,1528527.0921988,154749.03129880008,10
2021-10-19,1508735.7322988,154749.03129880008,10
2021-10-20,1481064.1365988,154749.03129880008,10
2021-10-21,1472178.8968988,154749.03129880008,10
2021-10-22,1465760.0948988001,154749.03129880008,10
2021-10-25,1427378.01887,140094.1545700001,10
2021-10-26,1442894.78997,140094.1545700001,10
2021-10-27,1430458.40407,140094.1545700001,10
2021-10-28,1414669.69787,140094.1545700001,10
2021-10-29,1409557.11847,140094.1545700001,10
2021-11-01,1429653.0760700002,140094.1545700001,10
2021-11-02,1449155.34887,140094.1545700001,10
2021-11-03,1445638.52157,140094.1545700001,10
2021-11-04,1452580.6333700002,140094.1545700001,10
2021-11-08,1478059.19607,140094.1545700001,10
2021-11-09,1488779.13087,140094.1545700001,10
2021-11-10,1489069.86347,140094.1545700001,10
2021-11-11,1462407.62197,140094.1545700001,10
2021-11-12,1474572.14647,140094.1545700001,10
2021-11-15,1472240.6265699998,140094.1545700001,10
2021-11-16,1472922.76887,140094.1545700001,10
2021-11-17,1459349.74217,140094.1545700001,10
2021-11-18,1453994.43527,140094.1545700001,10
2021-11-22,1423220.77917,140094.1545700001,10
2021-11-23,1444522.52097,140094.1545700001,10
2021-11-24,1463632.63817,140094.1545700001,10
2021-11-25,1478093.92947,140094.1545700001,10
2021-11-26,1436877.9913880003,106703.50928800009,10
2021-11-29,1432059.9500880002,106703.50928800009,10
2021-11-30,1435270.5168128002,85428.72521280008,10
2021-12-01,1452342.6483128,85428.72521280008,10
2021-12-02,1459552.5994128,85428.72521280008,10
2021-12-03,1461818.9902128002,85428.72521280008,10
2021-12-06,1449545.1720128001,85428.72521280008,10
2021-12-07,1465012.7280128002,85428.72521280008,10
2021-12-08,1477382.5693128,85428.72521280008,10
2021-12-09,1481213.3178128,85428.72521280008,10
2021-12-10,1488366.8199128,85428.72521280008,10
2021-12-13,1483648.5861128,85428.72521280008,10
2021-12-14,1483814.8738128,85428.72521280008,10
2021-12-15,1473260.9394128001,85428.72521280008,10
2021-12-16,1467052.0936128001,85428.72521280008,10
2021-12-17,1436793.1139128,85428.72521280008,10
2021-12-20,1383842.2340256001,113038.07152560007,10
2021-12-21,1409226.4570256001,113038.07152560007,10
2021-12-22,1434608.1738256002,113038.07152560007,10
2021-12-23,1460163.4661256,113038.07152560007,10
2021-12-24,1446601.5941256,113038.07152560007,10
2021-12-27,1456335.2894256,113038.07152560007,10
2021-12-28,1476746.8691256,113038.07152560007,10
2021-12-29,1478934.4692256001,113038.07152560007,10
2021-12-30,1482556.6373256,113038.07152560007,10
2021-12-31,1496889.1415256,113038.07152560007,10
2022-01-03,1507991.5927256,113038.07152560007,10
2022-01-04,1523262.2905256,113038.07152560007,10
2022-01-05,1525775.3581256,113038.07152560007,10
2022-01-06,1549716.7997256,113038.07152560007,10
2022-01-07,1565174.3223256,113038.07152560007,10
2022-01-10,1598639.2900256,113038.07152560007,10
2022-01-11,1585142.7061256,113038.07152560007,10
2022-01-12,1594896.4418256,113038.07152560007,10
2022-01-13,1599284.6643256,113038.07152560007,10
2022-01-14,1605265.8101256,113038.07152560007,10
2022-01-17,1623289.4545256,113038.07152560007,10
2022-01-18,1599447.6856256,113038.07152560007,10
2022-01-19,1595470.6015256,113038.07152560007,10
2022-01-20,1595922.5726256,113038.07152560007,10
2022-01-21,1572149.8462256,113038.07152560007,10
2022-01-24,1496601.7224100002,81328.03971000007,10
2022-01-25,1511630.51701,81328.03971000007,10
2022-01-27,1483784.42601,81328.03971000007,10
2022-01-28,1482502.0379100002,81328.03971000007,10
2022-01-31,1492506.7014100002,81328.03971000007,10
2022-02-01,1490769.8150100003,81328.03971000007,10
2022-02-02,1528468.62791,81328.03971000007,10
2022-02-03,1529902.3376100003,81328.03971000007,10
2022-02-04,1526944.6725100002,81328.03971000007,10
2022-02-07,1507278.3242524,50979.09605240007,10
2022-02-08,1502790.2301524,50979.09605240007,10
2022-02-09,1502038.9057524002,50979.09605240007,10
2022-02-10,1496827.9774524001,50979.09605240007,10
2022-02-11,1474582.3408624001,69933.20216240006,10
2022-02-14,1421282.8737176,56835.61051760006,10
2022-02-15,1435435.0247176,56835.61051760006,10
2022-02-16,1446531.9477176,56835.61051760006,10
2022-02-17,1464337.3693176,56835.61051760006,10
2022-02-18,1470019.8320176,56835.61051760006,10
2022-02-21,1418105.1142176,56835.61051760006,10
2022-02-22,1389788.1263704002,113639.51017040008,10
2022-02-23,1408198.3262704,113639.51017040008,10
2022-02-24,1345198.9979704001,113639.51017040008,10
2022-02-25,1409745.9192704002,113639.51017040008,10
2022-02-28,1425896.6122704002,113639.51017040008,10
2022-03-02,1416822.9377704002,113639.51017040008,10
2022-03-03,1415725.9428704001,113639.51017040008,10
2022-03-04,1395096.0628704003,113639.51017040008,10
2022-03-07,1339145.692402,470452.41870200005,7
2022-03-08,1349910.650902,470452.41870200005,7
2022-03-09,1372014.853102,470452.41870200005,7
2022-03-10,1373040.2576020001,470452.41870200005,7
2022-03-11,1385392.291202,470452.41870200005,7
2022-03-14,1391589.154902,470452.41870200005,7
2022-03-15,1397234.309602,470452.41870200005,7
2022-03-16,1411603.1701020002,470452.41870200005,7
2022-03-17,1416870.1569168,47644.62921680004,10
2022-03-21,1403947.4166168,47644.62921680004,10
2022-03-22,1403899.7129168,47644.62921680004,10
2022-03-23,1420494.6858168,47644.62921680004,10
2022-03-24,1423340.3176167998,47644.62921680004,10
2022-03-25,1430189.2009168,47644.62921680004,10
2022-03-28,1439539.0233168,47644.62921680004,10
2022-03-29,1483235.7461168,47644.62921680004,10
2022-03-30,1476844.3833168,47644.62921680004,10
2022-03-31,1494981.4257168,47644.62921680004,10
2022-04-01,1523254.0663168,47644.62921680004,10
2022-04-04,1535178.7154168,47644.62921680004,10
2022-04-05,1560975.6819168,47644.62921680004,10
2022-04-06,1576389.9324168,47644.62921680004,10
2022-04-07,1564973.0485168,47644.62921680004,10
2022-04-08,1594379.9532168,47644.62921680004,10
2022-04-11,1622424.5967168,47644.62921680004,10
2022-04-12,1608650.2248168,47644.62921680004,10
2022-04-13,1595599.3029168,47644.62921680004,10
2022-04-18,1637195.9552168,47644.62921680004,10
2022-04-19,1612786.8885168,47644.62921680004,10
2022-04-20,1597041.8573168,47644.62921680004,10
2022-04-21,1609869.7608168,47644.62921680004,10
2022-04-22,1626613.1760167999,47644.62921680004,10
2022-04-25,1604115.4016167999,47644.62921680004,10
2022-04-26,1642552.3295168,47644.62921680004,10
2022-04-27,1648955.4005168,47644.62921680004,10
2022-04-28,1632960.9732168,47644.62921680004,10
2022-04-29,1616906.3761168001,47644.62921680004,10
2022-05-02,1605629.3166168,47644.62921680004,10
2022-05-04,1567711.9808168001,47644.62921680004,10
2022-05-05,1599837.8464168,47644.62921680004,10
2022-05-06,1580346.0481168,47644.62921680004,10
2022-05-09,1554199.7782504,313268.60785040003,8
2022-05-10,1532970.3635504,313268.60785040003,8
2022-05-11,1510491.6705504002,313268.60785040003,8
2022-05-12,1479391.1235087998,434373.25420880003,7
2022-05-13,1511899.9593087998,434373.25420880003,7
2022-05-16,1523858.4428088,434373.25420880003,7
2022-05-17,1553725.0393088,434373.25420880003,7
2022-05-18,1575498.9461088,434373.25420880003,7
2022-05-19,1573035.9785087998,434373.25420880003,7
2022-05-20,1599890.8597088,434373.25420880003,7
2022-05-23,1602448.1728088,434373.25420880003,7
2022-05-24,1584783.7797088,434373.25420880003,7
2022-05-25,1557768.8927088003,434373.25420880003,7
2022-05-26,1576194.5576612,584102.7926612,6
2022-05-27,1595546.2282612002,584102.7926612,6
2022-05-30,1634219.8880612,584102.7926612,6
2022-05-31,1627182.0228612002,584102.7926612,6
2022-06-01,1631927.8707612,584102.7926612,6
2022-06-02,1609274.4930612,584102.7926612,6
2022-06-03,1580375.7299612002,584102.7926612,6
2022-06-06,1596293.6137612,584102.7926612,6
2022-06-07,1585301.6630612002,584102.7926612,6
2022-06-08,1576340.4017612,584102.7926612,6
2022-06-09,1586997.4477612,584102.7926612,6
2022-06-10,1574915.1034612,584102.7926612,6
2022-06-13,1553354.5240412,895742.7067412001,5
2022-06-14,1554701.3991412001,895742.7067412001,5
2022-06-15,1546731.9350695997,1546731.9350695997,0
2022-06-16,1546731.9350695997,1546731.9350695997,0
2022-06-17,1546731.9350695997,1546731.9350695997,0
2022-06-20,1546731.9350695997,1546731.9350695997,0
2022-06-21,1546731.9350695997,1546731.9350695997,0
2022-06-22,1546731.9350695997,1546731.9350695997,0
2022-06-23,1546731.9350695997,1546731.9350695997,0
2022-06-24,1546731.9350695997,1546731.9350695997,0
2022-06-27,1546731.9350695997,1546731.9350695997,0
2022-06-28,1546731.9350695997,1546731.9350695997,0
2022-06-29,1546731.9350695997,1546731.9350695997,0
2022-06-30,1546731.9350695997,1546731.9350695997,0
2022-07-01,1546731.9350695997,1546731.9350695997,0
2022-07-04,1546731.9350695997,1546731.9350695997,0
2022-07-05,1546731.9350695997,1546731.9350695997,0
2022-07-06,1546731.9350695997,1546731.9350695997,0
2022-07-07,1546731.9350695997,1546731.9350695997,0
2022-07-08,1546731.9350695997,1546731.9350695997,0
2022-07-11,1546731.9350695997,1546731.9350695997,0
2022-07-12,1546731.9350695997,1546731.9350695997,0
2022-07-13,1546731.9350695997,1546731.9350695997,0
2022-07-14,1546731.9350695997,1546731.9350695997,0
2022-07-15,1546731.9350695997,1546731.9350695997,0
2022-07-18,1546731.9350695997,1546731.9350695997,0
2022-07-19,1546731.9350695997,1546731.9350695997,0
2022-07-20,1546731.9350695997,1546731.9350695997,0
2022-07-21,1546731.9350695997,1546731.9350695997,0
2022-07-22,1546731.9350695997,1546731.9350695997,0
2022-07-25,1546731.9350695997,1546731.9350695997,0
2022-07-26,1546731.9350695997,1546731.9350695997,0
2022-07-27,1546731.9350695997,1546731.9350695997,0
2022-07-28,1546731.9350695997,1546731.9350695997,0
2022-07-29,1546731.9350695997,1546731.9350695997,0
2022-08-01,1546731.9350695997,1546731.9350695997,0
2022-08-02,1546731.9350695997,1546731.9350695997,0
2022-08-03,1546731.9350695997,1546731.9350695997,0
2022-08-04,1546731.9350695997,1546731.9350695997,0
2022-08-05,1546731.9350695997,1546731.9350695997,0
2022-08-08,1546731.9350695997,1546731.9350695997,0
2022-08-10,1546731.9350695997,1546731.9350695997,0
2022-08-11,1546731.9350695997,1546731.9350695997,0
2022-08-12,1546731.9350695997,1546731.9350695997,0
2022-08-16,1546731.9350695997,1546731.9350695997,0
2022-08-17,1546731.9350695997,1546731.9350695997,0
2022-08-18,1546731.9350695997,1546731.9350695997,0
2022-08-19,1546731.9350695997,1546731.9350695997,0
2022-08-22,1546731.9350695997,1546731.9350695997,0
2022-08-23,1546731.9350695997,1546731.9350695997,0
2022-08-24,1546731.9350695997,1546731.9350695997,0
2022-08-25,1546731.9350695997,1546731.9350695997,0
2022-08-26,1546731.9350695997,1546731.9350695997,0
2022-08-29,1546731.9350695997,1546731.9350695997,0
2022-08-30,1546731.9350695997,1546731.9350695997,0
2022-09-01,1546731.9350695997,1546731.9350695997,0
2022-09-02,1546731.9350695997,1546731.9350695997,0
2022-09-05,1546731.9350695997,1546731.9350695997,0
2022-09-06,1546731.9350695997,1546731.9350695997,0
2022-09-07,1546731.9350695997,1546731.9350695997,0
2022-09-08,1546731.9350695997,1546731.9350695997,0
2022-09-09,1546731.9350695997,1546731.9350695997,0
2022-09-12,1546731.9350695997,1546731.9350695997,0
2022-09-13,1546731.9350695997,1546731.9350695997,0
2022-09-14,1546731.9350695997,1546731.9350695997,0
2022-09-15,1546731.9350695997,1546731.9350695997,0
2022-09-16,1546731.9350695997,1546731.9350695997,0
2022-09-19,1546731.9350695997,1546731.9350695997,0
2022-09-20,1540597.6496339997,7026.290733999747,10
2022-09-21,1525143.5631339997,7026.290733999747,10
2022-09-22,1520918.102034,7026.290733999747,10
2022-09-23,1489910.640734,7026.290733999747,10
2022-09-26,1451806.9823339998,7026.290733999747,10
2022-09-27,1467546.759434,7026.290733999747,10
2022-09-28,1445208.7671339998,7026.290733999747,10
2022-09-29,1461009.0048339998,7026.290733999747,10
2022-09-30,1486371.8739339998,7026.290733999747,10
2022-10-03,1480696.3176339997,7026.290733999747,10
2022-10-04,1500845.8644339999,7026.290733999747,10
2022-10-06,1517513.2196339997,7026.290733999747,10
2022-10-07,1540339.8902339998,7026.290733999747,10
2022-10-10,1541533.482534,7026.290733999747,10
2022-10-11,1516547.8958339998,7026.290733999747,10
2022-10-12,1526654.1759339997,7026.290733999747,10
2022-10-13,1519453.7212339998,7026.290733999747,10
2022-10-14,1514770.3096339998,7026.290733999747,10
2022-10-17,1532082.7094339998,7026.290733999747,10
2022-10-18,1542714.1110339998,7026.290733999747,10
2022-10-19,1554694.289034,7026.290733999747,10
2022-10-20,1560799.8651339998,7026.290733999747,10
2022-10-21,1550951.301234,7026.290733999747,10
2022-10-24,1561711.4382339998,7026.290733999747,10
2022-10-25,1576698.297234,7026.290733999747,10
2022-10-27,1591832.2366339997,7026.290733999747,10
2022-10-28,1590580.312034,7026.290733999747,10
2022-10-31,1594562.5593339996,7026.290733999747,10
2022-11-01,1587943.3359339999,7026.290733999747,10
2022-11-02,1606331.943634,7026.290733999747,10
2022-11-03,1608164.5624339997,7026.290733999747,10
2022-11-04,1617748.2353339999,7026.290733999747,10
2022-11-07,1616182.593034,7026.290733999747,10
2022-11-09,1616025.4952339998,7026.290733999747,10
2022-11-10,1616589.7737339998,7026.290733999747,10
2022-11-11,1638922.8218339998,7026.290733999747,10
2022-11-14,1657959.952534,7026.290733999747,10
2022-11-15,1662205.2146339999,7026.290733999747,10
2022-11-16,1648614.9050339998,7026.290733999747,10
2022-11-17,1649807.2096339997,7026.290733999747,10
2022-11-18,1650045.8264339997,7026.290733999747,10
2022-11-21,1655826.5470339998,7026.290733999747,10
2022-11-22,1670481.118634,7026.290733999747,10
2022-11-23,1681235.6155339999,7026.290733999747,10
2022-11-24,1682464.1440339999,7026.290733999747,10
2022-11-25,1688829.209134,7026.290733999747,10
2022-11-28,1699937.7001339998,7026.290733999747,10
2022-11-29,1698254.9028339998,7026.290733999747,10
2022-11-30,1704266.4290339998,7026.290733999747,10
2022-12-01,1726515.4197339998,7026.290733999747,10
2022-12-02,1722069.4379339998,7026.290733999747,10
2022-12-05,1739339.623834,7026.290733999747,10
2022-12-06,1729507.4354339996,7026.290733999747,10
2022-12-07,1724518.5684339998,7026.290733999747,10
2022-12-08,1740796.5702339998,7026.290733999747,10
2022-12-09,1718532.6744339997,7026.290733999747,10
2022-12-12,1733921.7100339998,7026.290733999747,10
2022-12-13,1749039.4037339997,7026.290733999747,10
2022-12-14,1760118.2066339997,7026.290733999747,10
2022-12-15,1736898.6954339999,7026.290733999747,10
2022-12-16,1715691.3088339998,7026.290733999747,10
2022-12-19,1715368.5729339998,7026.290733999747,10
2022-12-20,1719956.4601339998,7026.290733999747,10
2022-12-21,1679469.1295339998,7026.290733999747,10
2022-12-22,1648520.0421339998,7026.290733999747,10
2022-12-23,1574508.4983723997,45591.131172399764,10
2022-12-26,1607253.7910723998,45591.131172399764,10
2022-12-27,1627279.0175723997,45591.131172399764,10
2022-12-28,1632584.2574723999,45591.131172399764,10
2022-12-29,1633713.5140723998,45591.131172399764,10
2022-12-30,1651145.8663723997,45591.131172399764,10
2023-01-02,1661780.5014723998,45591.131172399764,10
2023-01-03,1669611.8961723999,45591.131172399764,10
2023-01-04,1652570.0050723997,45591.131172399764,10
2023-01-05,1661908.0234723997,45591.131172399764,10
2023-01-06,1658885.1385723997,45591.131172399764,10
2023-01-09,1686279.9527723996,45591.131172399764,10
2023-01-10,1672032.9546723997,45591.131172399764,10
2023-01-11,1669756.4504723998,45591.131172399764,10
2023-01-12,1663849.3848723997,45591.131172399764,10
2023-01-13,1676542.4601723996,45591.131172399764,10
2023-01-16,1682571.1974723998,45591.131172399764,10
2023-01-17,1676472.8276723998,45591.131172399764,10
2023-01-18,1675404.3481723997,45591.131172399764,10
2023-01-19,1689780.5967723997,45591.131172399764,10
2023-01-20,1679320.0622723997,45591.131172399764,10
2023-01-23,1667668.1063723997,45591.131172399764,10
2023-01-24,1664196.1173723997,45591.131172399764,10
2023-01-25,1638962.7907448,4794.549944799772,10
2023-01-27,1595067.5522448,4794.549944799772,10
2023-01-30,1603541.1205447998,4794.549944799772,10
2023-01-31,1622723.8765448,4794.549944799772,10
2023-02-01,1610796.8568447998,4794.549944799772,10
2023-02-02,1615131.5758447999,4794.549944799772,10
2023-02-03,1636856.8924448,4794.549944799772,10
2023-02-06,1623241.1029448,4794.549944799772,10
2023-02-07,1637433.8286447998,4794.549944799772,10
2023-02-08,1636440.1116447998,4794.549944799772,10
2023-02-09,1617609.4214447998,4794.549944799772,10
2023-02-10,1655857.5664447998,4794.549944799772,10
2023-02-13,1662228.6482447998,4794.549944799772,10
2023-02-14,1657987.9036447997,4794.549944799772,10
2023-02-15,1651047.5476447998,4794.549944799772,10
2023-02-16,1669286.1066448,4794.549944799772,10
2023-02-17,1661326.0487447998,4794.549944799772,10
2023-02-20,1641107.8681447997,4794.549944799772,10
2023-02-21,1658196.7381447998,4794.549944799772,10
2023-02-22,1620819.9372015998,22594.031101599772,10
2023-02-23,1626884.6064015997,22594.031101599772,10
2023-02-24,1616583.4026015997,22594.031101599772,10
2023-02-27,1602213.8910015998,22594.031101599772,10
2023-02-28,1595261.0532711998,149111.98447119977,9
2023-03-01,1607204.1967207997,166.2375207997684,10
2023-03-02,1586436.9471207997,166.2375207997684,10
2023-03-03,1595193.2454207998,166.2375207997684,10
2023-03-06,1612025.9114207998,166.2375207997684,10
2023-03-08,1617423.0590207996,166.2375207997684,10
2023-03-09,1611403.4641207997,166.2375207997684,10
2023-03-10,1603284.4308207997,166.2375207997684,10
2023-03-13,1574406.2161207998,166.2375207997684,10
2023-03-14,1561744.5254207996,166.2375207997684,10
2023-03-15,1561650.2513207996,166.2375207997684,10
2023-03-16,1551550.2518207997,166.2375207997684,10
2023-03-17,1556433.3549207996,166.2375207997684,10
2023-03-20,1540622.6530343997,150382.28183439976,9
2023-03-21,1542201.1315343997,150382.28183439976,9
2023-03-22,1550510.7802343997,150382.28183439976,9
2023-03-23,1564496.9588695997,284341.60876959976,8
2023-03-24,1541986.9853696,284341.60876959976,8
2023-03-27,1540422.7822695998,284341.60876959976,8
2023-03-28,1544511.4390695998,284341.60876959976,8
2023-03-29,1560385.3489696,284341.60876959976,8
2023-03-31,1557397.9571695998,284341.60876959976,8
2023-04-03,1563757.2243695997,284341.60876959976,8
2023-04-05,1575461.8943255995,80.13192559973686,10
2023-04-06,1591600.5954255997,80.13192559973686,10
2023-04-10,1579961.0738255996,80.13192559973686,10
2023-04-11,1589522.6036255998,80.13192559973686,10
2023-04-12,1598442.4230255997,80.13192559973686,10
2023-04-13,1598163.7555255997,80.13192559973686,10
2023-04-17,1593792.1759255996,80.13192559973686,10
2023-04-18,1585859.4879255996,80.13192559973686,10
2023-04-19,1575542.3098255997,80.13192559973686,10
2023-04-20,1573894.5179255996,80.13192559973686,10
2023-04-21,1580615.8264255996,80.13192559973686,10
2023-04-24,1587593.9431255995,80.13192559973686,10
2023-04-25,1573791.6040255995,80.13192559973686,10
2023-04-26,1583701.3394255997,80.13192559973686,10
2023-04-27,1586457.9946255996,80.13192559973686,10
2023-04-28,1598151.3902255995,80.13192559973686,10
2023-05-02,1600702.9741255997,80.13192559973686,10
2023-05-03,1620224.3536255998,80.13192559973686,10
2023-05-04,1619534.9978255995,80.13192559973686,10
2023-05-05,1608741.1054255995,80.13192559973686,10
2023-05-08,1620674.1019255996,80.13192559973686,10
2023-05-09,1617061.9499255996,80.13192559973686,10
2023-05-10,1615808.2596255997,80.13192559973686,10
2023-05-11,1624405.7995255997,80.13192559973686,10
2023-05-12,1624728.0986255996,80.13192559973686,10
2023-05-15,1625187.0249255996,80.13192559973686,10
2023-05-16,1627388.4065255998,80.13192559973686,10
2023-05-17,1631615.5695255995,80.13192559973686,10
2023-05-18,1623817.2419255998,80.13192559973686,10
2023-05-19,1622245.5425255997,80.13192559973686,10
2023-05-22,1633912.8315255996,80.13192559973686,10
2023-05-23,1643100.7829255997,80.13192559973686,10
2023-05-24,1650816.5333255995,80.13192559973686,10
2023-05-25,1670291.1771255997,80.13192559973686,10
2023-05-26,1691686.1971255997,80.13192559973686,10
2023-05-29,1705229.7181255997,80.13192559973686,10
2023-05-30,1738060.1614255998,80.13192559973686,10
2023-05-31,1744187.2522255997,80.13192559973686,10
2023-06-01,1741424.7325255997,80.13192559973686,10
2023-06-02,1744059.5349255996,80.13192559973686,10
2023-06-05,1750136.8988255996,80.13192559973686,10
2023-06-06,1734853.7856255996,80.13192559973686,10
2023-06-07,1746935.8808255997,80.13192559973686,10
2023-06-08,1746161.1411255996,80.13192559973686,10
2023-06-09,1752228.0693255996,80.13192559973686,10
2023-06-12,1761038.7552255997,80.13192559973686,10
2023-06-13,1777098.5166255997,80.13192559973686,10
2023-06-14,1777727.4264255997,80.13192559973686,10
2023-06-15,1779084.3741255996,80.13192559973686,10
2023-06-16,1792334.0910255997,80.13192559973686,10
2023-06-19,1790879.4104255997,80.13192559973686,10
2023-06-20,1792081.8989255996,80.13192559973686,10
2023-06-21,1790400.5154255996,80.13192559973686,10
2023-06-22,1782851.0801255996,80.13192559973686,10
2023-06-23,1772546.9986255998,80.13192559973686,10
2023-06-26,1780555.8984255998,80.13192559973686,10
2023-06-27,1789878.7977255997,80.13192559973686,10
2023-06-28,1784744.1967255997,80.13192559973686,10
2023-06-30,1788139.8747255998,80.13192559973686,10
2023-07-03,1799238.2631255998,80.13192559973686,10
2023-07-04,1793163.0915255996,80.13192559973686,10
2023-07-05,1804196.4550255996,80.13192559973686,10
2023-07-06,1818289.5238255996,80.13192559973686,10
2023-07-07,1810749.0122255997,80.13192559973686,10
2023-07-10,1805397.6014255995,80.13192559973686,10
2023-07-11,1836724.6227255997,80.13192559973686,10
2023-07-12,1847035.1889255997,80.13192559973686,10
2023-07-13,1849992.6197255997,80.13192559973686,10
2023-07-14,1855262.3292255998,80.13192559973686,10
2023-07-17,1880106.8808255997,80.13192559973686,10
2023-07-18,1895402.5409255996,80.13192559973686,10
2023-07-19,1896564.9989255997,80.13192559973686,10
2023-07-20,1892783.4946255996,80.13192559973686,10
2023-07-21,1878057.7247255996,80.13192559973686,10
2023-07-24,1874535.9897255998,80.13192559973686,10
2023-07-25,1882637.9126255997,80.13192559973686,10
2023-07-26,1886080.1660255997,80.13192559973686,10
2023-07-27,1891551.5761255997,80.13192559973686,10
2023-07-28,1901503.6486255997,80.13192559973686,10
2023-07-31,1909317.0612255996,80.13192559973686,10
2023-08-01,1912855.4462255996,80.13192559973686,10
2023-08-02,1903083.1293255996,80.13192559973686,10
2023-08-03,1896431.0123255998,80.13192559973686,10
2023-08-04,1906438.5832255995,80.13192559973686,10
2023-08-07,1918958.1098255997,80.13192559973686,10
2023-08-08,1929881.6330255996,80.13192559973686,10
2023-08-09,1935568.7720255996,80.13192559973686,10
2023-08-10,1928190.0967255996,80.13192559973686,10
2023-08-11,1913138.1990255998,80.13192559973686,10
2023-08-14,1915287.4324255998,80.13192559973686,10
2023-08-16,1927903.7936255997,80.13192559973686,10
2023-08-17,1923479.8258255997,80.13192559973686,10
2023-08-18,1934994.3550255997,80.13192559973686,10
2023-08-21,1937982.1130255996,80.13192559973686,10
2023-08-22,1934717.8360255996,80.13192559973686,10
2023-08-23,1937787.6902255998,80.13192559973686,10
2023-08-24,1938212.6649255997,80.13192559973686,10
2023-08-25,1946309.6961255996,80.13192559973686,10
2023-08-28,1962361.1624255995,80.13192559973686,10
2023-08-29,1989744.2651255997,80.13192559973686,10
2023-08-30,1983745.1279255997,80.13192559973686,10
2023-08-31,1989078.2233255997,80.13192559973686,10
2023-09-01,2008270.3216255996,80.13192559973686,10
2023-09-04,2006634.6627255995,80.13192559973686,10
2023-09-05,2005147.3852255996,80.13192559973686,10
2023-09-06,1995820.4699255996,80.13192559973686,10
2023-09-07,2017262.4034255997,80.13192559973686,10
2023-09-08,2034506.9493255997,80.13192559973686,10
2023-09-11,2068176.4226255997,80.13192559973686,10
2023-09-12,2014482.0413255997,80.13192559973686,10
2023-09-13,2017430.3407255998,80.13192559973686,10
2023-09-14,2025318.1163255996,80.13192559973686,10
2023-09-15,2035996.2325255997,80.13192559973686,10
2023-09-18,2036390.2990255996,80.13192559973686,10
2023-09-20,2052840.8211255996,80.13192559973686,10
2023-09-21,2032197.5181255997,80.13192559973686,10
2023-09-22,2030084.0618255995,80.13192559973686,10
2023-09-25,2015408.4437255997,80.13192559973686,10
2023-09-26,2017946.8676255997,80.13192559973686,10
2023-09-27,2069160.5981255998,80.13192559973686,10
2023-09-28,2058327.1626255997,80.13192559973686,10
2023-09-29,2061722.8607255996,80.13192559973686,10
2023-10-03,2059485.3280255995,80.13192559973686,10
2023-10-04,2035474.6906255996,80.13192559973686,10
2023-10-05,2055799.3713255995,80.13192559973686,10
2023-10-06,2066635.1714255996,80.13192559973686,10
2023-10-09,2050743.4533255997,80.13192559973686,10
2023-10-10,2066381.8289255996,80.13192559973686,10
2023-10-11,2061389.5201255996,80.13192559973686,10
2023-10-12,2079978.2634255996,80.13192559973686,10
2023-10-13,2086243.4996255997,80.13192559973686,10
2023-10-16,2113695.2169255996,80.13192559973686,10
2023-10-17,2122593.0470255995,80.13192559973686,10
2023-10-18,2126577.9300255994,80.13192559973686,10
2023-10-19,2126205.3479255997,80.13192559973686,10
2023-10-20,2142097.7433255995,80.13192559973686,10
2023-10-23,2079495.9158255996,80.13192559973686,10
2023-10-25,2059075.9168255997,80.13192559973686,10
2023-10-26,2040500.6457255997,80.13192559973686,10
2023-10-27,2104262.2321256,80.13192559973686,10
2023-10-30,2102195.0365255997,80.13192559973686,10
2023-10-31,2109405.1258256,80.13192559973686,10
2023-11-01,2138256.4736255994,80.13192559973686,10
2023-11-02,2143918.7806256,80.13192559973686,10
2023-11-03,2175814.3221255997,80.13192559973686,10
2023-11-06,2187141.8516255994,80.13192559973686,10
2023-11-07,2204305.5193255995,80.13192559973686,10
2023-11-08,2224183.0258255997,80.13192559973686,10
2023-11-09,2218006.3971255994,80.13192559973686,10
2023-11-10,2217913.7801256,80.13192559973686,10
2023-11-13,2246551.0521255997,80.13192559973686,10
2023-11-15,2276066.0089255995,80.13192559973686,10
2023-11-16,2277402.4163255994,80.13192559973686,10
2023-11-17,2283098.6500255996,80.13192559973686,10
2023-11-20,2292121.7104255995,80.13192559973686,10
2023-11-21,2295409.7007255997,80.13192559973686,10
2023-11-22,2334575.0061255996,80.13192559973686,10
2023-11-23,2325126.6439255998,80.13192559973686,10
2023-11-24,2330881.7876255997,80.13192559973686,10
2023-11-28,2335680.2434255998,80.13192559973686,10
2023-11-29,2338933.6839256,80.13192559973686,10
2023-11-30,2382363.9647255996,80.13192559973686,10
2023-12-01,2374658.2014255994,80.13192559973686,10
2023-12-04,2387317.8275256,80.13192559973686,10
2023-12-05,2392950.5966255995,80.13192559973686,10
2023-12-06,2381566.5738255996,80.13192559973686,10
2023-12-07,2398994.7229255997,80.13192559973686,10
2023-12-08,2401218.5821255995,80.13192559973686,10
2023-12-11,2401465.0691255997,80.13192559973686,10
2023-12-12,2392043.0890255994,80.13192559973686,10
2023-12-13,2419987.1327255997,80.13192559973686,10
2023-12-14,2450536.5132255997,80.13192559973686,10
2023-12-15,2429713.8231256,80.13192559973686,10
2023-12-18,2417861.8993256,80.13192559973686,10
2023-12-19,2429244.1797255995,80.13192559973686,10
2023-12-20,2370968.1173256,80.13192559973686,10
2023-12-21,2409585.7244255994,80.13192559973686,10
2023-12-22,2433415.8361255997,80.13192559973686,10
2023-12-26,2442542.2432255996,80.13192559973686,10
2023-12-27,2450955.9228255996,80.13192559973686,10
2023-12-28,2459885.2660255996,80.13192559973686,10
2023-12-29,2467147.6801255997,80.13192559973686,10
2024-01-01,2465365.3587256,80.13192559973686,10
2024-01-02,2457289.5115255998,80.13192559973686,10
2024-01-03,2446795.7503255997,80.13192559973686,10
2024-01-04,2459960.1938255997,80.13192559973686,10
2024-01-05,2471713.2983255996,80.13192559973686,10
2024-01-08,2454671.4795255996,80.13192559973686,10
2024-01-09,2463197.0108255995,80.13192559973686,10
2024-01-10,2468328.2398256,80.13192559973686,10
2024-01-11,2463330.6381255994,80.13192559973686,10
2024-01-12,2474574.5910255997,80.13192559973686,10
2024-01-15,2467153.1665255995,80.13192559973686,10
2024-01-16,2468715.2339255996,80.13192559973686,10
2024-01-17,2459306.9736255994,80.13192559973686,10
2024-01-18,2432047.1236256,80.13192559973686,10
2024-01-19,2443866.1914255996,80.13192559973686,10
2024-01-23,2409154.8629256,80.13192559973686,10
2024-01-24,2423616.4298579996,46458.99365799976,10
2024-01-25,2421116.0362579995,46458.99365799976,10
2024-01-29,2427015.3040295998,85745.96152959976,10
2024-01-30,2420093.0386296,85745.96152959976,10
2024-01-31,2460449.5489296,85745.96152959976,10
2024-02-01,2458462.0578296,85745.96152959976,10
2024-02-02,2472277.4993296,85745.96152959976,10
2024-02-05,2463493.0835296,85745.96152959976,10
2024-02-06,2498220.1934296,85745.96152959976,10
2024-02-07,2486570.6025296,85745.96152959976,10
2024-02-08,2506963.8123296,85745.96152959976,10
2024-02-09,2510388.8811296,85745.96152959976,10
2024-02-12,2483904.9227295998,85745.96152959976,10
2024-02-13,2511266.2645296,85745.96152959976,10
2024-02-14,2519817.8335296,85745.96152959976,10
2024-02-15,2545878.5136296,85745.96152959976,10
2024-02-16,2563391.3712295997,85745.96152959976,10
2024-02-19,2571256.4595296,85745.96152959976,10
2024-02-20,2565131.4590296,85745.96152959976,10
2024-02-21,2551320.2029296,85745.96152959976,10
2024-02-22,2542450.7970296,85745.96152959976,10
2024-02-23,2564874.8316296,85745.96152959976,10
2024-02-26,2548985.5705296,85745.96152959976,10
2024-02-27,2556534.8874296,85745.96152959976,10
2024-02-28,2512016.7513296,85745.96152959976,10
2024-02-29,2536948.0083296,85745.96152959976,10
2024-03-01,2573856.6421296,85745.96152959976,10
2024-03-04,2582173.3617296,85745.96152959976,10
2024-03-05,2568380.4329296,85745.96152959976,10
2024-03-06,2549868.1759296,85745.96152959976,10
2024-03-07,2553206.2499296,85745.96152959976,10
2024-03-11,2554964.7632296,85745.96152959976,10
2024-03-12,2511447.9431296,85745.96152959976,10
2024-03-13,2431574.9957296,85745.96152959976,10
2024-03-14,2471065.2771296,85745.96152959976,10
2024-03-15,2483797.6354296,85745.96152959976,10
2024-03-18,2477376.4768296,85745.96152959976,10
2024-03-19,2463752.5366296,85745.96152959976,10
2024-03-20,2456413.9427296,85745.96152959976,10
2024-03-21,2508278.3975296,85745.96152959976,10
2024-03-22,2503931.8201296,85745.96152959976,10
2024-03-26,2507896.0179296,85745.96152959976,10
2024-03-27,2545015.9047296,85745.96152959976,10
2024-03-28,2544972.7584296,85745.96152959976,10
2024-04-01,2567204.3779296,85745.96152959976,10
2024-04-02,2588607.1309296,85745.96152959976,10
2024-04-03,2593281.3795296,85745.96152959976,10
2024-04-04,2580133.2125296,85745.96152959976,10
2024-04-05,2590233.7300296,85745.96152959976,10
2024-04-08,2611318.2096296,85745.96152959976,10
2024-04-09,2611121.5724296,85745.96152959976,10
2024-04-10,2627871.7531296,85745.96152959976,10
2024-04-12,2586216.8656296,85745.96152959976,10
2024-04-15,2563967.8427296,85745.96152959976,10
2024-04-16,2593821.0677296,85745.96152959976,10
2024-04-18,2621396.7189296,85745.96152959976,10
2024-04-19,2629807.4583296,85745.96152959976,10
2024-04-22,2608489.633778,15.766177999757929,10
2024-04-23,2652776.153478,15.766177999757929,10
2024-04-24,2676642.581378,15.766177999757929,10
2024-04-25,2693693.591178,15.766177999757929,10
2024-04-26,2692413.4710779996,15.766177999757929,10
2024-04-29,2685800.433078,15.766177999757929,10
2024-04-30,2679985.894478,15.766177999757929,10
2024-05-02,2663989.866778,15.766177999757929,10
2024-05-03,2658057.0540779997,15.766177999757929,10
2024-05-06,2664761.452478,15.766177999757929,10
2024-05-07,2657694.930078,15.766177999757929,10
2024-05-08,2671211.107578,15.766177999757929,10
2024-05-09,2640608.7187779997,15.766177999757929,10
2024-05-10,2656316.987678,15.766177999757929,10
2024-05-13,2673633.465378,15.766177999757929,10
2024-05-14,2716988.9383779997,15.766177999757929,10
2024-05-15,2756128.836578,15.766177999757929,10
2024-05-16,2777993.283378,15.766177999757929,10
2024-05-17,2829411.8426779998,15.766177999757929,10
2024-05-21,2815268.274078,15.766177999757929,10
2024-05-22,2796747.8222779995,15.766177999757929,10
2024-05-23,2812602.8769779997,15.766177999757929,10
2024-05-24,2836169.7385779996,15.766177999757929,10
2024-05-27,2833419.0900779995,15.766177999757929,10
2024-05-28,2809046.3259779997,15.766177999757929,10
2024-05-29,2798624.9913779995,15.766177999757929,10
2024-05-30,2770352.624078,15.766177999757929,10
2024-05-31,2791698.605378,15.766177999757929,10
2024-06-03,2858932.6135779996,15.766177999757929,10
2024-06-04,2661691.328078,15.766177999757929,10
2024-06-05,2740347.967878,15.766177999757929,10
2024-06-06,2808726.2360779997,15.766177999757929,10
2024-06-07,2893266.829778,15.766177999757929,10
2024-06-10,2913970.4510779995,15.766177999757929,10
2024-06-11,2945107.271378,15.766177999757929,10
2024-06-12,2958590.3706779997,15.766177999757929,10
2024-06-13,2951301.3279779996,15.766177999757929,10
2024-06-14,3002818.8850779994,15.766177999757929,10
2024-06-18,3038669.8435779996,15.766177999757929,10
2024-06-19,3041995.5038779997,15.766177999757929,10
2024-06-20,3025919.0000779997,15.766177999757929,10
2024-06-21,3034593.5559779997,15.766177999757929,10
2024-06-24,3051424.3610779997,15.766177999757929,10
2024-06-25,3089025.088178,15.766177999757929,10
2024-06-26,3112468.1582779996,15.766177999757929,10
2024-06-27,3113724.6579779997,15.766177999757929,10
2024-06-28,3138853.056078,15.766177999757929,10
2024-07-01,3184677.960078,15.766177999757929,10
2024-07-02,3194585.046278,15.766177999757929,10
2024-07-03,3206716.522078,15.766177999757929,10
2024-07-04,3200841.1936779995,15.766177999757929,10
2024-07-05,3290684.9688779996,15.766177999757929,10
2024-07-08,3315522.154578,15.766177999757929,10
2024-07-09,3356757.5474779997,15.766177999757929,10
2024-07-10,3289310.5974779995,15.766177999757929,10
2024-07-11,3275549.0809779996,15.766177999757929,10
2024-07-12,3224288.467278,15.766177999757929,10
2024-07-15,3239251.0307779997,15.766177999757929,10
2024-07-16,3246722.811578,15.766177999757929,10
2024-07-18,3209058.789378,15.766177999757929,10
2024-07-19,3157849.195978,15.766177999757929,10
2024-07-22,3216114.9016779996,15.766177999757929,10
2024-07-23,3223423.854978,15.766177999757929,10
2024-07-24,3245487.3906779997,15.766177999757929,10
2024-07-25,3243870.0937779997,15.766177999757929,10
2024-07-26,3339114.331978,15.766177999757929,10
2024-07-29,3378274.101978,15.766177999757929,10
2024-07-30,3394278.427878,15.766177999757929,10
2024-07-31,3400305.6297779996,15.766177999757929,10
2024-08-01,3350710.8118779995,15.766177999757929,10
2024-08-02,3310758.959078,15.766177999757929,10
2024-08-05,3187695.013978,15.766177999757929,10
2024-08-06,3144081.6574779996,15.766177999757929,10
2024-08-07,3210357.7779779998,15.766177999757929,10
2024-08-08,3222533.9806779996,15.766177999757929,10
2024-08-09,3256999.523278,15.766177999757929,10
2024-08-12,3268122.996578,15.766177999757929,10
2024-08-13,3246302.191578,15.766177999757929,10
2024-08-14,3266969.926678,15.766177999757929,10
2024-08-16,3366200.281978,15.766177999757929,10
2024-08-19,3399726.2103779996,15.766177999757929,10
2024-08-20,3381723.9857779997,15.766177999757929,10
2024-08-21,3388211.299578,15.766177999757929,10
2024-08-22,3400143.110978,15.766177999757929,10
2024-08-23,3393944.2226779996,15.766177999757929,10
2024-08-26,3414550.7095779995,15.766177999757929,10
2024-08-27,3306883.1683779997,15.766177999757929,10
2024-08-28,3428564.052778,15.766177999757929,10
2024-08-29,3391264.644578,15.766177999757929,10
2024-08-30,3397234.0924779996,15.766177999757929,10
2024-09-02,3370551.7387779998,15.766177999757929,10
2024-09-03,3396609.9983779998,15.766177999757929,10
2024-09-04,3405467.820178,15.766177999757929,10
2024-09-05,3416853.7665779996,15.766177999757929,10
2024-09-06,3393020.777678,15.766177999757929,10
2024-09-09,3395954.465578,15.766177999757929,10
2024-09-10,3407127.185178,15.766177999757929,10
2024-09-11,3419889.8372779996,15.766177999757929,10
2024-09-12,3497975.833578,15.766177999757929,10
2024-09-13,3512508.7723779995,15.766177999757929,10
2024-09-16,3522558.986578,15.766177999757929,10
2024-09-17,3514625.834678,15.766177999757929,10
2024-09-18,3511008.4740779996,15.766177999757929,10
2024-09-19,3507116.825378,15.766177999757929,10
2024-09-20,3591574.4830779997,15.766177999757929,10
2024-09-23,3646090.8345779995,15.766177999757929,10
2024-09-24,3638610.3267583996,2.327758399769664,10
2024-09-25,3618475.6760583995,2.327758399769664,10
2024-09-26,3659847.6779583995,2.327758399769664,10
2024-09-27,3616705.2507583997,2.327758399769664,10
2024-09-30,3565733.3166583995,2.327758399769664,10
2024-10-01,3578640.2563583995,2.327758399769664,10
2024-10-03,3511585.9640583997,2.327758399769664,10
2024-10-04,3505457.5876583997,2.327758399769664,10
2024-10-07,3407134.2586584,2.327758399769664,10
2024-10-08,3492638.1611583997,2.327758399769664,10
2024-10-09,3554848.4863583995,2.327758399769664,10
2024-10-10,3589206.9066584,2.327758399769664,10
2024-10-11,3611462.1683583995,2.327758399769664,10
2024-10-14,3629573.4501584,2.327758399769664,10
2024-10-15,3657468.5063583995,2.327758399769664,10
2024-10-16,3657103.0655584,2.327758399769664,10
2024-10-17,3617020.4493103996,369.16041039975244,10
2024-10-18,3611702.4850103995,369.16041039975244,10
2024-10-21,3564131.1718103997,369.16041039975244,10
2024-10-22,3427644.3318103994,369.16041039975244,10
2024-10-23,3387776.4606103995,369.16041039975244,10
2024-10-24,3391116.9211103995,369.16041039975244,10
2024-10-25,3338118.6172103994,369.16041039975244,10
2024-10-28,3337523.8821103997,369.16041039975244,10
2024-10-29,3351038.0298103997,369.16041039975244,10
2024-10-30,3345791.9906103997,369.16041039975244,10
2024-10-31,3402917.4453399996,228.96313999974518,10
2024-11-01,3463524.5205399995,228.96313999974518,10
2024-11-04,3392245.71444,228.96313999974518,10
2024-11-05,3396506.3393399995,228.96313999974518,10
2024-11-06,3481654.94934,228.96313999974518,10
2024-11-07,3425163.4643399995,228.96313999974518,10
2024-11-08,3400496.32074,228.96313999974518,10
2024-11-11,3396596.0537399994,228.96313999974518,10
2024-11-12,3353239.0838399995,228.96313999974518,10
2024-11-13,3253210.9503091997,16.0238091997453,10
2024-11-14,3269657.1180092,16.0238091997453,10
2024-11-18,3236183.7713091997,16.0238091997453,10
2024-11-19,3248260.0503092,16.0238091997453,10
2024-11-21,3277498.7686091997,16.0238091997453,10
2024-11-22,3303979.4766092,16.0238091997453,10
2024-11-25,3328194.9046091996,16.0238091997453,10
2024-11-26,3304375.7934092,16.0238091997453,10
2024-11-27,3363473.0653092,16.0238091997453,10
2024-11-28,3400771.9191091997,16.0238091997453,10
2024-11-29,3345481.7245091996,16.0238091997453,10
2024-12-02,3409093.2310091997,16.0238091997453,10
2024-12-03,3425251.1228091996,16.0238091997453,10
2024-12-04,3430059.6709328,55.83993279977585,10
2024-12-05,3454011.9665328,55.83993279977585,10
2024-12-06,3502556.4400327997,55.83993279977585,10
2024-12-09,3516442.9689328,55.83993279977585,10
2024-12-10,3535152.3924328,55.83993279977585,10
2024-12-11,3530211.6855328,55.83993279977585,10
2024-12-12,3539305.6563327997,55.83993279977585,10
2024-12-13,3546455.3369328,55.83993279977585,10
2024-12-16,3607246.1693328,55.83993279977585,10
2024-12-17,3574109.6464327998,55.83993279977585,10
2024-12-18,3562712.4969328,55.83993279977585,10
2024-12-19,3587681.8868327998,55.83993279977585,10
2024-12-20,3544321.9341328,55.83993279977585,10
2024-12-23,3524349.1780328,55.83993279977585,10
2024-12-24,3516111.2945327996,55.83993279977585,10
2024-12-26,3553763.8602328,55.83993279977585,10
2024-12-27,3594984.1008328,55.83993279977585,10
2024-12-30,3616284.7649328,55.83993279977585,10
