"IndexName","Date","Total Returns Index","Net Total Return Index"
"NIFTY 500","01 Aug 1995","763.87","-"
"NIFTY 500","02 Aug 1995","772.24","-"
"NIFTY 500","03 Aug 1995","763.49","-"
"NIFTY 500","04 Aug 1995","763.82","-"
"NIFTY 500","07 Aug 1995","762.01","-"
"NIFTY 500","08 Aug 1995","756.26","-"
"NIFTY 500","09 Aug 1995","760.63","-"
"NIFTY 500","11 Aug 1995","757.47","-"
"NIFTY 500","14 Aug 1995","753.76","-"
"NIFTY 500","16 Aug 1995","755.67","-"
"NIFTY 500","17 Aug 1995","756.50","-"
"NIFTY 500","21 Aug 1995","757.47","-"
"NIFTY 500","22 Aug 1995","753.86","-"
"NIFTY 500","24 Aug 1995","748.75","-"
"NIFTY 500","25 Aug 1995","741.12","-"
"NIFTY 500","28 Aug 1995","735.24","-"
"NIFTY 500","31 Aug 1995","734.13","-"
"NIFTY 500","01 Sep 1995","734.18","-"
"NIFTY 500","04 Sep 1995","732.65","-"
"NIFTY 500","05 Sep 1995","727.78","-"
"NIFTY 500","06 Sep 1995","732.73","-"
"NIFTY 500","07 Sep 1995","735.32","-"
"NIFTY 500","08 Sep 1995","737.98","-"
"NIFTY 500","11 Sep 1995","738.96","-"
"NIFTY 500","12 Sep 1995","737.71","-"
"NIFTY 500","13 Sep 1995","734.27","-"
"NIFTY 500","14 Sep 1995","736.37","-"
"NIFTY 500","15 Sep 1995","737.67","-"
"NIFTY 500","18 Sep 1995","736.63","-"
"NIFTY 500","19 Sep 1995","735.85","-"
"NIFTY 500","20 Sep 1995","737.75","-"
"NIFTY 500","21 Sep 1995","739.77","-"
"NIFTY 500","22 Sep 1995","742.26","-"
"NIFTY 500","25 Sep 1995","751.40","-"
"NIFTY 500","26 Sep 1995","755.06","-"
"NIFTY 500","27 Sep 1995","747.75","-"
"NIFTY 500","28 Sep 1995","745.65","-"
"NIFTY 500","29 Sep 1995","749.08","-"
"NIFTY 500","04 Oct 1995","746.84","-"
"NIFTY 500","05 Oct 1995","751.04","-"
"NIFTY 500","06 Oct 1995","761.32","-"
"NIFTY 500","09 Oct 1995","764.52","-"
"NIFTY 500","10 Oct 1995","760.74","-"
"NIFTY 500","11 Oct 1995","759.69","-"
"NIFTY 500","12 Oct 1995","757.66","-"
"NIFTY 500","13 Oct 1995","758.43","-"
"NIFTY 500","16 Oct 1995","754.98","-"
"NIFTY 500","17 Oct 1995","752.11","-"
"NIFTY 500","18 Oct 1995","751.67","-"
"NIFTY 500","19 Oct 1995","744.56","-"
"NIFTY 500","20 Oct 1995","736.71","-"
"NIFTY 500","23 Oct 1995","735.32","-"
"NIFTY 500","26 Oct 1995","722.32","-"
"NIFTY 500","27 Oct 1995","725.19","-"
"NIFTY 500","30 Oct 1995","722.70","-"
"NIFTY 500","31 Oct 1995","719.56","-"
"NIFTY 500","01 Nov 1995","726.83","-"
"NIFTY 500","02 Nov 1995","725.63","-"
"NIFTY 500","03 Nov 1995","724.62","-"
"NIFTY 500","06 Nov 1995","718.36","-"
"NIFTY 500","08 Nov 1995","708.94","-"
"NIFTY 500","09 Nov 1995","708.94","-"
"NIFTY 500","10 Nov 1995","699.20","-"
"NIFTY 500","13 Nov 1995","683.93","-"
"NIFTY 500","14 Nov 1995","673.45","-"
"NIFTY 500","15 Nov 1995","673.84","-"
"NIFTY 500","16 Nov 1995","673.82","-"
"NIFTY 500","17 Nov 1995","667.59","-"
"NIFTY 500","20 Nov 1995","666.19","-"
"NIFTY 500","21 Nov 1995","659.68","-"
"NIFTY 500","22 Nov 1995","649.94","-"
"NIFTY 500","23 Nov 1995","640.28","-"
"NIFTY 500","24 Nov 1995","651.36","-"
"NIFTY 500","27 Nov 1995","653.58","-"
"NIFTY 500","28 Nov 1995","646.42","-"
"NIFTY 500","29 Nov 1995","641.10","-"
"NIFTY 500","30 Nov 1995","647.88","-"
"NIFTY 500","01 Dec 1995","655.57","-"
"NIFTY 500","04 Dec 1995","655.68","-"
"NIFTY 500","05 Dec 1995","655.10","-"
"NIFTY 500","06 Dec 1995","662.14","-"
"NIFTY 500","07 Dec 1995","671.29","-"
"NIFTY 500","08 Dec 1995","654.56","-"
"NIFTY 500","11 Dec 1995","647.75","-"
"NIFTY 500","12 Dec 1995","644.68","-"
"NIFTY 500","13 Dec 1995","650.30","-"
"NIFTY 500","14 Dec 1995","648.07","-"
"NIFTY 500","15 Dec 1995","647.19","-"
"NIFTY 500","18 Dec 1995","645.76","-"
"NIFTY 500","19 Dec 1995","644.48","-"
"NIFTY 500","20 Dec 1995","645.65","-"
"NIFTY 500","21 Dec 1995","651.96","-"
"NIFTY 500","22 Dec 1995","656.46","-"
"NIFTY 500","01 Jan 1996","659.03","-"
"NIFTY 500","02 Jan 1996","656.47","-"
"NIFTY 500","03 Jan 1996","652.92","-"
"NIFTY 500","04 Jan 1996","648.22","-"
"NIFTY 500","05 Jan 1996","644.42","-"
"NIFTY 500","08 Jan 1996","636.13","-"
"NIFTY 500","09 Jan 1996","632.64","-"
"NIFTY 500","10 Jan 1996","630.06","-"
"NIFTY 500","11 Jan 1996","632.68","-"
"NIFTY 500","12 Jan 1996","633.92","-"
"NIFTY 500","15 Jan 1996","635.69","-"
"NIFTY 500","16 Jan 1996","634.10","-"
"NIFTY 500","17 Jan 1996","626.42","-"
"NIFTY 500","18 Jan 1996","621.29","-"
"NIFTY 500","19 Jan 1996","617.52","-"
"NIFTY 500","22 Jan 1996","616.42","-"
"NIFTY 500","23 Jan 1996","610.97","-"
"NIFTY 500","24 Jan 1996","598.91","-"
"NIFTY 500","25 Jan 1996","598.19","-"
"NIFTY 500","29 Jan 1996","602.70","-"
"NIFTY 500","30 Jan 1996","610.33","-"
"NIFTY 500","31 Jan 1996","616.71","-"
"NIFTY 500","01 Feb 1996","627.94","-"
"NIFTY 500","02 Feb 1996","658.33","-"
"NIFTY 500","05 Feb 1996","673.98","-"
"NIFTY 500","06 Feb 1996","663.04","-"
"NIFTY 500","07 Feb 1996","665.23","-"
"NIFTY 500","08 Feb 1996","690.31","-"
"NIFTY 500","09 Feb 1996","718.07","-"
"NIFTY 500","12 Feb 1996","728.10","-"
"NIFTY 500","13 Feb 1996","737.48","-"
"NIFTY 500","14 Feb 1996","753.76","-"
"NIFTY 500","15 Feb 1996","750.10","-"
"NIFTY 500","16 Feb 1996","738.36","-"
"NIFTY 500","19 Feb 1996","740.03","-"
"NIFTY 500","20 Feb 1996","732.29","-"
"NIFTY 500","22 Feb 1996","740.49","-"
"NIFTY 500","23 Feb 1996","740.09","-"
"NIFTY 500","26 Feb 1996","747.11","-"
"NIFTY 500","27 Feb 1996","742.95","-"
"NIFTY 500","28 Feb 1996","735.14","-"
"NIFTY 500","29 Feb 1996","713.32","-"
"NIFTY 500","01 Mar 1996","716.55","-"
"NIFTY 500","04 Mar 1996","719.45","-"
"NIFTY 500","06 Mar 1996","720.82","-"
"NIFTY 500","07 Mar 1996","717.50","-"
"NIFTY 500","08 Mar 1996","711.71","-"
"NIFTY 500","11 Mar 1996","702.98","-"
"NIFTY 500","12 Mar 1996","700.45","-"
"NIFTY 500","13 Mar 1996","708.19","-"
"NIFTY 500","14 Mar 1996","710.71","-"
"NIFTY 500","15 Mar 1996","704.47","-"
"NIFTY 500","18 Mar 1996","695.98","-"
"NIFTY 500","19 Mar 1996","690.09","-"
"NIFTY 500","21 Mar 1996","695.62","-"
"NIFTY 500","22 Mar 1996","690.61","-"
"NIFTY 500","25 Mar 1996","690.44","-"
"NIFTY 500","26 Mar 1996","690.71","-"
"NIFTY 500","27 Mar 1996","699.29","-"
"NIFTY 500","29 Mar 1996","714.37","-"
"NIFTY 500","02 Apr 1996","724.07","-"
"NIFTY 500","03 Apr 1996","728.65","-"
"NIFTY 500","04 Apr 1996","726.77","-"
"NIFTY 500","05 Apr 1996","734.17","-"
"NIFTY 500","08 Apr 1996","742.13","-"
"NIFTY 500","09 Apr 1996","741.46","-"
"NIFTY 500","10 Apr 1996","738.49","-"
"NIFTY 500","11 Apr 1996","735.66","-"
"NIFTY 500","12 Apr 1996","740.32","-"
"NIFTY 500","15 Apr 1996","751.54","-"
"NIFTY 500","16 Apr 1996","758.12","-"
"NIFTY 500","17 Apr 1996","777.79","-"
"NIFTY 500","18 Apr 1996","792.37","-"
"NIFTY 500","22 Apr 1996","789.29","-"
"NIFTY 500","23 Apr 1996","789.70","-"
"NIFTY 500","24 Apr 1996","818.40","-"
"NIFTY 500","25 Apr 1996","816.39","-"
"NIFTY 500","26 Apr 1996","803.34","-"
"NIFTY 500","30 Apr 1996","810.31","-"
"NIFTY 500","02 May 1996","813.07","-"
"NIFTY 500","03 May 1996","805.97","-"
"NIFTY 500","06 May 1996","792.96","-"
"NIFTY 500","08 May 1996","803.86","-"
"NIFTY 500","09 May 1996","792.92","-"
"NIFTY 500","10 May 1996","787.38","-"
"NIFTY 500","13 May 1996","795.39","-"
"NIFTY 500","14 May 1996","802.78","-"
"NIFTY 500","15 May 1996","802.34","-"
"NIFTY 500","16 May 1996","809.01","-"
"NIFTY 500","17 May 1996","800.81","-"
"NIFTY 500","20 May 1996","786.15","-"
"NIFTY 500","21 May 1996","779.67","-"
"NIFTY 500","22 May 1996","779.20","-"
"NIFTY 500","23 May 1996","777.71","-"
"NIFTY 500","24 May 1996","780.47","-"
"NIFTY 500","27 May 1996","769.46","-"
"NIFTY 500","28 May 1996","764.69","-"
"NIFTY 500","29 May 1996","784.41","-"
"NIFTY 500","30 May 1996","777.86","-"
"NIFTY 500","31 May 1996","781.13","-"
"NIFTY 500","03 Jun 1996","793.99","-"
"NIFTY 500","04 Jun 1996","793.26","-"
"NIFTY 500","05 Jun 1996","795.33","-"
"NIFTY 500","06 Jun 1996","801.51","-"
"NIFTY 500","07 Jun 1996","805.18","-"
"NIFTY 500","10 Jun 1996","811.32","-"
"NIFTY 500","11 Jun 1996","813.81","-"
"NIFTY 500","12 Jun 1996","821.41","-"
"NIFTY 500","13 Jun 1996","830.77","-"
"NIFTY 500","14 Jun 1996","846.45","-"
"NIFTY 500","17 Jun 1996","851.05","-"
"NIFTY 500","18 Jun 1996","849.73","-"
"NIFTY 500","19 Jun 1996","834.52","-"
"NIFTY 500","20 Jun 1996","834.48","-"
"NIFTY 500","21 Jun 1996","820.35","-"
"NIFTY 500","24 Jun 1996","823.11","-"
"NIFTY 500","25 Jun 1996","812.33","-"
"NIFTY 500","26 Jun 1996","805.33","-"
"NIFTY 500","27 Jun 1996","811.85","-"
"NIFTY 500","28 Jun 1996","808.28","-"
"NIFTY 500","01 Jul 1996","799.03","-"
"NIFTY 500","02 Jul 1996","794.49","-"
"NIFTY 500","03 Jul 1996","780.21","-"
"NIFTY 500","04 Jul 1996","783.68","-"
"NIFTY 500","05 Jul 1996","787.21","-"
"NIFTY 500","08 Jul 1996","792.28","-"
"NIFTY 500","09 Jul 1996","776.03","-"
"NIFTY 500","10 Jul 1996","778.36","-"
"NIFTY 500","11 Jul 1996","783.94","-"
"NIFTY 500","12 Jul 1996","780.02","-"
"NIFTY 500","15 Jul 1996","779.92","-"
"NIFTY 500","16 Jul 1996","772.73","-"
"NIFTY 500","17 Jul 1996","782.48","-"
"NIFTY 500","18 Jul 1996","787.51","-"
"NIFTY 500","19 Jul 1996","786.36","-"
"NIFTY 500","22 Jul 1996","797.21","-"
"NIFTY 500","23 Jul 1996","773.28","-"
"NIFTY 500","24 Jul 1996","760.01","-"
"NIFTY 500","25 Jul 1996","756.47","-"
"NIFTY 500","26 Jul 1996","749.15","-"
"NIFTY 500","29 Jul 1996","735.88","-"
"NIFTY 500","30 Jul 1996","723.42","-"
"NIFTY 500","31 Jul 1996","738.15","-"
"NIFTY 500","01 Aug 1996","740.00","-"
"NIFTY 500","02 Aug 1996","735.50","-"
"NIFTY 500","05 Aug 1996","733.69","-"
"NIFTY 500","06 Aug 1996","732.33","-"
"NIFTY 500","07 Aug 1996","740.78","-"
"NIFTY 500","08 Aug 1996","736.11","-"
"NIFTY 500","09 Aug 1996","734.19","-"
"NIFTY 500","12 Aug 1996","728.07","-"
"NIFTY 500","13 Aug 1996","724.62","-"
"NIFTY 500","14 Aug 1996","716.49","-"
"NIFTY 500","16 Aug 1996","708.33","-"
"NIFTY 500","19 Aug 1996","690.56","-"
"NIFTY 500","20 Aug 1996","691.18","-"
"NIFTY 500","21 Aug 1996","705.12","-"
"NIFTY 500","22 Aug 1996","705.09","-"
"NIFTY 500","23 Aug 1996","711.89","-"
"NIFTY 500","26 Aug 1996","712.08","-"
"NIFTY 500","27 Aug 1996","712.76","-"
"NIFTY 500","29 Aug 1996","722.88","-"
"NIFTY 500","30 Aug 1996","723.68","-"
"NIFTY 500","02 Sep 1996","725.64","-"
"NIFTY 500","03 Sep 1996","714.96","-"
"NIFTY 500","04 Sep 1996","717.22","-"
"NIFTY 500","06 Sep 1996","717.48","-"
"NIFTY 500","09 Sep 1996","710.79","-"
"NIFTY 500","10 Sep 1996","703.75","-"
"NIFTY 500","11 Sep 1996","694.54","-"
"NIFTY 500","12 Sep 1996","694.50","-"
"NIFTY 500","13 Sep 1996","687.54","-"
"NIFTY 500","18 Sep 1996","692.05","-"
"NIFTY 500","19 Sep 1996","683.84","-"
"NIFTY 500","20 Sep 1996","681.34","-"
"NIFTY 500","23 Sep 1996","676.41","-"
"NIFTY 500","24 Sep 1996","675.30","-"
"NIFTY 500","25 Sep 1996","674.34","-"
"NIFTY 500","26 Sep 1996","666.65","-"
"NIFTY 500","27 Sep 1996","656.96","-"
"NIFTY 500","30 Sep 1996","650.03","-"
"NIFTY 500","01 Oct 1996","647.17","-"
"NIFTY 500","03 Oct 1996","640.88","-"
"NIFTY 500","04 Oct 1996","625.26","-"
"NIFTY 500","07 Oct 1996","604.49","-"
"NIFTY 500","08 Oct 1996","606.13","-"
"NIFTY 500","09 Oct 1996","609.89","-"
"NIFTY 500","10 Oct 1996","628.08","-"
"NIFTY 500","11 Oct 1996","636.71","-"
"NIFTY 500","14 Oct 1996","624.96","-"
"NIFTY 500","15 Oct 1996","624.74","-"
"NIFTY 500","16 Oct 1996","623.12","-"
"NIFTY 500","17 Oct 1996","622.51","-"
"NIFTY 500","18 Oct 1996","625.29","-"
"NIFTY 500","22 Oct 1996","640.97","-"
"NIFTY 500","23 Oct 1996","661.08","-"
"NIFTY 500","24 Oct 1996","648.53","-"
"NIFTY 500","25 Oct 1996","647.01","-"
"NIFTY 500","28 Oct 1996","648.72","-"
"NIFTY 500","29 Oct 1996","643.56","-"
"NIFTY 500","30 Oct 1996","634.21","-"
"NIFTY 500","31 Oct 1996","630.30","-"
"NIFTY 500","01 Nov 1996","628.89","-"
"NIFTY 500","04 Nov 1996","619.66","-"
"NIFTY 500","05 Nov 1996","613.63","-"
"NIFTY 500","06 Nov 1996","611.42","-"
"NIFTY 500","07 Nov 1996","614.38","-"
"NIFTY 500","10 Nov 1996","618.58","-"
"NIFTY 500","13 Nov 1996","623.16","-"
"NIFTY 500","14 Nov 1996","620.10","-"
"NIFTY 500","15 Nov 1996","623.00","-"
"NIFTY 500","18 Nov 1996","626.49","-"
"NIFTY 500","19 Nov 1996","621.41","-"
"NIFTY 500","20 Nov 1996","610.45","-"
"NIFTY 500","21 Nov 1996","606.83","-"
"NIFTY 500","22 Nov 1996","597.14","-"
"NIFTY 500","25 Nov 1996","598.38","-"
"NIFTY 500","26 Nov 1996","593.81","-"
"NIFTY 500","27 Nov 1996","583.34","-"
"NIFTY 500","28 Nov 1996","579.96","-"
"NIFTY 500","29 Nov 1996","581.19","-"
"NIFTY 500","02 Dec 1996","571.96","-"
"NIFTY 500","03 Dec 1996","561.47","-"
"NIFTY 500","04 Dec 1996","551.59","-"
"NIFTY 500","05 Dec 1996","562.82","-"
"NIFTY 500","06 Dec 1996","567.86","-"
"NIFTY 500","09 Dec 1996","565.87","-"
"NIFTY 500","10 Dec 1996","563.61","-"
"NIFTY 500","11 Dec 1996","584.96","-"
"NIFTY 500","12 Dec 1996","579.35","-"
"NIFTY 500","13 Dec 1996","578.41","-"
"NIFTY 500","16 Dec 1996","590.13","-"
"NIFTY 500","17 Dec 1996","593.56","-"
"NIFTY 500","18 Dec 1996","596.64","-"
"NIFTY 500","19 Dec 1996","602.31","-"
"NIFTY 500","20 Dec 1996","617.52","-"
"NIFTY 500","23 Dec 1996","617.67","-"
"NIFTY 500","24 Dec 1996","617.38","-"
"NIFTY 500","01 Jan 1997","651.88","-"
"NIFTY 500","02 Jan 1997","647.71","-"
"NIFTY 500","03 Jan 1997","651.95","-"
"NIFTY 500","06 Jan 1997","652.61","-"
"NIFTY 500","07 Jan 1997","653.24","-"
"NIFTY 500","08 Jan 1997","659.67","-"
"NIFTY 500","09 Jan 1997","670.16","-"
"NIFTY 500","10 Jan 1997","683.47","-"
"NIFTY 500","13 Jan 1997","690.40","-"
"NIFTY 500","14 Jan 1997","696.46","-"
"NIFTY 500","15 Jan 1997","724.39","-"
"NIFTY 500","16 Jan 1997","694.37","-"
"NIFTY 500","17 Jan 1997","682.76","-"
"NIFTY 500","20 Jan 1997","676.45","-"
"NIFTY 500","21 Jan 1997","669.77","-"
"NIFTY 500","22 Jan 1997","676.46","-"
"NIFTY 500","24 Jan 1997","675.88","-"
"NIFTY 500","27 Jan 1997","694.03","-"
"NIFTY 500","28 Jan 1997","698.93","-"
"NIFTY 500","29 Jan 1997","688.12","-"
"NIFTY 500","30 Jan 1997","684.05","-"
"NIFTY 500","31 Jan 1997","665.86","-"
"NIFTY 500","03 Feb 1997","656.92","-"
"NIFTY 500","04 Feb 1997","659.02","-"
"NIFTY 500","05 Feb 1997","660.71","-"
"NIFTY 500","06 Feb 1997","666.83","-"
"NIFTY 500","07 Feb 1997","666.86","-"
"NIFTY 500","10 Feb 1997","669.96","-"
"NIFTY 500","11 Feb 1997","680.89","-"
"NIFTY 500","12 Feb 1997","679.21","-"
"NIFTY 500","13 Feb 1997","681.04","-"
"NIFTY 500","14 Feb 1997","684.25","-"
"NIFTY 500","17 Feb 1997","693.20","-"
"NIFTY 500","18 Feb 1997","684.13","-"
"NIFTY 500","19 Feb 1997","682.54","-"
"NIFTY 500","20 Feb 1997","677.69","-"
"NIFTY 500","21 Feb 1997","668.52","-"
"NIFTY 500","24 Feb 1997","655.55","-"
"NIFTY 500","25 Feb 1997","654.27","-"
"NIFTY 500","26 Feb 1997","655.36","-"
"NIFTY 500","27 Feb 1997","666.09","-"
"NIFTY 500","28 Feb 1997","700.52","-"
"NIFTY 500","01 Mar 1997","740.72","-"
"NIFTY 500","03 Mar 1997","750.83","-"
"NIFTY 500","04 Mar 1997","759.63","-"
"NIFTY 500","05 Mar 1997","759.94","-"
"NIFTY 500","06 Mar 1997","749.51","-"
"NIFTY 500","10 Mar 1997","730.72","-"
"NIFTY 500","11 Mar 1997","719.30","-"
"NIFTY 500","12 Mar 1997","727.12","-"
"NIFTY 500","13 Mar 1997","725.72","-"
"NIFTY 500","14 Mar 1997","721.66","-"
"NIFTY 500","17 Mar 1997","728.67","-"
"NIFTY 500","18 Mar 1997","728.11","-"
"NIFTY 500","19 Mar 1997","712.33","-"
"NIFTY 500","20 Mar 1997","717.05","-"
"NIFTY 500","21 Mar 1997","715.63","-"
"NIFTY 500","25 Mar 1997","722.33","-"
"NIFTY 500","26 Mar 1997","718.45","-"
"NIFTY 500","27 Mar 1997","719.28","-"
"NIFTY 500","28 Mar 1997","709.18","-"
"NIFTY 500","31 Mar 1997","657.19","-"
"NIFTY 500","01 Apr 1997","666.77","-"
"NIFTY 500","02 Apr 1997","687.12","-"
"NIFTY 500","03 Apr 1997","692.31","-"
"NIFTY 500","04 Apr 1997","688.98","-"
"NIFTY 500","07 Apr 1997","680.10","-"
"NIFTY 500","09 Apr 1997","702.45","-"
"NIFTY 500","10 Apr 1997","690.30","-"
"NIFTY 500","11 Apr 1997","694.92","-"
"NIFTY 500","12 Apr 1997","689.47","-"
"NIFTY 500","15 Apr 1997","695.26","-"
"NIFTY 500","17 Apr 1997","707.59","-"
"NIFTY 500","21 Apr 1997","720.26","-"
"NIFTY 500","22 Apr 1997","723.86","-"
"NIFTY 500","23 Apr 1997","725.37","-"
"NIFTY 500","24 Apr 1997","723.80","-"
"NIFTY 500","25 Apr 1997","725.67","-"
"NIFTY 500","28 Apr 1997","726.74","-"
"NIFTY 500","29 Apr 1997","721.14","-"
"NIFTY 500","30 Apr 1997","730.00","-"
"NIFTY 500","02 May 1997","724.24","-"
"NIFTY 500","05 May 1997","720.60","-"
"NIFTY 500","06 May 1997","720.41","-"
"NIFTY 500","07 May 1997","720.50","-"
"NIFTY 500","09 May 1997","725.17","-"
"NIFTY 500","12 May 1997","725.22","-"
"NIFTY 500","13 May 1997","720.24","-"
"NIFTY 500","14 May 1997","726.71","-"
"NIFTY 500","15 May 1997","725.23","-"
"NIFTY 500","16 May 1997","724.46","-"
"NIFTY 500","19 May 1997","728.00","-"
"NIFTY 500","20 May 1997","724.71","-"
"NIFTY 500","21 May 1997","719.99","-"
"NIFTY 500","22 May 1997","718.53","-"
"NIFTY 500","23 May 1997","713.61","-"
"NIFTY 500","26 May 1997","713.06","-"
"NIFTY 500","27 May 1997","709.87","-"
"NIFTY 500","28 May 1997","708.64","-"
"NIFTY 500","29 May 1997","713.29","-"
"NIFTY 500","30 May 1997","717.57","-"
"NIFTY 500","02 Jun 1997","726.76","-"
"NIFTY 500","03 Jun 1997","728.77","-"
"NIFTY 500","04 Jun 1997","733.07","-"
"NIFTY 500","05 Jun 1997","734.37","-"
"NIFTY 500","06 Jun 1997","728.30","-"
"NIFTY 500","09 Jun 1997","728.95","-"
"NIFTY 500","10 Jun 1997","733.30","-"
"NIFTY 500","11 Jun 1997","744.83","-"
"NIFTY 500","12 Jun 1997","754.98","-"
"NIFTY 500","13 Jun 1997","762.72","-"
"NIFTY 500","16 Jun 1997","764.27","-"
"NIFTY 500","17 Jun 1997","772.66","-"
"NIFTY 500","18 Jun 1997","773.24","-"
"NIFTY 500","19 Jun 1997","773.60","-"
"NIFTY 500","20 Jun 1997","773.80","-"
"NIFTY 500","23 Jun 1997","776.33","-"
"NIFTY 500","24 Jun 1997","779.47","-"
"NIFTY 500","25 Jun 1997","776.63","-"
"NIFTY 500","26 Jun 1997","778.25","-"
"NIFTY 500","27 Jun 1997","777.70","-"
"NIFTY 500","30 Jun 1997","801.41","-"
"NIFTY 500","01 Jul 1997","806.72","-"
"NIFTY 500","02 Jul 1997","812.87","-"
"NIFTY 500","03 Jul 1997","810.30","-"
"NIFTY 500","04 Jul 1997","810.38","-"
"NIFTY 500","07 Jul 1997","813.12","-"
"NIFTY 500","08 Jul 1997","818.10","-"
"NIFTY 500","09 Jul 1997","837.83","-"
"NIFTY 500","10 Jul 1997","837.14","-"
"NIFTY 500","11 Jul 1997","828.90","-"
"NIFTY 500","14 Jul 1997","814.91","-"
"NIFTY 500","15 Jul 1997","814.37","-"
"NIFTY 500","16 Jul 1997","809.78","-"
"NIFTY 500","17 Jul 1997","810.45","-"
"NIFTY 500","18 Jul 1997","797.72","-"
"NIFTY 500","21 Jul 1997","804.81","-"
"NIFTY 500","22 Jul 1997","813.55","-"
"NIFTY 500","23 Jul 1997","826.01","-"
"NIFTY 500","24 Jul 1997","823.04","-"
"NIFTY 500","25 Jul 1997","816.84","-"
"NIFTY 500","28 Jul 1997","820.13","-"
"NIFTY 500","29 Jul 1997","827.00","-"
"NIFTY 500","30 Jul 1997","831.70","-"
"NIFTY 500","31 Jul 1997","841.39","-"
"NIFTY 500","01 Aug 1997","849.11","-"
"NIFTY 500","04 Aug 1997","875.42","-"
"NIFTY 500","05 Aug 1997","889.69","-"
"NIFTY 500","06 Aug 1997","884.18","-"
"NIFTY 500","07 Aug 1997","870.67","-"
"NIFTY 500","08 Aug 1997","860.11","-"
"NIFTY 500","11 Aug 1997","873.55","-"
"NIFTY 500","12 Aug 1997","865.41","-"
"NIFTY 500","13 Aug 1997","855.62","-"
"NIFTY 500","14 Aug 1997","845.20","-"
"NIFTY 500","19 Aug 1997","824.47","-"
"NIFTY 500","20 Aug 1997","834.61","-"
"NIFTY 500","21 Aug 1997","821.04","-"
"NIFTY 500","22 Aug 1997","802.57","-"
"NIFTY 500","26 Aug 1997","811.67","-"
"NIFTY 500","27 Aug 1997","811.62","-"
"NIFTY 500","28 Aug 1997","786.55","-"
"NIFTY 500","29 Aug 1997","768.86","-"
"NIFTY 500","01 Sep 1997","778.39","-"
"NIFTY 500","02 Sep 1997","779.25","-"
"NIFTY 500","03 Sep 1997","782.16","-"
"NIFTY 500","04 Sep 1997","787.98","-"
"NIFTY 500","05 Sep 1997","791.14","-"
"NIFTY 500","08 Sep 1997","803.88","-"
"NIFTY 500","09 Sep 1997","796.21","-"
"NIFTY 500","10 Sep 1997","797.25","-"
"NIFTY 500","11 Sep 1997","791.43","-"
"NIFTY 500","12 Sep 1997","786.19","-"
"NIFTY 500","15 Sep 1997","789.22","-"
"NIFTY 500","16 Sep 1997","786.92","-"
"NIFTY 500","17 Sep 1997","772.71","-"
"NIFTY 500","18 Sep 1997","765.04","-"
"NIFTY 500","19 Sep 1997","753.63","-"
"NIFTY 500","22 Sep 1997","746.19","-"
"NIFTY 500","23 Sep 1997","752.86","-"
"NIFTY 500","24 Sep 1997","753.33","-"
"NIFTY 500","25 Sep 1997","761.27","-"
"NIFTY 500","26 Sep 1997","766.75","-"
"NIFTY 500","29 Sep 1997","767.73","-"
"NIFTY 500","30 Sep 1997","762.71","-"
"NIFTY 500","01 Oct 1997","763.14","-"
"NIFTY 500","03 Oct 1997","752.86","-"
"NIFTY 500","06 Oct 1997","754.72","-"
"NIFTY 500","07 Oct 1997","762.11","-"
"NIFTY 500","08 Oct 1997","765.26","-"
"NIFTY 500","09 Oct 1997","772.81","-"
"NIFTY 500","10 Oct 1997","780.46","-"
"NIFTY 500","13 Oct 1997","783.51","-"
"NIFTY 500","14 Oct 1997","774.22","-"
"NIFTY 500","15 Oct 1997","777.65","-"
"NIFTY 500","16 Oct 1997","785.39","-"
"NIFTY 500","17 Oct 1997","791.01","-"
"NIFTY 500","20 Oct 1997","802.35","-"
"NIFTY 500","21 Oct 1997","794.95","-"
"NIFTY 500","22 Oct 1997","789.66","-"
"NIFTY 500","23 Oct 1997","777.59","-"
"NIFTY 500","24 Oct 1997","766.16","-"
"NIFTY 500","27 Oct 1997","763.29","-"
"NIFTY 500","30 Oct 1997","746.25","-"
"NIFTY 500","03 Nov 1997","741.74","-"
"NIFTY 500","04 Nov 1997","741.71","-"
"NIFTY 500","05 Nov 1997","736.61","-"
"NIFTY 500","06 Nov 1997","733.28","-"
"NIFTY 500","07 Nov 1997","729.20","-"
"NIFTY 500","10 Nov 1997","724.55","-"
"NIFTY 500","11 Nov 1997","723.58","-"
"NIFTY 500","12 Nov 1997","709.94","-"
"NIFTY 500","13 Nov 1997","694.04","-"
"NIFTY 500","14 Nov 1997","693.86","-"
"NIFTY 500","17 Nov 1997","696.00","-"
"NIFTY 500","18 Nov 1997","686.42","-"
"NIFTY 500","19 Nov 1997","677.08","-"
"NIFTY 500","20 Nov 1997","679.47","-"
"NIFTY 500","21 Nov 1997","688.78","-"
"NIFTY 500","24 Nov 1997","670.69","-"
"NIFTY 500","25 Nov 1997","682.15","-"
"NIFTY 500","26 Nov 1997","692.84","-"
"NIFTY 500","27 Nov 1997","708.17","-"
"NIFTY 500","28 Nov 1997","695.28","-"
"NIFTY 500","01 Dec 1997","696.29","-"
"NIFTY 500","02 Dec 1997","693.66","-"
"NIFTY 500","03 Dec 1997","694.89","-"
"NIFTY 500","04 Dec 1997","687.40","-"
"NIFTY 500","05 Dec 1997","676.96","-"
"NIFTY 500","08 Dec 1997","675.42","-"
"NIFTY 500","09 Dec 1997","664.17","-"
"NIFTY 500","10 Dec 1997","657.59","-"
"NIFTY 500","11 Dec 1997","652.24","-"
"NIFTY 500","12 Dec 1997","651.65","-"
"NIFTY 500","15 Dec 1997","657.43","-"
"NIFTY 500","16 Dec 1997","666.31","-"
"NIFTY 500","17 Dec 1997","677.20","-"
"NIFTY 500","18 Dec 1997","675.54","-"
"NIFTY 500","19 Dec 1997","684.86","-"
"NIFTY 500","22 Dec 1997","697.96","-"
"NIFTY 500","23 Dec 1997","701.44","-"
"NIFTY 500","24 Dec 1997","697.30","-"
"NIFTY 500","26 Dec 1997","701.43","-"
"NIFTY 500","29 Dec 1997","713.87","-"
"NIFTY 500","30 Dec 1997","704.51","-"
"NIFTY 500","31 Dec 1997","706.93","-"
"NIFTY 500","01 Jan 1998","716.43","-"
"NIFTY 500","02 Jan 1998","722.63","-"
"NIFTY 500","05 Jan 1998","731.42","-"
"NIFTY 500","06 Jan 1998","726.03","-"
"NIFTY 500","07 Jan 1998","720.86","-"
"NIFTY 500","08 Jan 1998","704.27","-"
"NIFTY 500","09 Jan 1998","686.90","-"
"NIFTY 500","12 Jan 1998","665.76","-"
"NIFTY 500","13 Jan 1998","671.64","-"
"NIFTY 500","14 Jan 1998","668.44","-"
"NIFTY 500","15 Jan 1998","663.36","-"
"NIFTY 500","16 Jan 1998","666.19","-"
"NIFTY 500","19 Jan 1998","679.69","-"
"NIFTY 500","20 Jan 1998","674.00","-"
"NIFTY 500","21 Jan 1998","668.28","-"
"NIFTY 500","22 Jan 1998","660.63","-"
"NIFTY 500","23 Jan 1998","654.52","-"
"NIFTY 500","27 Jan 1998","641.11","-"
"NIFTY 500","28 Jan 1998","630.12","-"
"NIFTY 500","29 Jan 1998","629.62","-"
"NIFTY 500","02 Feb 1998","650.00","-"
"NIFTY 500","03 Feb 1998","648.16","-"
"NIFTY 500","04 Feb 1998","641.63","-"
"NIFTY 500","05 Feb 1998","645.56","-"
"NIFTY 500","06 Feb 1998","644.58","-"
"NIFTY 500","09 Feb 1998","641.51","-"
"NIFTY 500","10 Feb 1998","636.51","-"
"NIFTY 500","11 Feb 1998","633.29","-"
"NIFTY 500","12 Feb 1998","633.59","-"
"NIFTY 500","13 Feb 1998","642.47","-"
"NIFTY 500","16 Feb 1998","657.45","-"
"NIFTY 500","17 Feb 1998","651.07","-"
"NIFTY 500","18 Feb 1998","649.96","-"
"NIFTY 500","19 Feb 1998","655.96","-"
"NIFTY 500","20 Feb 1998","654.07","-"
"NIFTY 500","23 Feb 1998","665.87","-"
"NIFTY 500","24 Feb 1998","667.28","-"
"NIFTY 500","26 Feb 1998","686.25","-"
"NIFTY 500","27 Feb 1998","697.15","-"
"NIFTY 500","02 Mar 1998","726.32","-"
"NIFTY 500","03 Mar 1998","701.28","-"
"NIFTY 500","04 Mar 1998","719.40","-"
"NIFTY 500","05 Mar 1998","713.22","-"
"NIFTY 500","06 Mar 1998","711.78","-"
"NIFTY 500","09 Mar 1998","728.65","-"
"NIFTY 500","10 Mar 1998","725.61","-"
"NIFTY 500","11 Mar 1998","717.03","-"
"NIFTY 500","12 Mar 1998","710.54","-"
"NIFTY 500","16 Mar 1998","724.75","-"
"NIFTY 500","17 Mar 1998","725.02","-"
"NIFTY 500","18 Mar 1998","734.00","-"
"NIFTY 500","19 Mar 1998","734.66","-"
"NIFTY 500","20 Mar 1998","738.99","-"
"NIFTY 500","23 Mar 1998","766.31","-"
"NIFTY 500","24 Mar 1998","762.77","-"
"NIFTY 500","25 Mar 1998","770.55","-"
"NIFTY 500","26 Mar 1998","758.36","-"
"NIFTY 500","27 Mar 1998","761.80","-"
"NIFTY 500","30 Mar 1998","762.56","-"
"NIFTY 500","31 Mar 1998","759.26","-"
"NIFTY 500","01 Apr 1998","777.33","-"
"NIFTY 500","02 Apr 1998","780.06","-"
"NIFTY 500","03 Apr 1998","789.84","-"
"NIFTY 500","06 Apr 1998","811.78","-"
"NIFTY 500","07 Apr 1998","820.78","-"
"NIFTY 500","08 Apr 1998","822.64","-"
"NIFTY 500","10 Apr 1998","825.60","-"
"NIFTY 500","13 Apr 1998","812.67","-"
"NIFTY 500","15 Apr 1998","842.07","-"
"NIFTY 500","16 Apr 1998","828.51","-"
"NIFTY 500","17 Apr 1998","836.37","-"
"NIFTY 500","20 Apr 1998","848.33","-"
"NIFTY 500","21 Apr 1998","866.40","-"
"NIFTY 500","22 Apr 1998","842.56","-"
"NIFTY 500","23 Apr 1998","823.19","-"
"NIFTY 500","24 Apr 1998","809.22","-"
"NIFTY 500","27 Apr 1998","815.40","-"
"NIFTY 500","29 Apr 1998","793.68","-"
"NIFTY 500","30 Apr 1998","803.10","-"
"NIFTY 500","04 May 1998","832.36","-"
"NIFTY 500","05 May 1998","836.11","-"
"NIFTY 500","06 May 1998","818.60","-"
"NIFTY 500","08 May 1998","808.78","-"
"NIFTY 500","12 May 1998","796.07","-"
"NIFTY 500","13 May 1998","761.72","-"
"NIFTY 500","14 May 1998","786.72","-"
"NIFTY 500","15 May 1998","777.48","-"
"NIFTY 500","18 May 1998","794.42","-"
"NIFTY 500","19 May 1998","800.78","-"
"NIFTY 500","20 May 1998","813.96","-"
"NIFTY 500","21 May 1998","798.57","-"
"NIFTY 500","22 May 1998","796.29","-"
"NIFTY 500","25 May 1998","803.12","-"
"NIFTY 500","26 May 1998","799.09","-"
"NIFTY 500","27 May 1998","787.48","-"
"NIFTY 500","28 May 1998","778.06","-"
"NIFTY 500","29 May 1998","771.28","-"
"NIFTY 500","01 Jun 1998","772.00","-"
"NIFTY 500","02 Jun 1998","751.80","-"
"NIFTY 500","03 Jun 1998","751.19","-"
"NIFTY 500","04 Jun 1998","741.76","-"
"NIFTY 500","05 Jun 1998","709.00","-"
"NIFTY 500","08 Jun 1998","697.84","-"
"NIFTY 500","09 Jun 1998","709.03","-"
"NIFTY 500","10 Jun 1998","677.67","-"
"NIFTY 500","11 Jun 1998","682.39","-"
"NIFTY 500","12 Jun 1998","685.34","-"
"NIFTY 500","15 Jun 1998","649.09","-"
"NIFTY 500","16 Jun 1998","644.76","-"
"NIFTY 500","17 Jun 1998","686.58","-"
"NIFTY 500","18 Jun 1998","668.36","-"
"NIFTY 500","19 Jun 1998","639.20","-"
"NIFTY 500","22 Jun 1998","626.23","-"
"NIFTY 500","23 Jun 1998","619.07","-"
"NIFTY 500","24 Jun 1998","643.32","-"
"NIFTY 500","25 Jun 1998","655.29","-"
"NIFTY 500","26 Jun 1998","650.54","-"
"NIFTY 500","29 Jun 1998","676.07","-"
"NIFTY 500","30 Jun 1998","668.89","-"
"NIFTY 500","01 Jul 1998","660.50","-"
"NIFTY 500","02 Jul 1998","652.16","-"
"NIFTY 500","03 Jul 1998","633.16","-"
"NIFTY 500","06 Jul 1998","652.12","-"
"NIFTY 500","07 Jul 1998","659.02","-"
"NIFTY 500","08 Jul 1998","667.41","-"
"NIFTY 500","09 Jul 1998","678.84","-"
"NIFTY 500","10 Jul 1998","689.51","-"
"NIFTY 500","13 Jul 1998","681.15","-"
"NIFTY 500","14 Jul 1998","689.11","-"
"NIFTY 500","15 Jul 1998","691.09","-"
"NIFTY 500","16 Jul 1998","711.10","-"
"NIFTY 500","17 Jul 1998","707.62","-"
"NIFTY 500","20 Jul 1998","694.52","-"
"NIFTY 500","21 Jul 1998","688.52","-"
"NIFTY 500","22 Jul 1998","686.31","-"
"NIFTY 500","23 Jul 1998","664.74","-"
"NIFTY 500","24 Jul 1998","655.28","-"
"NIFTY 500","27 Jul 1998","643.89","-"
"NIFTY 500","28 Jul 1998","659.51","-"
"NIFTY 500","29 Jul 1998","668.68","-"
"NIFTY 500","30 Jul 1998","668.82","-"
"NIFTY 500","31 Jul 1998","668.02","-"
"NIFTY 500","03 Aug 1998","651.30","-"
"NIFTY 500","04 Aug 1998","650.74","-"
"NIFTY 500","05 Aug 1998","657.96","-"
"NIFTY 500","06 Aug 1998","654.02","-"
"NIFTY 500","07 Aug 1998","652.90","-"
"NIFTY 500","10 Aug 1998","646.39","-"
"NIFTY 500","11 Aug 1998","637.90","-"
"NIFTY 500","12 Aug 1998","632.32","-"
"NIFTY 500","13 Aug 1998","638.16","-"
"NIFTY 500","14 Aug 1998","635.88","-"
"NIFTY 500","17 Aug 1998","628.70","-"
"NIFTY 500","18 Aug 1998","616.89","-"
"NIFTY 500","19 Aug 1998","624.30","-"
"NIFTY 500","20 Aug 1998","642.64","-"
"NIFTY 500","21 Aug 1998","635.03","-"
"NIFTY 500","24 Aug 1998","637.89","-"
"NIFTY 500","25 Aug 1998","647.05","-"
"NIFTY 500","27 Aug 1998","649.32","-"
"NIFTY 500","28 Aug 1998","634.29","-"
"NIFTY 500","31 Aug 1998","636.56","-"
"NIFTY 500","01 Sep 1998","620.67","-"
"NIFTY 500","02 Sep 1998","627.14","-"
"NIFTY 500","03 Sep 1998","629.92","-"
"NIFTY 500","04 Sep 1998","637.86","-"
"NIFTY 500","07 Sep 1998","651.24","-"
"NIFTY 500","08 Sep 1998","657.45","-"
"NIFTY 500","09 Sep 1998","660.64","-"
"NIFTY 500","10 Sep 1998","660.27","-"
"NIFTY 500","11 Sep 1998","653.26","-"
"NIFTY 500","14 Sep 1998","666.57","-"
"NIFTY 500","15 Sep 1998","668.34","-"
"NIFTY 500","16 Sep 1998","666.69","-"
"NIFTY 500","17 Sep 1998","665.34","-"
"NIFTY 500","18 Sep 1998","661.83","-"
"NIFTY 500","21 Sep 1998","661.10","-"
"NIFTY 500","22 Sep 1998","661.35","-"
"NIFTY 500","23 Sep 1998","672.09","-"
"NIFTY 500","24 Sep 1998","686.36","-"
"NIFTY 500","25 Sep 1998","686.95","-"
"NIFTY 500","28 Sep 1998","685.44","-"
"NIFTY 500","29 Sep 1998","671.97","-"
"NIFTY 500","30 Sep 1998","672.81","-"
"NIFTY 500","05 Oct 1998","628.72","-"
"NIFTY 500","06 Oct 1998","632.55","-"
"NIFTY 500","07 Oct 1998","653.18","-"
"NIFTY 500","08 Oct 1998","634.34","-"
"NIFTY 500","09 Oct 1998","637.06","-"
"NIFTY 500","12 Oct 1998","626.03","-"
"NIFTY 500","13 Oct 1998","612.81","-"
"NIFTY 500","14 Oct 1998","628.06","-"
"NIFTY 500","15 Oct 1998","624.52","-"
"NIFTY 500","16 Oct 1998","624.74","-"
"NIFTY 500","19 Oct 1998","618.73","-"
"NIFTY 500","20 Oct 1998","602.40","-"
"NIFTY 500","22 Oct 1998","607.05","-"
"NIFTY 500","23 Oct 1998","608.98","-"
"NIFTY 500","26 Oct 1998","633.17","-"
"NIFTY 500","27 Oct 1998","631.16","-"
"NIFTY 500","28 Oct 1998","623.13","-"
"NIFTY 500","29 Oct 1998","623.55","-"
"NIFTY 500","30 Oct 1998","616.64","-"
"NIFTY 500","31 Oct 1998","615.12","-"
"NIFTY 500","02 Nov 1998","611.86","-"
"NIFTY 500","03 Nov 1998","609.52","-"
"NIFTY 500","05 Nov 1998","614.84","-"
"NIFTY 500","06 Nov 1998","620.56","-"
"NIFTY 500","09 Nov 1998","635.30","-"
"NIFTY 500","10 Nov 1998","638.93","-"
"NIFTY 500","11 Nov 1998","637.33","-"
"NIFTY 500","12 Nov 1998","640.42","-"
"NIFTY 500","13 Nov 1998","636.15","-"
"NIFTY 500","16 Nov 1998","629.44","-"
"NIFTY 500","17 Nov 1998","633.95","-"
"NIFTY 500","18 Nov 1998","645.57","-"
"NIFTY 500","19 Nov 1998","639.60","-"
"NIFTY 500","20 Nov 1998","635.29","-"
"NIFTY 500","21 Nov 1998","635.19","-"
"NIFTY 500","23 Nov 1998","627.17","-"
"NIFTY 500","24 Nov 1998","623.60","-"
"NIFTY 500","26 Nov 1998","611.43","-"
"NIFTY 500","27 Nov 1998","603.22","-"
"NIFTY 500","28 Nov 1998","602.15","-"
"NIFTY 500","30 Nov 1998","607.47","-"
"NIFTY 500","01 Dec 1998","606.23","-"
"NIFTY 500","02 Dec 1998","609.96","-"
"NIFTY 500","03 Dec 1998","607.86","-"
"NIFTY 500","04 Dec 1998","613.86","-"
"NIFTY 500","07 Dec 1998","625.44","-"
"NIFTY 500","08 Dec 1998","629.06","-"
"NIFTY 500","09 Dec 1998","631.00","-"
"NIFTY 500","10 Dec 1998","634.02","-"
"NIFTY 500","11 Dec 1998","637.94","-"
"NIFTY 500","14 Dec 1998","633.22","-"
"NIFTY 500","15 Dec 1998","620.97","-"
"NIFTY 500","16 Dec 1998","625.51","-"
"NIFTY 500","17 Dec 1998","611.68","-"
"NIFTY 500","18 Dec 1998","615.50","-"
"NIFTY 500","21 Dec 1998","633.04","-"
"NIFTY 500","22 Dec 1998","630.74","-"
"NIFTY 500","23 Dec 1998","632.89","-"
"NIFTY 500","24 Dec 1998","634.11","-"
"NIFTY 500","28 Dec 1998","649.54","-"
"NIFTY 500","29 Dec 1998","647.47","-"
"NIFTY 500","30 Dec 1998","668.65","-"
"NIFTY 500","31 Dec 1998","658.58","-"
"NIFTY 500","01 Jan 1999","663.87","-"
"NIFTY 500","04 Jan 1999","670.62","-"
"NIFTY 500","05 Jan 1999","678.20","-"
"NIFTY 500","06 Jan 1999","694.07","-"
"NIFTY 500","07 Jan 1999","708.15","-"
"NIFTY 500","08 Jan 1999","728.68","-"
"NIFTY 500","11 Jan 1999","733.40","-"
"NIFTY 500","12 Jan 1999","718.84","-"
"NIFTY 500","13 Jan 1999","722.05","-"
"NIFTY 500","14 Jan 1999","718.76","-"
"NIFTY 500","15 Jan 1999","704.36","-"
"NIFTY 500","18 Jan 1999","709.21","-"
"NIFTY 500","19 Jan 1999","694.65","-"
"NIFTY 500","21 Jan 1999","725.37","-"
"NIFTY 500","22 Jan 1999","721.14","-"
"NIFTY 500","25 Jan 1999","718.06","-"
"NIFTY 500","27 Jan 1999","739.52","-"
"NIFTY 500","28 Jan 1999","725.20","-"
"NIFTY 500","29 Jan 1999","728.72","-"
"NIFTY 500","01 Feb 1999","708.76","-"
"NIFTY 500","02 Feb 1999","697.90","-"
"NIFTY 500","03 Feb 1999","715.92","-"
"NIFTY 500","04 Feb 1999","705.96","-"
"NIFTY 500","05 Feb 1999","702.95","-"
"NIFTY 500","08 Feb 1999","690.44","-"
"NIFTY 500","09 Feb 1999","694.51","-"
"NIFTY 500","10 Feb 1999","718.35","-"
"NIFTY 500","11 Feb 1999","721.29","-"
"NIFTY 500","12 Feb 1999","729.05","-"
"NIFTY 500","15 Feb 1999","718.72","-"
"NIFTY 500","16 Feb 1999","724.88","-"
"NIFTY 500","17 Feb 1999","737.08","-"
"NIFTY 500","18 Feb 1999","738.80","-"
"NIFTY 500","19 Feb 1999","739.00","-"
"NIFTY 500","22 Feb 1999","720.18","-"
"NIFTY 500","23 Feb 1999","714.76","-"
"NIFTY 500","24 Feb 1999","724.41","-"
"NIFTY 500","25 Feb 1999","723.54","-"
"NIFTY 500","26 Feb 1999","714.67","-"
"NIFTY 500","27 Feb 1999","743.55","-"
"NIFTY 500","01 Mar 1999","765.66","-"
"NIFTY 500","03 Mar 1999","790.06","-"
"NIFTY 500","04 Mar 1999","778.57","-"
"NIFTY 500","05 Mar 1999","787.44","-"
"NIFTY 500","08 Mar 1999","795.06","-"
"NIFTY 500","09 Mar 1999","799.06","-"
"NIFTY 500","10 Mar 1999","809.02","-"
"NIFTY 500","11 Mar 1999","792.14","-"
"NIFTY 500","12 Mar 1999","803.75","-"
"NIFTY 500","15 Mar 1999","808.17","-"
"NIFTY 500","16 Mar 1999","797.08","-"
"NIFTY 500","17 Mar 1999","803.38","-"
"NIFTY 500","18 Mar 1999","817.81","-"
"NIFTY 500","19 Mar 1999","808.27","-"
"NIFTY 500","20 Mar 1999","808.86","-"
"NIFTY 500","22 Mar 1999","811.88","-"
"NIFTY 500","23 Mar 1999","814.22","-"
"NIFTY 500","24 Mar 1999","812.17","-"
"NIFTY 500","25 Mar 1999","808.18","-"
"NIFTY 500","26 Mar 1999","793.50","-"
"NIFTY 500","30 Mar 1999","797.44","-"
"NIFTY 500","31 Mar 1999","821.18","-"
"NIFTY 500","01 Apr 1999","815.10","-"
"NIFTY 500","05 Apr 1999","774.09","-"
"NIFTY 500","06 Apr 1999","776.24","-"
"NIFTY 500","07 Apr 1999","782.43","-"
"NIFTY 500","08 Apr 1999","774.08","-"
"NIFTY 500","09 Apr 1999","751.95","-"
"NIFTY 500","12 Apr 1999","752.01","-"
"NIFTY 500","13 Apr 1999","746.26","-"
"NIFTY 500","15 Apr 1999","723.54","-"
"NIFTY 500","16 Apr 1999","778.50","-"
"NIFTY 500","17 Apr 1999","723.30","-"
"NIFTY 500","19 Apr 1999","741.76","-"
"NIFTY 500","20 Apr 1999","743.64","-"
"NIFTY 500","21 Apr 1999","749.31","-"
"NIFTY 500","22 Apr 1999","737.17","-"
"NIFTY 500","23 Apr 1999","735.28","-"
"NIFTY 500","26 Apr 1999","694.29","-"
"NIFTY 500","28 Apr 1999","702.64","-"
"NIFTY 500","29 Apr 1999","723.22","-"
"NIFTY 500","30 Apr 1999","737.22","-"
"NIFTY 500","03 May 1999","732.51","-"
"NIFTY 500","04 May 1999","761.42","-"
"NIFTY 500","05 May 1999","774.56","-"
"NIFTY 500","06 May 1999","788.89","-"
"NIFTY 500","07 May 1999","799.22","-"
"NIFTY 500","10 May 1999","819.10","-"
"NIFTY 500","11 May 1999","831.23","-"
"NIFTY 500","12 May 1999","820.88","-"
"NIFTY 500","13 May 1999","844.72","-"
"NIFTY 500","14 May 1999","855.13","-"
"NIFTY 500","17 May 1999","842.84","-"
"NIFTY 500","18 May 1999","849.78","-"
"NIFTY 500","19 May 1999","870.58","-"
"NIFTY 500","20 May 1999","865.31","-"
"NIFTY 500","21 May 1999","848.59","-"
"NIFTY 500","24 May 1999","849.84","-"
"NIFTY 500","25 May 1999","855.37","-"
"NIFTY 500","26 May 1999","843.59","-"
"NIFTY 500","27 May 1999","817.56","-"
"NIFTY 500","28 May 1999","804.26","-"
"NIFTY 500","31 May 1999","839.73","-"
"NIFTY 500","01 Jun 1999","831.39","-"
"NIFTY 500","02 Jun 1999","835.72","-"
"NIFTY 500","03 Jun 1999","844.89","-"
"NIFTY 500","04 Jun 1999","855.57","-"
"NIFTY 500","07 Jun 1999","856.06","-"
"NIFTY 500","08 Jun 1999","870.08","-"
"NIFTY 500","09 Jun 1999","863.56","-"
"NIFTY 500","10 Jun 1999","866.22","-"
"NIFTY 500","11 Jun 1999","851.55","-"
"NIFTY 500","14 Jun 1999","837.58","-"
"NIFTY 500","15 Jun 1999","828.37","-"
"NIFTY 500","16 Jun 1999","847.65","-"
"NIFTY 500","17 Jun 1999","862.99","-"
"NIFTY 500","18 Jun 1999","861.08","-"
"NIFTY 500","21 Jun 1999","880.11","-"
"NIFTY 500","22 Jun 1999","889.85","-"
"NIFTY 500","23 Jun 1999","878.72","-"
"NIFTY 500","24 Jun 1999","871.72","-"
"NIFTY 500","25 Jun 1999","870.79","-"
"NIFTY 500","28 Jun 1999","881.12","-"
"NIFTY 500","29 Jun 1999","880.88","-"
"NIFTY 500","30 Jun 1999","880.76","-"
"NIFTY 500","01 Jul 1999","878.48","-"
"NIFTY 500","02 Jul 1999","886.80","-"
"NIFTY 500","05 Jul 1999","910.38","-"
"NIFTY 500","06 Jul 1999","920.71","-"
"NIFTY 500","07 Jul 1999","924.45","-"
"NIFTY 500","08 Jul 1999","924.21","-"
"NIFTY 500","09 Jul 1999","936.12","-"
"NIFTY 500","12 Jul 1999","982.10","-"
"NIFTY 500","13 Jul 1999","983.75","-"
"NIFTY 500","14 Jul 1999","1000.35","-"
"NIFTY 500","15 Jul 1999","980.64","-"
"NIFTY 500","16 Jul 1999","988.70","-"
"NIFTY 500","19 Jul 1999","1007.92","-"
"NIFTY 500","20 Jul 1999","984.89","-"
"NIFTY 500","21 Jul 1999","1004.02","-"
"NIFTY 500","22 Jul 1999","1011.54","-"
"NIFTY 500","23 Jul 1999","1003.48","-"
"NIFTY 500","26 Jul 1999","995.28","-"
"NIFTY 500","27 Jul 1999","986.62","-"
"NIFTY 500","28 Jul 1999","999.37","-"
"NIFTY 500","29 Jul 1999","998.41","-"
"NIFTY 500","30 Jul 1999","990.45","-"
"NIFTY 500","02 Aug 1999","972.74","-"
"NIFTY 500","03 Aug 1999","976.39","-"
"NIFTY 500","04 Aug 1999","1005.13","-"
"NIFTY 500","05 Aug 1999","1001.56","-"
"NIFTY 500","06 Aug 1999","1001.20","-"
"NIFTY 500","09 Aug 1999","1013.54","-"
"NIFTY 500","10 Aug 1999","1003.60","-"
"NIFTY 500","11 Aug 1999","1010.64","-"
"NIFTY 500","12 Aug 1999","1012.39","-"
"NIFTY 500","13 Aug 1999","1003.14","-"
"NIFTY 500","16 Aug 1999","1021.08","-"
"NIFTY 500","17 Aug 1999","1040.29","-"
"NIFTY 500","18 Aug 1999","1072.01","-"
"NIFTY 500","19 Aug 1999","1054.73","-"
"NIFTY 500","20 Aug 1999","1061.56","-"
"NIFTY 500","23 Aug 1999","1077.71","-"
"NIFTY 500","24 Aug 1999","1088.82","-"
"NIFTY 500","25 Aug 1999","1077.55","-"
"NIFTY 500","26 Aug 1999","1098.29","-"
"NIFTY 500","27 Aug 1999","1105.14","-"
"NIFTY 500","30 Aug 1999","1103.50","-"
"NIFTY 500","31 Aug 1999","1096.60","-"
"NIFTY 500","01 Sep 1999","1090.54","-"
"NIFTY 500","02 Sep 1999","1065.97","-"
"NIFTY 500","03 Sep 1999","1066.58","-"
"NIFTY 500","06 Sep 1999","1078.91","-"
"NIFTY 500","07 Sep 1999","1073.13","-"
"NIFTY 500","08 Sep 1999","1090.50","-"
"NIFTY 500","09 Sep 1999","1088.05","-"
"NIFTY 500","10 Sep 1999","1087.07","-"
"NIFTY 500","14 Sep 1999","1078.67","-"
"NIFTY 500","15 Sep 1999","1079.26","-"
"NIFTY 500","16 Sep 1999","1061.44","-"
"NIFTY 500","17 Sep 1999","1070.60","-"
"NIFTY 500","20 Sep 1999","1071.18","-"
"NIFTY 500","21 Sep 1999","1068.67","-"
"NIFTY 500","22 Sep 1999","1098.82","-"
"NIFTY 500","23 Sep 1999","1116.47","-"
"NIFTY 500","24 Sep 1999","1129.12","-"
"NIFTY 500","27 Sep 1999","1113.94","-"
"NIFTY 500","28 Sep 1999","1105.26","-"
"NIFTY 500","29 Sep 1999","1131.90","-"
"NIFTY 500","30 Sep 1999","1125.04","-"
"NIFTY 500","01 Oct 1999","1114.63","-"
"NIFTY 500","04 Oct 1999","1084.43","-"
"NIFTY 500","05 Oct 1999","1098.03","-"
"NIFTY 500","06 Oct 1999","1110.95","-"
"NIFTY 500","07 Oct 1999","1169.73","-"
"NIFTY 500","08 Oct 1999","1184.97","-"
"NIFTY 500","11 Oct 1999","1186.16","-"
"NIFTY 500","12 Oct 1999","1197.89","-"
"NIFTY 500","13 Oct 1999","1214.35","-"
"NIFTY 500","14 Oct 1999","1223.59","-"
"NIFTY 500","15 Oct 1999","1177.13","-"
"NIFTY 500","18 Oct 1999","1185.44","-"
"NIFTY 500","20 Oct 1999","1215.12","-"
"NIFTY 500","21 Oct 1999","1187.18","-"
"NIFTY 500","22 Oct 1999","1173.04","-"
"NIFTY 500","23 Oct 1999","1184.74","-"
"NIFTY 500","25 Oct 1999","1151.17","-"
"NIFTY 500","26 Oct 1999","1154.94","-"
"NIFTY 500","27 Oct 1999","1149.81","-"
"NIFTY 500","28 Oct 1999","1107.21","-"
"NIFTY 500","29 Oct 1999","1067.56","-"
"NIFTY 500","01 Nov 1999","1009.42","-"
"NIFTY 500","02 Nov 1999","1065.52","-"
"NIFTY 500","03 Nov 1999","1060.06","-"
"NIFTY 500","04 Nov 1999","1068.49","-"
"NIFTY 500","05 Nov 1999","1091.84","-"
"NIFTY 500","07 Nov 1999","1095.99","-"
"NIFTY 500","09 Nov 1999","1102.28","-"
"NIFTY 500","10 Nov 1999","1120.90","-"
"NIFTY 500","11 Nov 1999","1107.59","-"
"NIFTY 500","12 Nov 1999","1104.31","-"
"NIFTY 500","15 Nov 1999","1094.52","-"
"NIFTY 500","16 Nov 1999","1094.30","-"
"NIFTY 500","17 Nov 1999","1089.42","-"
"NIFTY 500","18 Nov 1999","1092.57","-"
"NIFTY 500","19 Nov 1999","1095.72","-"
"NIFTY 500","22 Nov 1999","1107.92","-"
"NIFTY 500","24 Nov 1999","1131.13","-"
"NIFTY 500","25 Nov 1999","1138.62","-"
"NIFTY 500","26 Nov 1999","1138.64","-"
"NIFTY 500","29 Nov 1999","1141.88","-"
"NIFTY 500","30 Nov 1999","1140.74","-"
"NIFTY 500","01 Dec 1999","1151.11","-"
"NIFTY 500","02 Dec 1999","1168.76","-"
"NIFTY 500","03 Dec 1999","1178.97","-"
"NIFTY 500","06 Dec 1999","1205.94","-"
"NIFTY 500","07 Dec 1999","1216.06","-"
"NIFTY 500","08 Dec 1999","1206.73","-"
"NIFTY 500","09 Dec 1999","1218.88","-"
"NIFTY 500","10 Dec 1999","1224.83","-"
"NIFTY 500","13 Dec 1999","1226.60","-"
"NIFTY 500","14 Dec 1999","1217.15","-"
"NIFTY 500","15 Dec 1999","1211.91","-"
"NIFTY 500","16 Dec 1999","1237.39","-"
"NIFTY 500","17 Dec 1999","1242.98","-"
"NIFTY 500","20 Dec 1999","1256.70","-"
"NIFTY 500","21 Dec 1999","1259.20","-"
"NIFTY 500","22 Dec 1999","1310.70","-"
"NIFTY 500","23 Dec 1999","1316.15","-"
"NIFTY 500","24 Dec 1999","1294.49","-"
"NIFTY 500","27 Dec 1999","1265.38","-"
"NIFTY 500","28 Dec 1999","1282.48","-"
"NIFTY 500","29 Dec 1999","1309.83","-"
"NIFTY 500","30 Dec 1999","1323.19","-"
"NIFTY 500","03 Jan 2000","1418.19","-"
"NIFTY 500","04 Jan 2000","1466.42","-"
"NIFTY 500","05 Jan 2000","1431.64","-"
"NIFTY 500","06 Jan 2000","1434.74","-"
"NIFTY 500","07 Jan 2000","1401.45","-"
"NIFTY 500","10 Jan 2000","1409.42","-"
"NIFTY 500","11 Jan 2000","1358.12","-"
"NIFTY 500","12 Jan 2000","1402.33","-"
"NIFTY 500","13 Jan 2000","1386.62","-"
"NIFTY 500","14 Jan 2000","1385.81","-"
"NIFTY 500","17 Jan 2000","1393.82","-"
"NIFTY 500","18 Jan 2000","1391.37","-"
"NIFTY 500","19 Jan 2000","1420.23","-"
"NIFTY 500","20 Jan 2000","1410.04","-"
"NIFTY 500","21 Jan 2000","1439.67","-"
"NIFTY 500","24 Jan 2000","1441.32","-"
"NIFTY 500","25 Jan 2000","1442.21","-"
"NIFTY 500","27 Jan 2000","1469.00","-"
"NIFTY 500","28 Jan 2000","1493.71","-"
"NIFTY 500","31 Jan 2000","1445.58","-"
"NIFTY 500","01 Feb 2000","1466.38","-"
"NIFTY 500","02 Feb 2000","1511.53","-"
"NIFTY 500","03 Feb 2000","1546.02","-"
"NIFTY 500","04 Feb 2000","1568.71","-"
"NIFTY 500","07 Feb 2000","1579.73","-"
"NIFTY 500","08 Feb 2000","1579.24","-"
"NIFTY 500","09 Feb 2000","1612.81","-"
"NIFTY 500","10 Feb 2000","1657.01","-"
"NIFTY 500","11 Feb 2000","1693.79","-"
"NIFTY 500","14 Feb 2000","1695.99","-"
"NIFTY 500","15 Feb 2000","1693.21","-"
"NIFTY 500","16 Feb 2000","1731.00","-"
"NIFTY 500","17 Feb 2000","1794.13","-"
"NIFTY 500","18 Feb 2000","1816.81","-"
"NIFTY 500","21 Feb 2000","1875.14","-"
"NIFTY 500","22 Feb 2000","1831.47","-"
"NIFTY 500","23 Feb 2000","1771.57","-"
"NIFTY 500","24 Feb 2000","1773.56","-"
"NIFTY 500","25 Feb 2000","1710.27","-"
"NIFTY 500","28 Feb 2000","1712.44","-"
"NIFTY 500","29 Feb 2000","1633.13","-"
"NIFTY 500","01 Mar 2000","1717.65","-"
"NIFTY 500","02 Mar 2000","1739.36","-"
"NIFTY 500","03 Mar 2000","1682.54","-"
"NIFTY 500","06 Mar 2000","1705.13","-"
"NIFTY 500","07 Mar 2000","1681.11","-"
"NIFTY 500","08 Mar 2000","1675.08","-"
"NIFTY 500","09 Mar 2000","1617.40","-"
"NIFTY 500","10 Mar 2000","1589.60","-"
"NIFTY 500","13 Mar 2000","1526.37","-"
"NIFTY 500","14 Mar 2000","1504.04","-"
"NIFTY 500","15 Mar 2000","1507.76","-"
"NIFTY 500","16 Mar 2000","1458.44","-"
"NIFTY 500","21 Mar 2000","1429.27","-"
"NIFTY 500","22 Mar 2000","1467.79","-"
"NIFTY 500","23 Mar 2000","1465.55","-"
"NIFTY 500","24 Mar 2000","1498.06","-"
"NIFTY 500","27 Mar 2000","1508.62","-"
"NIFTY 500","28 Mar 2000","1524.11","-"
"NIFTY 500","29 Mar 2000","1536.23","-"
"NIFTY 500","30 Mar 2000","1494.65","-"
"NIFTY 500","31 Mar 2000","1455.31","-"
"NIFTY 500","03 Apr 2000","1416.90","-"
"NIFTY 500","04 Apr 2000","1317.03","-"
"NIFTY 500","05 Apr 2000","1317.66","-"
"NIFTY 500","06 Apr 2000","1329.19","-"
"NIFTY 500","07 Apr 2000","1416.81","-"
"NIFTY 500","10 Apr 2000","1482.24","-"
"NIFTY 500","11 Apr 2000","1494.60","-"
"NIFTY 500","12 Apr 2000","1473.06","-"
"NIFTY 500","13 Apr 2000","1407.96","-"
"NIFTY 500","17 Apr 2000","1320.65","-"
"NIFTY 500","18 Apr 2000","1278.58","-"
"NIFTY 500","19 Apr 2000","1245.85","-"
"NIFTY 500","20 Apr 2000","1240.59","-"
"NIFTY 500","24 Apr 2000","1194.34","-"
"NIFTY 500","25 Apr 2000","1177.66","-"
"NIFTY 500","26 Apr 2000","1237.08","-"
"NIFTY 500","27 Apr 2000","1202.29","-"
"NIFTY 500","28 Apr 2000","1180.40","-"
"NIFTY 500","02 May 2000","1100.01","-"
"NIFTY 500","03 May 2000","1072.36","-"
"NIFTY 500","04 May 2000","1130.65","-"
"NIFTY 500","05 May 2000","1178.97","-"
"NIFTY 500","08 May 2000","1126.68","-"
"NIFTY 500","09 May 2000","1150.54","-"
"NIFTY 500","10 May 2000","1121.98","-"
"NIFTY 500","11 May 2000","1065.03","-"
"NIFTY 500","12 May 2000","1024.78","-"
"NIFTY 500","15 May 2000","1035.17","-"
"NIFTY 500","16 May 2000","1038.49","-"
"NIFTY 500","17 May 2000","1036.83","-"
"NIFTY 500","18 May 2000","1026.22","-"
"NIFTY 500","19 May 2000","1003.10","-"
"NIFTY 500","22 May 2000","962.40","-"
"NIFTY 500","23 May 2000","964.01","-"
"NIFTY 500","24 May 2000","969.29","-"
"NIFTY 500","25 May 2000","978.61","-"
"NIFTY 500","26 May 2000","982.72","-"
"NIFTY 500","29 May 2000","1005.21","-"
"NIFTY 500","30 May 2000","1041.33","-"
"NIFTY 500","31 May 2000","1070.44","-"
"NIFTY 500","01 Jun 2000","1049.98","-"
"NIFTY 500","02 Jun 2000","1083.06","-"
"NIFTY 500","05 Jun 2000","1107.72","-"
"NIFTY 500","06 Jun 2000","1129.15","-"
"NIFTY 500","07 Jun 2000","1137.27","-"
"NIFTY 500","08 Jun 2000","1163.51","-"
"NIFTY 500","09 Jun 2000","1158.22","-"
"NIFTY 500","12 Jun 2000","1139.57","-"
"NIFTY 500","13 Jun 2000","1136.96","-"
"NIFTY 500","14 Jun 2000","1150.84","-"
"NIFTY 500","15 Jun 2000","1161.88","-"
"NIFTY 500","16 Jun 2000","1194.79","-"
"NIFTY 500","19 Jun 2000","1214.07","-"
"NIFTY 500","20 Jun 2000","1227.73","-"
"NIFTY 500","21 Jun 2000","1192.27","-"
"NIFTY 500","22 Jun 2000","1204.72","-"
"NIFTY 500","23 Jun 2000","1180.22","-"
"NIFTY 500","26 Jun 2000","1175.13","-"
"NIFTY 500","27 Jun 2000","1171.48","-"
"NIFTY 500","28 Jun 2000","1188.06","-"
"NIFTY 500","29 Jun 2000","1195.35","-"
"NIFTY 500","30 Jun 2000","1188.60","-"
"NIFTY 500","03 Jul 2000","1213.41","-"
"NIFTY 500","04 Jul 2000","1223.11","-"
"NIFTY 500","05 Jul 2000","1229.26","-"
"NIFTY 500","06 Jul 2000","1220.05","-"
"NIFTY 500","07 Jul 2000","1215.62","-"
"NIFTY 500","10 Jul 2000","1208.49","-"
"NIFTY 500","11 Jul 2000","1203.46","-"
"NIFTY 500","12 Jul 2000","1227.95","-"
"NIFTY 500","13 Jul 2000","1208.22","-"
"NIFTY 500","14 Jul 2000","1201.42","-"
"NIFTY 500","17 Jul 2000","1179.98","-"
"NIFTY 500","18 Jul 2000","1167.42","-"
"NIFTY 500","19 Jul 2000","1146.52","-"
"NIFTY 500","20 Jul 2000","1136.91","-"
"NIFTY 500","21 Jul 2000","1113.47","-"
"NIFTY 500","24 Jul 2000","1039.90","-"
"NIFTY 500","25 Jul 2000","1082.70","-"
"NIFTY 500","26 Jul 2000","1051.27","-"
"NIFTY 500","27 Jul 2000","1072.90","-"
"NIFTY 500","28 Jul 2000","1069.42","-"
"NIFTY 500","31 Jul 2000","1062.99","-"
"NIFTY 500","01 Aug 2000","1054.38","-"
"NIFTY 500","02 Aug 2000","1058.64","-"
"NIFTY 500","03 Aug 2000","1044.44","-"
"NIFTY 500","04 Aug 2000","1024.71","-"
"NIFTY 500","07 Aug 2000","1020.89","-"
"NIFTY 500","08 Aug 2000","1050.99","-"
"NIFTY 500","09 Aug 2000","1060.40","-"
"NIFTY 500","10 Aug 2000","1041.79","-"
"NIFTY 500","11 Aug 2000","1031.93","-"
"NIFTY 500","14 Aug 2000","1037.79","-"
"NIFTY 500","16 Aug 2000","1068.72","-"
"NIFTY 500","17 Aug 2000","1060.97","-"
"NIFTY 500","18 Aug 2000","1077.60","-"
"NIFTY 500","21 Aug 2000","1092.18","-"
"NIFTY 500","22 Aug 2000","1100.78","-"
"NIFTY 500","23 Aug 2000","1099.94","-"
"NIFTY 500","24 Aug 2000","1116.98","-"
"NIFTY 500","25 Aug 2000","1118.87","-"
"NIFTY 500","28 Aug 2000","1110.47","-"
"NIFTY 500","29 Aug 2000","1112.59","-"
"NIFTY 500","30 Aug 2000","1123.65","-"
"NIFTY 500","31 Aug 2000","1137.78","-"
"NIFTY 500","04 Sep 2000","1165.73","-"
"NIFTY 500","05 Sep 2000","1165.96","-"
"NIFTY 500","06 Sep 2000","1174.99","-"
"NIFTY 500","07 Sep 2000","1178.64","-"
"NIFTY 500","08 Sep 2000","1187.40","-"
"NIFTY 500","11 Sep 2000","1186.25","-"
"NIFTY 500","12 Sep 2000","1192.32","-"
"NIFTY 500","13 Sep 2000","1184.46","-"
"NIFTY 500","14 Sep 2000","1176.67","-"
"NIFTY 500","15 Sep 2000","1140.72","-"
"NIFTY 500","18 Sep 2000","1088.83","-"
"NIFTY 500","19 Sep 2000","1063.78","-"
"NIFTY 500","20 Sep 2000","1085.54","-"
"NIFTY 500","21 Sep 2000","1066.18","-"
"NIFTY 500","22 Sep 2000","1014.21","-"
"NIFTY 500","25 Sep 2000","1055.67","-"
"NIFTY 500","26 Sep 2000","1030.83","-"
"NIFTY 500","27 Sep 2000","1045.89","-"
"NIFTY 500","28 Sep 2000","1023.94","-"
"NIFTY 500","29 Sep 2000","1026.63","-"
"NIFTY 500","03 Oct 2000","1028.84","-"
"NIFTY 500","04 Oct 2000","1038.59","-"
"NIFTY 500","05 Oct 2000","1025.96","-"
"NIFTY 500","06 Oct 2000","1023.77","-"
"NIFTY 500","09 Oct 2000","1004.28","-"
"NIFTY 500","10 Oct 2000","976.57","-"
"NIFTY 500","11 Oct 2000","951.92","-"
"NIFTY 500","12 Oct 2000","959.67","-"
"NIFTY 500","13 Oct 2000","932.34","-"
"NIFTY 500","16 Oct 2000","935.37","-"
"NIFTY 500","17 Oct 2000","915.50","-"
"NIFTY 500","18 Oct 2000","897.52","-"
"NIFTY 500","19 Oct 2000","933.51","-"
"NIFTY 500","20 Oct 2000","936.88","-"
"NIFTY 500","23 Oct 2000","908.26","-"
"NIFTY 500","24 Oct 2000","915.80","-"
"NIFTY 500","25 Oct 2000","944.25","-"
"NIFTY 500","26 Oct 2000","948.34","-"
"NIFTY 500","27 Oct 2000","947.54","-"
"NIFTY 500","30 Oct 2000","934.73","-"
"NIFTY 500","31 Oct 2000","944.20","-"
"NIFTY 500","01 Nov 2000","961.34","-"
"NIFTY 500","02 Nov 2000","975.76","-"
"NIFTY 500","03 Nov 2000","989.92","-"
"NIFTY 500","06 Nov 2000","987.47","-"
"NIFTY 500","07 Nov 2000","992.86","-"
"NIFTY 500","08 Nov 2000","1013.23","-"
"NIFTY 500","09 Nov 2000","1011.93","-"
"NIFTY 500","10 Nov 2000","990.56","-"
"NIFTY 500","13 Nov 2000","957.68","-"
"NIFTY 500","14 Nov 2000","988.58","-"
"NIFTY 500","15 Nov 2000","994.97","-"
"NIFTY 500","16 Nov 2000","990.13","-"
"NIFTY 500","17 Nov 2000","990.67","-"
"NIFTY 500","20 Nov 2000","997.51","-"
"NIFTY 500","21 Nov 2000","998.56","-"
"NIFTY 500","22 Nov 2000","985.69","-"
"NIFTY 500","23 Nov 2000","985.94","-"
"NIFTY 500","24 Nov 2000","992.77","-"
"NIFTY 500","27 Nov 2000","1019.38","-"
"NIFTY 500","28 Nov 2000","1027.05","-"
"NIFTY 500","29 Nov 2000","1026.27","-"
"NIFTY 500","30 Nov 2000","1021.84","-"
"NIFTY 500","01 Dec 2000","1038.85","-"
"NIFTY 500","04 Dec 2000","1036.27","-"
"NIFTY 500","05 Dec 2000","1050.91","-"
"NIFTY 500","06 Dec 2000","1059.37","-"
"NIFTY 500","07 Dec 2000","1065.10","-"
"NIFTY 500","08 Dec 2000","1080.51","-"
"NIFTY 500","11 Dec 2000","1095.64","-"
"NIFTY 500","12 Dec 2000","1095.79","-"
"NIFTY 500","13 Dec 2000","1116.86","-"
"NIFTY 500","14 Dec 2000","1104.14","-"
"NIFTY 500","15 Dec 2000","1064.96","-"
"NIFTY 500","18 Dec 2000","1068.58","-"
"NIFTY 500","19 Dec 2000","1054.99","-"
"NIFTY 500","20 Dec 2000","1045.85","-"
"NIFTY 500","21 Dec 2000","1031.18","-"
"NIFTY 500","22 Dec 2000","988.15","-"
"NIFTY 500","26 Dec 2000","960.16","-"
"NIFTY 500","27 Dec 2000","983.53","-"
"NIFTY 500","28 Dec 2000","997.54","-"
"NIFTY 500","29 Dec 2000","1012.89","-"
"NIFTY 500","01 Jan 2001","1007.26","-"
"NIFTY 500","02 Jan 2001","1023.05","-"
"NIFTY 500","03 Jan 2001","1030.96","-"
"NIFTY 500","04 Jan 2001","1050.57","-"
"NIFTY 500","05 Jan 2001","1068.30","-"
"NIFTY 500","08 Jan 2001","1043.68","-"
"NIFTY 500","09 Jan 2001","1048.01","-"
"NIFTY 500","10 Jan 2001","1034.89","-"
"NIFTY 500","11 Jan 2001","1020.47","-"
"NIFTY 500","12 Jan 2001","1026.52","-"
"NIFTY 500","15 Jan 2001","1025.05","-"
"NIFTY 500","16 Jan 2001","1027.03","-"
"NIFTY 500","17 Jan 2001","1030.10","-"
"NIFTY 500","18 Jan 2001","1040.94","-"
"NIFTY 500","19 Jan 2001","1069.16","-"
"NIFTY 500","22 Jan 2001","1077.83","-"
"NIFTY 500","23 Jan 2001","1080.69","-"
"NIFTY 500","24 Jan 2001","1092.86","-"
"NIFTY 500","25 Jan 2001","1093.64","-"
"NIFTY 500","29 Jan 2001","1065.14","-"
"NIFTY 500","30 Jan 2001","1095.38","-"
"NIFTY 500","31 Jan 2001","1088.81","-"
"NIFTY 500","01 Feb 2001","1071.91","-"
"NIFTY 500","02 Feb 2001","1092.92","-"
"NIFTY 500","05 Feb 2001","1099.49","-"
"NIFTY 500","06 Feb 2001","1106.17","-"
"NIFTY 500","07 Feb 2001","1098.12","-"
"NIFTY 500","08 Feb 2001","1119.40","-"
"NIFTY 500","09 Feb 2001","1128.32","-"
"NIFTY 500","12 Feb 2001","1131.41","-"
"NIFTY 500","13 Feb 2001","1119.04","-"
"NIFTY 500","14 Feb 2001","1119.28","-"
"NIFTY 500","15 Feb 2001","1134.27","-"
"NIFTY 500","16 Feb 2001","1101.84","-"
"NIFTY 500","19 Feb 2001","1105.41","-"
"NIFTY 500","20 Feb 2001","1102.51","-"
"NIFTY 500","21 Feb 2001","1089.78","-"
"NIFTY 500","22 Feb 2001","1074.15","-"
"NIFTY 500","23 Feb 2001","1039.57","-"
"NIFTY 500","26 Feb 2001","1036.23","-"
"NIFTY 500","27 Feb 2001","1014.12","-"
"NIFTY 500","28 Feb 2001","1054.84","-"
"NIFTY 500","01 Mar 2001","1054.48","-"
"NIFTY 500","02 Mar 2001","1004.65","-"
"NIFTY 500","05 Mar 2001","975.25","-"
"NIFTY 500","07 Mar 2001","989.46","-"
"NIFTY 500","08 Mar 2001","985.59","-"
"NIFTY 500","09 Mar 2001","946.11","-"
"NIFTY 500","12 Mar 2001","890.56","-"
"NIFTY 500","13 Mar 2001","831.12","-"
"NIFTY 500","14 Mar 2001","873.30","-"
"NIFTY 500","15 Mar 2001","896.19","-"
"NIFTY 500","16 Mar 2001","878.29","-"
"NIFTY 500","19 Mar 2001","874.91","-"
"NIFTY 500","20 Mar 2001","862.77","-"
"NIFTY 500","21 Mar 2001","884.68","-"
"NIFTY 500","22 Mar 2001","865.26","-"
"NIFTY 500","23 Mar 2001","845.91","-"
"NIFTY 500","26 Mar 2001","845.71","-"
"NIFTY 500","27 Mar 2001","858.90","-"
"NIFTY 500","28 Mar 2001","881.90","-"
"NIFTY 500","29 Mar 2001","869.12","-"
"NIFTY 500","30 Mar 2001","836.98","-"
"NIFTY 500","02 Apr 2001","820.78","-"
"NIFTY 500","03 Apr 2001","829.59","-"
"NIFTY 500","04 Apr 2001","820.06","-"
"NIFTY 500","06 Apr 2001","815.85","-"
"NIFTY 500","09 Apr 2001","813.49","-"
"NIFTY 500","10 Apr 2001","794.80","-"
"NIFTY 500","11 Apr 2001","762.57","-"
"NIFTY 500","12 Apr 2001","736.07","-"
"NIFTY 500","16 Apr 2001","756.86","-"
"NIFTY 500","17 Apr 2001","776.35","-"
"NIFTY 500","18 Apr 2001","812.11","-"
"NIFTY 500","19 Apr 2001","831.01","-"
"NIFTY 500","20 Apr 2001","837.76","-"
"NIFTY 500","23 Apr 2001","838.34","-"
"NIFTY 500","24 Apr 2001","848.54","-"
"NIFTY 500","25 Apr 2001","853.04","-"
"NIFTY 500","26 Apr 2001","842.06","-"
"NIFTY 500","27 Apr 2001","804.37","-"
"NIFTY 500","30 Apr 2001","829.03","-"
"NIFTY 500","02 May 2001","838.26","-"
"NIFTY 500","03 May 2001","835.22","-"
"NIFTY 500","04 May 2001","843.72","-"
"NIFTY 500","07 May 2001","853.99","-"
"NIFTY 500","08 May 2001","866.77","-"
"NIFTY 500","09 May 2001","853.21","-"
"NIFTY 500","10 May 2001","852.58","-"
"NIFTY 500","11 May 2001","849.14","-"
"NIFTY 500","14 May 2001","849.05","-"
"NIFTY 500","15 May 2001","851.11","-"
"NIFTY 500","16 May 2001","856.95","-"
"NIFTY 500","17 May 2001","876.96","-"
"NIFTY 500","18 May 2001","876.29","-"
"NIFTY 500","21 May 2001","874.49","-"
"NIFTY 500","22 May 2001","880.76","-"
"NIFTY 500","23 May 2001","891.59","-"
"NIFTY 500","24 May 2001","891.54","-"
"NIFTY 500","25 May 2001","889.86","-"
"NIFTY 500","28 May 2001","903.73","-"
"NIFTY 500","29 May 2001","908.53","-"
"NIFTY 500","30 May 2001","888.27","-"
"NIFTY 500","31 May 2001","882.28","-"
"NIFTY 500","01 Jun 2001","869.71","-"
"NIFTY 500","04 Jun 2001","847.63","-"
"NIFTY 500","05 Jun 2001","838.57","-"
"NIFTY 500","06 Jun 2001","843.03","-"
"NIFTY 500","07 Jun 2001","841.51","-"
"NIFTY 500","08 Jun 2001","852.67","-"
"NIFTY 500","11 Jun 2001","853.15","-"
"NIFTY 500","12 Jun 2001","852.56","-"
"NIFTY 500","13 Jun 2001","855.50","-"
"NIFTY 500","14 Jun 2001","841.76","-"
"NIFTY 500","15 Jun 2001","823.00","-"
"NIFTY 500","18 Jun 2001","817.04","-"
"NIFTY 500","19 Jun 2001","826.05","-"
"NIFTY 500","20 Jun 2001","822.59","-"
"NIFTY 500","21 Jun 2001","820.08","-"
"NIFTY 500","22 Jun 2001","808.52","-"
"NIFTY 500","25 Jun 2001","781.65","-"
"NIFTY 500","26 Jun 2001","801.40","-"
"NIFTY 500","27 Jun 2001","804.40","-"
"NIFTY 500","28 Jun 2001","802.11","-"
"NIFTY 500","29 Jun 2001","811.50","-"
"NIFTY 500","02 Jul 2001","805.46","-"
"NIFTY 500","03 Jul 2001","785.33","-"
"NIFTY 500","04 Jul 2001","786.29","-"
"NIFTY 500","05 Jul 2001","782.96","-"
"NIFTY 500","06 Jul 2001","780.02","-"
"NIFTY 500","09 Jul 2001","774.61","-"
"NIFTY 500","10 Jul 2001","782.68","-"
"NIFTY 500","11 Jul 2001","792.03","-"
"NIFTY 500","12 Jul 2001","811.29","-"
"NIFTY 500","13 Jul 2001","805.82","-"
"NIFTY 500","16 Jul 2001","806.50","-"
"NIFTY 500","17 Jul 2001","804.41","-"
"NIFTY 500","18 Jul 2001","803.62","-"
"NIFTY 500","19 Jul 2001","797.31","-"
"NIFTY 500","20 Jul 2001","790.71","-"
"NIFTY 500","23 Jul 2001","785.99","-"
"NIFTY 500","24 Jul 2001","780.35","-"
"NIFTY 500","25 Jul 2001","771.47","-"
"NIFTY 500","26 Jul 2001","764.60","-"
"NIFTY 500","27 Jul 2001","764.31","-"
"NIFTY 500","30 Jul 2001","771.00","-"
"NIFTY 500","31 Jul 2001","782.01","-"
"NIFTY 500","01 Aug 2001","777.82","-"
"NIFTY 500","02 Aug 2001","782.57","-"
"NIFTY 500","03 Aug 2001","787.71","-"
"NIFTY 500","06 Aug 2001","788.49","-"
"NIFTY 500","07 Aug 2001","784.22","-"
"NIFTY 500","08 Aug 2001","781.62","-"
"NIFTY 500","09 Aug 2001","779.98","-"
"NIFTY 500","10 Aug 2001","776.29","-"
"NIFTY 500","13 Aug 2001","771.79","-"
"NIFTY 500","14 Aug 2001","780.79","-"
"NIFTY 500","16 Aug 2001","784.15","-"
"NIFTY 500","17 Aug 2001","777.02","-"
"NIFTY 500","20 Aug 2001","775.26","-"
"NIFTY 500","21 Aug 2001","776.14","-"
"NIFTY 500","23 Aug 2001","777.76","-"
"NIFTY 500","24 Aug 2001","781.01","-"
"NIFTY 500","27 Aug 2001","786.18","-"
"NIFTY 500","28 Aug 2001","784.89","-"
"NIFTY 500","29 Aug 2001","782.67","-"
"NIFTY 500","30 Aug 2001","782.03","-"
"NIFTY 500","31 Aug 2001","769.77","-"
"NIFTY 500","03 Sep 2001","764.95","-"
"NIFTY 500","04 Sep 2001","769.22","-"
"NIFTY 500","05 Sep 2001","764.15","-"
"NIFTY 500","06 Sep 2001","758.11","-"
"NIFTY 500","07 Sep 2001","760.34","-"
"NIFTY 500","10 Sep 2001","756.47","-"
"NIFTY 500","11 Sep 2001","754.43","-"
"NIFTY 500","12 Sep 2001","725.76","-"
"NIFTY 500","13 Sep 2001","716.09","-"
"NIFTY 500","14 Sep 2001","674.60","-"
"NIFTY 500","17 Sep 2001","630.15","-"
"NIFTY 500","18 Sep 2001","650.46","-"
"NIFTY 500","19 Sep 2001","653.14","-"
"NIFTY 500","20 Sep 2001","646.24","-"
"NIFTY 500","21 Sep 2001","618.41","-"
"NIFTY 500","24 Sep 2001","635.12","-"
"NIFTY 500","25 Sep 2001","627.12","-"
"NIFTY 500","26 Sep 2001","640.78","-"
"NIFTY 500","27 Sep 2001","643.79","-"
"NIFTY 500","28 Sep 2001","661.21","-"
"NIFTY 500","01 Oct 2001","656.62","-"
"NIFTY 500","03 Oct 2001","644.22","-"
"NIFTY 500","04 Oct 2001","655.63","-"
"NIFTY 500","05 Oct 2001","657.56","-"
"NIFTY 500","08 Oct 2001","647.57","-"
"NIFTY 500","09 Oct 2001","654.45","-"
"NIFTY 500","10 Oct 2001","672.28","-"
"NIFTY 500","11 Oct 2001","682.65","-"
"NIFTY 500","12 Oct 2001","686.01","-"
"NIFTY 500","15 Oct 2001","686.56","-"
"NIFTY 500","16 Oct 2001","696.53","-"
"NIFTY 500","17 Oct 2001","709.58","-"
"NIFTY 500","18 Oct 2001","697.30","-"
"NIFTY 500","19 Oct 2001","703.28","-"
"NIFTY 500","22 Oct 2001","707.07","-"
"NIFTY 500","23 Oct 2001","718.53","-"
"NIFTY 500","24 Oct 2001","717.12","-"
"NIFTY 500","25 Oct 2001","713.05","-"
"NIFTY 500","29 Oct 2001","712.13","-"
"NIFTY 500","30 Oct 2001","700.04","-"
"NIFTY 500","31 Oct 2001","705.45","-"
"NIFTY 500","01 Nov 2001","717.91","-"
"NIFTY 500","02 Nov 2001","717.54","-"
"NIFTY 500","05 Nov 2001","718.59","-"
"NIFTY 500","06 Nov 2001","729.56","-"
"NIFTY 500","07 Nov 2001","720.79","-"
"NIFTY 500","08 Nov 2001","728.41","-"
"NIFTY 500","09 Nov 2001","732.77","-"
"NIFTY 500","12 Nov 2001","738.32","-"
"NIFTY 500","13 Nov 2001","734.74","-"
"NIFTY 500","14 Nov 2001","742.08","-"
"NIFTY 500","15 Nov 2001","759.40","-"
"NIFTY 500","19 Nov 2001","782.63","-"
"NIFTY 500","20 Nov 2001","773.75","-"
"NIFTY 500","21 Nov 2001","782.34","-"
"NIFTY 500","22 Nov 2001","788.33","-"
"NIFTY 500","23 Nov 2001","785.15","-"
"NIFTY 500","26 Nov 2001","806.58","-"
"NIFTY 500","27 Nov 2001","805.25","-"
"NIFTY 500","28 Nov 2001","798.76","-"
"NIFTY 500","29 Nov 2001","797.49","-"
"NIFTY 500","03 Dec 2001","800.08","-"
"NIFTY 500","04 Dec 2001","815.30","-"
"NIFTY 500","05 Dec 2001","836.97","-"
"NIFTY 500","06 Dec 2001","836.05","-"
"NIFTY 500","07 Dec 2001","842.42","-"
"NIFTY 500","10 Dec 2001","841.78","-"
"NIFTY 500","11 Dec 2001","836.50","-"
"NIFTY 500","12 Dec 2001","838.70","-"
"NIFTY 500","13 Dec 2001","827.33","-"
"NIFTY 500","14 Dec 2001","820.78","-"
"NIFTY 500","18 Dec 2001","811.47","-"
"NIFTY 500","19 Dec 2001","794.95","-"
"NIFTY 500","20 Dec 2001","798.51","-"
"NIFTY 500","21 Dec 2001","786.32","-"
"NIFTY 500","24 Dec 2001","790.65","-"
"NIFTY 500","26 Dec 2001","773.27","-"
"NIFTY 500","27 Dec 2001","758.72","-"
"NIFTY 500","28 Dec 2001","774.37","-"
"NIFTY 500","31 Dec 2001","794.58","-"
"NIFTY 500","01 Jan 2002","792.74","-"
"NIFTY 500","02 Jan 2002","799.08","-"
"NIFTY 500","03 Jan 2002","808.63","-"
"NIFTY 500","04 Jan 2002","825.16","-"
"NIFTY 500","07 Jan 2002","829.43","-"
"NIFTY 500","08 Jan 2002","834.80","-"
"NIFTY 500","09 Jan 2002","822.87","-"
"NIFTY 500","10 Jan 2002","814.86","-"
"NIFTY 500","11 Jan 2002","805.41","-"
"NIFTY 500","14 Jan 2002","825.06","-"
"NIFTY 500","15 Jan 2002","817.57","-"
"NIFTY 500","16 Jan 2002","820.24","-"
"NIFTY 500","17 Jan 2002","832.80","-"
"NIFTY 500","18 Jan 2002","821.63","-"
"NIFTY 500","21 Jan 2002","824.28","-"
"NIFTY 500","22 Jan 2002","823.01","-"
"NIFTY 500","23 Jan 2002","821.49","-"
"NIFTY 500","24 Jan 2002","817.64","-"
"NIFTY 500","25 Jan 2002","815.39","-"
"NIFTY 500","28 Jan 2002","808.88","-"
"NIFTY 500","29 Jan 2002","810.41","-"
"NIFTY 500","30 Jan 2002","805.76","-"
"NIFTY 500","31 Jan 2002","814.21","-"
"NIFTY 500","01 Feb 2002","819.42","-"
"NIFTY 500","04 Feb 2002","823.69","-"
"NIFTY 500","05 Feb 2002","824.79","-"
"NIFTY 500","06 Feb 2002","859.03","-"
"NIFTY 500","07 Feb 2002","850.98","-"
"NIFTY 500","08 Feb 2002","865.15","-"
"NIFTY 500","11 Feb 2002","872.77","-"
"NIFTY 500","12 Feb 2002","874.04","-"
"NIFTY 500","13 Feb 2002","877.50","-"
"NIFTY 500","14 Feb 2002","890.84","-"
"NIFTY 500","15 Feb 2002","898.26","-"
"NIFTY 500","18 Feb 2002","905.40","-"
"NIFTY 500","19 Feb 2002","893.39","-"
"NIFTY 500","20 Feb 2002","884.13","-"
"NIFTY 500","21 Feb 2002","889.39","-"
"NIFTY 500","22 Feb 2002","899.03","-"
"NIFTY 500","25 Feb 2002","901.52","-"
"NIFTY 500","26 Feb 2002","919.84","-"
"NIFTY 500","27 Feb 2002","914.32","-"
"NIFTY 500","28 Feb 2002","875.71","-"
"NIFTY 500","01 Mar 2002","901.38","-"
"NIFTY 500","04 Mar 2002","909.47","-"
"NIFTY 500","05 Mar 2002","910.52","-"
"NIFTY 500","06 Mar 2002","906.63","-"
"NIFTY 500","07 Mar 2002","920.47","-"
"NIFTY 500","08 Mar 2002","916.51","-"
"NIFTY 500","11 Mar 2002","903.01","-"
"NIFTY 500","12 Mar 2002","889.20","-"
"NIFTY 500","13 Mar 2002","895.44","-"
"NIFTY 500","14 Mar 2002","898.07","-"
"NIFTY 500","15 Mar 2002","907.99","-"
"NIFTY 500","18 Mar 2002","910.50","-"
"NIFTY 500","19 Mar 2002","896.38","-"
"NIFTY 500","20 Mar 2002","898.10","-"
"NIFTY 500","21 Mar 2002","891.44","-"
"NIFTY 500","22 Mar 2002","887.27","-"
"NIFTY 500","26 Mar 2002","878.66","-"
"NIFTY 500","27 Mar 2002","879.34","-"
"NIFTY 500","28 Mar 2002","884.82","-"
"NIFTY 500","01 Apr 2002","896.91","-"
"NIFTY 500","02 Apr 2002","894.44","-"
"NIFTY 500","03 Apr 2002","887.19","-"
"NIFTY 500","04 Apr 2002","903.42","-"
"NIFTY 500","05 Apr 2002","904.67","-"
"NIFTY 500","08 Apr 2002","901.99","-"
"NIFTY 500","09 Apr 2002","897.88","-"
"NIFTY 500","10 Apr 2002","906.33","-"
"NIFTY 500","11 Apr 2002","913.08","-"
"NIFTY 500","12 Apr 2002","915.83","-"
"NIFTY 500","15 Apr 2002","905.69","-"
"NIFTY 500","16 Apr 2002","896.61","-"
"NIFTY 500","17 Apr 2002","901.18","-"
"NIFTY 500","18 Apr 2002","905.17","-"
"NIFTY 500","19 Apr 2002","883.81","-"
"NIFTY 500","22 Apr 2002","884.78","-"
"NIFTY 500","23 Apr 2002","887.58","-"
"NIFTY 500","24 Apr 2002","892.38","-"
"NIFTY 500","25 Apr 2002","881.24","-"
"NIFTY 500","26 Apr 2002","882.66","-"
"NIFTY 500","29 Apr 2002","870.32","-"
"NIFTY 500","30 Apr 2002","881.35","-"
"NIFTY 500","02 May 2002","889.23","-"
"NIFTY 500","03 May 2002","889.86","-"
"NIFTY 500","06 May 2002","895.63","-"
"NIFTY 500","07 May 2002","901.99","-"
"NIFTY 500","08 May 2002","905.88","-"
"NIFTY 500","09 May 2002","913.81","-"
"NIFTY 500","10 May 2002","903.98","-"
"NIFTY 500","13 May 2002","907.38","-"
"NIFTY 500","14 May 2002","904.81","-"
"NIFTY 500","15 May 2002","895.16","-"
"NIFTY 500","16 May 2002","884.98","-"
"NIFTY 500","17 May 2002","880.25","-"
"NIFTY 500","20 May 2002","864.76","-"
"NIFTY 500","21 May 2002","840.28","-"
"NIFTY 500","22 May 2002","842.78","-"
"NIFTY 500","23 May 2002","833.12","-"
"NIFTY 500","24 May 2002","870.16","-"
"NIFTY 500","27 May 2002","872.26","-"
"NIFTY 500","28 May 2002","849.06","-"
"NIFTY 500","29 May 2002","855.50","-"
"NIFTY 500","30 May 2002","848.81","-"
"NIFTY 500","31 May 2002","846.58","-"
"NIFTY 500","03 Jun 2002","859.87","-"
"NIFTY 500","04 Jun 2002","868.24","-"
"NIFTY 500","05 Jun 2002","882.37","-"
"NIFTY 500","06 Jun 2002","879.14","-"
"NIFTY 500","07 Jun 2002","864.03","-"
"NIFTY 500","10 Jun 2002","882.18","-"
"NIFTY 500","11 Jun 2002","907.78","-"
"NIFTY 500","12 Jun 2002","908.11","-"
"NIFTY 500","13 Jun 2002","903.23","-"
"NIFTY 500","14 Jun 2002","905.94","-"
"NIFTY 500","17 Jun 2002","910.72","-"
"NIFTY 500","18 Jun 2002","899.91","-"
"NIFTY 500","19 Jun 2002","888.37","-"
"NIFTY 500","20 Jun 2002","893.10","-"
"NIFTY 500","21 Jun 2002","887.67","-"
"NIFTY 500","24 Jun 2002","886.56","-"
"NIFTY 500","25 Jun 2002","882.84","-"
"NIFTY 500","26 Jun 2002","871.32","-"
"NIFTY 500","27 Jun 2002","878.90","-"
"NIFTY 500","28 Jun 2002","886.25","-"
"NIFTY 500","01 Jul 2002","898.70","-"
"NIFTY 500","02 Jul 2002","897.56","-"
"NIFTY 500","03 Jul 2002","900.52","-"
"NIFTY 500","04 Jul 2002","905.43","-"
"NIFTY 500","05 Jul 2002","908.32","-"
"NIFTY 500","08 Jul 2002","914.64","-"
"NIFTY 500","09 Jul 2002","914.84","-"
"NIFTY 500","10 Jul 2002","906.47","-"
"NIFTY 500","11 Jul 2002","895.92","-"
"NIFTY 500","12 Jul 2002","902.30","-"
"NIFTY 500","15 Jul 2002","899.35","-"
"NIFTY 500","16 Jul 2002","887.09","-"
"NIFTY 500","17 Jul 2002","878.20","-"
"NIFTY 500","18 Jul 2002","890.71","-"
"NIFTY 500","19 Jul 2002","885.52","-"
"NIFTY 500","22 Jul 2002","862.94","-"
"NIFTY 500","23 Jul 2002","873.60","-"
"NIFTY 500","24 Jul 2002","859.09","-"
"NIFTY 500","25 Jul 2002","857.07","-"
"NIFTY 500","26 Jul 2002","834.38","-"
"NIFTY 500","29 Jul 2002","827.03","-"
"NIFTY 500","30 Jul 2002","815.87","-"
"NIFTY 500","31 Jul 2002","815.33","-"
"NIFTY 500","01 Aug 2002","815.58","-"
"NIFTY 500","02 Aug 2002","817.53","-"
"NIFTY 500","05 Aug 2002","824.05","-"
"NIFTY 500","06 Aug 2002","827.44","-"
"NIFTY 500","07 Aug 2002","830.91","-"
"NIFTY 500","08 Aug 2002","816.78","-"
"NIFTY 500","09 Aug 2002","822.63","-"
"NIFTY 500","12 Aug 2002","829.39","-"
"NIFTY 500","13 Aug 2002","835.15","-"
"NIFTY 500","14 Aug 2002","834.12","-"
"NIFTY 500","16 Aug 2002","840.63","-"
"NIFTY 500","19 Aug 2002","842.90","-"
"NIFTY 500","20 Aug 2002","850.27","-"
"NIFTY 500","21 Aug 2002","851.56","-"
"NIFTY 500","22 Aug 2002","849.13","-"
"NIFTY 500","23 Aug 2002","853.96","-"
"NIFTY 500","26 Aug 2002","858.03","-"
"NIFTY 500","27 Aug 2002","849.34","-"
"NIFTY 500","28 Aug 2002","848.61","-"
"NIFTY 500","29 Aug 2002","843.66","-"
"NIFTY 500","30 Aug 2002","856.87","-"
"NIFTY 500","02 Sep 2002","859.65","-"
"NIFTY 500","03 Sep 2002","855.23","-"
"NIFTY 500","04 Sep 2002","858.92","-"
"NIFTY 500","05 Sep 2002","860.18","-"
"NIFTY 500","06 Sep 2002","849.97","-"
"NIFTY 500","09 Sep 2002","838.78","-"
"NIFTY 500","11 Sep 2002","837.80","-"
"NIFTY 500","12 Sep 2002","843.23","-"
"NIFTY 500","13 Sep 2002","836.43","-"
"NIFTY 500","16 Sep 2002","828.61","-"
"NIFTY 500","17 Sep 2002","833.29","-"
"NIFTY 500","18 Sep 2002","825.31","-"
"NIFTY 500","19 Sep 2002","819.01","-"
"NIFTY 500","20 Sep 2002","816.56","-"
"NIFTY 500","23 Sep 2002","815.86","-"
"NIFTY 500","24 Sep 2002","812.12","-"
"NIFTY 500","25 Sep 2002","815.34","-"
"NIFTY 500","26 Sep 2002","815.86","-"
"NIFTY 500","27 Sep 2002","819.84","-"
"NIFTY 500","30 Sep 2002","807.39","-"
"NIFTY 500","01 Oct 2002","800.67","-"
"NIFTY 500","03 Oct 2002","798.57","-"
"NIFTY 500","04 Oct 2002","798.51","-"
"NIFTY 500","07 Oct 2002","810.61","-"
"NIFTY 500","08 Oct 2002","815.23","-"
"NIFTY 500","09 Oct 2002","810.20","-"
"NIFTY 500","10 Oct 2002","813.82","-"
"NIFTY 500","11 Oct 2002","826.97","-"
"NIFTY 500","14 Oct 2002","825.57","-"
"NIFTY 500","16 Oct 2002","823.53","-"
"NIFTY 500","17 Oct 2002","823.77","-"
"NIFTY 500","18 Oct 2002","827.45","-"
"NIFTY 500","21 Oct 2002","824.44","-"
"NIFTY 500","22 Oct 2002","811.88","-"
"NIFTY 500","23 Oct 2002","808.77","-"
"NIFTY 500","24 Oct 2002","802.21","-"
"NIFTY 500","25 Oct 2002","791.45","-"
"NIFTY 500","28 Oct 2002","785.89","-"
"NIFTY 500","29 Oct 2002","797.25","-"
"NIFTY 500","30 Oct 2002","800.43","-"
"NIFTY 500","31 Oct 2002","809.91","-"
"NIFTY 500","01 Nov 2002","813.71","-"
"NIFTY 500","04 Nov 2002","820.15","-"
"NIFTY 500","05 Nov 2002","817.51","-"
"NIFTY 500","07 Nov 2002","816.17","-"
"NIFTY 500","08 Nov 2002","815.14","-"
"NIFTY 500","11 Nov 2002","812.21","-"
"NIFTY 500","12 Nov 2002","815.43","-"
"NIFTY 500","13 Nov 2002","817.36","-"
"NIFTY 500","14 Nov 2002","816.80","-"
"NIFTY 500","15 Nov 2002","826.34","-"
"NIFTY 500","18 Nov 2002","832.86","-"
"NIFTY 500","20 Nov 2002","831.39","-"
"NIFTY 500","21 Nov 2002","833.50","-"
"NIFTY 500","22 Nov 2002","841.88","-"
"NIFTY 500","25 Nov 2002","849.49","-"
"NIFTY 500","26 Nov 2002","856.22","-"
"NIFTY 500","27 Nov 2002","853.16","-"
"NIFTY 500","28 Nov 2002","863.40","-"
"NIFTY 500","29 Nov 2002","868.14","-"
"NIFTY 500","02 Dec 2002","887.17","-"
"NIFTY 500","03 Dec 2002","874.87","-"
"NIFTY 500","04 Dec 2002","862.53","-"
"NIFTY 500","05 Dec 2002","870.49","-"
"NIFTY 500","06 Dec 2002","892.73","-"
"NIFTY 500","09 Dec 2002","880.54","-"
"NIFTY 500","10 Dec 2002","883.06","-"
"NIFTY 500","11 Dec 2002","887.38","-"
"NIFTY 500","12 Dec 2002","891.66","-"
"NIFTY 500","13 Dec 2002","900.03","-"
"NIFTY 500","16 Dec 2002","894.83","-"
"NIFTY 500","17 Dec 2002","889.56","-"
"NIFTY 500","18 Dec 2002","893.43","-"
"NIFTY 500","19 Dec 2002","891.56","-"
"NIFTY 500","20 Dec 2002","895.01","-"
"NIFTY 500","23 Dec 2002","892.79","-"
"NIFTY 500","24 Dec 2002","898.06","-"
"NIFTY 500","26 Dec 2002","904.50","-"
"NIFTY 500","27 Dec 2002","906.91","-"
"NIFTY 500","30 Dec 2002","902.87","-"
"NIFTY 500","31 Dec 2002","905.22","-"
"NIFTY 500","01 Jan 2003","910.25","-"
"NIFTY 500","02 Jan 2003","908.85","-"
"NIFTY 500","03 Jan 2003","906.50","-"
"NIFTY 500","06 Jan 2003","903.23","-"
"NIFTY 500","07 Jan 2003","903.28","-"
"NIFTY 500","08 Jan 2003","907.32","-"
"NIFTY 500","09 Jan 2003","917.87","-"
"NIFTY 500","10 Jan 2003","904.92","-"
"NIFTY 500","13 Jan 2003","901.06","-"
"NIFTY 500","14 Jan 2003","904.63","-"
"NIFTY 500","15 Jan 2003","908.91","-"
"NIFTY 500","16 Jan 2003","913.01","-"
"NIFTY 500","17 Jan 2003","913.77","-"
"NIFTY 500","20 Jan 2003","908.03","-"
"NIFTY 500","21 Jan 2003","910.72","-"
"NIFTY 500","22 Jan 2003","912.19","-"
"NIFTY 500","23 Jan 2003","904.83","-"
"NIFTY 500","24 Jan 2003","891.07","-"
"NIFTY 500","27 Jan 2003","872.92","-"
"NIFTY 500","28 Jan 2003","880.79","-"
"NIFTY 500","29 Jan 2003","879.34","-"
"NIFTY 500","30 Jan 2003","876.48","-"
"NIFTY 500","31 Jan 2003","878.00","-"
"NIFTY 500","03 Feb 2003","891.76","-"
"NIFTY 500","04 Feb 2003","892.06","-"
"NIFTY 500","05 Feb 2003","887.35","-"
"NIFTY 500","06 Feb 2003","898.42","-"
"NIFTY 500","07 Feb 2003","894.41","-"
"NIFTY 500","10 Feb 2003","885.70","-"
"NIFTY 500","11 Feb 2003","884.35","-"
"NIFTY 500","12 Feb 2003","880.46","-"
"NIFTY 500","14 Feb 2003","872.68","-"
"NIFTY 500","17 Feb 2003","891.36","-"
"NIFTY 500","18 Feb 2003","893.54","-"
"NIFTY 500","19 Feb 2003","898.37","-"
"NIFTY 500","20 Feb 2003","898.84","-"
"NIFTY 500","21 Feb 2003","899.25","-"
"NIFTY 500","24 Feb 2003","902.49","-"
"NIFTY 500","25 Feb 2003","891.42","-"
"NIFTY 500","26 Feb 2003","887.23","-"
"NIFTY 500","27 Feb 2003","893.12","-"
"NIFTY 500","28 Feb 2003","897.96","-"
"NIFTY 500","03 Mar 2003","897.54","-"
"NIFTY 500","04 Mar 2003","887.18","-"
"NIFTY 500","05 Mar 2003","881.41","-"
"NIFTY 500","06 Mar 2003","873.46","-"
"NIFTY 500","07 Mar 2003","859.96","-"
"NIFTY 500","10 Mar 2003","850.89","-"
"NIFTY 500","11 Mar 2003","856.09","-"
"NIFTY 500","12 Mar 2003","848.31","-"
"NIFTY 500","13 Mar 2003","846.19","-"
"NIFTY 500","17 Mar 2003","840.72","-"
"NIFTY 500","19 Mar 2003","846.45","-"
"NIFTY 500","20 Mar 2003","859.19","-"
"NIFTY 500","21 Mar 2003","864.38","-"
"NIFTY 500","22 Mar 2003","868.74","-"
"NIFTY 500","24 Mar 2003","852.77","-"
"NIFTY 500","25 Mar 2003","850.53","-"
"NIFTY 500","26 Mar 2003","851.18","-"
"NIFTY 500","27 Mar 2003","845.93","-"
"NIFTY 500","28 Mar 2003","844.16","-"
"NIFTY 500","31 Mar 2003","826.71","-"
"NIFTY 500","01 Apr 2003","832.43","-"
"NIFTY 500","02 Apr 2003","845.34","-"
"NIFTY 500","03 Apr 2003","854.77","-"
"NIFTY 500","04 Apr 2003","863.92","-"
"NIFTY 500","07 Apr 2003","878.08","-"
"NIFTY 500","08 Apr 2003","870.88","-"
"NIFTY 500","09 Apr 2003","862.23","-"
"NIFTY 500","10 Apr 2003","833.30","-"
"NIFTY 500","11 Apr 2003","827.34","-"
"NIFTY 500","15 Apr 2003","828.46","-"
"NIFTY 500","16 Apr 2003","833.31","-"
"NIFTY 500","17 Apr 2003","821.75","-"
"NIFTY 500","21 Apr 2003","829.13","-"
"NIFTY 500","22 Apr 2003","827.06","-"
"NIFTY 500","23 Apr 2003","820.57","-"
"NIFTY 500","24 Apr 2003","817.62","-"
"NIFTY 500","25 Apr 2003","813.62","-"
"NIFTY 500","28 Apr 2003","819.99","-"
"NIFTY 500","29 Apr 2003","820.29","-"
"NIFTY 500","30 Apr 2003","823.21","-"
"NIFTY 500","02 May 2003","829.78","-"
"NIFTY 500","05 May 2003","840.94","-"
"NIFTY 500","06 May 2003","846.43","-"
"NIFTY 500","07 May 2003","846.80","-"
"NIFTY 500","08 May 2003","839.83","-"
"NIFTY 500","09 May 2003","838.85","-"
"NIFTY 500","12 May 2003","845.25","-"
"NIFTY 500","13 May 2003","853.39","-"
"NIFTY 500","14 May 2003","862.13","-"
"NIFTY 500","15 May 2003","874.21","-"
"NIFTY 500","16 May 2003","886.09","-"
"NIFTY 500","19 May 2003","880.19","-"
"NIFTY 500","20 May 2003","890.82","-"
"NIFTY 500","21 May 2003","895.26","-"
"NIFTY 500","22 May 2003","899.27","-"
"NIFTY 500","23 May 2003","909.99","-"
"NIFTY 500","26 May 2003","927.80","-"
"NIFTY 500","27 May 2003","921.29","-"
"NIFTY 500","28 May 2003","930.43","-"
"NIFTY 500","29 May 2003","941.29","-"
"NIFTY 500","30 May 2003","955.79","-"
"NIFTY 500","02 Jun 2003","960.22","-"
"NIFTY 500","03 Jun 2003","961.76","-"
"NIFTY 500","04 Jun 2003","975.92","-"
"NIFTY 500","05 Jun 2003","977.70","-"
"NIFTY 500","06 Jun 2003","984.47","-"
"NIFTY 500","09 Jun 2003","990.33","-"
"NIFTY 500","10 Jun 2003","972.95","-"
"NIFTY 500","11 Jun 2003","981.62","-"
"NIFTY 500","12 Jun 2003","991.70","-"
"NIFTY 500","13 Jun 2003","996.63","-"
"NIFTY 500","16 Jun 2003","994.08","-"
"NIFTY 500","17 Jun 2003","1016.02","-"
"NIFTY 500","18 Jun 2003","1022.68","-"
"NIFTY 500","19 Jun 2003","1029.29","-"
"NIFTY 500","20 Jun 2003","1036.27","-"
"NIFTY 500","23 Jun 2003","1023.21","-"
"NIFTY 500","24 Jun 2003","1024.58","-"
"NIFTY 500","25 Jun 2003","1041.28","-"
"NIFTY 500","26 Jun 2003","1044.94","-"
"NIFTY 500","27 Jun 2003","1054.62","-"
"NIFTY 500","30 Jun 2003","1062.73","-"
"NIFTY 500","01 Jul 2003","1062.85","-"
"NIFTY 500","02 Jul 2003","1067.79","-"
"NIFTY 500","03 Jul 2003","1078.90","-"
"NIFTY 500","04 Jul 2003","1081.54","-"
"NIFTY 500","07 Jul 2003","1089.97","-"
"NIFTY 500","08 Jul 2003","1086.27","-"
"NIFTY 500","09 Jul 2003","1077.06","-"
"NIFTY 500","10 Jul 2003","1089.33","-"
"NIFTY 500","11 Jul 2003","1090.22","-"
"NIFTY 500","14 Jul 2003","1102.52","-"
"NIFTY 500","15 Jul 2003","1091.14","-"
"NIFTY 500","16 Jul 2003","1106.23","-"
"NIFTY 500","17 Jul 2003","1091.33","-"
"NIFTY 500","18 Jul 2003","1079.81","-"
"NIFTY 500","21 Jul 2003","1059.99","-"
"NIFTY 500","22 Jul 2003","1051.11","-"
"NIFTY 500","23 Jul 2003","1058.93","-"
"NIFTY 500","24 Jul 2003","1077.14","-"
"NIFTY 500","25 Jul 2003","1097.91","-"
"NIFTY 500","28 Jul 2003","1104.72","-"
"NIFTY 500","29 Jul 2003","1107.23","-"
"NIFTY 500","30 Jul 2003","1120.93","-"
"NIFTY 500","31 Jul 2003","1121.84","-"
"NIFTY 500","01 Aug 2003","1129.89","-"
"NIFTY 500","04 Aug 2003","1149.42","-"
"NIFTY 500","05 Aug 2003","1132.31","-"
"NIFTY 500","06 Aug 2003","1126.18","-"
"NIFTY 500","07 Aug 2003","1153.62","-"
"NIFTY 500","08 Aug 2003","1178.98","-"
"NIFTY 500","11 Aug 2003","1195.22","-"
"NIFTY 500","12 Aug 2003","1192.90","-"
"NIFTY 500","13 Aug 2003","1207.88","-"
"NIFTY 500","14 Aug 2003","1207.48","-"
"NIFTY 500","18 Aug 2003","1235.10","-"
"NIFTY 500","19 Aug 2003","1227.21","-"
"NIFTY 500","20 Aug 2003","1235.62","-"
"NIFTY 500","21 Aug 2003","1249.77","-"
"NIFTY 500","22 Aug 2003","1262.69","-"
"NIFTY 500","25 Aug 2003","1223.49","-"
"NIFTY 500","26 Aug 2003","1273.51","-"
"NIFTY 500","27 Aug 2003","1301.90","-"
"NIFTY 500","28 Aug 2003","1302.38","-"
"NIFTY 500","29 Aug 2003","1320.53","-"
"NIFTY 500","01 Sep 2003","1346.21","-"
"NIFTY 500","02 Sep 2003","1348.99","-"
"NIFTY 500","03 Sep 2003","1322.89","-"
"NIFTY 500","04 Sep 2003","1332.45","-"
"NIFTY 500","05 Sep 2003","1354.10","-"
"NIFTY 500","08 Sep 2003","1375.01","-"
"NIFTY 500","09 Sep 2003","1366.93","-"
"NIFTY 500","10 Sep 2003","1374.97","-"
"NIFTY 500","11 Sep 2003","1376.53","-"
"NIFTY 500","12 Sep 2003","1347.44","-"
"NIFTY 500","15 Sep 2003","1295.86","-"
"NIFTY 500","16 Sep 2003","1323.60","-"
"NIFTY 500","17 Sep 2003","1299.63","-"
"NIFTY 500","18 Sep 2003","1260.10","-"
"NIFTY 500","19 Sep 2003","1269.23","-"
"NIFTY 500","22 Sep 2003","1254.35","-"
"NIFTY 500","23 Sep 2003","1282.14","-"
"NIFTY 500","24 Sep 2003","1321.11","-"
"NIFTY 500","25 Sep 2003","1313.16","-"
"NIFTY 500","26 Sep 2003","1337.64","-"
"NIFTY 500","29 Sep 2003","1361.14","-"
"NIFTY 500","30 Sep 2003","1375.82","-"
"NIFTY 500","01 Oct 2003","1380.35","-"
"NIFTY 500","03 Oct 2003","1402.71","-"
"NIFTY 500","06 Oct 2003","1435.88","-"
"NIFTY 500","07 Oct 2003","1430.99","-"
"NIFTY 500","08 Oct 2003","1433.76","-"
"NIFTY 500","09 Oct 2003","1455.77","-"
"NIFTY 500","10 Oct 2003","1460.85","-"
"NIFTY 500","13 Oct 2003","1488.28","-"
"NIFTY 500","14 Oct 2003","1458.23","-"
"NIFTY 500","15 Oct 2003","1469.61","-"
"NIFTY 500","16 Oct 2003","1483.63","-"
"NIFTY 500","17 Oct 2003","1494.21","-"
"NIFTY 500","20 Oct 2003","1464.46","-"
"NIFTY 500","21 Oct 2003","1431.15","-"
"NIFTY 500","22 Oct 2003","1414.29","-"
"NIFTY 500","23 Oct 2003","1397.79","-"
"NIFTY 500","24 Oct 2003","1427.45","-"
"NIFTY 500","25 Oct 2003","1449.84","-"
"NIFTY 500","27 Oct 2003","1419.07","-"
"NIFTY 500","28 Oct 2003","1411.39","-"
"NIFTY 500","29 Oct 2003","1420.91","-"
"NIFTY 500","30 Oct 2003","1434.29","-"
"NIFTY 500","31 Oct 2003","1473.54","-"
"NIFTY 500","03 Nov 2003","1503.17","-"
"NIFTY 500","04 Nov 2003","1521.19","-"
"NIFTY 500","05 Nov 2003","1523.62","-"
"NIFTY 500","06 Nov 2003","1533.85","-"
"NIFTY 500","07 Nov 2003","1523.76","-"
"NIFTY 500","10 Nov 2003","1536.83","-"
"NIFTY 500","11 Nov 2003","1549.85","-"
"NIFTY 500","12 Nov 2003","1556.26","-"
"NIFTY 500","13 Nov 2003","1527.42","-"
"NIFTY 500","14 Nov 2003","1496.27","-"
"NIFTY 500","15 Nov 2003","1509.09","-"
"NIFTY 500","17 Nov 2003","1526.95","-"
"NIFTY 500","18 Nov 2003","1515.13","-"
"NIFTY 500","19 Nov 2003","1492.64","-"
"NIFTY 500","20 Nov 2003","1472.58","-"
"NIFTY 500","21 Nov 2003","1479.93","-"
"NIFTY 500","24 Nov 2003","1489.93","-"
"NIFTY 500","25 Nov 2003","1513.42","-"
"NIFTY 500","27 Nov 2003","1536.47","-"
"NIFTY 500","28 Nov 2003","1555.41","-"
"NIFTY 500","01 Dec 2003","1589.08","-"
"NIFTY 500","02 Dec 2003","1591.56","-"
"NIFTY 500","03 Dec 2003","1608.93","-"
"NIFTY 500","04 Dec 2003","1619.40","-"
"NIFTY 500","05 Dec 2003","1595.99","-"
"NIFTY 500","08 Dec 2003","1605.85","-"
"NIFTY 500","09 Dec 2003","1640.95","-"
"NIFTY 500","10 Dec 2003","1652.44","-"
"NIFTY 500","11 Dec 2003","1667.05","-"
"NIFTY 500","12 Dec 2003","1672.22","-"
"NIFTY 500","15 Dec 2003","1690.95","-"
"NIFTY 500","16 Dec 2003","1693.80","-"
"NIFTY 500","17 Dec 2003","1695.00","-"
"NIFTY 500","18 Dec 2003","1728.78","-"
"NIFTY 500","19 Dec 2003","1755.45","-"
"NIFTY 500","22 Dec 2003","1775.74","-"
"NIFTY 500","23 Dec 2003","1763.81","-"
"NIFTY 500","24 Dec 2003","1785.72","-"
"NIFTY 500","26 Dec 2003","1811.57","-"
"NIFTY 500","29 Dec 2003","1847.27","-"
"NIFTY 500","30 Dec 2003","1846.99","-"
"NIFTY 500","31 Dec 2003","1854.38","-"
"NIFTY 500","01 Jan 2004","1893.90","-"
"NIFTY 500","02 Jan 2004","1950.09","-"
"NIFTY 500","05 Jan 2004","1958.45","-"
"NIFTY 500","06 Jan 2004","1923.56","-"
"NIFTY 500","07 Jan 2004","1914.17","-"
"NIFTY 500","08 Jan 2004","1979.06","-"
"NIFTY 500","09 Jan 2004","1975.91","-"
"NIFTY 500","12 Jan 2004","1945.32","-"
"NIFTY 500","13 Jan 2004","1949.99","-"
"NIFTY 500","14 Jan 2004","1965.16","-"
"NIFTY 500","15 Jan 2004","1936.18","-"
"NIFTY 500","16 Jan 2004","1885.09","-"
"NIFTY 500","19 Jan 2004","1911.58","-"
"NIFTY 500","20 Jan 2004","1874.97","-"
"NIFTY 500","21 Jan 2004","1777.27","-"
"NIFTY 500","22 Jan 2004","1726.67","-"
"NIFTY 500","23 Jan 2004","1812.05","-"
"NIFTY 500","27 Jan 2004","1876.62","-"
"NIFTY 500","28 Jan 2004","1830.61","-"
"NIFTY 500","29 Jan 2004","1814.33","-"
"NIFTY 500","30 Jan 2004","1770.46","-"
"NIFTY 500","03 Feb 2004","1705.55","-"
"NIFTY 500","04 Feb 2004","1755.99","-"
"NIFTY 500","05 Feb 2004","1746.52","-"
"NIFTY 500","06 Feb 2004","1782.33","-"
"NIFTY 500","09 Feb 2004","1824.56","-"
"NIFTY 500","10 Feb 2004","1824.93","-"
"NIFTY 500","11 Feb 2004","1838.17","-"
"NIFTY 500","12 Feb 2004","1837.34","-"
"NIFTY 500","13 Feb 2004","1864.02","-"
"NIFTY 500","16 Feb 2004","1866.39","-"
"NIFTY 500","17 Feb 2004","1868.58","-"
"NIFTY 500","18 Feb 2004","1876.30","-"
"NIFTY 500","19 Feb 2004","1825.02","-"
"NIFTY 500","20 Feb 2004","1816.93","-"
"NIFTY 500","23 Feb 2004","1771.16","-"
"NIFTY 500","24 Feb 2004","1776.27","-"
"NIFTY 500","25 Feb 2004","1739.44","-"
"NIFTY 500","26 Feb 2004","1726.16","-"
"NIFTY 500","27 Feb 2004","1754.06","-"
"NIFTY 500","01 Mar 2004","1804.40","-"
"NIFTY 500","03 Mar 2004","1808.59","-"
"NIFTY 500","04 Mar 2004","1799.29","-"
"NIFTY 500","05 Mar 2004","1831.75","-"
"NIFTY 500","08 Mar 2004","1867.01","-"
"NIFTY 500","09 Mar 2004","1846.40","-"
"NIFTY 500","10 Mar 2004","1829.14","-"
"NIFTY 500","11 Mar 2004","1795.40","-"
"NIFTY 500","12 Mar 2004","1793.76","-"
"NIFTY 500","15 Mar 2004","1745.56","-"
"NIFTY 500","16 Mar 2004","1738.02","-"
"NIFTY 500","17 Mar 2004","1747.27","-"
"NIFTY 500","18 Mar 2004","1720.01","-"
"NIFTY 500","19 Mar 2004","1725.18","-"
"NIFTY 500","22 Mar 2004","1681.84","-"
"NIFTY 500","23 Mar 2004","1682.51","-"
"NIFTY 500","24 Mar 2004","1683.09","-"
"NIFTY 500","25 Mar 2004","1697.70","-"
"NIFTY 500","26 Mar 2004","1736.43","-"
"NIFTY 500","29 Mar 2004","1754.51","-"
"NIFTY 500","30 Mar 2004","1752.45","-"
"NIFTY 500","31 Mar 2004","1772.28","-"
"NIFTY 500","01 Apr 2004","1813.26","-"
"NIFTY 500","02 Apr 2004","1839.97","-"
"NIFTY 500","05 Apr 2004","1853.29","-"
"NIFTY 500","06 Apr 2004","1844.66","-"
"NIFTY 500","07 Apr 2004","1843.50","-"
"NIFTY 500","08 Apr 2004","1861.91","-"
"NIFTY 500","12 Apr 2004","1856.64","-"
"NIFTY 500","13 Apr 2004","1893.91","-"
"NIFTY 500","15 Apr 2004","1890.88","-"
"NIFTY 500","16 Apr 2004","1900.82","-"
"NIFTY 500","17 Apr 2004","1905.76","-"
"NIFTY 500","19 Apr 2004","1876.58","-"
"NIFTY 500","20 Apr 2004","1874.88","-"
"NIFTY 500","21 Apr 2004","1906.48","-"
"NIFTY 500","22 Apr 2004","1928.81","-"
"NIFTY 500","23 Apr 2004","1932.92","-"
"NIFTY 500","27 Apr 2004","1850.34","-"
"NIFTY 500","28 Apr 2004","1847.12","-"
"NIFTY 500","29 Apr 2004","1846.28","-"
"NIFTY 500","30 Apr 2004","1833.75","-"
"NIFTY 500","03 May 2004","1799.88","-"
"NIFTY 500","04 May 2004","1833.39","-"
"NIFTY 500","05 May 2004","1850.18","-"
"NIFTY 500","06 May 2004","1879.01","-"
"NIFTY 500","07 May 2004","1853.48","-"
"NIFTY 500","10 May 2004","1818.36","-"
"NIFTY 500","11 May 2004","1736.97","-"
"NIFTY 500","12 May 2004","1750.73","-"
"NIFTY 500","13 May 2004","1748.79","-"
"NIFTY 500","14 May 2004","1595.79","-"
"NIFTY 500","17 May 2004","1402.88","-"
"NIFTY 500","18 May 2004","1515.08","-"
"NIFTY 500","19 May 2004","1592.52","-"
"NIFTY 500","20 May 2004","1578.34","-"
"NIFTY 500","21 May 2004","1587.57","-"
"NIFTY 500","24 May 2004","1630.80","-"
"NIFTY 500","25 May 2004","1628.23","-"
"NIFTY 500","26 May 2004","1629.13","-"
"NIFTY 500","27 May 2004","1613.31","-"
"NIFTY 500","28 May 2004","1534.50","-"
"NIFTY 500","31 May 2004","1496.98","-"
"NIFTY 500","01 Jun 2004","1523.69","-"
"NIFTY 500","02 Jun 2004","1551.01","-"
"NIFTY 500","03 Jun 2004","1515.32","-"
"NIFTY 500","04 Jun 2004","1536.62","-"
"NIFTY 500","07 Jun 2004","1557.03","-"
"NIFTY 500","08 Jun 2004","1565.88","-"
"NIFTY 500","09 Jun 2004","1569.48","-"
"NIFTY 500","10 Jun 2004","1569.29","-"
"NIFTY 500","11 Jun 2004","1535.53","-"
"NIFTY 500","14 Jun 2004","1502.49","-"
"NIFTY 500","15 Jun 2004","1521.22","-"
"NIFTY 500","16 Jun 2004","1515.87","-"
"NIFTY 500","17 Jun 2004","1529.09","-"
"NIFTY 500","18 Jun 2004","1511.44","-"
"NIFTY 500","21 Jun 2004","1499.89","-"
"NIFTY 500","22 Jun 2004","1490.41","-"
"NIFTY 500","23 Jun 2004","1458.05","-"
"NIFTY 500","24 Jun 2004","1475.91","-"
"NIFTY 500","25 Jun 2004","1499.25","-"
"NIFTY 500","28 Jun 2004","1530.69","-"
"NIFTY 500","29 Jun 2004","1537.21","-"
"NIFTY 500","30 Jun 2004","1528.15","-"
"NIFTY 500","01 Jul 2004","1556.16","-"
"NIFTY 500","02 Jul 2004","1557.17","-"
"NIFTY 500","05 Jul 2004","1545.03","-"
"NIFTY 500","06 Jul 2004","1570.68","-"
"NIFTY 500","07 Jul 2004","1578.80","-"
"NIFTY 500","08 Jul 2004","1528.69","-"
"NIFTY 500","09 Jul 2004","1560.60","-"
"NIFTY 500","12 Jul 2004","1568.72","-"
"NIFTY 500","13 Jul 2004","1554.20","-"
"NIFTY 500","14 Jul 2004","1542.14","-"
"NIFTY 500","15 Jul 2004","1562.47","-"
"NIFTY 500","16 Jul 2004","1587.34","-"
"NIFTY 500","19 Jul 2004","1601.83","-"
"NIFTY 500","20 Jul 2004","1595.82","-"
"NIFTY 500","21 Jul 2004","1611.19","-"
"NIFTY 500","22 Jul 2004","1628.95","-"
"NIFTY 500","23 Jul 2004","1632.95","-"
"NIFTY 500","26 Jul 2004","1649.29","-"
"NIFTY 500","27 Jul 2004","1630.18","-"
"NIFTY 500","28 Jul 2004","1623.24","-"
"NIFTY 500","29 Jul 2004","1648.30","-"
"NIFTY 500","30 Jul 2004","1661.37","-"
"NIFTY 500","02 Aug 2004","1672.07","-"
"NIFTY 500","03 Aug 2004","1664.83","-"
"NIFTY 500","04 Aug 2004","1664.28","-"
"NIFTY 500","05 Aug 2004","1693.17","-"
"NIFTY 500","06 Aug 2004","1672.02","-"
"NIFTY 500","09 Aug 2004","1679.10","-"
"NIFTY 500","10 Aug 2004","1688.07","-"
"NIFTY 500","11 Aug 2004","1656.81","-"
"NIFTY 500","12 Aug 2004","1642.62","-"
"NIFTY 500","13 Aug 2004","1640.69","-"
"NIFTY 500","16 Aug 2004","1638.34","-"
"NIFTY 500","17 Aug 2004","1645.81","-"
"NIFTY 500","18 Aug 2004","1627.96","-"
"NIFTY 500","19 Aug 2004","1651.22","-"
"NIFTY 500","20 Aug 2004","1635.52","-"
"NIFTY 500","23 Aug 2004","1623.15","-"
"NIFTY 500","24 Aug 2004","1637.61","-"
"NIFTY 500","25 Aug 2004","1643.78","-"
"NIFTY 500","26 Aug 2004","1663.62","-"
"NIFTY 500","27 Aug 2004","1670.05","-"
"NIFTY 500","30 Aug 2004","1694.61","-"
"NIFTY 500","31 Aug 2004","1699.70","-"
"NIFTY 500","01 Sep 2004","1707.60","-"
"NIFTY 500","02 Sep 2004","1704.09","-"
"NIFTY 500","03 Sep 2004","1711.27","-"
"NIFTY 500","06 Sep 2004","1725.19","-"
"NIFTY 500","07 Sep 2004","1733.12","-"
"NIFTY 500","08 Sep 2004","1741.29","-"
"NIFTY 500","09 Sep 2004","1730.27","-"
"NIFTY 500","10 Sep 2004","1748.11","-"
"NIFTY 500","13 Sep 2004","1755.08","-"
"NIFTY 500","14 Sep 2004","1762.57","-"
"NIFTY 500","15 Sep 2004","1759.37","-"
"NIFTY 500","16 Sep 2004","1783.27","-"
"NIFTY 500","17 Sep 2004","1807.10","-"
"NIFTY 500","20 Sep 2004","1804.35","-"
"NIFTY 500","21 Sep 2004","1825.04","-"
"NIFTY 500","22 Sep 2004","1833.33","-"
"NIFTY 500","23 Sep 2004","1808.75","-"
"NIFTY 500","24 Sep 2004","1809.62","-"
"NIFTY 500","27 Sep 2004","1807.76","-"
"NIFTY 500","28 Sep 2004","1791.53","-"
"NIFTY 500","29 Sep 2004","1816.12","-"
"NIFTY 500","30 Sep 2004","1831.80","-"
"NIFTY 500","01 Oct 2004","1856.01","-"
"NIFTY 500","04 Oct 2004","1883.45","-"
"NIFTY 500","05 Oct 2004","1894.68","-"
"NIFTY 500","06 Oct 2004","1879.93","-"
"NIFTY 500","07 Oct 2004","1895.73","-"
"NIFTY 500","08 Oct 2004","1900.88","-"
"NIFTY 500","09 Oct 2004","1904.16","-"
"NIFTY 500","11 Oct 2004","1890.04","-"
"NIFTY 500","12 Oct 2004","1861.86","-"
"NIFTY 500","14 Oct 2004","1868.18","-"
"NIFTY 500","15 Oct 2004","1868.73","-"
"NIFTY 500","18 Oct 2004","1860.28","-"
"NIFTY 500","19 Oct 2004","1881.22","-"
"NIFTY 500","20 Oct 2004","1864.22","-"
"NIFTY 500","21 Oct 2004","1855.62","-"
"NIFTY 500","25 Oct 2004","1827.07","-"
"NIFTY 500","26 Oct 2004","1847.78","-"
"NIFTY 500","27 Oct 2004","1856.76","-"
"NIFTY 500","28 Oct 2004","1872.25","-"
"NIFTY 500","29 Oct 2004","1861.39","-"
"NIFTY 500","01 Nov 2004","1872.08","-"
"NIFTY 500","02 Nov 2004","1891.33","-"
"NIFTY 500","03 Nov 2004","1917.69","-"
"NIFTY 500","04 Nov 2004","1919.07","-"
"NIFTY 500","05 Nov 2004","1937.11","-"
"NIFTY 500","08 Nov 2004","1944.93","-"
"NIFTY 500","09 Nov 2004","1938.34","-"
"NIFTY 500","10 Nov 2004","1958.43","-"
"NIFTY 500","11 Nov 2004","1952.34","-"
"NIFTY 500","12 Nov 2004","1958.04","-"
"NIFTY 500","16 Nov 2004","1965.07","-"
"NIFTY 500","17 Nov 2004","1980.51","-"
"NIFTY 500","18 Nov 2004","1988.74","-"
"NIFTY 500","19 Nov 2004","1967.36","-"
"NIFTY 500","22 Nov 2004","1970.83","-"
"NIFTY 500","23 Nov 2004","1994.21","-"
"NIFTY 500","24 Nov 2004","2006.61","-"
"NIFTY 500","25 Nov 2004","2005.50","-"
"NIFTY 500","29 Nov 2004","2041.61","-"
"NIFTY 500","30 Nov 2004","2049.99","-"
"NIFTY 500","01 Dec 2004","2056.90","-"
"NIFTY 500","02 Dec 2004","2100.46","-"
"NIFTY 500","03 Dec 2004","2099.40","-"
"NIFTY 500","06 Dec 2004","2098.01","-"
"NIFTY 500","07 Dec 2004","2098.99","-"
"NIFTY 500","08 Dec 2004","2088.59","-"
"NIFTY 500","09 Dec 2004","2101.80","-"
"NIFTY 500","10 Dec 2004","2084.91","-"
"NIFTY 500","13 Dec 2004","2102.46","-"
"NIFTY 500","14 Dec 2004","2127.73","-"
"NIFTY 500","15 Dec 2004","2146.02","-"
"NIFTY 500","16 Dec 2004","2154.15","-"
"NIFTY 500","17 Dec 2004","2140.45","-"
"NIFTY 500","20 Dec 2004","2160.55","-"
"NIFTY 500","21 Dec 2004","2181.14","-"
"NIFTY 500","22 Dec 2004","2169.54","-"
"NIFTY 500","23 Dec 2004","2183.68","-"
"NIFTY 500","24 Dec 2004","2201.35","-"
"NIFTY 500","27 Dec 2004","2207.02","-"
"NIFTY 500","28 Dec 2004","2230.84","-"
"NIFTY 500","29 Dec 2004","2226.99","-"
"NIFTY 500","30 Dec 2004","2215.55","-"
"NIFTY 500","31 Dec 2004","2245.16","-"
"NIFTY 500","03 Jan 2005","2282.29","-"
"NIFTY 500","04 Jan 2005","2277.99","-"
"NIFTY 500","05 Jan 2005","2200.87","-"
"NIFTY 500","06 Jan 2005","2165.93","-"
"NIFTY 500","07 Jan 2005","2187.04","-"
"NIFTY 500","10 Jan 2005","2162.60","-"
"NIFTY 500","11 Jan 2005","2122.17","-"
"NIFTY 500","12 Jan 2005","2067.58","-"
"NIFTY 500","13 Jan 2005","2115.29","-"
"NIFTY 500","14 Jan 2005","2094.39","-"
"NIFTY 500","17 Jan 2005","2089.73","-"
"NIFTY 500","18 Jan 2005","2094.70","-"
"NIFTY 500","19 Jan 2005","2085.01","-"
"NIFTY 500","20 Jan 2005","2075.49","-"
"NIFTY 500","24 Jan 2005","2057.45","-"
"NIFTY 500","25 Jan 2005","2080.87","-"
"NIFTY 500","27 Jan 2005","2106.10","-"
"NIFTY 500","28 Jan 2005","2155.78","-"
"NIFTY 500","31 Jan 2005","2200.96","-"
"NIFTY 500","01 Feb 2005","2209.55","-"
"NIFTY 500","02 Feb 2005","2210.71","-"
"NIFTY 500","03 Feb 2005","2240.72","-"
"NIFTY 500","04 Feb 2005","2238.83","-"
"NIFTY 500","07 Feb 2005","2224.71","-"
"NIFTY 500","08 Feb 2005","2227.57","-"
"NIFTY 500","09 Feb 2005","2247.96","-"
"NIFTY 500","10 Feb 2005","2245.30","-"
"NIFTY 500","11 Feb 2005","2263.58","-"
"NIFTY 500","14 Feb 2005","2277.50","-"
"NIFTY 500","15 Feb 2005","2265.55","-"
"NIFTY 500","16 Feb 2005","2246.29","-"
"NIFTY 500","17 Feb 2005","2238.59","-"
"NIFTY 500","18 Feb 2005","2234.81","-"
"NIFTY 500","21 Feb 2005","2219.58","-"
"NIFTY 500","22 Feb 2005","2234.17","-"
"NIFTY 500","23 Feb 2005","2236.35","-"
"NIFTY 500","24 Feb 2005","2235.85","-"
"NIFTY 500","25 Feb 2005","2238.15","-"
"NIFTY 500","28 Feb 2005","2277.00","-"
"NIFTY 500","01 Mar 2005","2257.69","-"
"NIFTY 500","02 Mar 2005","2274.43","-"
"NIFTY 500","03 Mar 2005","2310.58","-"
"NIFTY 500","04 Mar 2005","2332.57","-"
"NIFTY 500","07 Mar 2005","2347.11","-"
"NIFTY 500","08 Mar 2005","2359.07","-"
"NIFTY 500","09 Mar 2005","2344.87","-"
"NIFTY 500","10 Mar 2005","2353.84","-"
"NIFTY 500","11 Mar 2005","2343.76","-"
"NIFTY 500","14 Mar 2005","2332.49","-"
"NIFTY 500","15 Mar 2005","2318.54","-"
"NIFTY 500","16 Mar 2005","2317.68","-"
"NIFTY 500","17 Mar 2005","2288.14","-"
"NIFTY 500","18 Mar 2005","2291.17","-"
"NIFTY 500","21 Mar 2005","2279.89","-"
"NIFTY 500","22 Mar 2005","2235.03","-"
"NIFTY 500","23 Mar 2005","2191.69","-"
"NIFTY 500","24 Mar 2005","2179.35","-"
"NIFTY 500","28 Mar 2005","2196.80","-"
"NIFTY 500","29 Mar 2005","2149.50","-"
"NIFTY 500","30 Mar 2005","2165.54","-"
"NIFTY 500","31 Mar 2005","2209.66","-"
"NIFTY 500","01 Apr 2005","2250.10","-"
"NIFTY 500","04 Apr 2005","2248.54","-"
"NIFTY 500","05 Apr 2005","2234.83","-"
"NIFTY 500","06 Apr 2005","2252.22","-"
"NIFTY 500","07 Apr 2005","2241.50","-"
"NIFTY 500","08 Apr 2005","2222.69","-"
"NIFTY 500","11 Apr 2005","2199.10","-"
"NIFTY 500","12 Apr 2005","2216.44","-"
"NIFTY 500","13 Apr 2005","2217.96","-"
"NIFTY 500","15 Apr 2005","2152.41","-"
"NIFTY 500","18 Apr 2005","2127.10","-"
"NIFTY 500","19 Apr 2005","2111.02","-"
"NIFTY 500","20 Apr 2005","2127.80","-"
"NIFTY 500","21 Apr 2005","2152.91","-"
"NIFTY 500","22 Apr 2005","2171.60","-"
"NIFTY 500","25 Apr 2005","2179.38","-"
"NIFTY 500","26 Apr 2005","2169.78","-"
"NIFTY 500","27 Apr 2005","2147.90","-"
"NIFTY 500","28 Apr 2005","2141.81","-"
"NIFTY 500","29 Apr 2005","2105.26","-"
"NIFTY 500","02 May 2005","2113.52","-"
"NIFTY 500","03 May 2005","2117.46","-"
"NIFTY 500","04 May 2005","2141.59","-"
"NIFTY 500","05 May 2005","2166.65","-"
"NIFTY 500","06 May 2005","2180.30","-"
"NIFTY 500","09 May 2005","2206.70","-"
"NIFTY 500","10 May 2005","2201.97","-"
"NIFTY 500","11 May 2005","2195.12","-"
"NIFTY 500","12 May 2005","2207.60","-"
"NIFTY 500","13 May 2005","2206.90","-"
"NIFTY 500","16 May 2005","2228.98","-"
"NIFTY 500","17 May 2005","2204.52","-"
"NIFTY 500","18 May 2005","2198.64","-"
"NIFTY 500","19 May 2005","2209.90","-"
"NIFTY 500","20 May 2005","2210.99","-"
"NIFTY 500","23 May 2005","2232.02","-"
"NIFTY 500","24 May 2005","2244.27","-"
"NIFTY 500","25 May 2005","2257.45","-"
"NIFTY 500","26 May 2005","2274.88","-"
"NIFTY 500","27 May 2005","2278.00","-"
"NIFTY 500","30 May 2005","2271.33","-"
"NIFTY 500","31 May 2005","2290.91","-"
"NIFTY 500","01 Jun 2005","2295.78","-"
"NIFTY 500","02 Jun 2005","2274.65","-"
"NIFTY 500","03 Jun 2005","2301.65","-"
"NIFTY 500","04 Jun 2005","2303.90","-"
"NIFTY 500","06 Jun 2005","2309.40","-"
"NIFTY 500","07 Jun 2005","2320.82","-"
"NIFTY 500","08 Jun 2005","2334.33","-"
"NIFTY 500","09 Jun 2005","2327.97","-"
"NIFTY 500","10 Jun 2005","2314.14","-"
"NIFTY 500","13 Jun 2005","2323.20","-"
"NIFTY 500","14 Jun 2005","2329.38","-"
"NIFTY 500","15 Jun 2005","2343.97","-"
"NIFTY 500","16 Jun 2005","2329.43","-"
"NIFTY 500","17 Jun 2005","2320.20","-"
"NIFTY 500","20 Jun 2005","2329.03","-"
"NIFTY 500","21 Jun 2005","2348.86","-"
"NIFTY 500","22 Jun 2005","2363.39","-"
"NIFTY 500","23 Jun 2005","2366.38","-"
"NIFTY 500","24 Jun 2005","2379.59","-"
"NIFTY 500","27 Jun 2005","2382.04","-"
"NIFTY 500","28 Jun 2005","2347.63","-"
"NIFTY 500","29 Jun 2005","2371.99","-"
"NIFTY 500","30 Jun 2005","2388.84","-"
"NIFTY 500","01 Jul 2005","2396.55","-"
"NIFTY 500","04 Jul 2005","2422.86","-"
"NIFTY 500","05 Jul 2005","2403.67","-"
"NIFTY 500","06 Jul 2005","2430.81","-"
"NIFTY 500","07 Jul 2005","2385.74","-"
"NIFTY 500","08 Jul 2005","2412.72","-"
"NIFTY 500","11 Jul 2005","2438.77","-"
"NIFTY 500","12 Jul 2005","2443.49","-"
"NIFTY 500","13 Jul 2005","2436.50","-"
"NIFTY 500","14 Jul 2005","2425.38","-"
"NIFTY 500","15 Jul 2005","2452.58","-"
"NIFTY 500","18 Jul 2005","2480.99","-"
"NIFTY 500","19 Jul 2005","2487.97","-"
"NIFTY 500","20 Jul 2005","2497.99","-"
"NIFTY 500","21 Jul 2005","2485.26","-"
"NIFTY 500","22 Jul 2005","2520.44","-"
"NIFTY 500","25 Jul 2005","2546.25","-"
"NIFTY 500","26 Jul 2005","2547.56","-"
"NIFTY 500","27 Jul 2005","2559.58","-"
"NIFTY 500","29 Jul 2005","2546.08","-"
"NIFTY 500","01 Aug 2005","2561.41","-"
"NIFTY 500","02 Aug 2005","2603.99","-"
"NIFTY 500","03 Aug 2005","2603.84","-"
"NIFTY 500","04 Aug 2005","2617.79","-"
"NIFTY 500","05 Aug 2005","2620.78","-"
"NIFTY 500","08 Aug 2005","2583.15","-"
"NIFTY 500","09 Aug 2005","2577.63","-"
"NIFTY 500","10 Aug 2005","2622.24","-"
"NIFTY 500","11 Aug 2005","2645.13","-"
"NIFTY 500","12 Aug 2005","2633.15","-"
"NIFTY 500","16 Aug 2005","2646.32","-"
"NIFTY 500","17 Aug 2005","2679.10","-"
"NIFTY 500","18 Aug 2005","2666.35","-"
"NIFTY 500","19 Aug 2005","2663.23","-"
"NIFTY 500","22 Aug 2005","2647.93","-"
"NIFTY 500","23 Aug 2005","2600.11","-"
"NIFTY 500","24 Aug 2005","2587.72","-"
"NIFTY 500","25 Aug 2005","2617.94","-"
"NIFTY 500","26 Aug 2005","2636.26","-"
"NIFTY 500","29 Aug 2005","2621.28","-"
"NIFTY 500","30 Aug 2005","2656.07","-"
"NIFTY 500","31 Aug 2005","2676.23","-"
"NIFTY 500","01 Sep 2005","2702.08","-"
"NIFTY 500","02 Sep 2005","2711.94","-"
"NIFTY 500","05 Sep 2005","2720.53","-"
"NIFTY 500","06 Sep 2005","2725.48","-"
"NIFTY 500","08 Sep 2005","2751.41","-"
"NIFTY 500","09 Sep 2005","2751.04","-"
"NIFTY 500","12 Sep 2005","2784.58","-"
"NIFTY 500","13 Sep 2005","2803.73","-"
"NIFTY 500","14 Sep 2005","2793.11","-"
"NIFTY 500","15 Sep 2005","2825.08","-"
"NIFTY 500","16 Sep 2005","2852.48","-"
"NIFTY 500","19 Sep 2005","2873.96","-"
"NIFTY 500","20 Sep 2005","2878.42","-"
"NIFTY 500","21 Sep 2005","2855.45","-"
"NIFTY 500","22 Sep 2005","2737.84","-"
"NIFTY 500","23 Sep 2005","2747.57","-"
"NIFTY 500","26 Sep 2005","2836.96","-"
"NIFTY 500","27 Sep 2005","2854.58","-"
"NIFTY 500","28 Sep 2005","2881.12","-"
"NIFTY 500","29 Sep 2005","2882.99","-"
"NIFTY 500","30 Sep 2005","2873.20","-"
"NIFTY 500","03 Oct 2005","2905.36","-"
"NIFTY 500","04 Oct 2005","2941.11","-"
"NIFTY 500","05 Oct 2005","2922.79","-"
"NIFTY 500","06 Oct 2005","2868.21","-"
"NIFTY 500","07 Oct 2005","2860.69","-"
"NIFTY 500","10 Oct 2005","2847.42","-"
"NIFTY 500","11 Oct 2005","2860.56","-"
"NIFTY 500","13 Oct 2005","2812.87","-"
"NIFTY 500","14 Oct 2005","2755.76","-"
"NIFTY 500","17 Oct 2005","2745.34","-"
"NIFTY 500","18 Oct 2005","2726.97","-"
"NIFTY 500","19 Oct 2005","2660.94","-"
"NIFTY 500","20 Oct 2005","2635.15","-"
"NIFTY 500","21 Oct 2005","2678.49","-"
"NIFTY 500","24 Oct 2005","2643.87","-"
"NIFTY 500","25 Oct 2005","2664.66","-"
"NIFTY 500","26 Oct 2005","2651.69","-"
"NIFTY 500","27 Oct 2005","2593.44","-"
"NIFTY 500","28 Oct 2005","2555.72","-"
"NIFTY 500","31 Oct 2005","2614.16","-"
"NIFTY 500","01 Nov 2005","2635.46","-"
"NIFTY 500","02 Nov 2005","2663.02","-"
"NIFTY 500","07 Nov 2005","2707.98","-"
"NIFTY 500","08 Nov 2005","2747.25","-"
"NIFTY 500","09 Nov 2005","2739.17","-"
"NIFTY 500","10 Nov 2005","2752.83","-"
"NIFTY 500","11 Nov 2005","2807.21","-"
"NIFTY 500","14 Nov 2005","2816.00","-"
"NIFTY 500","16 Nov 2005","2838.89","-"
"NIFTY 500","17 Nov 2005","2856.97","-"
"NIFTY 500","18 Nov 2005","2869.08","-"
"NIFTY 500","21 Nov 2005","2851.69","-"
"NIFTY 500","22 Nov 2005","2824.77","-"
"NIFTY 500","23 Nov 2005","2852.08","-"
"NIFTY 500","24 Nov 2005","2876.36","-"
"NIFTY 500","25 Nov 2005","2909.23","-"
"NIFTY 500","26 Nov 2005","2936.10","-"
"NIFTY 500","28 Nov 2005","2967.59","-"
"NIFTY 500","29 Nov 2005","2955.02","-"
"NIFTY 500","30 Nov 2005","2916.26","-"
"NIFTY 500","01 Dec 2005","2961.97","-"
"NIFTY 500","02 Dec 2005","2965.58","-"
"NIFTY 500","05 Dec 2005","2933.39","-"
"NIFTY 500","06 Dec 2005","2932.00","-"
"NIFTY 500","07 Dec 2005","2958.94","-"
"NIFTY 500","08 Dec 2005","2973.10","-"
"NIFTY 500","09 Dec 2005","3017.29","-"
"NIFTY 500","12 Dec 2005","3038.37","-"
"NIFTY 500","13 Dec 2005","3070.53","-"
"NIFTY 500","14 Dec 2005","3067.75","-"
"NIFTY 500","15 Dec 2005","3036.83","-"
"NIFTY 500","16 Dec 2005","3067.44","-"
"NIFTY 500","19 Dec 2005","3101.91","-"
"NIFTY 500","20 Dec 2005","3094.58","-"
"NIFTY 500","21 Dec 2005","3092.88","-"
"NIFTY 500","22 Dec 2005","3104.24","-"
"NIFTY 500","23 Dec 2005","3068.54","-"
"NIFTY 500","26 Dec 2005","3006.75","-"
"NIFTY 500","27 Dec 2005","3071.80","-"
"NIFTY 500","28 Dec 2005","3068.51","-"
"NIFTY 500","29 Dec 2005","3091.63","-"
"NIFTY 500","30 Dec 2005","3115.58","-"
"NIFTY 500","02 Jan 2006","3121.98","-"
"NIFTY 500","03 Jan 2006","3170.50","-"
"NIFTY 500","04 Jan 2006","3195.98","-"
"NIFTY 500","05 Jan 2006","3199.59","-"
"NIFTY 500","06 Jan 2006","3214.72","-"
"NIFTY 500","09 Jan 2006","3218.65","-"
"NIFTY 500","10 Jan 2006","3182.72","-"
"NIFTY 500","12 Jan 2006","3170.06","-"
"NIFTY 500","13 Jan 2006","3170.95","-"
"NIFTY 500","16 Jan 2006","3150.65","-"
"NIFTY 500","17 Jan 2006","3134.81","-"
"NIFTY 500","18 Jan 2006","3112.33","-"
"NIFTY 500","19 Jan 2006","3176.40","-"
"NIFTY 500","20 Jan 2006","3205.32","-"
"NIFTY 500","23 Jan 2006","3190.93","-"
"NIFTY 500","24 Jan 2006","3209.81","-"
"NIFTY 500","25 Jan 2006","3230.44","-"
"NIFTY 500","27 Jan 2006","3279.77","-"
"NIFTY 500","30 Jan 2006","3257.82","-"
"NIFTY 500","31 Jan 2006","3277.85","-"
"NIFTY 500","01 Feb 2006","3246.51","-"
"NIFTY 500","02 Feb 2006","3245.39","-"
"NIFTY 500","03 Feb 2006","3233.57","-"
"NIFTY 500","06 Feb 2006","3282.34","-"
"NIFTY 500","07 Feb 2006","3303.63","-"
"NIFTY 500","08 Feb 2006","3301.01","-"
"NIFTY 500","10 Feb 2006","3324.04","-"
"NIFTY 500","13 Feb 2006","3343.58","-"
"NIFTY 500","14 Feb 2006","3322.58","-"
"NIFTY 500","15 Feb 2006","3331.30","-"
"NIFTY 500","16 Feb 2006","3338.15","-"
"NIFTY 500","17 Feb 2006","3291.60","-"
"NIFTY 500","20 Feb 2006","3298.98","-"
"NIFTY 500","21 Feb 2006","3326.52","-"
"NIFTY 500","22 Feb 2006","3345.82","-"
"NIFTY 500","23 Feb 2006","3351.28","-"
"NIFTY 500","24 Feb 2006","3357.37","-"
"NIFTY 500","27 Feb 2006","3377.37","-"
"NIFTY 500","28 Feb 2006","3375.15","-"
"NIFTY 500","01 Mar 2006","3425.48","-"
"NIFTY 500","02 Mar 2006","3455.24","-"
"NIFTY 500","03 Mar 2006","3458.12","-"
"NIFTY 500","06 Mar 2006","3504.83","-"
"NIFTY 500","07 Mar 2006","3512.64","-"
"NIFTY 500","08 Mar 2006","3446.37","-"
"NIFTY 500","09 Mar 2006","3461.63","-"
"NIFTY 500","10 Mar 2006","3511.27","-"
"NIFTY 500","13 Mar 2006","3529.35","-"
"NIFTY 500","14 Mar 2006","3518.11","-"
"NIFTY 500","16 Mar 2006","3541.28","-"
"NIFTY 500","17 Mar 2006","3542.22","-"
"NIFTY 500","20 Mar 2006","3570.73","-"
"NIFTY 500","21 Mar 2006","3566.80","-"
"NIFTY 500","22 Mar 2006","3541.58","-"
"NIFTY 500","23 Mar 2006","3551.23","-"
"NIFTY 500","24 Mar 2006","3582.87","-"
"NIFTY 500","27 Mar 2006","3621.28","-"
"NIFTY 500","28 Mar 2006","3611.72","-"
"NIFTY 500","29 Mar 2006","3637.66","-"
"NIFTY 500","30 Mar 2006","3684.33","-"
"NIFTY 500","31 Mar 2006","3696.06","-"
"NIFTY 500","03 Apr 2006","3777.03","-"
"NIFTY 500","04 Apr 2006","3801.04","-"
"NIFTY 500","05 Apr 2006","3838.27","-"
"NIFTY 500","07 Apr 2006","3781.41","-"
"NIFTY 500","10 Apr 2006","3802.82","-"
"NIFTY 500","12 Apr 2006","3713.93","-"
"NIFTY 500","13 Apr 2006","3663.37","-"
"NIFTY 500","17 Apr 2006","3738.94","-"
"NIFTY 500","18 Apr 2006","3817.63","-"
"NIFTY 500","19 Apr 2006","3832.62","-"
"NIFTY 500","20 Apr 2006","3858.84","-"
"NIFTY 500","21 Apr 2006","3854.35","-"
"NIFTY 500","24 Apr 2006","3841.84","-"
"NIFTY 500","25 Apr 2006","3760.00","-"
"NIFTY 500","26 Apr 2006","3851.37","-"
"NIFTY 500","27 Apr 2006","3817.35","-"
"NIFTY 500","28 Apr 2006","3829.30","-"
"NIFTY 500","29 Apr 2006","3893.58","-"
"NIFTY 500","02 May 2006","3939.32","-"
"NIFTY 500","03 May 2006","3969.17","-"
"NIFTY 500","04 May 2006","3980.84","-"
"NIFTY 500","05 May 2006","3993.51","-"
"NIFTY 500","08 May 2006","4019.11","-"
"NIFTY 500","09 May 2006","4038.87","-"
"NIFTY 500","10 May 2006","4077.05","-"
"NIFTY 500","11 May 2006","4026.49","-"
"NIFTY 500","12 May 2006","3980.69","-"
"NIFTY 500","15 May 2006","3822.48","-"
"NIFTY 500","16 May 2006","3827.86","-"
"NIFTY 500","17 May 2006","3939.64","-"
"NIFTY 500","18 May 2006","3671.98","-"
"NIFTY 500","19 May 2006","3517.85","-"
"NIFTY 500","22 May 2006","3319.00","-"
"NIFTY 500","23 May 2006","3447.44","-"
"NIFTY 500","24 May 2006","3384.26","-"
"NIFTY 500","25 May 2006","3413.89","-"
"NIFTY 500","26 May 2006","3468.13","-"
"NIFTY 500","29 May 2006","3482.25","-"
"NIFTY 500","30 May 2006","3462.24","-"
"NIFTY 500","31 May 2006","3352.19","-"
"NIFTY 500","01 Jun 2006","3243.78","-"
"NIFTY 500","02 Jun 2006","3329.57","-"
"NIFTY 500","05 Jun 2006","3258.04","-"
"NIFTY 500","06 Jun 2006","3165.45","-"
"NIFTY 500","07 Jun 2006","3035.82","-"
"NIFTY 500","08 Jun 2006","2862.87","-"
"NIFTY 500","09 Jun 2006","3025.19","-"
"NIFTY 500","12 Jun 2006","2941.81","-"
"NIFTY 500","13 Jun 2006","2802.68","-"
"NIFTY 500","14 Jun 2006","2755.45","-"
"NIFTY 500","15 Jun 2006","2928.52","-"
"NIFTY 500","16 Jun 2006","3039.67","-"
"NIFTY 500","19 Jun 2006","3082.13","-"
"NIFTY 500","20 Jun 2006","3044.16","-"
"NIFTY 500","21 Jun 2006","3113.27","-"
"NIFTY 500","22 Jun 2006","3190.74","-"
"NIFTY 500","23 Jun 2006","3224.53","-"
"NIFTY 500","25 Jun 2006","3237.78","-"
"NIFTY 500","26 Jun 2006","3112.04","-"
"NIFTY 500","27 Jun 2006","3131.75","-"
"NIFTY 500","28 Jun 2006","3126.90","-"
"NIFTY 500","29 Jun 2006","3143.12","-"
"NIFTY 500","30 Jun 2006","3270.48","-"
"NIFTY 500","03 Jul 2006","3289.27","-"
"NIFTY 500","04 Jul 2006","3285.56","-"
"NIFTY 500","05 Jul 2006","3340.15","-"
"NIFTY 500","06 Jul 2006","3309.52","-"
"NIFTY 500","07 Jul 2006","3236.51","-"
"NIFTY 500","10 Jul 2006","3288.60","-"
"NIFTY 500","11 Jul 2006","3270.70","-"
"NIFTY 500","12 Jul 2006","3331.22","-"
"NIFTY 500","13 Jul 2006","3311.00","-"
"NIFTY 500","14 Jul 2006","3272.50","-"
"NIFTY 500","17 Jul 2006","3159.20","-"
"NIFTY 500","18 Jul 2006","3132.06","-"
"NIFTY 500","19 Jul 2006","3058.70","-"
"NIFTY 500","20 Jul 2006","3139.70","-"
"NIFTY 500","21 Jul 2006","3058.36","-"
"NIFTY 500","24 Jul 2006","3082.48","-"
"NIFTY 500","25 Jul 2006","3148.46","-"
"NIFTY 500","26 Jul 2006","3217.64","-"
"NIFTY 500","27 Jul 2006","3259.74","-"
"NIFTY 500","28 Jul 2006","3255.69","-"
"NIFTY 500","31 Jul 2006","3277.37","-"
"NIFTY 500","01 Aug 2006","3273.66","-"
"NIFTY 500","02 Aug 2006","3315.95","-"
"NIFTY 500","03 Aug 2006","3326.98","-"
"NIFTY 500","04 Aug 2006","3310.58","-"
"NIFTY 500","07 Aug 2006","3295.44","-"
"NIFTY 500","08 Aug 2006","3352.52","-"
"NIFTY 500","09 Aug 2006","3398.74","-"
"NIFTY 500","10 Aug 2006","3422.07","-"
"NIFTY 500","11 Aug 2006","3446.24","-"
"NIFTY 500","14 Aug 2006","3495.20","-"
"NIFTY 500","16 Aug 2006","3544.60","-"
"NIFTY 500","17 Aug 2006","3534.50","-"
"NIFTY 500","18 Aug 2006","3544.04","-"
"NIFTY 500","21 Aug 2006","3560.08","-"
"NIFTY 500","22 Aug 2006","3554.91","-"
"NIFTY 500","23 Aug 2006","3522.69","-"
"NIFTY 500","24 Aug 2006","3555.55","-"
"NIFTY 500","25 Aug 2006","3578.15","-"
"NIFTY 500","28 Aug 2006","3595.00","-"
"NIFTY 500","29 Aug 2006","3620.11","-"
"NIFTY 500","30 Aug 2006","3620.37","-"
"NIFTY 500","31 Aug 2006","3597.38","-"
"NIFTY 500","01 Sep 2006","3623.73","-"
"NIFTY 500","04 Sep 2006","3672.03","-"
"NIFTY 500","05 Sep 2006","3679.66","-"
"NIFTY 500","06 Sep 2006","3697.86","-"
"NIFTY 500","07 Sep 2006","3678.89","-"
"NIFTY 500","08 Sep 2006","3702.13","-"
"NIFTY 500","11 Sep 2006","3587.27","-"
"NIFTY 500","12 Sep 2006","3620.21","-"
"NIFTY 500","13 Sep 2006","3694.34","-"
"NIFTY 500","14 Sep 2006","3715.96","-"
"NIFTY 500","15 Sep 2006","3721.30","-"
"NIFTY 500","18 Sep 2006","3737.88","-"
"NIFTY 500","19 Sep 2006","3696.06","-"
"NIFTY 500","20 Sep 2006","3736.26","-"
"NIFTY 500","21 Sep 2006","3781.22","-"
"NIFTY 500","22 Sep 2006","3768.13","-"
"NIFTY 500","25 Sep 2006","3749.34","-"
"NIFTY 500","26 Sep 2006","3789.15","-"
"NIFTY 500","27 Sep 2006","3805.35","-"
"NIFTY 500","28 Sep 2006","3808.06","-"
"NIFTY 500","29 Sep 2006","3837.28","-"
"NIFTY 500","03 Oct 2006","3833.10","-"
"NIFTY 500","04 Oct 2006","3786.62","-"
"NIFTY 500","05 Oct 2006","3843.83","-"
"NIFTY 500","06 Oct 2006","3855.78","-"
"NIFTY 500","09 Oct 2006","3857.20","-"
"NIFTY 500","10 Oct 2006","3862.08","-"
"NIFTY 500","11 Oct 2006","3836.21","-"
"NIFTY 500","12 Oct 2006","3894.25","-"
"NIFTY 500","13 Oct 2006","3935.73","-"
"NIFTY 500","16 Oct 2006","3968.31","-"
"NIFTY 500","17 Oct 2006","3952.38","-"
"NIFTY 500","18 Oct 2006","3950.07","-"
"NIFTY 500","19 Oct 2006","3918.74","-"
"NIFTY 500","20 Oct 2006","3926.34","-"
"NIFTY 500","21 Oct 2006","3942.85","-"
"NIFTY 500","23 Oct 2006","3915.19","-"
"NIFTY 500","26 Oct 2006","3936.29","-"
"NIFTY 500","27 Oct 2006","3996.49","-"
"NIFTY 500","30 Oct 2006","4021.35","-"
"NIFTY 500","31 Oct 2006","4000.73","-"
"NIFTY 500","01 Nov 2006","4021.16","-"
"NIFTY 500","02 Nov 2006","4047.25","-"
"NIFTY 500","03 Nov 2006","4061.59","-"
"NIFTY 500","06 Nov 2006","4076.67","-"
"NIFTY 500","07 Nov 2006","4068.97","-"
"NIFTY 500","08 Nov 2006","4036.02","-"
"NIFTY 500","09 Nov 2006","4055.20","-"
"NIFTY 500","10 Nov 2006","4094.40","-"
"NIFTY 500","13 Nov 2006","4131.29","-"
"NIFTY 500","14 Nov 2006","4133.18","-"
"NIFTY 500","15 Nov 2006","4144.59","-"
"NIFTY 500","16 Nov 2006","4146.15","-"
"NIFTY 500","17 Nov 2006","4112.47","-"
"NIFTY 500","20 Nov 2006","4100.53","-"
"NIFTY 500","21 Nov 2006","4169.08","-"
"NIFTY 500","22 Nov 2006","4206.21","-"
"NIFTY 500","23 Nov 2006","4211.10","-"
"NIFTY 500","24 Nov 2006","4228.64","-"
"NIFTY 500","27 Nov 2006","4249.90","-"
"NIFTY 500","28 Nov 2006","4198.05","-"
"NIFTY 500","29 Nov 2006","4207.66","-"
"NIFTY 500","30 Nov 2006","4215.13","-"
"NIFTY 500","01 Dec 2006","4264.54","-"
"NIFTY 500","04 Dec 2006","4281.23","-"
"NIFTY 500","05 Dec 2006","4290.87","-"
"NIFTY 500","06 Dec 2006","4274.39","-"
"NIFTY 500","07 Dec 2006","4279.79","-"
"NIFTY 500","08 Dec 2006","4235.35","-"
"NIFTY 500","11 Dec 2006","4106.38","-"
"NIFTY 500","12 Dec 2006","3947.74","-"
"NIFTY 500","13 Dec 2006","4020.93","-"
"NIFTY 500","14 Dec 2006","4115.91","-"
"NIFTY 500","15 Dec 2006","4158.13","-"
"NIFTY 500","18 Dec 2006","4180.36","-"
"NIFTY 500","19 Dec 2006","4087.06","-"
"NIFTY 500","20 Dec 2006","4067.76","-"
"NIFTY 500","21 Dec 2006","4082.93","-"
"NIFTY 500","22 Dec 2006","4124.21","-"
"NIFTY 500","26 Dec 2006","4192.77","-"
"NIFTY 500","27 Dec 2006","4234.64","-"
"NIFTY 500","28 Dec 2006","4233.81","-"
"NIFTY 500","29 Dec 2006","4242.18","-"
"NIFTY 500","02 Jan 2007","4278.38","-"
"NIFTY 500","03 Jan 2007","4303.61","-"
"NIFTY 500","04 Jan 2007","4284.57","-"
"NIFTY 500","05 Jan 2007","4281.23","-"
"NIFTY 500","08 Jan 2007","4231.80","-"
"NIFTY 500","09 Jan 2007","4202.45","-"
"NIFTY 500","10 Jan 2007","4138.72","-"
"NIFTY 500","11 Jan 2007","4228.56","-"
"NIFTY 500","12 Jan 2007","4328.73","-"
"NIFTY 500","15 Jan 2007","4358.76","-"
"NIFTY 500","16 Jan 2007","4360.06","-"
"NIFTY 500","17 Jan 2007","4373.26","-"
"NIFTY 500","18 Jan 2007","4397.40","-"
"NIFTY 500","19 Jan 2007","4374.92","-"
"NIFTY 500","22 Jan 2007","4385.95","-"
"NIFTY 500","23 Jan 2007","4337.87","-"
"NIFTY 500","24 Jan 2007","4364.07","-"
"NIFTY 500","25 Jan 2007","4419.32","-"
"NIFTY 500","29 Jan 2007","4410.17","-"
"NIFTY 500","31 Jan 2007","4369.84","-"
"NIFTY 500","01 Feb 2007","4420.94","-"
"NIFTY 500","02 Feb 2007","4462.46","-"
"NIFTY 500","05 Feb 2007","4486.30","-"
"NIFTY 500","06 Feb 2007","4478.24","-"
"NIFTY 500","07 Feb 2007","4504.15","-"
"NIFTY 500","08 Feb 2007","4502.29","-"
"NIFTY 500","09 Feb 2007","4451.56","-"
"NIFTY 500","12 Feb 2007","4303.45","-"
"NIFTY 500","13 Feb 2007","4286.03","-"
"NIFTY 500","14 Feb 2007","4284.03","-"
"NIFTY 500","15 Feb 2007","4388.40","-"
"NIFTY 500","19 Feb 2007","4402.86","-"
"NIFTY 500","20 Feb 2007","4349.61","-"
"NIFTY 500","21 Feb 2007","4339.14","-"
"NIFTY 500","22 Feb 2007","4284.17","-"
"NIFTY 500","23 Feb 2007","4180.11","-"
"NIFTY 500","26 Feb 2007","4183.98","-"
"NIFTY 500","27 Feb 2007","4156.96","-"
"NIFTY 500","28 Feb 2007","4007.34","-"
"NIFTY 500","01 Mar 2007","4058.60","-"
"NIFTY 500","02 Mar 2007","3986.07","-"
"NIFTY 500","05 Mar 2007","3814.05","-"
"NIFTY 500","06 Mar 2007","3872.21","-"
"NIFTY 500","07 Mar 2007","3827.80","-"
"NIFTY 500","08 Mar 2007","3962.10","-"
"NIFTY 500","09 Mar 2007","3930.96","-"
"NIFTY 500","12 Mar 2007","3954.37","-"
"NIFTY 500","13 Mar 2007","4001.44","-"
"NIFTY 500","14 Mar 2007","3882.67","-"
"NIFTY 500","15 Mar 2007","3895.45","-"
"NIFTY 500","16 Mar 2007","3862.45","-"
"NIFTY 500","19 Mar 2007","3925.94","-"
"NIFTY 500","20 Mar 2007","3952.93","-"
"NIFTY 500","21 Mar 2007","4006.90","-"
"NIFTY 500","22 Mar 2007","4100.88","-"
"NIFTY 500","23 Mar 2007","4093.85","-"
"NIFTY 500","26 Mar 2007","4060.30","-"
"NIFTY 500","28 Mar 2007","4001.25","-"
"NIFTY 500","29 Mar 2007","4028.01","-"
"NIFTY 500","30 Mar 2007","4065.63","-"
"NIFTY 500","02 Apr 2007","3889.07","-"
"NIFTY 500","03 Apr 2007","3938.44","-"
"NIFTY 500","04 Apr 2007","3985.31","-"
"NIFTY 500","05 Apr 2007","4008.88","-"
"NIFTY 500","09 Apr 2007","4101.65","-"
"NIFTY 500","10 Apr 2007","4116.07","-"
"NIFTY 500","11 Apr 2007","4131.26","-"
"NIFTY 500","12 Apr 2007","4102.63","-"
"NIFTY 500","13 Apr 2007","4180.98","-"
"NIFTY 500","16 Apr 2007","4270.12","-"
"NIFTY 500","17 Apr 2007","4242.90","-"
"NIFTY 500","18 Apr 2007","4272.98","-"
"NIFTY 500","19 Apr 2007","4260.32","-"
"NIFTY 500","20 Apr 2007","4336.64","-"
"NIFTY 500","23 Apr 2007","4335.59","-"
"NIFTY 500","24 Apr 2007","4389.98","-"
"NIFTY 500","25 Apr 2007","4418.18","-"
"NIFTY 500","26 Apr 2007","4425.83","-"
"NIFTY 500","27 Apr 2007","4349.66","-"
"NIFTY 500","30 Apr 2007","4369.88","-"
"NIFTY 500","03 May 2007","4434.79","-"
"NIFTY 500","04 May 2007","4410.41","-"
"NIFTY 500","07 May 2007","4398.86","-"
"NIFTY 500","08 May 2007","4359.30","-"
"NIFTY 500","09 May 2007","4369.60","-"
"NIFTY 500","10 May 2007","4357.44","-"
"NIFTY 500","11 May 2007","4369.28","-"
"NIFTY 500","14 May 2007","4428.39","-"
"NIFTY 500","15 May 2007","4425.61","-"
"NIFTY 500","16 May 2007","4482.77","-"
"NIFTY 500","17 May 2007","4536.78","-"
"NIFTY 500","18 May 2007","4531.67","-"
"NIFTY 500","21 May 2007","4575.13","-"
"NIFTY 500","22 May 2007","4592.02","-"
"NIFTY 500","23 May 2007","4558.13","-"
"NIFTY 500","24 May 2007","4529.61","-"
"NIFTY 500","25 May 2007","4563.66","-"
"NIFTY 500","28 May 2007","4586.44","-"
"NIFTY 500","29 May 2007","4620.00","-"
"NIFTY 500","30 May 2007","4571.07","-"
"NIFTY 500","31 May 2007","4609.83","-"
"NIFTY 500","01 Jun 2007","4625.49","-"
"NIFTY 500","04 Jun 2007","4602.28","-"
"NIFTY 500","05 Jun 2007","4620.71","-"
"NIFTY 500","06 Jun 2007","4532.35","-"
"NIFTY 500","07 Jun 2007","4513.95","-"
"NIFTY 500","08 Jun 2007","4475.42","-"
"NIFTY 500","11 Jun 2007","4476.57","-"
"NIFTY 500","12 Jun 2007","4471.84","-"
"NIFTY 500","13 Jun 2007","4441.08","-"
"NIFTY 500","14 Jun 2007","4511.87","-"
"NIFTY 500","15 Jun 2007","4517.73","-"
"NIFTY 500","18 Jun 2007","4494.08","-"
"NIFTY 500","19 Jun 2007","4560.81","-"
"NIFTY 500","20 Jun 2007","4606.65","-"
"NIFTY 500","21 Jun 2007","4633.58","-"
"NIFTY 500","22 Jun 2007","4627.77","-"
"NIFTY 500","25 Jun 2007","4631.59","-"
"NIFTY 500","26 Jun 2007","4657.50","-"
"NIFTY 500","27 Jun 2007","4633.92","-"
"NIFTY 500","28 Jun 2007","4648.36","-"
"NIFTY 500","29 Jun 2007","4700.21","-"
"NIFTY 500","02 Jul 2007","4707.80","-"
"NIFTY 500","03 Jul 2007","4753.25","-"
"NIFTY 500","04 Jul 2007","4756.76","-"
"NIFTY 500","05 Jul 2007","4735.24","-"
"NIFTY 500","06 Jul 2007","4761.75","-"
"NIFTY 500","09 Jul 2007","4802.13","-"
"NIFTY 500","10 Jul 2007","4789.19","-"
"NIFTY 500","11 Jul 2007","4786.43","-"
"NIFTY 500","12 Jul 2007","4856.25","-"
"NIFTY 500","13 Jul 2007","4903.68","-"
"NIFTY 500","16 Jul 2007","4919.48","-"
"NIFTY 500","17 Jul 2007","4899.47","-"
"NIFTY 500","18 Jul 2007","4898.09","-"
"NIFTY 500","19 Jul 2007","4952.31","-"
"NIFTY 500","20 Jul 2007","4956.32","-"
"NIFTY 500","23 Jul 2007","5009.30","-"
"NIFTY 500","24 Jul 2007","5004.44","-"
"NIFTY 500","25 Jul 2007","4968.76","-"
"NIFTY 500","26 Jul 2007","4995.12","-"
"NIFTY 500","27 Jul 2007","4817.23","-"
"NIFTY 500","30 Jul 2007","4815.79","-"
"NIFTY 500","31 Jul 2007","4911.20","-"
"NIFTY 500","01 Aug 2007","4710.20","-"
"NIFTY 500","02 Aug 2007","4728.64","-"
"NIFTY 500","03 Aug 2007","4788.28","-"
"NIFTY 500","06 Aug 2007","4725.46","-"
"NIFTY 500","07 Aug 2007","4753.09","-"
"NIFTY 500","08 Aug 2007","4856.71","-"
"NIFTY 500","09 Aug 2007","4784.92","-"
"NIFTY 500","10 Aug 2007","4713.02","-"
"NIFTY 500","13 Aug 2007","4753.61","-"
"NIFTY 500","14 Aug 2007","4755.13","-"
"NIFTY 500","16 Aug 2007","4554.64","-"
"NIFTY 500","17 Aug 2007","4479.03","-"
"NIFTY 500","20 Aug 2007","4573.29","-"
"NIFTY 500","21 Aug 2007","4424.24","-"
"NIFTY 500","22 Aug 2007","4483.74","-"
"NIFTY 500","23 Aug 2007","4445.97","-"
"NIFTY 500","24 Aug 2007","4520.86","-"
"NIFTY 500","27 Aug 2007","4646.78","-"
"NIFTY 500","28 Aug 2007","4677.77","-"
"NIFTY 500","29 Aug 2007","4711.49","-"
"NIFTY 500","30 Aug 2007","4753.21","-"
"NIFTY 500","31 Aug 2007","4824.49","-"
"NIFTY 500","03 Sep 2007","4869.60","-"
"NIFTY 500","04 Sep 2007","4881.52","-"
"NIFTY 500","05 Sep 2007","4881.70","-"
"NIFTY 500","06 Sep 2007","4927.13","-"
"NIFTY 500","07 Sep 2007","4918.08","-"
"NIFTY 500","10 Sep 2007","4930.58","-"
"NIFTY 500","11 Sep 2007","4930.60","-"
"NIFTY 500","12 Sep 2007","4932.87","-"
"NIFTY 500","13 Sep 2007","4976.14","-"
"NIFTY 500","14 Sep 2007","4948.09","-"
"NIFTY 500","17 Sep 2007","4938.26","-"
"NIFTY 500","18 Sep 2007","4992.36","-"
"NIFTY 500","19 Sep 2007","5160.29","-"
"NIFTY 500","20 Sep 2007","5192.01","-"
"NIFTY 500","21 Sep 2007","5255.40","-"
"NIFTY 500","24 Sep 2007","5343.93","-"
"NIFTY 500","25 Sep 2007","5352.47","-"
"NIFTY 500","26 Sep 2007","5367.32","-"
"NIFTY 500","27 Sep 2007","5403.48","-"
"NIFTY 500","28 Sep 2007","5453.48","-"
"NIFTY 500","01 Oct 2007","5517.62","-"
"NIFTY 500","03 Oct 2007","5634.41","-"
"NIFTY 500","04 Oct 2007","5644.50","-"
"NIFTY 500","05 Oct 2007","5600.88","-"
"NIFTY 500","08 Oct 2007","5462.22","-"
"NIFTY 500","09 Oct 2007","5689.36","-"
"NIFTY 500","10 Oct 2007","5799.83","-"
"NIFTY 500","11 Oct 2007","5890.03","-"
"NIFTY 500","12 Oct 2007","5795.77","-"
"NIFTY 500","15 Oct 2007","6016.65","-"
"NIFTY 500","16 Oct 2007","6033.58","-"
"NIFTY 500","17 Oct 2007","5900.32","-"
"NIFTY 500","18 Oct 2007","5693.93","-"
"NIFTY 500","19 Oct 2007","5534.57","-"
"NIFTY 500","22 Oct 2007","5519.19","-"
"NIFTY 500","23 Oct 2007","5815.48","-"
"NIFTY 500","24 Oct 2007","5852.27","-"
"NIFTY 500","25 Oct 2007","5920.08","-"
"NIFTY 500","26 Oct 2007","6056.40","-"
"NIFTY 500","29 Oct 2007","6229.48","-"
"NIFTY 500","30 Oct 2007","6213.90","-"
"NIFTY 500","31 Oct 2007","6260.72","-"
"NIFTY 500","01 Nov 2007","6197.02","-"
"NIFTY 500","02 Nov 2007","6265.64","-"
"NIFTY 500","05 Nov 2007","6219.96","-"
"NIFTY 500","06 Nov 2007","6193.14","-"
"NIFTY 500","07 Nov 2007","6184.61","-"
"NIFTY 500","08 Nov 2007","6109.19","-"
"NIFTY 500","09 Nov 2007","6088.74","-"
"NIFTY 500","12 Nov 2007","6044.01","-"
"NIFTY 500","13 Nov 2007","6145.32","-"
"NIFTY 500","14 Nov 2007","6386.74","-"
"NIFTY 500","15 Nov 2007","6414.70","-"
"NIFTY 500","16 Nov 2007","6434.60","-"
"NIFTY 500","19 Nov 2007","6492.24","-"
"NIFTY 500","20 Nov 2007","6361.75","-"
"NIFTY 500","21 Nov 2007","6079.93","-"
"NIFTY 500","22 Nov 2007","6019.93","-"
"NIFTY 500","23 Nov 2007","6129.76","-"
"NIFTY 500","26 Nov 2007","6272.09","-"
"NIFTY 500","27 Nov 2007","6260.36","-"
"NIFTY 500","28 Nov 2007","6194.51","-"
"NIFTY 500","29 Nov 2007","6176.66","-"
"NIFTY 500","30 Nov 2007","6344.24","-"
"NIFTY 500","03 Dec 2007","6475.04","-"
"NIFTY 500","04 Dec 2007","6518.49","-"
"NIFTY 500","05 Dec 2007","6619.98","-"
"NIFTY 500","06 Dec 2007","6620.45","-"
"NIFTY 500","07 Dec 2007","6638.82","-"
"NIFTY 500","10 Dec 2007","6654.12","-"
"NIFTY 500","11 Dec 2007","6765.06","-"
"NIFTY 500","12 Dec 2007","6857.89","-"
"NIFTY 500","13 Dec 2007","6797.11","-"
"NIFTY 500","14 Dec 2007","6806.04","-"
"NIFTY 500","17 Dec 2007","6489.28","-"
"NIFTY 500","18 Dec 2007","6469.57","-"
"NIFTY 500","19 Dec 2007","6474.54","-"
"NIFTY 500","20 Dec 2007","6477.08","-"
"NIFTY 500","24 Dec 2007","6679.50","-"
"NIFTY 500","26 Dec 2007","6817.37","-"
"NIFTY 500","27 Dec 2007","6824.87","-"
"NIFTY 500","28 Dec 2007","6889.94","-"
"NIFTY 500","31 Dec 2007","6981.86","-"
"NIFTY 500","01 Jan 2008","7020.78","-"
"NIFTY 500","02 Jan 2008","7090.22","-"
"NIFTY 500","03 Jan 2008","7095.97","-"
"NIFTY 500","04 Jan 2008","7174.73","-"
"NIFTY 500","07 Jan 2008","7171.53","-"
"NIFTY 500","08 Jan 2008","7119.57","-"
"NIFTY 500","09 Jan 2008","7108.62","-"
"NIFTY 500","10 Jan 2008","6936.51","-"
"NIFTY 500","11 Jan 2008","6973.48","-"
"NIFTY 500","14 Jan 2008","7021.90","-"
"NIFTY 500","15 Jan 2008","6887.42","-"
"NIFTY 500","16 Jan 2008","6734.66","-"
"NIFTY 500","17 Jan 2008","6716.67","-"
"NIFTY 500","18 Jan 2008","6422.91","-"
"NIFTY 500","21 Jan 2008","5770.56","-"
"NIFTY 500","22 Jan 2008","5390.80","-"
"NIFTY 500","23 Jan 2008","5759.97","-"
"NIFTY 500","24 Jan 2008","5564.50","-"
"NIFTY 500","25 Jan 2008","5955.85","-"
"NIFTY 500","28 Jan 2008","5865.04","-"
"NIFTY 500","29 Jan 2008","5856.89","-"
"NIFTY 500","30 Jan 2008","5719.17","-"
"NIFTY 500","31 Jan 2008","5671.45","-"
"NIFTY 500","01 Feb 2008","5804.28","-"
"NIFTY 500","04 Feb 2008","5987.51","-"
"NIFTY 500","05 Feb 2008","6025.58","-"
"NIFTY 500","06 Feb 2008","5877.01","-"
"NIFTY 500","07 Feb 2008","5682.34","-"
"NIFTY 500","08 Feb 2008","5629.82","-"
"NIFTY 500","11 Feb 2008","5333.73","-"
"NIFTY 500","12 Feb 2008","5291.45","-"
"NIFTY 500","13 Feb 2008","5367.06","-"
"NIFTY 500","14 Feb 2008","5670.13","-"
"NIFTY 500","15 Feb 2008","5786.39","-"
"NIFTY 500","18 Feb 2008","5771.63","-"
"NIFTY 500","19 Feb 2008","5781.29","-"
"NIFTY 500","20 Feb 2008","5647.69","-"
"NIFTY 500","21 Feb 2008","5688.39","-"
"NIFTY 500","22 Feb 2008","5607.45","-"
"NIFTY 500","25 Feb 2008","5674.68","-"
"NIFTY 500","26 Feb 2008","5751.96","-"
"NIFTY 500","27 Feb 2008","5754.63","-"
"NIFTY 500","28 Feb 2008","5749.93","-"
"NIFTY 500","29 Feb 2008","5692.94","-"
"NIFTY 500","03 Mar 2008","5403.44","-"
"NIFTY 500","04 Mar 2008","5281.21","-"
"NIFTY 500","05 Mar 2008","5307.79","-"
"NIFTY 500","07 Mar 2008","5120.93","-"
"NIFTY 500","10 Mar 2008","5127.99","-"
"NIFTY 500","11 Mar 2008","5253.98","-"
"NIFTY 500","12 Mar 2008","5235.37","-"
"NIFTY 500","13 Mar 2008","4941.58","-"
"NIFTY 500","14 Mar 2008","5050.93","-"
"NIFTY 500","17 Mar 2008","4756.27","-"
"NIFTY 500","18 Mar 2008","4756.88","-"
"NIFTY 500","19 Mar 2008","4776.51","-"
"NIFTY 500","24 Mar 2008","4774.74","-"
"NIFTY 500","25 Mar 2008","5066.35","-"
"NIFTY 500","26 Mar 2008","5050.03","-"
"NIFTY 500","27 Mar 2008","5043.50","-"
"NIFTY 500","28 Mar 2008","5185.81","-"
"NIFTY 500","31 Mar 2008","4996.10","-"
"NIFTY 500","01 Apr 2008","4985.13","-"
"NIFTY 500","02 Apr 2008","5009.08","-"
"NIFTY 500","03 Apr 2008","5015.51","-"
"NIFTY 500","04 Apr 2008","4894.95","-"
"NIFTY 500","07 Apr 2008","5002.77","-"
"NIFTY 500","08 Apr 2008","4972.21","-"
"NIFTY 500","09 Apr 2008","5020.92","-"
"NIFTY 500","10 Apr 2008","5003.42","-"
"NIFTY 500","11 Apr 2008","5043.92","-"
"NIFTY 500","15 Apr 2008","5143.58","-"
"NIFTY 500","16 Apr 2008","5172.00","-"
"NIFTY 500","17 Apr 2008","5261.06","-"
"NIFTY 500","21 Apr 2008","5355.07","-"
"NIFTY 500","22 Apr 2008","5382.80","-"
"NIFTY 500","23 Apr 2008","5362.43","-"
"NIFTY 500","24 Apr 2008","5334.15","-"
"NIFTY 500","25 Apr 2008","5437.27","-"
"NIFTY 500","28 Apr 2008","5429.89","-"
"NIFTY 500","29 Apr 2008","5530.03","-"
"NIFTY 500","30 Apr 2008","5515.51","-"
"NIFTY 500","02 May 2008","5591.76","-"
"NIFTY 500","05 May 2008","5575.61","-"
"NIFTY 500","06 May 2008","5509.83","-"
"NIFTY 500","07 May 2008","5485.14","-"
"NIFTY 500","08 May 2008","5427.07","-"
"NIFTY 500","09 May 2008","5311.79","-"
"NIFTY 500","12 May 2008","5314.67","-"
"NIFTY 500","13 May 2008","5282.29","-"
"NIFTY 500","14 May 2008","5334.41","-"
"NIFTY 500","15 May 2008","5436.38","-"
"NIFTY 500","16 May 2008","5487.09","-"
"NIFTY 500","20 May 2008","5435.86","-"
"NIFTY 500","21 May 2008","5456.97","-"
"NIFTY 500","22 May 2008","5359.67","-"
"NIFTY 500","23 May 2008","5277.96","-"
"NIFTY 500","26 May 2008","5180.18","-"
"NIFTY 500","27 May 2008","5156.26","-"
"NIFTY 500","28 May 2008","5218.12","-"
"NIFTY 500","29 May 2008","5154.30","-"
"NIFTY 500","30 May 2008","5180.88","-"
"NIFTY 500","02 Jun 2008","5042.24","-"
"NIFTY 500","03 Jun 2008","5013.63","-"
"NIFTY 500","04 Jun 2008","4866.76","-"
"NIFTY 500","05 Jun 2008","4938.99","-"
"NIFTY 500","06 Jun 2008","4881.28","-"
"NIFTY 500","09 Jun 2008","4726.14","-"
"NIFTY 500","10 Jun 2008","4672.74","-"
"NIFTY 500","11 Jun 2008","4753.55","-"
"NIFTY 500","12 Jun 2008","4771.13","-"
"NIFTY 500","13 Jun 2008","4757.18","-"
"NIFTY 500","16 Jun 2008","4816.73","-"
"NIFTY 500","17 Jun 2008","4913.73","-"
"NIFTY 500","18 Jun 2008","4846.21","-"
"NIFTY 500","19 Jun 2008","4757.76","-"
"NIFTY 500","20 Jun 2008","4597.42","-"
"NIFTY 500","23 Jun 2008","4473.88","-"
"NIFTY 500","24 Jun 2008","4398.52","-"
"NIFTY 500","25 Jun 2008","4453.51","-"
"NIFTY 500","26 Jun 2008","4492.92","-"
"NIFTY 500","27 Jun 2008","4314.87","-"
"NIFTY 500","30 Jun 2008","4196.57","-"
"NIFTY 500","01 Jul 2008","4029.47","-"
"NIFTY 500","02 Jul 2008","4224.95","-"
"NIFTY 500","03 Jul 2008","4060.41","-"
"NIFTY 500","04 Jul 2008","4164.78","-"
"NIFTY 500","07 Jul 2008","4203.68","-"
"NIFTY 500","08 Jul 2008","4175.15","-"
"NIFTY 500","09 Jul 2008","4352.74","-"
"NIFTY 500","10 Jul 2008","4357.90","-"
"NIFTY 500","11 Jul 2008","4238.37","-"
"NIFTY 500","14 Jul 2008","4226.68","-"
"NIFTY 500","15 Jul 2008","4046.78","-"
"NIFTY 500","16 Jul 2008","4002.42","-"
"NIFTY 500","17 Jul 2008","4129.87","-"
"NIFTY 500","18 Jul 2008","4265.39","-"
"NIFTY 500","21 Jul 2008","4320.24","-"
"NIFTY 500","22 Jul 2008","4407.42","-"
"NIFTY 500","23 Jul 2008","4663.43","-"
"NIFTY 500","24 Jul 2008","4629.19","-"
"NIFTY 500","25 Jul 2008","4534.65","-"
"NIFTY 500","28 Jul 2008","4556.92","-"
"NIFTY 500","29 Jul 2008","4400.75","-"
"NIFTY 500","30 Jul 2008","4531.33","-"
"NIFTY 500","31 Jul 2008","4542.09","-"
"NIFTY 500","01 Aug 2008","4631.28","-"
"NIFTY 500","04 Aug 2008","4641.26","-"
"NIFTY 500","05 Aug 2008","4752.66","-"
"NIFTY 500","06 Aug 2008","4756.28","-"
"NIFTY 500","07 Aug 2008","4765.67","-"
"NIFTY 500","08 Aug 2008","4778.13","-"
"NIFTY 500","11 Aug 2008","4874.01","-"
"NIFTY 500","12 Aug 2008","4806.60","-"
"NIFTY 500","13 Aug 2008","4782.51","-"
"NIFTY 500","14 Aug 2008","4669.75","-"
"NIFTY 500","18 Aug 2008","4628.24","-"
"NIFTY 500","19 Aug 2008","4603.84","-"
"NIFTY 500","20 Aug 2008","4652.12","-"
"NIFTY 500","21 Aug 2008","4517.48","-"
"NIFTY 500","22 Aug 2008","4551.66","-"
"NIFTY 500","25 Aug 2008","4562.04","-"
"NIFTY 500","26 Aug 2008","4564.01","-"
"NIFTY 500","27 Aug 2008","4520.46","-"
"NIFTY 500","28 Aug 2008","4444.68","-"
"NIFTY 500","29 Aug 2008","4592.47","-"
"NIFTY 500","01 Sep 2008","4583.48","-"
"NIFTY 500","02 Sep 2008","4739.19","-"
"NIFTY 500","04 Sep 2008","4690.73","-"
"NIFTY 500","05 Sep 2008","4594.26","-"
"NIFTY 500","08 Sep 2008","4710.72","-"
"NIFTY 500","09 Sep 2008","4692.90","-"
"NIFTY 500","10 Sep 2008","4623.17","-"
"NIFTY 500","11 Sep 2008","4525.34","-"
"NIFTY 500","12 Sep 2008","4452.90","-"
"NIFTY 500","15 Sep 2008","4275.96","-"
"NIFTY 500","16 Sep 2008","4256.85","-"
"NIFTY 500","17 Sep 2008","4177.68","-"
"NIFTY 500","18 Sep 2008","4178.96","-"
"NIFTY 500","19 Sep 2008","4370.33","-"
"NIFTY 500","22 Sep 2008","4353.02","-"
"NIFTY 500","23 Sep 2008","4264.47","-"
"NIFTY 500","24 Sep 2008","4293.42","-"
"NIFTY 500","25 Sep 2008","4248.38","-"
"NIFTY 500","26 Sep 2008","4119.23","-"
"NIFTY 500","29 Sep 2008","3966.46","-"
"NIFTY 500","30 Sep 2008","4033.31","-"
"NIFTY 500","01 Oct 2008","4065.23","-"
"NIFTY 500","03 Oct 2008","3935.35","-"
"NIFTY 500","06 Oct 2008","3704.65","-"
"NIFTY 500","07 Oct 2008","3680.32","-"
"NIFTY 500","08 Oct 2008","3552.49","-"
"NIFTY 500","10 Oct 2008","3306.78","-"
"NIFTY 500","13 Oct 2008","3500.37","-"
"NIFTY 500","14 Oct 2008","3540.86","-"
"NIFTY 500","15 Oct 2008","3367.11","-"
"NIFTY 500","16 Oct 2008","3316.86","-"
"NIFTY 500","17 Oct 2008","3147.70","-"
"NIFTY 500","20 Oct 2008","3178.63","-"
"NIFTY 500","21 Oct 2008","3286.20","-"
"NIFTY 500","22 Oct 2008","3137.27","-"
"NIFTY 500","23 Oct 2008","3014.86","-"
"NIFTY 500","24 Oct 2008","2684.89","-"
"NIFTY 500","27 Oct 2008","2603.77","-"
"NIFTY 500","28 Oct 2008","2764.52","-"
"NIFTY 500","29 Oct 2008","2769.12","-"
"NIFTY 500","31 Oct 2008","2937.10","-"
"NIFTY 500","03 Nov 2008","3089.26","-"
"NIFTY 500","04 Nov 2008","3195.16","-"
"NIFTY 500","05 Nov 2008","3074.55","-"
"NIFTY 500","06 Nov 2008","2978.50","-"
"NIFTY 500","07 Nov 2008","3051.36","-"
"NIFTY 500","10 Nov 2008","3217.47","-"
"NIFTY 500","11 Nov 2008","3038.42","-"
"NIFTY 500","12 Nov 2008","2955.20","-"
"NIFTY 500","14 Nov 2008","2908.03","-"
"NIFTY 500","17 Nov 2008","2872.09","-"
"NIFTY 500","18 Nov 2008","2763.80","-"
"NIFTY 500","19 Nov 2008","2712.27","-"
"NIFTY 500","20 Nov 2008","2624.18","-"
"NIFTY 500","21 Nov 2008","2728.11","-"
"NIFTY 500","24 Nov 2008","2738.47","-"
"NIFTY 500","25 Nov 2008","2692.74","-"
"NIFTY 500","26 Nov 2008","2759.19","-"
"NIFTY 500","28 Nov 2008","2762.29","-"
"NIFTY 500","01 Dec 2008","2703.30","-"
"NIFTY 500","02 Dec 2008","2678.22","-"
"NIFTY 500","03 Dec 2008","2693.00","-"
"NIFTY 500","04 Dec 2008","2814.48","-"
"NIFTY 500","05 Dec 2008","2749.09","-"
"NIFTY 500","08 Dec 2008","2799.96","-"
"NIFTY 500","10 Dec 2008","2922.63","-"
"NIFTY 500","11 Dec 2008","2932.86","-"
"NIFTY 500","12 Dec 2008","2943.29","-"
"NIFTY 500","15 Dec 2008","3012.10","-"
"NIFTY 500","16 Dec 2008","3084.03","-"
"NIFTY 500","17 Dec 2008","2993.69","-"
"NIFTY 500","18 Dec 2008","3097.90","-"
"NIFTY 500","19 Dec 2008","3128.27","-"
"NIFTY 500","22 Dec 2008","3092.64","-"
"NIFTY 500","23 Dec 2008","3021.47","-"
"NIFTY 500","24 Dec 2008","2980.50","-"
"NIFTY 500","26 Dec 2008","2924.21","-"
"NIFTY 500","29 Dec 2008","2985.50","-"
"NIFTY 500","30 Dec 2008","3045.70","-"
"NIFTY 500","31 Dec 2008","3034.27","-"
"NIFTY 500","01 Jan 2009","3120.78","-"
"NIFTY 500","02 Jan 2009","3146.16","-"
"NIFTY 500","05 Jan 2009","3216.34","-"
"NIFTY 500","06 Jan 2009","3213.37","-"
"NIFTY 500","07 Jan 2009","3002.09","-"
"NIFTY 500","09 Jan 2009","2941.36","-"
"NIFTY 500","12 Jan 2009","2855.19","-"
"NIFTY 500","13 Jan 2009","2823.93","-"
"NIFTY 500","14 Jan 2009","2908.70","-"
"NIFTY 500","15 Jan 2009","2819.70","-"
"NIFTY 500","16 Jan 2009","2893.93","-"
"NIFTY 500","19 Jan 2009","2913.55","-"
"NIFTY 500","20 Jan 2009","2872.65","-"
"NIFTY 500","21 Jan 2009","2790.04","-"
"NIFTY 500","22 Jan 2009","2782.88","-"
"NIFTY 500","23 Jan 2009","2739.89","-"
"NIFTY 500","27 Jan 2009","2814.71","-"
"NIFTY 500","28 Jan 2009","2893.09","-"
"NIFTY 500","29 Jan 2009","2874.15","-"
"NIFTY 500","30 Jan 2009","2924.48","-"
"NIFTY 500","02 Feb 2009","2831.64","-"
"NIFTY 500","03 Feb 2009","2836.76","-"
"NIFTY 500","04 Feb 2009","2851.15","-"
"NIFTY 500","05 Feb 2009","2829.09","-"
"NIFTY 500","06 Feb 2009","2887.59","-"
"NIFTY 500","09 Feb 2009","2962.56","-"
"NIFTY 500","10 Feb 2009","2978.02","-"
"NIFTY 500","11 Feb 2009","2971.88","-"
"NIFTY 500","12 Feb 2009","2947.72","-"
"NIFTY 500","13 Feb 2009","2998.71","-"
"NIFTY 500","16 Feb 2009","2904.68","-"
"NIFTY 500","17 Feb 2009","2831.07","-"
"NIFTY 500","18 Feb 2009","2833.77","-"
"NIFTY 500","19 Feb 2009","2843.05","-"
"NIFTY 500","20 Feb 2009","2790.38","-"
"NIFTY 500","24 Feb 2009","2777.21","-"
"NIFTY 500","25 Feb 2009","2800.00","-"
"NIFTY 500","26 Feb 2009","2812.51","-"
"NIFTY 500","27 Feb 2009","2799.86","-"
"NIFTY 500","02 Mar 2009","2720.41","-"
"NIFTY 500","03 Mar 2009","2671.91","-"
"NIFTY 500","04 Mar 2009","2686.65","-"
"NIFTY 500","05 Mar 2009","2625.42","-"
"NIFTY 500","06 Mar 2009","2653.54","-"
"NIFTY 500","09 Mar 2009","2606.43","-"
"NIFTY 500","12 Mar 2009","2643.02","-"
"NIFTY 500","13 Mar 2009","2736.25","-"
"NIFTY 500","16 Mar 2009","2802.81","-"
"NIFTY 500","17 Mar 2009","2788.56","-"
"NIFTY 500","18 Mar 2009","2829.82","-"
"NIFTY 500","19 Mar 2009","2843.54","-"
"NIFTY 500","20 Mar 2009","2836.31","-"
"NIFTY 500","23 Mar 2009","2956.74","-"
"NIFTY 500","24 Mar 2009","2948.60","-"
"NIFTY 500","25 Mar 2009","2990.16","-"
"NIFTY 500","26 Mar 2009","3067.84","-"
"NIFTY 500","27 Mar 2009","3106.95","-"
"NIFTY 500","30 Mar 2009","2995.36","-"
"NIFTY 500","31 Mar 2009","3042.29","-"
"NIFTY 500","01 Apr 2009","3081.93","-"
"NIFTY 500","02 Apr 2009","3220.24","-"
"NIFTY 500","06 Apr 2009","3279.09","-"
"NIFTY 500","08 Apr 2009","3364.36","-"
"NIFTY 500","09 Apr 2009","3375.59","-"
"NIFTY 500","13 Apr 2009","3445.88","-"
"NIFTY 500","15 Apr 2009","3568.33","-"
"NIFTY 500","16 Apr 2009","3439.19","-"
"NIFTY 500","17 Apr 2009","3464.00","-"
"NIFTY 500","20 Apr 2009","3476.15","-"
"NIFTY 500","21 Apr 2009","3464.15","-"
"NIFTY 500","22 Apr 2009","3427.36","-"
"NIFTY 500","23 Apr 2009","3508.37","-"
"NIFTY 500","24 Apr 2009","3566.72","-"
"NIFTY 500","27 Apr 2009","3546.60","-"
"NIFTY 500","28 Apr 2009","3432.18","-"
"NIFTY 500","29 Apr 2009","3531.14","-"
"NIFTY 500","04 May 2009","3697.05","-"
"NIFTY 500","05 May 2009","3724.38","-"
"NIFTY 500","06 May 2009","3684.14","-"
"NIFTY 500","07 May 2009","3754.89","-"
"NIFTY 500","08 May 2009","3707.70","-"
"NIFTY 500","11 May 2009","3645.06","-"
"NIFTY 500","12 May 2009","3746.99","-"
"NIFTY 500","13 May 2009","3711.97","-"
"NIFTY 500","14 May 2009","3695.13","-"
"NIFTY 500","15 May 2009","3758.26","-"
"NIFTY 500","18 May 2009","4367.97","-"
"NIFTY 500","19 May 2009","4388.93","-"
"NIFTY 500","20 May 2009","4432.18","-"
"NIFTY 500","21 May 2009","4413.89","-"
"NIFTY 500","22 May 2009","4450.24","-"
"NIFTY 500","25 May 2009","4512.12","-"
"NIFTY 500","26 May 2009","4390.08","-"
"NIFTY 500","27 May 2009","4565.99","-"
"NIFTY 500","28 May 2009","4626.22","-"
"NIFTY 500","29 May 2009","4748.52","-"
"NIFTY 500","01 Jun 2009","4847.08","-"
"NIFTY 500","02 Jun 2009","4830.24","-"
"NIFTY 500","03 Jun 2009","4850.13","-"
"NIFTY 500","04 Jun 2009","4920.13","-"
"NIFTY 500","05 Jun 2009","4923.41","-"
"NIFTY 500","08 Jun 2009","4727.37","-"
"NIFTY 500","09 Jun 2009","4858.26","-"
"NIFTY 500","10 Jun 2009","4955.23","-"
"NIFTY 500","11 Jun 2009","4927.92","-"
"NIFTY 500","12 Jun 2009","4867.79","-"
"NIFTY 500","15 Jun 2009","4774.02","-"
"NIFTY 500","16 Jun 2009","4834.87","-"
"NIFTY 500","17 Jun 2009","4655.66","-"
"NIFTY 500","18 Jun 2009","4534.33","-"
"NIFTY 500","19 Jun 2009","4596.00","-"
"NIFTY 500","22 Jun 2009","4529.14","-"
"NIFTY 500","23 Jun 2009","4545.55","-"
"NIFTY 500","24 Jun 2009","4607.54","-"
"NIFTY 500","25 Jun 2009","4562.43","-"
"NIFTY 500","26 Jun 2009","4680.30","-"
"NIFTY 500","29 Jun 2009","4725.82","-"
"NIFTY 500","30 Jun 2009","4612.22","-"
"NIFTY 500","01 Jul 2009","4657.34","-"
"NIFTY 500","02 Jul 2009","4689.16","-"
"NIFTY 500","03 Jul 2009","4744.42","-"
"NIFTY 500","06 Jul 2009","4488.87","-"
"NIFTY 500","07 Jul 2009","4500.61","-"
"NIFTY 500","08 Jul 2009","4384.45","-"
"NIFTY 500","09 Jul 2009","4399.77","-"
"NIFTY 500","10 Jul 2009","4318.72","-"
"NIFTY 500","13 Jul 2009","4258.76","-"
"NIFTY 500","14 Jul 2009","4412.18","-"
"NIFTY 500","15 Jul 2009","4575.52","-"
"NIFTY 500","16 Jul 2009","4584.92","-"
"NIFTY 500","17 Jul 2009","4717.84","-"
"NIFTY 500","20 Jul 2009","4836.31","-"
"NIFTY 500","21 Jul 2009","4799.15","-"
"NIFTY 500","22 Jul 2009","4748.83","-"
"NIFTY 500","23 Jul 2009","4857.22","-"
"NIFTY 500","24 Jul 2009","4915.78","-"
"NIFTY 500","27 Jul 2009","4940.67","-"
"NIFTY 500","28 Jul 2009","4964.88","-"
"NIFTY 500","29 Jul 2009","4911.13","-"
"NIFTY 500","30 Jul 2009","4959.57","-"
"NIFTY 500","31 Jul 2009","5017.07","-"
"NIFTY 500","03 Aug 2009","5097.00","-"
"NIFTY 500","04 Aug 2009","5073.93","-"
"NIFTY 500","05 Aug 2009","5102.09","-"
"NIFTY 500","06 Aug 2009","4989.51","-"
"NIFTY 500","07 Aug 2009","4884.37","-"
"NIFTY 500","10 Aug 2009","4833.16","-"
"NIFTY 500","11 Aug 2009","4863.59","-"
"NIFTY 500","12 Aug 2009","4854.68","-"
"NIFTY 500","13 Aug 2009","5011.31","-"
"NIFTY 500","14 Aug 2009","4999.94","-"
"NIFTY 500","17 Aug 2009","4808.92","-"
"NIFTY 500","18 Aug 2009","4889.14","-"
"NIFTY 500","19 Aug 2009","4810.85","-"
"NIFTY 500","20 Aug 2009","4870.91","-"
"NIFTY 500","21 Aug 2009","4938.48","-"
"NIFTY 500","24 Aug 2009","5043.28","-"
"NIFTY 500","25 Aug 2009","5063.23","-"
"NIFTY 500","26 Aug 2009","5098.55","-"
"NIFTY 500","27 Aug 2009","5113.47","-"
"NIFTY 500","28 Aug 2009","5157.41","-"
"NIFTY 500","31 Aug 2009","5125.18","-"
"NIFTY 500","01 Sep 2009","5076.24","-"
"NIFTY 500","02 Sep 2009","5058.26","-"
"NIFTY 500","03 Sep 2009","5053.40","-"
"NIFTY 500","04 Sep 2009","5124.88","-"
"NIFTY 500","07 Sep 2009","5240.30","-"
"NIFTY 500","08 Sep 2009","5247.78","-"
"NIFTY 500","09 Sep 2009","5242.18","-"
"NIFTY 500","10 Sep 2009","5238.38","-"
"NIFTY 500","11 Sep 2009","5229.90","-"
"NIFTY 500","14 Sep 2009","5223.47","-"
"NIFTY 500","15 Sep 2009","5309.07","-"
"NIFTY 500","16 Sep 2009","5370.98","-"
"NIFTY 500","17 Sep 2009","5376.49","-"
"NIFTY 500","18 Sep 2009","5406.31","-"
"NIFTY 500","22 Sep 2009","5438.89","-"
"NIFTY 500","23 Sep 2009","5384.17","-"
"NIFTY 500","24 Sep 2009","5401.01","-"
"NIFTY 500","25 Sep 2009","5401.62","-"
"NIFTY 500","29 Sep 2009","5442.73","-"
"NIFTY 500","30 Sep 2009","5505.04","-"
"NIFTY 500","01 Oct 2009","5505.55","-"
"NIFTY 500","05 Oct 2009","5408.86","-"
"NIFTY 500","06 Oct 2009","5410.55","-"
"NIFTY 500","07 Oct 2009","5403.85","-"
"NIFTY 500","08 Oct 2009","5426.00","-"
"NIFTY 500","09 Oct 2009","5385.94","-"
"NIFTY 500","12 Oct 2009","5480.16","-"
"NIFTY 500","14 Oct 2009","5559.80","-"
"NIFTY 500","15 Oct 2009","5568.09","-"
"NIFTY 500","16 Oct 2009","5609.27","-"
"NIFTY 500","17 Oct 2009","5625.43","-"
"NIFTY 500","20 Oct 2009","5606.90","-"
"NIFTY 500","21 Oct 2009","5553.28","-"
"NIFTY 500","22 Oct 2009","5468.68","-"
"NIFTY 500","23 Oct 2009","5488.66","-"
"NIFTY 500","26 Oct 2009","5439.22","-"
"NIFTY 500","27 Oct 2009","5295.48","-"
"NIFTY 500","28 Oct 2009","5281.23","-"
"NIFTY 500","29 Oct 2009","5192.46","-"
"NIFTY 500","30 Oct 2009","5152.97","-"
"NIFTY 500","03 Nov 2009","4984.83","-"
"NIFTY 500","04 Nov 2009","5130.29","-"
"NIFTY 500","05 Nov 2009","5215.33","-"
"NIFTY 500","06 Nov 2009","5283.70","-"
"NIFTY 500","09 Nov 2009","5385.88","-"
"NIFTY 500","10 Nov 2009","5396.47","-"
"NIFTY 500","11 Nov 2009","5525.23","-"
"NIFTY 500","12 Nov 2009","5462.67","-"
"NIFTY 500","13 Nov 2009","5503.32","-"
"NIFTY 500","16 Nov 2009","5567.28","-"
"NIFTY 500","17 Nov 2009","5565.42","-"
"NIFTY 500","18 Nov 2009","5570.78","-"
"NIFTY 500","19 Nov 2009","5496.65","-"
"NIFTY 500","20 Nov 2009","5547.65","-"
"NIFTY 500","23 Nov 2009","5592.11","-"
"NIFTY 500","24 Nov 2009","5589.51","-"
"NIFTY 500","25 Nov 2009","5597.19","-"
"NIFTY 500","26 Nov 2009","5512.63","-"
"NIFTY 500","27 Nov 2009","5442.62","-"
"NIFTY 500","30 Nov 2009","5544.82","-"
"NIFTY 500","01 Dec 2009","5639.77","-"
"NIFTY 500","02 Dec 2009","5650.08","-"
"NIFTY 500","03 Dec 2009","5680.95","-"
"NIFTY 500","04 Dec 2009","5669.82","-"
"NIFTY 500","07 Dec 2009","5617.49","-"
"NIFTY 500","08 Dec 2009","5691.44","-"
"NIFTY 500","09 Dec 2009","5669.68","-"
"NIFTY 500","10 Dec 2009","5695.91","-"
"NIFTY 500","11 Dec 2009","5675.32","-"
"NIFTY 500","14 Dec 2009","5660.02","-"
"NIFTY 500","15 Dec 2009","5582.18","-"
"NIFTY 500","16 Dec 2009","5587.71","-"
"NIFTY 500","17 Dec 2009","5603.95","-"
"NIFTY 500","18 Dec 2009","5555.30","-"
"NIFTY 500","21 Dec 2009","5527.63","-"
"NIFTY 500","22 Dec 2009","5579.30","-"
"NIFTY 500","23 Dec 2009","5721.53","-"
"NIFTY 500","24 Dec 2009","5755.88","-"
"NIFTY 500","29 Dec 2009","5769.13","-"
"NIFTY 500","30 Dec 2009","5764.60","-"
"NIFTY 500","31 Dec 2009","5794.34","-"
"NIFTY 500","04 Jan 2010","5846.16","-"
"NIFTY 500","05 Jan 2010","5910.99","-"
"NIFTY 500","06 Jan 2010","5919.82","-"
"NIFTY 500","07 Jan 2010","5904.93","-"
"NIFTY 500","08 Jan 2010","5896.59","-"
"NIFTY 500","11 Jan 2010","5933.16","-"
"NIFTY 500","12 Jan 2010","5878.63","-"
"NIFTY 500","13 Jan 2010","5910.61","-"
"NIFTY 500","14 Jan 2010","5957.25","-"
"NIFTY 500","15 Jan 2010","5980.93","-"
"NIFTY 500","18 Jan 2010","6023.08","-"
"NIFTY 500","19 Jan 2010","5982.60","-"
"NIFTY 500","20 Jan 2010","5961.69","-"
"NIFTY 500","21 Jan 2010","5813.91","-"
"NIFTY 500","22 Jan 2010","5770.41","-"
"NIFTY 500","25 Jan 2010","5727.39","-"
"NIFTY 500","27 Jan 2010","5522.82","-"
"NIFTY 500","28 Jan 2010","5538.95","-"
"NIFTY 500","29 Jan 2010","5563.86","-"
"NIFTY 500","01 Feb 2010","5618.39","-"
"NIFTY 500","02 Feb 2010","5540.80","-"
"NIFTY 500","03 Feb 2010","5640.10","-"
"NIFTY 500","04 Feb 2010","5543.78","-"
"NIFTY 500","05 Feb 2010","5388.92","-"
"NIFTY 500","06 Feb 2010","5446.78","-"
"NIFTY 500","08 Feb 2010","5447.37","-"
"NIFTY 500","09 Feb 2010","5497.02","-"
"NIFTY 500","10 Feb 2010","5464.54","-"
"NIFTY 500","11 Feb 2010","5523.38","-"
"NIFTY 500","15 Feb 2010","5486.68","-"
"NIFTY 500","16 Feb 2010","5538.18","-"
"NIFTY 500","17 Feb 2010","5587.61","-"
"NIFTY 500","18 Feb 2010","5553.36","-"
"NIFTY 500","19 Feb 2010","5495.54","-"
"NIFTY 500","22 Feb 2010","5484.33","-"
"NIFTY 500","23 Feb 2010","5478.25","-"
"NIFTY 500","24 Feb 2010","5466.15","-"
"NIFTY 500","25 Feb 2010","5455.03","-"
"NIFTY 500","26 Feb 2010","5529.01","-"
"NIFTY 500","02 Mar 2010","5615.73","-"
"NIFTY 500","03 Mar 2010","5692.83","-"
"NIFTY 500","04 Mar 2010","5709.57","-"
"NIFTY 500","05 Mar 2010","5720.18","-"
"NIFTY 500","08 Mar 2010","5743.60","-"
"NIFTY 500","09 Mar 2010","5696.23","-"
"NIFTY 500","10 Mar 2010","5698.30","-"
"NIFTY 500","11 Mar 2010","5697.03","-"
"NIFTY 500","12 Mar 2010","5697.81","-"
"NIFTY 500","15 Mar 2010","5671.30","-"
"NIFTY 500","16 Mar 2010","5725.18","-"
"NIFTY 500","17 Mar 2010","5766.10","-"
"NIFTY 500","18 Mar 2010","5771.43","-"
"NIFTY 500","19 Mar 2010","5794.77","-"
"NIFTY 500","22 Mar 2010","5734.08","-"
"NIFTY 500","23 Mar 2010","5745.81","-"
"NIFTY 500","25 Mar 2010","5754.44","-"
"NIFTY 500","26 Mar 2010","5780.67","-"
"NIFTY 500","29 Mar 2010","5791.40","-"
"NIFTY 500","30 Mar 2010","5781.06","-"
"NIFTY 500","31 Mar 2010","5781.09","-"
"NIFTY 500","01 Apr 2010","5823.93","-"
"NIFTY 500","05 Apr 2010","5902.60","-"
"NIFTY 500","06 Apr 2010","5911.24","-"
"NIFTY 500","07 Apr 2010","5930.90","-"
"NIFTY 500","08 Apr 2010","5873.05","-"
"NIFTY 500","09 Apr 2010","5911.16","-"
"NIFTY 500","12 Apr 2010","5890.59","-"
"NIFTY 500","13 Apr 2010","5876.71","-"
"NIFTY 500","15 Apr 2010","5844.64","-"
"NIFTY 500","16 Apr 2010","5821.66","-"
"NIFTY 500","19 Apr 2010","5751.88","-"
"NIFTY 500","20 Apr 2010","5791.49","-"
"NIFTY 500","21 Apr 2010","5824.57","-"
"NIFTY 500","22 Apr 2010","5841.00","-"
"NIFTY 500","23 Apr 2010","5857.63","-"
"NIFTY 500","26 Apr 2010","5877.51","-"
"NIFTY 500","27 Apr 2010","5870.16","-"
"NIFTY 500","28 Apr 2010","5785.40","-"
"NIFTY 500","29 Apr 2010","5816.53","-"
"NIFTY 500","30 Apr 2010","5856.50","-"
"NIFTY 500","03 May 2010","5820.62","-"
"NIFTY 500","04 May 2010","5735.65","-"
"NIFTY 500","05 May 2010","5727.18","-"
"NIFTY 500","06 May 2010","5707.41","-"
"NIFTY 500","07 May 2010","5607.58","-"
"NIFTY 500","10 May 2010","5765.49","-"
"NIFTY 500","11 May 2010","5700.33","-"
"NIFTY 500","12 May 2010","5718.98","-"
"NIFTY 500","13 May 2010","5755.08","-"
"NIFTY 500","14 May 2010","5682.79","-"
"NIFTY 500","17 May 2010","5651.34","-"
"NIFTY 500","18 May 2010","5656.97","-"
"NIFTY 500","19 May 2010","5508.40","-"
"NIFTY 500","20 May 2010","5545.12","-"
"NIFTY 500","21 May 2010","5502.38","-"
"NIFTY 500","24 May 2010","5514.69","-"
"NIFTY 500","25 May 2010","5368.62","-"
"NIFTY 500","26 May 2010","5461.58","-"
"NIFTY 500","27 May 2010","5535.62","-"
"NIFTY 500","28 May 2010","5617.60","-"
"NIFTY 500","31 May 2010","5670.98","-"
"NIFTY 500","01 Jun 2010","5567.02","-"
"NIFTY 500","02 Jun 2010","5621.59","-"
"NIFTY 500","03 Jun 2010","5707.09","-"
"NIFTY 500","04 Jun 2010","5720.93","-"
"NIFTY 500","07 Jun 2010","5622.36","-"
"NIFTY 500","08 Jun 2010","5571.41","-"
"NIFTY 500","09 Jun 2010","5602.35","-"
"NIFTY 500","10 Jun 2010","5680.49","-"
"NIFTY 500","11 Jun 2010","5705.07","-"
"NIFTY 500","14 Jun 2010","5775.42","-"
"NIFTY 500","15 Jun 2010","5799.50","-"
"NIFTY 500","16 Jun 2010","5806.66","-"
"NIFTY 500","17 Jun 2010","5839.72","-"
"NIFTY 500","18 Jun 2010","5818.67","-"
"NIFTY 500","21 Jun 2010","5899.68","-"
"NIFTY 500","22 Jun 2010","5872.78","-"
"NIFTY 500","23 Jun 2010","5887.69","-"
"NIFTY 500","24 Jun 2010","5878.43","-"
"NIFTY 500","25 Jun 2010","5869.74","-"
"NIFTY 500","28 Jun 2010","5954.99","-"
"NIFTY 500","29 Jun 2010","5894.97","-"
"NIFTY 500","30 Jun 2010","5944.93","-"
"NIFTY 500","01 Jul 2010","5898.70","-"
"NIFTY 500","02 Jul 2010","5894.38","-"
"NIFTY 500","05 Jul 2010","5890.59","-"
"NIFTY 500","06 Jul 2010","5936.42","-"
"NIFTY 500","07 Jul 2010","5899.14","-"
"NIFTY 500","08 Jul 2010","5953.53","-"
"NIFTY 500","09 Jul 2010","6003.71","-"
"NIFTY 500","12 Jul 2010","6022.21","-"
"NIFTY 500","13 Jul 2010","6044.62","-"
"NIFTY 500","14 Jul 2010","6028.62","-"
"NIFTY 500","15 Jul 2010","6014.55","-"
"NIFTY 500","16 Jul 2010","6044.09","-"
"NIFTY 500","19 Jul 2010","6042.72","-"
"NIFTY 500","20 Jul 2010","6023.89","-"
"NIFTY 500","21 Jul 2010","6056.77","-"
"NIFTY 500","22 Jul 2010","6097.16","-"
"NIFTY 500","23 Jul 2010","6090.10","-"
"NIFTY 500","26 Jul 2010","6055.59","-"
"NIFTY 500","27 Jul 2010","6070.96","-"
"NIFTY 500","28 Jul 2010","6051.90","-"
"NIFTY 500","29 Jul 2010","6047.58","-"
"NIFTY 500","30 Jul 2010","6027.16","-"
"NIFTY 500","02 Aug 2010","6092.27","-"
"NIFTY 500","03 Aug 2010","6109.00","-"
"NIFTY 500","04 Aug 2010","6130.57","-"
"NIFTY 500","05 Aug 2010","6119.44","-"
"NIFTY 500","06 Aug 2010","6114.89","-"
"NIFTY 500","09 Aug 2010","6168.62","-"
"NIFTY 500","10 Aug 2010","6139.65","-"
"NIFTY 500","11 Aug 2010","6109.66","-"
"NIFTY 500","12 Aug 2010","6122.25","-"
"NIFTY 500","13 Aug 2010","6164.95","-"
"NIFTY 500","16 Aug 2010","6135.59","-"
"NIFTY 500","17 Aug 2010","6141.85","-"
"NIFTY 500","18 Aug 2010","6199.02","-"
"NIFTY 500","19 Aug 2010","6241.24","-"
"NIFTY 500","20 Aug 2010","6238.30","-"
"NIFTY 500","23 Aug 2010","6273.62","-"
"NIFTY 500","24 Aug 2010","6232.59","-"
"NIFTY 500","25 Aug 2010","6174.83","-"
"NIFTY 500","26 Aug 2010","6189.50","-"
"NIFTY 500","27 Aug 2010","6133.11","-"
"NIFTY 500","30 Aug 2010","6142.76","-"
"NIFTY 500","31 Aug 2010","6115.32","-"
"NIFTY 500","01 Sep 2010","6205.04","-"
"NIFTY 500","02 Sep 2010","6215.97","-"
"NIFTY 500","03 Sep 2010","6233.65","-"
"NIFTY 500","06 Sep 2010","6328.32","-"
"NIFTY 500","07 Sep 2010","6353.96","-"
"NIFTY 500","08 Sep 2010","6369.18","-"
"NIFTY 500","09 Sep 2010","6398.41","-"
"NIFTY 500","13 Sep 2010","6497.31","-"
"NIFTY 500","14 Sep 2010","6518.02","-"
"NIFTY 500","15 Sep 2010","6562.35","-"
"NIFTY 500","16 Sep 2010","6512.70","-"
"NIFTY 500","17 Sep 2010","6583.73","-"
"NIFTY 500","20 Sep 2010","6656.15","-"
"NIFTY 500","21 Sep 2010","6650.75","-"
"NIFTY 500","22 Sep 2010","6628.08","-"
"NIFTY 500","23 Sep 2010","6604.48","-"
"NIFTY 500","24 Sep 2010","6662.05","-"
"NIFTY 500","27 Sep 2010","6694.77","-"
"NIFTY 500","28 Sep 2010","6697.78","-"
"NIFTY 500","29 Sep 2010","6651.03","-"
"NIFTY 500","30 Sep 2010","6649.82","-"
"NIFTY 500","01 Oct 2010","6776.29","-"
"NIFTY 500","04 Oct 2010","6804.44","-"
"NIFTY 500","05 Oct 2010","6814.04","-"
"NIFTY 500","06 Oct 2010","6873.88","-"
"NIFTY 500","07 Oct 2010","6822.39","-"
"NIFTY 500","08 Oct 2010","6795.09","-"
"NIFTY 500","11 Oct 2010","6838.71","-"
"NIFTY 500","12 Oct 2010","6788.04","-"
"NIFTY 500","13 Oct 2010","6915.47","-"
"NIFTY 500","14 Oct 2010","6865.42","-"
"NIFTY 500","15 Oct 2010","6749.27","-"
"NIFTY 500","18 Oct 2010","6753.31","-"
"NIFTY 500","19 Oct 2010","6717.57","-"
"NIFTY 500","20 Oct 2010","6678.21","-"
"NIFTY 500","21 Oct 2010","6803.19","-"
"NIFTY 500","22 Oct 2010","6780.14","-"
"NIFTY 500","25 Oct 2010","6818.29","-"
"NIFTY 500","26 Oct 2010","6796.89","-"
"NIFTY 500","27 Oct 2010","6736.93","-"
"NIFTY 500","28 Oct 2010","6704.10","-"
"NIFTY 500","29 Oct 2010","6718.49","-"
"NIFTY 500","01 Nov 2010","6827.57","-"
"NIFTY 500","02 Nov 2010","6838.43","-"
"NIFTY 500","03 Nov 2010","6879.24","-"
"NIFTY 500","04 Nov 2010","6987.07","-"
"NIFTY 500","05 Nov 2010","7022.56","-"
"NIFTY 500","08 Nov 2010","6991.87","-"
"NIFTY 500","09 Nov 2010","7024.37","-"
"NIFTY 500","10 Nov 2010","7007.95","-"
"NIFTY 500","11 Nov 2010","6917.88","-"
"NIFTY 500","12 Nov 2010","6773.05","-"
"NIFTY 500","15 Nov 2010","6814.38","-"
"NIFTY 500","16 Nov 2010","6670.20","-"
"NIFTY 500","18 Nov 2010","6675.50","-"
"NIFTY 500","19 Nov 2010","6554.59","-"
"NIFTY 500","22 Nov 2010","6671.22","-"
"NIFTY 500","23 Nov 2010","6590.41","-"
"NIFTY 500","24 Nov 2010","6512.08","-"
"NIFTY 500","25 Nov 2010","6409.10","-"
"NIFTY 500","26 Nov 2010","6320.78","-"
"NIFTY 500","29 Nov 2010","6400.43","-"
"NIFTY 500","30 Nov 2010","6461.20","-"
"NIFTY 500","01 Dec 2010","6589.47","-"
"NIFTY 500","02 Dec 2010","6643.39","-"
"NIFTY 500","03 Dec 2010","6588.77","-"
"NIFTY 500","06 Dec 2010","6577.11","-"
"NIFTY 500","07 Dec 2010","6545.86","-"
"NIFTY 500","08 Dec 2010","6451.80","-"
"NIFTY 500","09 Dec 2010","6268.93","-"
"NIFTY 500","10 Dec 2010","6369.16","-"
"NIFTY 500","13 Dec 2010","6439.88","-"
"NIFTY 500","14 Dec 2010","6498.27","-"
"NIFTY 500","15 Dec 2010","6432.74","-"
"NIFTY 500","16 Dec 2010","6479.55","-"
"NIFTY 500","20 Dec 2010","6478.65","-"
"NIFTY 500","21 Dec 2010","6535.45","-"
"NIFTY 500","22 Dec 2010","6525.87","-"
"NIFTY 500","23 Dec 2010","6517.03","-"
"NIFTY 500","24 Dec 2010","6542.35","-"
"NIFTY 500","27 Dec 2010","6526.27","-"
"NIFTY 500","28 Dec 2010","6525.84","-"
"NIFTY 500","29 Dec 2010","6588.03","-"
"NIFTY 500","30 Dec 2010","6630.05","-"
"NIFTY 500","31 Dec 2010","6679.12","-"
"NIFTY 500","03 Jan 2011","6714.84","-"
"NIFTY 500","04 Jan 2011","6701.08","-"
"NIFTY 500","05 Jan 2011","6628.08","-"
"NIFTY 500","06 Jan 2011","6576.67","-"
"NIFTY 500","07 Jan 2011","6422.17","-"
"NIFTY 500","10 Jan 2011","6267.34","-"
"NIFTY 500","11 Jan 2011","6252.09","-"
"NIFTY 500","12 Jan 2011","6366.86","-"
"NIFTY 500","13 Jan 2011","6272.20","-"
"NIFTY 500","14 Jan 2011","6173.44","-"
"NIFTY 500","17 Jan 2011","6155.74","-"
"NIFTY 500","18 Jan 2011","6216.40","-"
"NIFTY 500","19 Jan 2011","6196.81","-"
"NIFTY 500","20 Jan 2011","6215.58","-"
"NIFTY 500","21 Jan 2011","6209.02","-"
"NIFTY 500","24 Jan 2011","6257.72","-"
"NIFTY 500","25 Jan 2011","6204.76","-"
"NIFTY 500","27 Jan 2011","6103.09","-"
"NIFTY 500","28 Jan 2011","5986.22","-"
"NIFTY 500","31 Jan 2011","5982.33","-"
"NIFTY 500","01 Feb 2011","5884.40","-"
"NIFTY 500","02 Feb 2011","5898.33","-"
"NIFTY 500","03 Feb 2011","5989.76","-"
"NIFTY 500","04 Feb 2011","5868.35","-"
"NIFTY 500","07 Feb 2011","5858.39","-"
"NIFTY 500","08 Feb 2011","5755.13","-"
"NIFTY 500","09 Feb 2011","5650.47","-"
"NIFTY 500","10 Feb 2011","5631.88","-"
"NIFTY 500","11 Feb 2011","5735.52","-"
"NIFTY 500","14 Feb 2011","5905.06","-"
"NIFTY 500","15 Feb 2011","5930.52","-"
"NIFTY 500","16 Feb 2011","5939.68","-"
"NIFTY 500","17 Feb 2011","6005.52","-"
"NIFTY 500","18 Feb 2011","5904.47","-"
"NIFTY 500","21 Feb 2011","5955.72","-"
"NIFTY 500","22 Feb 2011","5901.96","-"
"NIFTY 500","23 Feb 2011","5868.56","-"
"NIFTY 500","24 Feb 2011","5682.62","-"
"NIFTY 500","25 Feb 2011","5717.19","-"
"NIFTY 500","28 Feb 2011","5744.78","-"
"NIFTY 500","01 Mar 2011","5940.38","-"
"NIFTY 500","03 Mar 2011","5952.42","-"
"NIFTY 500","04 Mar 2011","5956.69","-"
"NIFTY 500","07 Mar 2011","5879.40","-"
"NIFTY 500","08 Mar 2011","5939.05","-"
"NIFTY 500","09 Mar 2011","5957.61","-"
"NIFTY 500","10 Mar 2011","5927.77","-"
"NIFTY 500","11 Mar 2011","5876.93","-"
"NIFTY 500","14 Mar 2011","5953.63","-"
"NIFTY 500","15 Mar 2011","5865.76","-"
"NIFTY 500","16 Mar 2011","5935.78","-"
"NIFTY 500","17 Mar 2011","5882.95","-"
"NIFTY 500","18 Mar 2011","5818.86","-"
"NIFTY 500","21 Mar 2011","5806.90","-"
"NIFTY 500","22 Mar 2011","5857.31","-"
"NIFTY 500","23 Mar 2011","5920.75","-"
"NIFTY 500","24 Mar 2011","5965.86","-"
"NIFTY 500","25 Mar 2011","6083.21","-"
"NIFTY 500","28 Mar 2011","6117.03","-"
"NIFTY 500","29 Mar 2011","6159.00","-"
"NIFTY 500","30 Mar 2011","6226.04","-"
"NIFTY 500","31 Mar 2011","6264.00","-"
"NIFTY 500","01 Apr 2011","6282.41","-"
"NIFTY 500","04 Apr 2011","6373.31","-"
"NIFTY 500","05 Apr 2011","6394.54","-"
"NIFTY 500","06 Apr 2011","6388.77","-"
"NIFTY 500","07 Apr 2011","6400.62","-"
"NIFTY 500","08 Apr 2011","6342.60","-"
"NIFTY 500","11 Apr 2011","6286.58","-"
"NIFTY 500","13 Apr 2011","6404.92","-"
"NIFTY 500","15 Apr 2011","6336.29","-"
"NIFTY 500","18 Apr 2011","6240.42","-"
"NIFTY 500","19 Apr 2011","6252.24","-"
"NIFTY 500","20 Apr 2011","6357.73","-"
"NIFTY 500","21 Apr 2011","6380.52","-"
"NIFTY 500","25 Apr 2011","6376.35","-"
"NIFTY 500","26 Apr 2011","6371.60","-"
"NIFTY 500","27 Apr 2011","6348.81","-"
"NIFTY 500","28 Apr 2011","6297.97","-"
"NIFTY 500","29 Apr 2011","6250.38","-"
"NIFTY 500","02 May 2011","6194.05","-"
"NIFTY 500","03 May 2011","6056.34","-"
"NIFTY 500","04 May 2011","6024.71","-"
"NIFTY 500","05 May 2011","5948.62","-"
"NIFTY 500","06 May 2011","6043.24","-"
"NIFTY 500","09 May 2011","6048.08","-"
"NIFTY 500","10 May 2011","6040.24","-"
"NIFTY 500","11 May 2011","6070.70","-"
"NIFTY 500","12 May 2011","5995.03","-"
"NIFTY 500","13 May 2011","6057.01","-"
"NIFTY 500","16 May 2011","6010.59","-"
"NIFTY 500","17 May 2011","5956.16","-"
"NIFTY 500","18 May 2011","5928.20","-"
"NIFTY 500","19 May 2011","5923.82","-"
"NIFTY 500","20 May 2011","5979.23","-"
"NIFTY 500","23 May 2011","5879.42","-"
"NIFTY 500","24 May 2011","5891.59","-"
"NIFTY 500","25 May 2011","5851.89","-"
"NIFTY 500","26 May 2011","5903.86","-"
"NIFTY 500","27 May 2011","5978.20","-"
"NIFTY 500","30 May 2011","5994.31","-"
"NIFTY 500","31 May 2011","6090.88","-"
"NIFTY 500","01 Jun 2011","6124.68","-"
"NIFTY 500","02 Jun 2011","6080.81","-"
"NIFTY 500","03 Jun 2011","6047.43","-"
"NIFTY 500","06 Jun 2011","6057.77","-"
"NIFTY 500","07 Jun 2011","6090.95","-"
"NIFTY 500","08 Jun 2011","6069.70","-"
"NIFTY 500","09 Jun 2011","6063.17","-"
"NIFTY 500","10 Jun 2011","6032.96","-"
"NIFTY 500","13 Jun 2011","6035.27","-"
"NIFTY 500","14 Jun 2011","6057.51","-"
"NIFTY 500","15 Jun 2011","6006.94","-"
"NIFTY 500","16 Jun 2011","5956.46","-"
"NIFTY 500","17 Jun 2011","5920.21","-"
"NIFTY 500","20 Jun 2011","5791.82","-"
"NIFTY 500","21 Jun 2011","5798.76","-"
"NIFTY 500","22 Jun 2011","5787.57","-"
"NIFTY 500","23 Jun 2011","5818.91","-"
"NIFTY 500","24 Jun 2011","5969.92","-"
"NIFTY 500","27 Jun 2011","6034.03","-"
"NIFTY 500","28 Jun 2011","6054.44","-"
"NIFTY 500","29 Jun 2011","6108.37","-"
"NIFTY 500","30 Jun 2011","6150.71","-"
"NIFTY 500","01 Jul 2011","6149.51","-"
"NIFTY 500","04 Jul 2011","6188.19","-"
"NIFTY 500","05 Jul 2011","6171.91","-"
"NIFTY 500","06 Jul 2011","6169.77","-"
"NIFTY 500","07 Jul 2011","6269.43","-"
"NIFTY 500","08 Jul 2011","6198.16","-"
"NIFTY 500","11 Jul 2011","6155.27","-"
"NIFTY 500","12 Jul 2011","6068.55","-"
"NIFTY 500","13 Jul 2011","6135.48","-"
"NIFTY 500","14 Jul 2011","6160.60","-"
"NIFTY 500","15 Jul 2011","6146.13","-"
"NIFTY 500","18 Jul 2011","6139.66","-"
"NIFTY 500","19 Jul 2011","6180.70","-"
"NIFTY 500","20 Jul 2011","6125.52","-"
"NIFTY 500","21 Jul 2011","6095.46","-"
"NIFTY 500","22 Jul 2011","6189.12","-"
"NIFTY 500","25 Jul 2011","6235.04","-"
"NIFTY 500","26 Jul 2011","6135.85","-"
"NIFTY 500","27 Jul 2011","6117.64","-"
"NIFTY 500","28 Jul 2011","6055.31","-"
"NIFTY 500","29 Jul 2011","6026.92","-"
"NIFTY 500","01 Aug 2011","6049.84","-"
"NIFTY 500","02 Aug 2011","5985.03","-"
"NIFTY 500","03 Aug 2011","5939.43","-"
"NIFTY 500","04 Aug 2011","5874.62","-"
"NIFTY 500","05 Aug 2011","5750.64","-"
"NIFTY 500","08 Aug 2011","5655.43","-"
"NIFTY 500","09 Aug 2011","5597.33","-"
"NIFTY 500","10 Aug 2011","5699.77","-"
"NIFTY 500","11 Aug 2011","5675.94","-"
"NIFTY 500","12 Aug 2011","5616.89","-"
"NIFTY 500","16 Aug 2011","5562.37","-"
"NIFTY 500","17 Aug 2011","5564.47","-"
"NIFTY 500","18 Aug 2011","5445.82","-"
"NIFTY 500","19 Aug 2011","5352.62","-"
"NIFTY 500","22 Aug 2011","5413.73","-"
"NIFTY 500","23 Aug 2011","5468.74","-"
"NIFTY 500","24 Aug 2011","5413.63","-"
"NIFTY 500","25 Aug 2011","5359.10","-"
"NIFTY 500","26 Aug 2011","5252.87","-"
"NIFTY 500","29 Aug 2011","5424.58","-"
"NIFTY 500","30 Aug 2011","5508.31","-"
"NIFTY 500","02 Sep 2011","5553.42","-"
"NIFTY 500","05 Sep 2011","5543.33","-"
"NIFTY 500","06 Sep 2011","5584.97","-"
"NIFTY 500","07 Sep 2011","5657.55","-"
"NIFTY 500","08 Sep 2011","5682.17","-"
"NIFTY 500","09 Sep 2011","5592.52","-"
"NIFTY 500","12 Sep 2011","5473.52","-"
"NIFTY 500","13 Sep 2011","5468.66","-"
"NIFTY 500","14 Sep 2011","5529.78","-"
"NIFTY 500","15 Sep 2011","5593.12","-"
"NIFTY 500","16 Sep 2011","5604.21","-"
"NIFTY 500","19 Sep 2011","5559.34","-"
"NIFTY 500","20 Sep 2011","5656.02","-"
"NIFTY 500","21 Sep 2011","5666.73","-"
"NIFTY 500","22 Sep 2011","5453.29","-"
"NIFTY 500","23 Sep 2011","5395.93","-"
"NIFTY 500","26 Sep 2011","5344.97","-"
"NIFTY 500","27 Sep 2011","5475.03","-"
"NIFTY 500","28 Sep 2011","5444.22","-"
"NIFTY 500","29 Sep 2011","5495.14","-"
"NIFTY 500","30 Sep 2011","5431.79","-"
"NIFTY 500","03 Oct 2011","5329.21","-"
"NIFTY 500","04 Oct 2011","5247.95","-"
"NIFTY 500","05 Oct 2011","5218.18","-"
"NIFTY 500","07 Oct 2011","5343.95","-"
"NIFTY 500","10 Oct 2011","5431.27","-"
"NIFTY 500","11 Oct 2011","5436.69","-"
"NIFTY 500","12 Oct 2011","5555.11","-"
"NIFTY 500","13 Oct 2011","5541.07","-"
"NIFTY 500","14 Oct 2011","5585.27","-"
"NIFTY 500","17 Oct 2011","5575.85","-"
"NIFTY 500","18 Oct 2011","5493.07","-"
"NIFTY 500","19 Oct 2011","5589.13","-"
"NIFTY 500","20 Oct 2011","5541.11","-"
"NIFTY 500","21 Oct 2011","5496.70","-"
"NIFTY 500","24 Oct 2011","5526.77","-"
"NIFTY 500","25 Oct 2011","5602.01","-"
"NIFTY 500","26 Oct 2011","5626.10","-"
"NIFTY 500","28 Oct 2011","5777.31","-"
"NIFTY 500","31 Oct 2011","5758.67","-"
"NIFTY 500","01 Nov 2011","5697.06","-"
"NIFTY 500","02 Nov 2011","5698.00","-"
"NIFTY 500","03 Nov 2011","5709.46","-"
"NIFTY 500","04 Nov 2011","5739.53","-"
"NIFTY 500","08 Nov 2011","5742.55","-"
"NIFTY 500","09 Nov 2011","5666.26","-"
"NIFTY 500","11 Nov 2011","5603.14","-"
"NIFTY 500","14 Nov 2011","5567.14","-"
"NIFTY 500","15 Nov 2011","5461.14","-"
"NIFTY 500","16 Nov 2011","5418.14","-"
"NIFTY 500","17 Nov 2011","5321.59","-"
"NIFTY 500","18 Nov 2011","5286.51","-"
"NIFTY 500","21 Nov 2011","5162.96","-"
"NIFTY 500","22 Nov 2011","5193.09","-"
"NIFTY 500","23 Nov 2011","5083.16","-"
"NIFTY 500","24 Nov 2011","5141.49","-"
"NIFTY 500","25 Nov 2011","5113.30","-"
"NIFTY 500","28 Nov 2011","5246.28","-"
"NIFTY 500","29 Nov 2011","5197.73","-"
"NIFTY 500","30 Nov 2011","5207.62","-"
"NIFTY 500","01 Dec 2011","5299.72","-"
"NIFTY 500","02 Dec 2011","5413.82","-"
"NIFTY 500","05 Dec 2011","5407.86","-"
"NIFTY 500","07 Dec 2011","5425.37","-"
"NIFTY 500","08 Dec 2011","5306.74","-"
"NIFTY 500","09 Dec 2011","5234.41","-"
"NIFTY 500","12 Dec 2011","5125.41","-"
"NIFTY 500","13 Dec 2011","5147.35","-"
"NIFTY 500","14 Dec 2011","5105.65","-"
"NIFTY 500","15 Dec 2011","5083.26","-"
"NIFTY 500","16 Dec 2011","4984.55","-"
"NIFTY 500","19 Dec 2011","4924.25","-"
"NIFTY 500","20 Dec 2011","4842.64","-"
"NIFTY 500","21 Dec 2011","4975.02","-"
"NIFTY 500","22 Dec 2011","5020.94","-"
"NIFTY 500","23 Dec 2011","5001.86","-"
"NIFTY 500","26 Dec 2011","5061.02","-"
"NIFTY 500","27 Dec 2011","5028.80","-"
"NIFTY 500","28 Dec 2011","4979.44","-"
"NIFTY 500","29 Dec 2011","4929.55","-"
"NIFTY 500","30 Dec 2011","4916.08","-"
"NIFTY 500","02 Jan 2012","4922.60","-"
"NIFTY 500","03 Jan 2012","5057.03","-"
"NIFTY 500","04 Jan 2012","5049.18","-"
"NIFTY 500","05 Jan 2012","5050.71","-"
"NIFTY 500","06 Jan 2012","5050.40","-"
"NIFTY 500","07 Jan 2012","5054.33","-"
"NIFTY 500","09 Jan 2012","5059.22","-"
"NIFTY 500","10 Jan 2012","5174.15","-"
"NIFTY 500","11 Jan 2012","5201.68","-"
"NIFTY 500","12 Jan 2012","5190.59","-"
"NIFTY 500","13 Jan 2012","5231.33","-"
"NIFTY 500","16 Jan 2012","5239.60","-"
"NIFTY 500","17 Jan 2012","5330.96","-"
"NIFTY 500","18 Jan 2012","5306.10","-"
"NIFTY 500","19 Jan 2012","5374.66","-"
"NIFTY 500","20 Jan 2012","5403.11","-"
"NIFTY 500","23 Jan 2012","5403.06","-"
"NIFTY 500","24 Jan 2012","5491.03","-"
"NIFTY 500","25 Jan 2012","5539.36","-"
"NIFTY 500","27 Jan 2012","5585.26","-"
"NIFTY 500","30 Jan 2012","5463.12","-"
"NIFTY 500","31 Jan 2012","5583.02","-"
"NIFTY 500","01 Feb 2012","5630.73","-"
"NIFTY 500","02 Feb 2012","5670.52","-"
"NIFTY 500","03 Feb 2012","5727.85","-"
"NIFTY 500","06 Feb 2012","5780.67","-"
"NIFTY 500","07 Feb 2012","5742.38","-"
"NIFTY 500","08 Feb 2012","5788.78","-"
"NIFTY 500","09 Feb 2012","5843.21","-"
"NIFTY 500","10 Feb 2012","5824.09","-"
"NIFTY 500","13 Feb 2012","5833.32","-"
"NIFTY 500","14 Feb 2012","5867.13","-"
"NIFTY 500","15 Feb 2012","5993.30","-"
"NIFTY 500","16 Feb 2012","5999.38","-"
"NIFTY 500","17 Feb 2012","6037.88","-"
"NIFTY 500","21 Feb 2012","6083.74","-"
"NIFTY 500","22 Feb 2012","5937.96","-"
"NIFTY 500","23 Feb 2012","5913.47","-"
"NIFTY 500","24 Feb 2012","5861.03","-"
"NIFTY 500","27 Feb 2012","5697.54","-"
"NIFTY 500","28 Feb 2012","5825.40","-"
"NIFTY 500","29 Feb 2012","5848.67","-"
"NIFTY 500","01 Mar 2012","5805.23","-"
"NIFTY 500","02 Mar 2012","5819.92","-"
"NIFTY 500","03 Mar 2012","5821.95","-"
"NIFTY 500","05 Mar 2012","5739.16","-"
"NIFTY 500","06 Mar 2012","5679.24","-"
"NIFTY 500","07 Mar 2012","5673.22","-"
"NIFTY 500","09 Mar 2012","5799.08","-"
"NIFTY 500","12 Mar 2012","5835.48","-"
"NIFTY 500","13 Mar 2012","5907.22","-"
"NIFTY 500","14 Mar 2012","5941.94","-"
"NIFTY 500","15 Mar 2012","5850.93","-"
"NIFTY 500","16 Mar 2012","5783.04","-"
"NIFTY 500","19 Mar 2012","5716.34","-"
"NIFTY 500","20 Mar 2012","5743.83","-"
"NIFTY 500","21 Mar 2012","5844.99","-"
"NIFTY 500","22 Mar 2012","5700.62","-"
"NIFTY 500","23 Mar 2012","5751.15","-"
"NIFTY 500","26 Mar 2012","5654.02","-"
"NIFTY 500","27 Mar 2012","5705.11","-"
"NIFTY 500","28 Mar 2012","5651.20","-"
"NIFTY 500","29 Mar 2012","5645.28","-"
"NIFTY 500","30 Mar 2012","5778.58","-"
"NIFTY 500","02 Apr 2012","5813.00","-"
"NIFTY 500","03 Apr 2012","5862.68","-"
"NIFTY 500","04 Apr 2012","5834.08","-"
"NIFTY 500","09 Apr 2012","5740.59","-"
"NIFTY 500","10 Apr 2012","5744.45","-"
"NIFTY 500","11 Apr 2012","5720.77","-"
"NIFTY 500","12 Apr 2012","5771.71","-"
"NIFTY 500","13 Apr 2012","5707.38","-"
"NIFTY 500","16 Apr 2012","5730.89","-"
"NIFTY 500","17 Apr 2012","5792.98","-"
"NIFTY 500","18 Apr 2012","5806.57","-"
"NIFTY 500","19 Apr 2012","5831.08","-"
"NIFTY 500","20 Apr 2012","5785.11","-"
"NIFTY 500","23 Apr 2012","5687.37","-"
"NIFTY 500","24 Apr 2012","5699.91","-"
"NIFTY 500","25 Apr 2012","5675.67","-"
"NIFTY 500","26 Apr 2012","5657.72","-"
"NIFTY 500","27 Apr 2012","5654.94","-"
"NIFTY 500","28 Apr 2012","5676.81","-"
"NIFTY 500","30 Apr 2012","5719.56","-"
"NIFTY 500","02 May 2012","5709.96","-"
"NIFTY 500","03 May 2012","5651.62","-"
"NIFTY 500","04 May 2012","5545.12","-"
"NIFTY 500","07 May 2012","5578.07","-"
"NIFTY 500","08 May 2012","5465.33","-"
"NIFTY 500","09 May 2012","5425.83","-"
"NIFTY 500","10 May 2012","5420.29","-"
"NIFTY 500","11 May 2012","5377.45","-"
"NIFTY 500","14 May 2012","5348.26","-"
"NIFTY 500","15 May 2012","5383.85","-"
"NIFTY 500","16 May 2012","5299.73","-"
"NIFTY 500","17 May 2012","5310.30","-"
"NIFTY 500","18 May 2012","5323.96","-"
"NIFTY 500","21 May 2012","5344.98","-"
"NIFTY 500","22 May 2012","5297.58","-"
"NIFTY 500","23 May 2012","5268.81","-"
"NIFTY 500","24 May 2012","5350.13","-"
"NIFTY 500","25 May 2012","5358.28","-"
"NIFTY 500","28 May 2012","5427.41","-"
"NIFTY 500","29 May 2012","5427.50","-"
"NIFTY 500","30 May 2012","5376.44","-"
"NIFTY 500","31 May 2012","5367.52","-"
"NIFTY 500","01 Jun 2012","5283.66","-"
"NIFTY 500","04 Jun 2012","5282.29","-"
"NIFTY 500","05 Jun 2012","5298.42","-"
"NIFTY 500","06 Jun 2012","5430.76","-"
"NIFTY 500","07 Jun 2012","5483.87","-"
"NIFTY 500","08 Jun 2012","5503.87","-"
"NIFTY 500","11 Jun 2012","5490.51","-"
"NIFTY 500","12 Jun 2012","5549.38","-"
"NIFTY 500","13 Jun 2012","5553.28","-"
"NIFTY 500","14 Jun 2012","5484.80","-"
"NIFTY 500","15 Jun 2012","5560.97","-"
"NIFTY 500","18 Jun 2012","5483.88","-"
"NIFTY 500","19 Jun 2012","5518.37","-"
"NIFTY 500","20 Jun 2012","5547.86","-"
"NIFTY 500","21 Jun 2012","5599.01","-"
"NIFTY 500","22 Jun 2012","5587.59","-"
"NIFTY 500","25 Jun 2012","5561.87","-"
"NIFTY 500","26 Jun 2012","5573.50","-"
"NIFTY 500","27 Jun 2012","5596.69","-"
"NIFTY 500","28 Jun 2012","5606.48","-"
"NIFTY 500","29 Jun 2012","5738.04","-"
"NIFTY 500","02 Jul 2012","5752.15","-"
"NIFTY 500","03 Jul 2012","5773.85","-"
"NIFTY 500","04 Jul 2012","5797.16","-"
"NIFTY 500","05 Jul 2012","5832.31","-"
"NIFTY 500","06 Jul 2012","5815.06","-"
"NIFTY 500","09 Jul 2012","5760.27","-"
"NIFTY 500","10 Jul 2012","5831.32","-"
"NIFTY 500","11 Jul 2012","5796.90","-"
"NIFTY 500","12 Jul 2012","5735.17","-"
"NIFTY 500","13 Jul 2012","5725.20","-"
"NIFTY 500","16 Jul 2012","5696.45","-"
"NIFTY 500","17 Jul 2012","5680.54","-"
"NIFTY 500","18 Jul 2012","5705.03","-"
"NIFTY 500","19 Jul 2012","5729.78","-"
"NIFTY 500","20 Jul 2012","5699.08","-"
"NIFTY 500","23 Jul 2012","5608.88","-"
"NIFTY 500","24 Jul 2012","5623.51","-"
"NIFTY 500","25 Jul 2012","5600.20","-"
"NIFTY 500","26 Jul 2012","5519.67","-"
"NIFTY 500","27 Jul 2012","5553.73","-"
"NIFTY 500","30 Jul 2012","5658.81","-"
"NIFTY 500","31 Jul 2012","5689.60","-"
"NIFTY 500","01 Aug 2012","5711.31","-"
"NIFTY 500","02 Aug 2012","5707.53","-"
"NIFTY 500","03 Aug 2012","5694.03","-"
"NIFTY 500","06 Aug 2012","5753.96","-"
"NIFTY 500","07 Aug 2012","5801.24","-"
"NIFTY 500","08 Aug 2012","5795.31","-"
"NIFTY 500","09 Aug 2012","5779.93","-"
"NIFTY 500","10 Aug 2012","5775.56","-"
"NIFTY 500","13 Aug 2012","5811.91","-"
"NIFTY 500","14 Aug 2012","5843.28","-"
"NIFTY 500","16 Aug 2012","5827.79","-"
"NIFTY 500","17 Aug 2012","5829.37","-"
"NIFTY 500","21 Aug 2012","5876.66","-"
"NIFTY 500","22 Aug 2012","5865.26","-"
"NIFTY 500","23 Aug 2012","5863.48","-"
"NIFTY 500","24 Aug 2012","5833.16","-"
"NIFTY 500","27 Aug 2012","5790.56","-"
"NIFTY 500","28 Aug 2012","5764.91","-"
"NIFTY 500","29 Aug 2012","5719.68","-"
"NIFTY 500","30 Aug 2012","5746.76","-"
"NIFTY 500","31 Aug 2012","5701.84","-"
"NIFTY 500","03 Sep 2012","5699.38","-"
"NIFTY 500","04 Sep 2012","5727.48","-"
"NIFTY 500","05 Sep 2012","5682.66","-"
"NIFTY 500","06 Sep 2012","5698.26","-"
"NIFTY 500","07 Sep 2012","5794.77","-"
"NIFTY 500","08 Sep 2012","5815.71","-"
"NIFTY 500","10 Sep 2012","5825.41","-"
"NIFTY 500","11 Sep 2012","5848.55","-"
"NIFTY 500","12 Sep 2012","5884.12","-"
"NIFTY 500","13 Sep 2012","5884.17","-"
"NIFTY 500","14 Sep 2012","6007.46","-"
"NIFTY 500","17 Sep 2012","6055.02","-"
"NIFTY 500","18 Sep 2012","6065.95","-"
"NIFTY 500","20 Sep 2012","6021.98","-"
"NIFTY 500","21 Sep 2012","6156.37","-"
"NIFTY 500","24 Sep 2012","6149.25","-"
"NIFTY 500","25 Sep 2012","6162.30","-"
"NIFTY 500","26 Sep 2012","6159.01","-"
"NIFTY 500","27 Sep 2012","6159.22","-"
"NIFTY 500","28 Sep 2012","6223.06","-"
"NIFTY 500","01 Oct 2012","6248.93","-"
"NIFTY 500","03 Oct 2012","6271.93","-"
"NIFTY 500","04 Oct 2012","6326.99","-"
"NIFTY 500","05 Oct 2012","6283.49","-"
"NIFTY 500","08 Oct 2012","6217.15","-"
"NIFTY 500","09 Oct 2012","6249.47","-"
"NIFTY 500","10 Oct 2012","6186.04","-"
"NIFTY 500","11 Oct 2012","6250.03","-"
"NIFTY 500","12 Oct 2012","6225.87","-"
"NIFTY 500","15 Oct 2012","6233.74","-"
"NIFTY 500","16 Oct 2012","6190.38","-"
"NIFTY 500","17 Oct 2012","6201.47","-"
"NIFTY 500","18 Oct 2012","6267.29","-"
"NIFTY 500","19 Oct 2012","6231.98","-"
"NIFTY 500","22 Oct 2012","6258.24","-"
"NIFTY 500","23 Oct 2012","6232.86","-"
"NIFTY 500","25 Oct 2012","6244.50","-"
"NIFTY 500","26 Oct 2012","6191.82","-"
"NIFTY 500","29 Oct 2012","6184.56","-"
"NIFTY 500","30 Oct 2012","6114.24","-"
"NIFTY 500","31 Oct 2012","6148.86","-"
"NIFTY 500","01 Nov 2012","6186.05","-"
"NIFTY 500","02 Nov 2012","6236.35","-"
"NIFTY 500","05 Nov 2012","6238.21","-"
"NIFTY 500","06 Nov 2012","6261.73","-"
"NIFTY 500","07 Nov 2012","6304.37","-"
"NIFTY 500","08 Nov 2012","6290.47","-"
"NIFTY 500","09 Nov 2012","6234.91","-"
"NIFTY 500","12 Nov 2012","6249.38","-"
"NIFTY 500","13 Nov 2012","6247.78","-"
"NIFTY 500","15 Nov 2012","6218.86","-"
"NIFTY 500","16 Nov 2012","6155.39","-"
"NIFTY 500","19 Nov 2012","6136.25","-"
"NIFTY 500","20 Nov 2012","6124.06","-"
"NIFTY 500","21 Nov 2012","6165.65","-"
"NIFTY 500","22 Nov 2012","6184.50","-"
"NIFTY 500","23 Nov 2012","6187.73","-"
"NIFTY 500","26 Nov 2012","6214.63","-"
"NIFTY 500","27 Nov 2012","6309.83","-"
"NIFTY 500","29 Nov 2012","6405.96","-"
"NIFTY 500","30 Nov 2012","6465.86","-"
"NIFTY 500","03 Dec 2012","6479.45","-"
"NIFTY 500","04 Dec 2012","6502.17","-"
"NIFTY 500","05 Dec 2012","6516.89","-"
"NIFTY 500","06 Dec 2012","6555.71","-"
"NIFTY 500","07 Dec 2012","6533.67","-"
"NIFTY 500","10 Dec 2012","6544.25","-"
"NIFTY 500","11 Dec 2012","6522.59","-"
"NIFTY 500","12 Dec 2012","6513.77","-"
"NIFTY 500","13 Dec 2012","6464.29","-"
"NIFTY 500","14 Dec 2012","6498.55","-"
"NIFTY 500","17 Dec 2012","6491.86","-"
"NIFTY 500","18 Dec 2012","6538.72","-"
"NIFTY 500","19 Dec 2012","6576.70","-"
"NIFTY 500","20 Dec 2012","6564.40","-"
"NIFTY 500","21 Dec 2012","6482.11","-"
"NIFTY 500","24 Dec 2012","6494.87","-"
"NIFTY 500","26 Dec 2012","6545.51","-"
"NIFTY 500","27 Dec 2012","6510.55","-"
"NIFTY 500","28 Dec 2012","6554.75","-"
"NIFTY 500","31 Dec 2012","6561.87","-"
"NIFTY 500","01 Jan 2013","6621.03","-"
"NIFTY 500","02 Jan 2013","6666.27","-"
"NIFTY 500","03 Jan 2013","6689.51","-"
"NIFTY 500","04 Jan 2013","6701.00","-"
"NIFTY 500","07 Jan 2013","6683.61","-"
"NIFTY 500","08 Jan 2013","6692.62","-"
"NIFTY 500","09 Jan 2013","6661.92","-"
"NIFTY 500","10 Jan 2013","6652.83","-"
"NIFTY 500","11 Jan 2013","6609.88","-"
"NIFTY 500","14 Jan 2013","6690.90","-"
"NIFTY 500","15 Jan 2013","6721.61","-"
"NIFTY 500","16 Jan 2013","6650.66","-"
"NIFTY 500","17 Jan 2013","6683.81","-"
"NIFTY 500","18 Jan 2013","6701.36","-"
"NIFTY 500","21 Jan 2013","6718.01","-"
"NIFTY 500","22 Jan 2013","6671.44","-"
"NIFTY 500","23 Jan 2013","6661.59","-"
"NIFTY 500","24 Jan 2013","6591.13","-"
"NIFTY 500","25 Jan 2013","6663.88","-"
"NIFTY 500","28 Jan 2013","6666.48","-"
"NIFTY 500","29 Jan 2013","6633.97","-"
"NIFTY 500","30 Jan 2013","6637.28","-"
"NIFTY 500","31 Jan 2013","6634.78","-"
"NIFTY 500","01 Feb 2013","6608.15","-"
"NIFTY 500","04 Feb 2013","6585.55","-"
"NIFTY 500","05 Feb 2013","6550.49","-"
"NIFTY 500","06 Feb 2013","6556.73","-"
"NIFTY 500","07 Feb 2013","6522.41","-"
"NIFTY 500","08 Feb 2013","6480.27","-"
"NIFTY 500","11 Feb 2013","6474.03","-"
"NIFTY 500","12 Feb 2013","6491.27","-"
"NIFTY 500","13 Feb 2013","6488.71","-"
"NIFTY 500","14 Feb 2013","6436.06","-"
"NIFTY 500","15 Feb 2013","6432.36","-"
"NIFTY 500","18 Feb 2013","6450.13","-"
"NIFTY 500","19 Feb 2013","6502.07","-"
"NIFTY 500","20 Feb 2013","6503.83","-"
"NIFTY 500","21 Feb 2013","6397.81","-"
"NIFTY 500","22 Feb 2013","6397.86","-"
"NIFTY 500","25 Feb 2013","6383.84","-"
"NIFTY 500","26 Feb 2013","6280.65","-"
"NIFTY 500","27 Feb 2013","6323.66","-"
"NIFTY 500","28 Feb 2013","6198.24","-"
"NIFTY 500","01 Mar 2013","6229.92","-"
"NIFTY 500","04 Mar 2013","6188.94","-"
"NIFTY 500","05 Mar 2013","6284.24","-"
"NIFTY 500","06 Mar 2013","6327.79","-"
"NIFTY 500","07 Mar 2013","6370.86","-"
"NIFTY 500","08 Mar 2013","6452.74","-"
"NIFTY 500","11 Mar 2013","6453.58","-"
"NIFTY 500","12 Mar 2013","6419.89","-"
"NIFTY 500","13 Mar 2013","6348.10","-"
"NIFTY 500","14 Mar 2013","6404.49","-"
"NIFTY 500","15 Mar 2013","6366.35","-"
"NIFTY 500","18 Mar 2013","6332.11","-"
"NIFTY 500","19 Mar 2013","6232.82","-"
"NIFTY 500","20 Mar 2013","6156.96","-"
"NIFTY 500","21 Mar 2013","6112.45","-"
"NIFTY 500","22 Mar 2013","6101.23","-"
"NIFTY 500","25 Mar 2013","6081.57","-"
"NIFTY 500","26 Mar 2013","6087.66","-"
"NIFTY 500","28 Mar 2013","6148.26","-"
"NIFTY 500","01 Apr 2013","6186.03","-"
"NIFTY 500","02 Apr 2013","6245.85","-"
"NIFTY 500","03 Apr 2013","6174.43","-"
"NIFTY 500","04 Apr 2013","6066.04","-"
"NIFTY 500","05 Apr 2013","6049.49","-"
"NIFTY 500","08 Apr 2013","6041.87","-"
"NIFTY 500","09 Apr 2013","5989.54","-"
"NIFTY 500","10 Apr 2013","6049.16","-"
"NIFTY 500","11 Apr 2013","6079.13","-"
"NIFTY 500","12 Apr 2013","6030.25","-"
"NIFTY 500","15 Apr 2013","6062.58","-"
"NIFTY 500","16 Apr 2013","6175.48","-"
"NIFTY 500","17 Apr 2013","6181.34","-"
"NIFTY 500","18 Apr 2013","6271.49","-"
"NIFTY 500","22 Apr 2013","6337.53","-"
"NIFTY 500","23 Apr 2013","6334.75","-"
"NIFTY 500","25 Apr 2013","6406.71","-"
"NIFTY 500","26 Apr 2013","6361.47","-"
"NIFTY 500","29 Apr 2013","6401.95","-"
"NIFTY 500","30 Apr 2013","6430.90","-"
"NIFTY 500","02 May 2013","6504.78","-"
"NIFTY 500","03 May 2013","6455.00","-"
"NIFTY 500","06 May 2013","6491.76","-"
"NIFTY 500","07 May 2013","6563.83","-"
"NIFTY 500","08 May 2013","6587.26","-"
"NIFTY 500","09 May 2013","6564.15","-"
"NIFTY 500","10 May 2013","6610.48","-"
"NIFTY 500","11 May 2013","6625.08","-"
"NIFTY 500","13 May 2013","6500.34","-"
"NIFTY 500","14 May 2013","6518.01","-"
"NIFTY 500","15 May 2013","6668.38","-"
"NIFTY 500","16 May 2013","6695.10","-"
"NIFTY 500","17 May 2013","6718.54","-"
"NIFTY 500","20 May 2013","6683.64","-"
"NIFTY 500","21 May 2013","6636.87","-"
"NIFTY 500","22 May 2013","6607.30","-"
"NIFTY 500","23 May 2013","6471.07","-"
"NIFTY 500","24 May 2013","6495.21","-"
"NIFTY 500","27 May 2013","6593.30","-"
"NIFTY 500","28 May 2013","6623.80","-"
"NIFTY 500","29 May 2013","6609.41","-"
"NIFTY 500","30 May 2013","6625.94","-"
"NIFTY 500","31 May 2013","6502.47","-"
"NIFTY 500","03 Jun 2013","6471.69","-"
"NIFTY 500","04 Jun 2013","6462.34","-"
"NIFTY 500","05 Jun 2013","6467.86","-"
"NIFTY 500","06 Jun 2013","6465.38","-"
"NIFTY 500","07 Jun 2013","6420.57","-"
"NIFTY 500","10 Jun 2013","6397.44","-"
"NIFTY 500","11 Jun 2013","6293.93","-"
"NIFTY 500","12 Jun 2013","6255.65","-"
"NIFTY 500","13 Jun 2013","6182.90","-"
"NIFTY 500","14 Jun 2013","6292.36","-"
"NIFTY 500","17 Jun 2013","6336.52","-"
"NIFTY 500","18 Jun 2013","6313.16","-"
"NIFTY 500","19 Jun 2013","6329.95","-"
"NIFTY 500","20 Jun 2013","6160.34","-"
"NIFTY 500","21 Jun 2013","6147.39","-"
"NIFTY 500","24 Jun 2013","6043.80","-"
"NIFTY 500","25 Jun 2013","6050.09","-"
"NIFTY 500","26 Jun 2013","6030.01","-"
"NIFTY 500","27 Jun 2013","6114.89","-"
"NIFTY 500","28 Jun 2013","6277.73","-"
"NIFTY 500","01 Jul 2013","6362.81","-"
"NIFTY 500","02 Jul 2013","6322.22","-"
"NIFTY 500","03 Jul 2013","6225.59","-"
"NIFTY 500","04 Jul 2013","6289.54","-"
"NIFTY 500","05 Jul 2013","6315.80","-"
"NIFTY 500","08 Jul 2013","6267.69","-"
"NIFTY 500","09 Jul 2013","6322.15","-"
"NIFTY 500","10 Jul 2013","6284.17","-"
"NIFTY 500","11 Jul 2013","6389.64","-"
"NIFTY 500","12 Jul 2013","6452.31","-"
"NIFTY 500","15 Jul 2013","6488.25","-"
"NIFTY 500","16 Jul 2013","6406.00","-"
"NIFTY 500","17 Jul 2013","6407.99","-"
"NIFTY 500","18 Jul 2013","6479.41","-"
"NIFTY 500","19 Jul 2013","6459.04","-"
"NIFTY 500","22 Jul 2013","6456.87","-"
"NIFTY 500","23 Jul 2013","6498.28","-"
"NIFTY 500","24 Jul 2013","6397.24","-"
"NIFTY 500","25 Jul 2013","6319.02","-"
"NIFTY 500","26 Jul 2013","6285.39","-"
"NIFTY 500","29 Jul 2013","6219.91","-"
"NIFTY 500","30 Jul 2013","6124.51","-"
"NIFTY 500","31 Jul 2013","6109.86","-"
"NIFTY 500","01 Aug 2013","6074.32","-"
"NIFTY 500","02 Aug 2013","6019.93","-"
"NIFTY 500","05 Aug 2013","6031.75","-"
"NIFTY 500","06 Aug 2013","5879.75","-"
"NIFTY 500","07 Aug 2013","5879.46","-"
"NIFTY 500","08 Aug 2013","5930.39","-"
"NIFTY 500","12 Aug 2013","5990.61","-"
"NIFTY 500","13 Aug 2013","6086.76","-"
"NIFTY 500","14 Aug 2013","6131.24","-"
"NIFTY 500","16 Aug 2013","5897.10","-"
"NIFTY 500","19 Aug 2013","5796.21","-"
"NIFTY 500","20 Aug 2013","5777.38","-"
"NIFTY 500","21 Aug 2013","5681.15","-"
"NIFTY 500","22 Aug 2013","5774.59","-"
"NIFTY 500","23 Aug 2013","5840.98","-"
"NIFTY 500","26 Aug 2013","5856.18","-"
"NIFTY 500","27 Aug 2013","5669.34","-"
"NIFTY 500","28 Aug 2013","5651.37","-"
"NIFTY 500","29 Aug 2013","5770.62","-"
"NIFTY 500","30 Aug 2013","5831.25","-"
"NIFTY 500","02 Sep 2013","5914.21","-"
"NIFTY 500","03 Sep 2013","5716.38","-"
"NIFTY 500","04 Sep 2013","5816.37","-"
"NIFTY 500","05 Sep 2013","5957.06","-"
"NIFTY 500","06 Sep 2013","6036.03","-"
"NIFTY 500","10 Sep 2013","6237.55","-"
"NIFTY 500","11 Sep 2013","6273.78","-"
"NIFTY 500","12 Sep 2013","6213.34","-"
"NIFTY 500","13 Sep 2013","6219.72","-"
"NIFTY 500","16 Sep 2013","6206.48","-"
"NIFTY 500","17 Sep 2013","6211.73","-"
"NIFTY 500","18 Sep 2013","6259.12","-"
"NIFTY 500","19 Sep 2013","6469.18","-"
"NIFTY 500","20 Sep 2013","6374.62","-"
"NIFTY 500","23 Sep 2013","6265.46","-"
"NIFTY 500","24 Sep 2013","6268.47","-"
"NIFTY 500","25 Sep 2013","6258.60","-"
"NIFTY 500","26 Sep 2013","6265.96","-"
"NIFTY 500","27 Sep 2013","6229.07","-"
"NIFTY 500","30 Sep 2013","6139.75","-"
"NIFTY 500","01 Oct 2013","6182.91","-"
"NIFTY 500","03 Oct 2013","6308.34","-"
"NIFTY 500","04 Oct 2013","6313.23","-"
"NIFTY 500","07 Oct 2013","6322.54","-"
"NIFTY 500","08 Oct 2013","6341.66","-"
"NIFTY 500","09 Oct 2013","6419.91","-"
"NIFTY 500","10 Oct 2013","6440.93","-"
"NIFTY 500","11 Oct 2013","6502.92","-"
"NIFTY 500","14 Oct 2013","6522.67","-"
"NIFTY 500","15 Oct 2013","6485.76","-"
"NIFTY 500","17 Oct 2013","6448.99","-"
"NIFTY 500","18 Oct 2013","6581.65","-"
"NIFTY 500","21 Oct 2013","6615.33","-"
"NIFTY 500","22 Oct 2013","6625.74","-"
"NIFTY 500","23 Oct 2013","6604.96","-"
"NIFTY 500","24 Oct 2013","6590.36","-"
"NIFTY 500","25 Oct 2013","6563.90","-"
"NIFTY 500","28 Oct 2013","6512.87","-"
"NIFTY 500","29 Oct 2013","6630.78","-"
"NIFTY 500","30 Oct 2013","6663.25","-"
"NIFTY 500","31 Oct 2013","6720.89","-"
"NIFTY 500","01 Nov 2013","6746.28","-"
"NIFTY 500","03 Nov 2013","6770.26","-"
"NIFTY 500","05 Nov 2013","6725.77","-"
"NIFTY 500","06 Nov 2013","6693.20","-"
"NIFTY 500","07 Nov 2013","6647.97","-"
"NIFTY 500","08 Nov 2013","6611.57","-"
"NIFTY 500","11 Nov 2013","6547.83","-"
"NIFTY 500","12 Nov 2013","6487.68","-"
"NIFTY 500","13 Nov 2013","6456.05","-"
"NIFTY 500","14 Nov 2013","6533.65","-"
"NIFTY 500","18 Nov 2013","6660.31","-"
"NIFTY 500","19 Nov 2013","6675.98","-"
"NIFTY 500","20 Nov 2013","6603.60","-"
"NIFTY 500","21 Nov 2013","6480.30","-"
"NIFTY 500","22 Nov 2013","6481.23","-"
"NIFTY 500","25 Nov 2013","6598.14","-"
"NIFTY 500","26 Nov 2013","6546.54","-"
"NIFTY 500","27 Nov 2013","6547.53","-"
"NIFTY 500","28 Nov 2013","6588.04","-"
"NIFTY 500","29 Nov 2013","6673.85","-"
"NIFTY 500","02 Dec 2013","6721.81","-"
"NIFTY 500","03 Dec 2013","6709.93","-"
"NIFTY 500","04 Dec 2013","6666.03","-"
"NIFTY 500","05 Dec 2013","6736.66","-"
"NIFTY 500","06 Dec 2013","6758.75","-"
"NIFTY 500","09 Dec 2013","6853.10","-"
"NIFTY 500","10 Dec 2013","6820.53","-"
"NIFTY 500","11 Dec 2013","6795.07","-"
"NIFTY 500","12 Dec 2013","6732.06","-"
"NIFTY 500","13 Dec 2013","6655.76","-"
"NIFTY 500","16 Dec 2013","6655.66","-"
"NIFTY 500","17 Dec 2013","6645.22","-"
"NIFTY 500","18 Dec 2013","6731.12","-"
"NIFTY 500","19 Dec 2013","6690.46","-"
"NIFTY 500","20 Dec 2013","6803.87","-"
"NIFTY 500","23 Dec 2013","6827.93","-"
"NIFTY 500","24 Dec 2013","6824.11","-"
"NIFTY 500","26 Dec 2013","6840.50","-"
"NIFTY 500","27 Dec 2013","6878.08","-"
"NIFTY 500","30 Dec 2013","6857.48","-"
"NIFTY 500","31 Dec 2013","6878.29","-"
"NIFTY 500","01 Jan 2014","6887.24","-"
"NIFTY 500","02 Jan 2014","6786.10","-"
"NIFTY 500","03 Jan 2014","6788.46","-"
"NIFTY 500","06 Jan 2014","6780.61","-"
"NIFTY 500","07 Jan 2014","6745.94","-"
"NIFTY 500","08 Jan 2014","6764.54","-"
"NIFTY 500","09 Jan 2014","6745.79","-"
"NIFTY 500","10 Jan 2014","6737.11","-"
"NIFTY 500","13 Jan 2014","6815.50","-"
"NIFTY 500","14 Jan 2014","6788.63","-"
"NIFTY 500","15 Jan 2014","6857.22","-"
"NIFTY 500","16 Jan 2014","6845.55","-"
"NIFTY 500","17 Jan 2014","6775.43","-"
"NIFTY 500","20 Jan 2014","6827.89","-"
"NIFTY 500","21 Jan 2014","6839.92","-"
"NIFTY 500","22 Jan 2014","6864.83","-"
"NIFTY 500","23 Jan 2014","6864.49","-"
"NIFTY 500","24 Jan 2014","6771.18","-"
"NIFTY 500","27 Jan 2014","6616.01","-"
"NIFTY 500","28 Jan 2014","6609.08","-"
"NIFTY 500","29 Jan 2014","6609.07","-"
"NIFTY 500","30 Jan 2014","6545.50","-"
"NIFTY 500","31 Jan 2014","6594.58","-"
"NIFTY 500","03 Feb 2014","6510.11","-"
"NIFTY 500","04 Feb 2014","6515.69","-"
"NIFTY 500","05 Feb 2014","6542.91","-"
"NIFTY 500","06 Feb 2014","6556.21","-"
"NIFTY 500","07 Feb 2014","6585.49","-"
"NIFTY 500","10 Feb 2014","6572.99","-"
"NIFTY 500","11 Feb 2014","6583.15","-"
"NIFTY 500","12 Feb 2014","6600.76","-"
"NIFTY 500","13 Feb 2014","6514.42","-"
"NIFTY 500","14 Feb 2014","6553.39","-"
"NIFTY 500","17 Feb 2014","6572.01","-"
"NIFTY 500","18 Feb 2014","6629.78","-"
"NIFTY 500","19 Feb 2014","6659.76","-"
"NIFTY 500","20 Feb 2014","6609.12","-"
"NIFTY 500","21 Feb 2014","6674.15","-"
"NIFTY 500","24 Feb 2014","6702.71","-"
"NIFTY 500","25 Feb 2014","6717.80","-"
"NIFTY 500","26 Feb 2014","6749.31","-"
"NIFTY 500","28 Feb 2014","6795.74","-"
"NIFTY 500","03 Mar 2014","6751.13","-"
"NIFTY 500","04 Mar 2014","6831.34","-"
"NIFTY 500","05 Mar 2014","6870.18","-"
"NIFTY 500","06 Mar 2014","6951.88","-"
"NIFTY 500","07 Mar 2014","7056.66","-"
"NIFTY 500","10 Mar 2014","7074.34","-"
"NIFTY 500","11 Mar 2014","7047.77","-"
"NIFTY 500","12 Mar 2014","7050.30","-"
"NIFTY 500","13 Mar 2014","7020.17","-"
"NIFTY 500","14 Mar 2014","7026.32","-"
"NIFTY 500","18 Mar 2014","7059.74","-"
"NIFTY 500","19 Mar 2014","7072.10","-"
"NIFTY 500","20 Mar 2014","7030.99","-"
"NIFTY 500","21 Mar 2014","7053.74","-"
"NIFTY 500","22 Mar 2014","7062.80","-"
"NIFTY 500","24 Mar 2014","7138.38","-"
"NIFTY 500","25 Mar 2014","7154.56","-"
"NIFTY 500","26 Mar 2014","7171.59","-"
"NIFTY 500","27 Mar 2014","7217.12","-"
"NIFTY 500","28 Mar 2014","7295.57","-"
"NIFTY 500","31 Mar 2014","7327.40","-"
"NIFTY 500","01 Apr 2014","7338.75","-"
"NIFTY 500","02 Apr 2014","7394.17","-"
"NIFTY 500","03 Apr 2014","7369.21","-"
"NIFTY 500","04 Apr 2014","7341.39","-"
"NIFTY 500","07 Apr 2014","7341.00","-"
"NIFTY 500","09 Apr 2014","7454.65","-"
"NIFTY 500","10 Apr 2014","7473.07","-"
"NIFTY 500","11 Apr 2014","7458.11","-"
"NIFTY 500","15 Apr 2014","7402.66","-"
"NIFTY 500","16 Apr 2014","7335.68","-"
"NIFTY 500","17 Apr 2014","7448.49","-"
"NIFTY 500","21 Apr 2014","7499.71","-"
"NIFTY 500","22 Apr 2014","7498.92","-"
"NIFTY 500","23 Apr 2014","7521.16","-"
"NIFTY 500","25 Apr 2014","7473.76","-"
"NIFTY 500","28 Apr 2014","7463.76","-"
"NIFTY 500","29 Apr 2014","7414.05","-"
"NIFTY 500","30 Apr 2014","7371.39","-"
"NIFTY 500","02 May 2014","7378.90","-"
"NIFTY 500","05 May 2014","7378.04","-"
"NIFTY 500","06 May 2014","7396.44","-"
"NIFTY 500","07 May 2014","7339.93","-"
"NIFTY 500","08 May 2014","7345.23","-"
"NIFTY 500","09 May 2014","7540.68","-"
"NIFTY 500","12 May 2014","7686.36","-"
"NIFTY 500","13 May 2014","7802.56","-"
"NIFTY 500","14 May 2014","7832.12","-"
"NIFTY 500","15 May 2014","7827.44","-"
"NIFTY 500","16 May 2014","7936.28","-"
"NIFTY 500","19 May 2014","8085.95","-"
"NIFTY 500","20 May 2014","8125.76","-"
"NIFTY 500","21 May 2014","8127.66","-"
"NIFTY 500","22 May 2014","8196.42","-"
"NIFTY 500","23 May 2014","8311.92","-"
"NIFTY 500","26 May 2014","8256.00","-"
"NIFTY 500","27 May 2014","8200.44","-"
"NIFTY 500","28 May 2014","8224.40","-"
"NIFTY 500","29 May 2014","8138.03","-"
"NIFTY 500","30 May 2014","8147.00","-"
"NIFTY 500","02 Jun 2014","8299.83","-"
"NIFTY 500","03 Jun 2014","8368.85","-"
"NIFTY 500","04 Jun 2014","8391.36","-"
"NIFTY 500","05 Jun 2014","8489.06","-"
"NIFTY 500","06 Jun 2014","8620.59","-"
"NIFTY 500","09 Jun 2014","8714.42","-"
"NIFTY 500","10 Jun 2014","8708.35","-"
"NIFTY 500","11 Jun 2014","8653.61","-"
"NIFTY 500","12 Jun 2014","8677.99","-"
"NIFTY 500","13 Jun 2014","8521.43","-"
"NIFTY 500","16 Jun 2014","8520.94","-"
"NIFTY 500","17 Jun 2014","8637.18","-"
"NIFTY 500","18 Jun 2014","8560.63","-"
"NIFTY 500","19 Jun 2014","8532.42","-"
"NIFTY 500","20 Jun 2014","8495.74","-"
"NIFTY 500","23 Jun 2014","8494.82","-"
"NIFTY 500","24 Jun 2014","8601.62","-"
"NIFTY 500","25 Jun 2014","8603.62","-"
"NIFTY 500","26 Jun 2014","8534.36","-"
"NIFTY 500","27 Jun 2014","8557.40","-"
"NIFTY 500","30 Jun 2014","8687.05","-"
"NIFTY 500","01 Jul 2014","8723.15","-"
"NIFTY 500","02 Jul 2014","8831.62","-"
"NIFTY 500","03 Jul 2014","8821.35","-"
"NIFTY 500","04 Jul 2014","8868.56","-"
"NIFTY 500","07 Jul 2014","8903.24","-"
"NIFTY 500","08 Jul 2014","8664.45","-"
"NIFTY 500","09 Jul 2014","8597.72","-"
"NIFTY 500","10 Jul 2014","8600.03","-"
"NIFTY 500","11 Jul 2014","8440.86","-"
"NIFTY 500","14 Jul 2014","8440.72","-"
"NIFTY 500","15 Jul 2014","8549.68","-"
"NIFTY 500","16 Jul 2014","8663.38","-"
"NIFTY 500","17 Jul 2014","8709.73","-"
"NIFTY 500","18 Jul 2014","8717.13","-"
"NIFTY 500","21 Jul 2014","8740.00","-"
"NIFTY 500","22 Jul 2014","8812.04","-"
"NIFTY 500","23 Jul 2014","8826.35","-"
"NIFTY 500","24 Jul 2014","8852.77","-"
"NIFTY 500","25 Jul 2014","8784.93","-"
"NIFTY 500","28 Jul 2014","8746.33","-"
"NIFTY 500","30 Jul 2014","8792.88","-"
"NIFTY 500","31 Jul 2014","8739.55","-"
"NIFTY 500","01 Aug 2014","8622.98","-"
"NIFTY 500","04 Aug 2014","8713.67","-"
"NIFTY 500","05 Aug 2014","8786.00","-"
"NIFTY 500","06 Aug 2014","8711.58","-"
"NIFTY 500","07 Aug 2014","8683.68","-"
"NIFTY 500","08 Aug 2014","8570.60","-"
"NIFTY 500","11 Aug 2014","8634.17","-"
"NIFTY 500","12 Aug 2014","8731.30","-"
"NIFTY 500","13 Aug 2014","8707.64","-"
"NIFTY 500","14 Aug 2014","8776.48","-"
"NIFTY 500","18 Aug 2014","8887.25","-"
"NIFTY 500","19 Aug 2014","8936.53","-"
"NIFTY 500","20 Aug 2014","8926.70","-"
"NIFTY 500","21 Aug 2014","8952.73","-"
"NIFTY 500","22 Aug 2014","8971.19","-"
"NIFTY 500","25 Aug 2014","8943.08","-"
"NIFTY 500","26 Aug 2014","8937.43","-"
"NIFTY 500","27 Aug 2014","8976.09","-"
"NIFTY 500","28 Aug 2014","8984.16","-"
"NIFTY 500","01 Sep 2014","9093.92","-"
"NIFTY 500","02 Sep 2014","9158.94","-"
"NIFTY 500","03 Sep 2014","9206.14","-"
"NIFTY 500","04 Sep 2014","9184.54","-"
"NIFTY 500","05 Sep 2014","9185.85","-"
"NIFTY 500","08 Sep 2014","9293.44","-"
"NIFTY 500","09 Sep 2014","9292.25","-"
"NIFTY 500","10 Sep 2014","9240.24","-"
"NIFTY 500","11 Sep 2014","9261.27","-"
"NIFTY 500","12 Sep 2014","9286.77","-"
"NIFTY 500","15 Sep 2014","9240.76","-"
"NIFTY 500","16 Sep 2014","9058.72","-"
"NIFTY 500","17 Sep 2014","9103.02","-"
"NIFTY 500","18 Sep 2014","9270.06","-"
"NIFTY 500","19 Sep 2014","9272.59","-"
"NIFTY 500","22 Sep 2014","9294.45","-"
"NIFTY 500","23 Sep 2014","9136.61","-"
"NIFTY 500","24 Sep 2014","9098.00","-"
"NIFTY 500","25 Sep 2014","8965.36","-"
"NIFTY 500","26 Sep 2014","9040.84","-"
"NIFTY 500","29 Sep 2014","9057.52","-"
"NIFTY 500","30 Sep 2014","9067.95","-"
"NIFTY 500","01 Oct 2014","9043.00","-"
"NIFTY 500","07 Oct 2014","8939.54","-"
"NIFTY 500","08 Oct 2014","8927.98","-"
"NIFTY 500","09 Oct 2014","9068.97","-"
"NIFTY 500","10 Oct 2014","8947.31","-"
"NIFTY 500","13 Oct 2014","8978.50","-"
"NIFTY 500","14 Oct 2014","8960.80","-"
"NIFTY 500","16 Oct 2014","8801.25","-"
"NIFTY 500","17 Oct 2014","8843.41","-"
"NIFTY 500","20 Oct 2014","8956.06","-"
"NIFTY 500","21 Oct 2014","9017.60","-"
"NIFTY 500","22 Oct 2014","9100.32","-"
"NIFTY 500","23 Oct 2014","9138.01","-"
"NIFTY 500","27 Oct 2014","9103.60","-"
"NIFTY 500","28 Oct 2014","9140.74","-"
"NIFTY 500","29 Oct 2014","9209.85","-"
"NIFTY 500","30 Oct 2014","9290.05","-"
"NIFTY 500","31 Oct 2014","9454.02","-"
"NIFTY 500","03 Nov 2014","9480.58","-"
"NIFTY 500","05 Nov 2014","9493.98","-"
"NIFTY 500","07 Nov 2014","9504.13","-"
"NIFTY 500","10 Nov 2014","9513.79","-"
"NIFTY 500","11 Nov 2014","9549.66","-"
"NIFTY 500","12 Nov 2014","9584.31","-"
"NIFTY 500","13 Nov 2014","9550.93","-"
"NIFTY 500","14 Nov 2014","9596.48","-"
"NIFTY 500","17 Nov 2014","9653.20","-"
"NIFTY 500","18 Nov 2014","9669.62","-"
"NIFTY 500","19 Nov 2014","9613.59","-"
"NIFTY 500","20 Nov 2014","9625.78","-"
"NIFTY 500","21 Nov 2014","9683.73","-"
"NIFTY 500","24 Nov 2014","9731.17","-"
"NIFTY 500","25 Nov 2014","9631.76","-"
"NIFTY 500","26 Nov 2014","9652.93","-"
"NIFTY 500","27 Nov 2014","9680.99","-"
"NIFTY 500","28 Nov 2014","9783.89","-"
"NIFTY 500","01 Dec 2014","9755.60","-"
"NIFTY 500","02 Dec 2014","9752.27","-"
"NIFTY 500","03 Dec 2014","9808.68","-"
"NIFTY 500","04 Dec 2014","9844.32","-"
"NIFTY 500","05 Dec 2014","9811.48","-"
"NIFTY 500","08 Dec 2014","9697.81","-"
"NIFTY 500","09 Dec 2014","9571.12","-"
"NIFTY 500","10 Dec 2014","9611.68","-"
"NIFTY 500","11 Dec 2014","9539.13","-"
"NIFTY 500","12 Dec 2014","9448.06","-"
"NIFTY 500","15 Dec 2014","9429.76","-"
"NIFTY 500","16 Dec 2014","9229.88","-"
"NIFTY 500","17 Dec 2014","9184.17","-"
"NIFTY 500","18 Dec 2014","9371.89","-"
"NIFTY 500","19 Dec 2014","9434.91","-"
"NIFTY 500","22 Dec 2014","9539.55","-"
"NIFTY 500","23 Dec 2014","9481.35","-"
"NIFTY 500","24 Dec 2014","9407.26","-"
"NIFTY 500","26 Dec 2014","9441.52","-"
"NIFTY 500","29 Dec 2014","9503.45","-"
"NIFTY 500","30 Dec 2014","9524.91","-"
"NIFTY 500","31 Dec 2014","9581.35","-"
"NIFTY 500","01 Jan 2015","9598.91","9598.91"
"NIFTY 500","02 Jan 2015","9712.57","9712.57"
"NIFTY 500","05 Jan 2015","9699.88","9699.88"
"NIFTY 500","06 Jan 2015","9416.03","9416.03"
"NIFTY 500","07 Jan 2015","9399.29","9399.29"
"NIFTY 500","08 Jan 2015","9555.56","9555.56"
"NIFTY 500","09 Jan 2015","9594.54","9594.54"
"NIFTY 500","12 Jan 2015","9639.88","9639.88"
"NIFTY 500","13 Jan 2015","9620.57","9620.57"
"NIFTY 500","14 Jan 2015","9600.47","9600.47"
"NIFTY 500","15 Jan 2015","9813.17","9813.17"
"NIFTY 500","16 Jan 2015","9847.05","9847.05"
"NIFTY 500","19 Jan 2015","9890.46","9890.46"
"NIFTY 500","20 Jan 2015","10015.63","10015.63"
"NIFTY 500","21 Jan 2015","10042.44","10042.44"
"NIFTY 500","22 Jan 2015","10074.49","10074.48"
"NIFTY 500","23 Jan 2015","10142.98","10142.98"
"NIFTY 500","27 Jan 2015","10226.57","10226.57"
"NIFTY 500","28 Jan 2015","10244.29","10244.29"
"NIFTY 500","29 Jan 2015","10267.06","10267.06"
"NIFTY 500","30 Jan 2015","10138.98","10138.98"
"NIFTY 500","02 Feb 2015","10147.78","10147.78"
"NIFTY 500","03 Feb 2015","10097.62","10097.62"
"NIFTY 500","04 Feb 2015","10057.71","10057.71"
"NIFTY 500","05 Feb 2015","10012.35","10012.35"
"NIFTY 500","06 Feb 2015","9945.69","9945.69"
"NIFTY 500","09 Feb 2015","9794.20","9794.2"
"NIFTY 500","10 Feb 2015","9847.33","9847.33"
"NIFTY 500","11 Feb 2015","9949.25","9949.25"
"NIFTY 500","12 Feb 2015","10057.44","10057.44"
"NIFTY 500","13 Feb 2015","10153.71","10153.7"
"NIFTY 500","16 Feb 2015","10152.18","10152.18"
"NIFTY 500","18 Feb 2015","10229.30","10229.3"
"NIFTY 500","19 Feb 2015","10249.54","10249.53"
"NIFTY 500","20 Feb 2015","10202.20","10202.2"
"NIFTY 500","23 Feb 2015","10114.67","10114.67"
"NIFTY 500","24 Feb 2015","10113.39","10113.38"
"NIFTY 500","25 Feb 2015","10110.02","10110.02"
"NIFTY 500","26 Feb 2015","10015.71","10015.71"
"NIFTY 500","27 Feb 2015","10203.63","10203.63"
"NIFTY 500","28 Feb 2015","10244.87","10244.86"
"NIFTY 500","02 Mar 2015","10330.83","10330.82"
"NIFTY 500","03 Mar 2015","10400.17","10400.17"
"NIFTY 500","04 Mar 2015","10307.61","10307.61"
"NIFTY 500","05 Mar 2015","10340.92","10340.92"
"NIFTY 500","09 Mar 2015","10154.48","10154.48"
"NIFTY 500","10 Mar 2015","10112.31","10111.79"
"NIFTY 500","11 Mar 2015","10091.02","10090.51"
"NIFTY 500","12 Mar 2015","10198.92","10198.4"
"NIFTY 500","13 Mar 2015","10053.55","10053.04"
"NIFTY 500","16 Mar 2015","10023.89","10023.37"
"NIFTY 500","17 Mar 2015","10130.22","10129.69"
"NIFTY 500","18 Mar 2015","10106.25","10105.73"
"NIFTY 500","19 Mar 2015","10049.18","10035.47"
"NIFTY 500","20 Mar 2015","9956.35","9942.77"
"NIFTY 500","23 Mar 2015","9912.99","9899.47"
"NIFTY 500","24 Mar 2015","9896.27","9882.78"
"NIFTY 500","25 Mar 2015","9879.38","9865.91"
"NIFTY 500","26 Mar 2015","9700.53","9686.87"
"NIFTY 500","27 Mar 2015","9701.08","9687.41"
"NIFTY 500","30 Mar 2015","9875.89","9861.99"
"NIFTY 500","31 Mar 2015","9887.50","9873.57"
"NIFTY 500","01 Apr 2015","10003.76","9989.67"
"NIFTY 500","06 Apr 2015","10098.11","10083.89"
"NIFTY 500","07 Apr 2015","10123.12","10108.86"
"NIFTY 500","08 Apr 2015","10192.92","10178.56"
"NIFTY 500","09 Apr 2015","10250.21","10235.77"
"NIFTY 500","10 Apr 2015","10267.30","10252.84"
"NIFTY 500","13 Apr 2015","10324.17","10309.63"
"NIFTY 500","15 Apr 2015","10236.29","10221.88"
"NIFTY 500","16 Apr 2015","10178.49","10164.16"
"NIFTY 500","17 Apr 2015","10051.66","10037.5"
"NIFTY 500","20 Apr 2015","9859.19","9845.31"
"NIFTY 500","21 Apr 2015","9788.32","9774.53"
"NIFTY 500","22 Apr 2015","9830.83","9816.98"
"NIFTY 500","23 Apr 2015","9808.78","9794.97"
"NIFTY 500","24 Apr 2015","9673.30","9659.68"
"NIFTY 500","27 Apr 2015","9527.82","9514.41"
"NIFTY 500","28 Apr 2015","9628.12","9614.57"
"NIFTY 500","29 Apr 2015","9609.77","9596.24"
"NIFTY 500","30 Apr 2015","9564.36","9550.89"
"NIFTY 500","04 May 2015","9739.69","9725.98"
"NIFTY 500","05 May 2015","9747.19","9733.47"
"NIFTY 500","06 May 2015","9467.63","9454.3"
"NIFTY 500","07 May 2015","9376.91","9363.7"
"NIFTY 500","08 May 2015","9538.39","9524.96"
"NIFTY 500","11 May 2015","9694.50","9680.86"
"NIFTY 500","12 May 2015","9482.52","9469.17"
"NIFTY 500","13 May 2015","9611.51","9597.98"
"NIFTY 500","14 May 2015","9634.70","9621.14"
"NIFTY 500","15 May 2015","9677.61","9663.99"
"NIFTY 500","18 May 2015","9796.46","9782.67"
"NIFTY 500","19 May 2015","9794.77","9780.98"
"NIFTY 500","20 May 2015","9844.00","9830.15"
"NIFTY 500","21 May 2015","9836.48","9822.63"
"NIFTY 500","22 May 2015","9872.96","9859.07"
"NIFTY 500","25 May 2015","9797.42","9783.63"
"NIFTY 500","26 May 2015","9768.32","9754.57"
"NIFTY 500","27 May 2015","9760.52","9746.78"
"NIFTY 500","28 May 2015","9737.99","9724.28"
"NIFTY 500","29 May 2015","9868.59","9854.7"
"NIFTY 500","01 Jun 2015","9865.83","9851.94"
"NIFTY 500","02 Jun 2015","9641.75","9628.18"
"NIFTY 500","03 Jun 2015","9511.22","9497.84"
"NIFTY 500","04 Jun 2015","9517.88","9504.5"
"NIFTY 500","05 Jun 2015","9514.13","9500.76"
"NIFTY 500","08 Jun 2015","9415.63","9402.39"
"NIFTY 500","09 Jun 2015","9389.50","9376.31"
"NIFTY 500","10 Jun 2015","9500.81","9487.46"
"NIFTY 500","11 Jun 2015","9326.67","9313.57"
"NIFTY 500","12 Jun 2015","9339.39","9326.26"
"NIFTY 500","15 Jun 2015","9377.28","9336.22"
"NIFTY 500","16 Jun 2015","9415.24","9374.01"
"NIFTY 500","17 Jun 2015","9491.86","9450.3"
"NIFTY 500","18 Jun 2015","9586.33","9544.36"
"NIFTY 500","19 Jun 2015","9641.75","9599.54"
"NIFTY 500","22 Jun 2015","9790.85","9747.99"
"NIFTY 500","23 Jun 2015","9823.28","9780.28"
"NIFTY 500","24 Jun 2015","9788.60","9745.75"
"NIFTY 500","25 Jun 2015","9831.17","9788.14"
"NIFTY 500","26 Jun 2015","9818.83","9775.85"
"NIFTY 500","29 Jun 2015","9726.78","9684.2"
"NIFTY 500","30 Jun 2015","9802.54","9759.63"
"NIFTY 500","01 Jul 2015","9909.29","9865.91"
"NIFTY 500","02 Jul 2015","9927.84","9884.4"
"NIFTY 500","03 Jul 2015","9957.17","9913.6"
"NIFTY 500","06 Jul 2015","10013.85","9970.03"
"NIFTY 500","07 Jul 2015","10024.95","9981.09"
"NIFTY 500","08 Jul 2015","9867.13","9812.18"
"NIFTY 500","09 Jul 2015","9835.67","9780.9"
"NIFTY 500","10 Jul 2015","9865.53","9810.61"
"NIFTY 500","13 Jul 2015","9980.78","9925.22"
"NIFTY 500","14 Jul 2015","9986.39","9930.8"
"NIFTY 500","15 Jul 2015","10054.51","9998.56"
"NIFTY 500","16 Jul 2015","10157.07","10100.55"
"NIFTY 500","17 Jul 2015","10173.33","10116.73"
"NIFTY 500","20 Jul 2015","10175.80","10116.29"
"NIFTY 500","21 Jul 2015","10064.48","10005.62"
"NIFTY 500","22 Jul 2015","10177.79","10118.27"
"NIFTY 500","23 Jul 2015","10151.24","10090.4"
"NIFTY 500","24 Jul 2015","10073.94","10013.57"
"NIFTY 500","27 Jul 2015","9903.91","9844.55"
"NIFTY 500","28 Jul 2015","9876.25","9816.97"
"NIFTY 500","29 Jul 2015","9931.20","9871.59"
"NIFTY 500","30 Jul 2015","9996.92","9936.93"
"NIFTY 500","31 Jul 2015","10120.91","10060.18"
"NIFTY 500","03 Aug 2015","10154.00","10093.07"
"NIFTY 500","04 Aug 2015","10164.71","10103.72"
"NIFTY 500","05 Aug 2015","10235.97","10174.55"
"NIFTY 500","06 Aug 2015","10258.90","10197.35"
"NIFTY 500","07 Aug 2015","10234.06","10172.66"
"NIFTY 500","10 Aug 2015","10196.68","10135.51"
"NIFTY 500","11 Aug 2015","10116.52","10055.83"
"NIFTY 500","12 Aug 2015","9953.20","9893.49"
"NIFTY 500","13 Aug 2015","9939.76","9880.13"
"NIFTY 500","14 Aug 2015","10133.83","10073.04"
"NIFTY 500","17 Aug 2015","10114.36","10053.69"
"NIFTY 500","18 Aug 2015","10125.33","10064.6"
"NIFTY 500","19 Aug 2015","10153.09","10092.19"
"NIFTY 500","20 Aug 2015","9998.16","9938.19"
"NIFTY 500","21 Aug 2015","9918.45","9858.96"
"NIFTY 500","24 Aug 2015","9252.89","9197.39"
"NIFTY 500","25 Aug 2015","9361.37","9305.22"
"NIFTY 500","26 Aug 2015","9281.44","9225.78"
"NIFTY 500","27 Aug 2015","9486.78","9429.89"
"NIFTY 500","28 Aug 2015","9540.87","9483.65"
"NIFTY 500","31 Aug 2015","9505.16","9448.16"
"NIFTY 500","01 Sep 2015","9297.72","9241.98"
"NIFTY 500","02 Sep 2015","9232.00","9176.66"
"NIFTY 500","03 Sep 2015","9353.85","9297.79"
"NIFTY 500","04 Sep 2015","9155.93","9101.05"
"NIFTY 500","07 Sep 2015","9017.51","8963.46"
"NIFTY 500","08 Sep 2015","9136.84","9082.08"
"NIFTY 500","09 Sep 2015","9301.50","9245.25"
"NIFTY 500","10 Sep 2015","9276.47","9220.38"
"NIFTY 500","11 Sep 2015","9286.56","9230.41"
"NIFTY 500","14 Sep 2015","9388.23","9330.23"
"NIFTY 500","15 Sep 2015","9332.24","9274.59"
"NIFTY 500","16 Sep 2015","9373.51","9315.61"
"NIFTY 500","18 Sep 2015","9466.88","9408.4"
"NIFTY 500","21 Sep 2015","9481.74","9423.17"
"NIFTY 500","22 Sep 2015","9312.67","9255.14"
"NIFTY 500","23 Sep 2015","9349.06","9287.57"
"NIFTY 500","24 Sep 2015","9377.56","9315.88"
"NIFTY 500","28 Sep 2015","9306.78","9245.56"
"NIFTY 500","29 Sep 2015","9346.82","9285.34"
"NIFTY 500","30 Sep 2015","9480.55","9418.2"
"NIFTY 500","01 Oct 2015","9492.52","9430.09"
"NIFTY 500","05 Oct 2015","9684.52","9620.83"
"NIFTY 500","06 Oct 2015","9726.72","9662.75"
"NIFTY 500","07 Oct 2015","9751.14","9687.01"
"NIFTY 500","08 Oct 2015","9691.28","9627.53"
"NIFTY 500","09 Oct 2015","9742.04","9677.97"
"NIFTY 500","12 Oct 2015","9703.39","9639.56"
"NIFTY 500","13 Oct 2015","9696.60","9632.82"
"NIFTY 500","14 Oct 2015","9680.23","9616.57"
"NIFTY 500","15 Oct 2015","9748.72","9684.6"
"NIFTY 500","16 Oct 2015","9804.45","9739.99"
"NIFTY 500","19 Oct 2015","9857.82","9793.01"
"NIFTY 500","20 Oct 2015","9857.01","9792.2"
"NIFTY 500","21 Oct 2015","9841.38","9776.68"
"NIFTY 500","23 Oct 2015","9867.09","9802.23"
"NIFTY 500","26 Oct 2015","9823.68","9759.11"
"NIFTY 500","27 Oct 2015","9806.26","9741.8"
"NIFTY 500","28 Oct 2015","9746.18","9682.11"
"NIFTY 500","29 Oct 2015","9684.35","9620.69"
"NIFTY 500","30 Oct 2015","9636.67","9573.33"
"NIFTY 500","02 Nov 2015","9622.86","9559.62"
"NIFTY 500","03 Nov 2015","9643.16","9579.78"
"NIFTY 500","04 Nov 2015","9623.25","9560"
"NIFTY 500","05 Nov 2015","9510.25","9447.75"
"NIFTY 500","06 Nov 2015","9493.72","9431.33"
"NIFTY 500","09 Nov 2015","9481.42","9419.11"
"NIFTY 500","10 Nov 2015","9332.91","9271.58"
"NIFTY 500","11 Nov 2015","9402.41","9340.63"
"NIFTY 500","13 Nov 2015","9318.84","9257.6"
"NIFTY 500","16 Nov 2015","9354.46","9292.99"
"NIFTY 500","17 Nov 2015","9396.37","9334.62"
"NIFTY 500","18 Nov 2015","9291.77","9230.71"
"NIFTY 500","19 Nov 2015","9416.16","9354.29"
"NIFTY 500","20 Nov 2015","9446.30","9384.23"
"NIFTY 500","23 Nov 2015","9446.05","9383.98"
"NIFTY 500","24 Nov 2015","9436.95","9374.94"
"NIFTY 500","26 Nov 2015","9488.07","9425.72"
"NIFTY 500","27 Nov 2015","9548.02","9485.28"
"NIFTY 500","30 Nov 2015","9546.85","9484.12"
"NIFTY 500","01 Dec 2015","9584.55","9521.57"
"NIFTY 500","02 Dec 2015","9566.43","9503.57"
"NIFTY 500","03 Dec 2015","9494.61","9432.22"
"NIFTY 500","04 Dec 2015","9402.35","9340.57"
"NIFTY 500","07 Dec 2015","9390.87","9329.17"
"NIFTY 500","08 Dec 2015","9302.79","9241.66"
"NIFTY 500","09 Dec 2015","9174.59","9114.31"
"NIFTY 500","10 Dec 2015","9258.75","9197.91"
"NIFTY 500","11 Dec 2015","9174.77","9114.49"
"NIFTY 500","14 Dec 2015","9220.65","9160.06"
"NIFTY 500","15 Dec 2015","9283.70","9222.7"
"NIFTY 500","16 Dec 2015","9331.87","9270.55"
"NIFTY 500","17 Dec 2015","9455.04","9392.71"
"NIFTY 500","18 Dec 2015","9382.34","9320.5"
"NIFTY 500","21 Dec 2015","9464.06","9401.68"
"NIFTY 500","22 Dec 2015","9418.08","9354.41"
"NIFTY 500","23 Dec 2015","9499.91","9435.68"
"NIFTY 500","24 Dec 2015","9505.68","9441.41"
"NIFTY 500","28 Dec 2015","9568.39","9503.7"
"NIFTY 500","29 Dec 2015","9574.92","9510.19"
"NIFTY 500","30 Dec 2015","9546.62","9481.95"
"NIFTY 500","31 Dec 2015","9602.78","9537.73"
"NIFTY 500","01 Jan 2016","9643.99","9578.67"
"NIFTY 500","04 Jan 2016","9468.58","9404.44"
"NIFTY 500","05 Jan 2016","9481.03","9416.81"
"NIFTY 500","06 Jan 2016","9435.52","9371.61"
"NIFTY 500","07 Jan 2016","9205.90","9143.55"
"NIFTY 500","08 Jan 2016","9268.72","9205.94"
"NIFTY 500","11 Jan 2016","9213.09","9150.68"
"NIFTY 500","12 Jan 2016","9146.77","9084.81"
"NIFTY 500","13 Jan 2016","9161.79","9099.73"
"NIFTY 500","14 Jan 2016","9107.86","9046.17"
"NIFTY 500","15 Jan 2016","8942.51","8881.94"
"NIFTY 500","18 Jan 2016","8780.81","8721.33"
"NIFTY 500","19 Jan 2016","8889.65","8829.44"
"NIFTY 500","20 Jan 2016","8733.39","8674.23"
"NIFTY 500","21 Jan 2016","8700.17","8641.24"
"NIFTY 500","22 Jan 2016","8878.15","8818.02"
"NIFTY 500","25 Jan 2016","8904.06","8843.76"
"NIFTY 500","27 Jan 2016","8915.95","8855.57"
"NIFTY 500","28 Jan 2016","8898.25","8837.99"
"NIFTY 500","29 Jan 2016","9054.56","8993.24"
"NIFTY 500","01 Feb 2016","9058.07","8996.73"
"NIFTY 500","02 Feb 2016","8931.05","8870.58"
"NIFTY 500","03 Feb 2016","8808.54","8748.9"
"NIFTY 500","04 Feb 2016","8837.24","8777.4"
"NIFTY 500","05 Feb 2016","8958.55","8897.9"
"NIFTY 500","08 Feb 2016","8871.81","8811.75"
"NIFTY 500","09 Feb 2016","8751.58","8692.33"
"NIFTY 500","10 Feb 2016","8646.60","8588.07"
"NIFTY 500","11 Feb 2016","8349.07","8292.56"
"NIFTY 500","12 Feb 2016","8335.12","8278.69"
"NIFTY 500","15 Feb 2016","8571.90","8513.87"
"NIFTY 500","16 Feb 2016","8415.34","8358.38"
"NIFTY 500","17 Feb 2016","8475.06","8417.7"
"NIFTY 500","18 Feb 2016","8559.10","8501.17"
"NIFTY 500","19 Feb 2016","8575.69","8517.65"
"NIFTY 500","22 Feb 2016","8609.89","8551.62"
"NIFTY 500","23 Feb 2016","8477.03","8419.66"
"NIFTY 500","24 Feb 2016","8375.38","8318.7"
"NIFTY 500","25 Feb 2016","8313.56","8257.3"
"NIFTY 500","26 Feb 2016","8365.56","8308.95"
"NIFTY 500","29 Feb 2016","8332.74","8276.35"
"NIFTY 500","01 Mar 2016","8604.50","8546.27"
"NIFTY 500","02 Mar 2016","8771.84","8712.48"
"NIFTY 500","03 Mar 2016","8888.13","8827.98"
"NIFTY 500","04 Mar 2016","8918.06","8857.71"
"NIFTY 500","08 Mar 2016","8924.33","8863.94"
"NIFTY 500","09 Mar 2016","8969.23","8907.44"
"NIFTY 500","10 Mar 2016","8923.32","8861.85"
"NIFTY 500","11 Mar 2016","8945.45","8883.82"
"NIFTY 500","14 Mar 2016","8985.75","8923.89"
"NIFTY 500","15 Mar 2016","8899.93","8838.66"
"NIFTY 500","16 Mar 2016","8924.52","8863.09"
"NIFTY 500","17 Mar 2016","8954.20","8892.61"
"NIFTY 500","18 Mar 2016","9050.81","8988.55"
"NIFTY 500","21 Mar 2016","9172.30","9109.22"
"NIFTY 500","22 Mar 2016","9190.10","9126.9"
"NIFTY 500","23 Mar 2016","9197.92","9134.67"
"NIFTY 500","28 Mar 2016","9070.68","9008.31"
"NIFTY 500","29 Mar 2016","9053.98","8991.72"
"NIFTY 500","30 Mar 2016","9217.78","9154.39"
"NIFTY 500","31 Mar 2016","9239.92","9176.38"
"NIFTY 500","01 Apr 2016","9230.34","9166.86"
"NIFTY 500","04 Apr 2016","9279.23","9215.42"
"NIFTY 500","05 Apr 2016","9105.56","9042.94"
"NIFTY 500","06 Apr 2016","9133.81","9071"
"NIFTY 500","07 Apr 2016","9064.79","9002.45"
"NIFTY 500","08 Apr 2016","9088.92","9026.42"
"NIFTY 500","11 Apr 2016","9209.21","9145.88"
"NIFTY 500","12 Apr 2016","9265.75","9202.03"
"NIFTY 500","13 Apr 2016","9416.66","9351.91"
"NIFTY 500","18 Apr 2016","9502.13","9436.79"
"NIFTY 500","20 Apr 2016","9513.99","9448.57"
"NIFTY 500","21 Apr 2016","9501.07","9435.74"
"NIFTY 500","22 Apr 2016","9491.99","9426.72"
"NIFTY 500","25 Apr 2016","9442.60","9377.66"
"NIFTY 500","26 Apr 2016","9551.54","9485.86"
"NIFTY 500","27 Apr 2016","9572.88","9507.05"
"NIFTY 500","28 Apr 2016","9428.01","9363.17"
"NIFTY 500","29 Apr 2016","9435.77","9370.88"
"NIFTY 500","02 May 2016","9423.72","9358.71"
"NIFTY 500","03 May 2016","9356.97","9292.41"
"NIFTY 500","04 May 2016","9286.59","9222.52"
"NIFTY 500","05 May 2016","9309.92","9245.69"
"NIFTY 500","06 May 2016","9316.38","9252.1"
"NIFTY 500","09 May 2016","9457.72","9392.46"
"NIFTY 500","10 May 2016","9477.86","9412.47"
"NIFTY 500","11 May 2016","9443.08","9377.93"
"NIFTY 500","12 May 2016","9511.69","9446.07"
"NIFTY 500","13 May 2016","9427.84","9362.79"
"NIFTY 500","16 May 2016","9465.02","9399.72"
"NIFTY 500","17 May 2016","9495.73","9430.21"
"NIFTY 500","18 May 2016","9484.05","9418.62"
"NIFTY 500","19 May 2016","9376.55","9311.85"
"NIFTY 500","20 May 2016","9328.71","9264.35"
"NIFTY 500","23 May 2016","9303.21","9239.02"
"NIFTY 500","24 May 2016","9307.99","9243.77"
"NIFTY 500","25 May 2016","9491.69","9426.2"
"NIFTY 500","26 May 2016","9632.59","9566.13"
"NIFTY 500","27 May 2016","9735.44","9668.28"
"NIFTY 500","30 May 2016","9780.40","9712.92"
"NIFTY 500","31 May 2016","9757.09","9689.77"
"NIFTY 500","01 Jun 2016","9773.47","9706.04"
"NIFTY 500","02 Jun 2016","9822.02","9754.25"
"NIFTY 500","03 Jun 2016","9817.43","9749.69"
"NIFTY 500","06 Jun 2016","9803.72","9736.08"
"NIFTY 500","07 Jun 2016","9878.13","9809.98"
"NIFTY 500","08 Jun 2016","9903.43","9835.1"
"NIFTY 500","09 Jun 2016","9846.98","9779.04"
"NIFTY 500","10 Jun 2016","9810.17","9742.48"
"NIFTY 500","13 Jun 2016","9742.85","9675.63"
"NIFTY 500","14 Jun 2016","9755.44","9688.14"
"NIFTY 500","15 Jun 2016","9857.69","9789.68"
"NIFTY 500","16 Jun 2016","9800.32","9732.7"
"NIFTY 500","17 Jun 2016","9832.76","9764.92"
"NIFTY 500","20 Jun 2016","9903.05","9834.72"
"NIFTY 500","21 Jun 2016","9895.69","9827.42"
"NIFTY 500","22 Jun 2016","9875.46","9807.33"
"NIFTY 500","23 Jun 2016","9932.84","9864.31"
"NIFTY 500","24 Jun 2016","9738.77","9671.57"
"NIFTY 500","27 Jun 2016","9779.32","9711.85"
"NIFTY 500","28 Jun 2016","9828.27","9760.46"
"NIFTY 500","29 Jun 2016","9932.52","9864"
"NIFTY 500","30 Jun 2016","10038.73","9969.47"
"NIFTY 500","01 Jul 2016","10106.39","10008.13"
"NIFTY 500","04 Jul 2016","10170.09","10071.21"
"NIFTY 500","05 Jul 2016","10140.15","10041.56"
"NIFTY 500","07 Jul 2016","10140.75","10042.16"
"NIFTY 500","08 Jul 2016","10126.00","10027.55"
"NIFTY 500","11 Jul 2016","10287.57","10187.55"
"NIFTY 500","12 Jul 2016","10346.50","10245.91"
"NIFTY 500","13 Jul 2016","10324.90","10218.83"
"NIFTY 500","14 Jul 2016","10380.92","10273.96"
"NIFTY 500","15 Jul 2016","10356.16","10248.83"
"NIFTY 500","18 Jul 2016","10310.87","10204"
"NIFTY 500","19 Jul 2016","10334.21","10227.11"
"NIFTY 500","20 Jul 2016","10396.66","10288.91"
"NIFTY 500","21 Jul 2016","10348.60","10241.35"
"NIFTY 500","22 Jul 2016","10407.44","10299.58"
"NIFTY 500","25 Jul 2016","10521.16","10412.12"
"NIFTY 500","26 Jul 2016","10470.31","10361.79"
"NIFTY 500","27 Jul 2016","10510.64","10401.71"
"NIFTY 500","28 Jul 2016","10573.42","10463.83"
"NIFTY 500","29 Jul 2016","10561.53","10452.07"
"NIFTY 500","01 Aug 2016","10568.95","10459.41"
"NIFTY 500","02 Aug 2016","10535.23","10426.04"
"NIFTY 500","03 Aug 2016","10422.99","10314.96"
"NIFTY 500","04 Aug 2016","10445.76","10337.5"
"NIFTY 500","05 Aug 2016","10613.15","10503.16"
"NIFTY 500","08 Aug 2016","10662.79","10552.28"
"NIFTY 500","09 Aug 2016","10620.56","10510.49"
"NIFTY 500","10 Aug 2016","10489.54","10380.82"
"NIFTY 500","11 Aug 2016","10508.13","10399.23"
"NIFTY 500","12 Aug 2016","10592.39","10482.61"
"NIFTY 500","16 Aug 2016","10580.59","10470.93"
"NIFTY 500","17 Aug 2016","10587.03","10477.31"
"NIFTY 500","18 Aug 2016","10657.76","10547.3"
"NIFTY 500","19 Aug 2016","10668.86","10558.29"
"NIFTY 500","22 Aug 2016","10620.31","10510.24"
"NIFTY 500","23 Aug 2016","10614.66","10504.65"
"NIFTY 500","24 Aug 2016","10652.63","10542.23"
"NIFTY 500","25 Aug 2016","10591.34","10481.57"
"NIFTY 500","26 Aug 2016","10578.81","10467.22"
"NIFTY 500","29 Aug 2016","10616.61","10504.62"
"NIFTY 500","30 Aug 2016","10762.82","10649.29"
"NIFTY 500","31 Aug 2016","10806.58","10692.58"
"NIFTY 500","01 Sep 2016","10783.22","10669.47"
"NIFTY 500","02 Sep 2016","10828.04","10713.82"
"NIFTY 500","06 Sep 2016","10987.60","10871.38"
"NIFTY 500","07 Sep 2016","10977.36","10861.25"
"NIFTY 500","08 Sep 2016","11031.32","10913.66"
"NIFTY 500","09 Sep 2016","10934.44","10817.82"
"NIFTY 500","12 Sep 2016","10711.08","10596.84"
"NIFTY 500","14 Sep 2016","10761.82","10641.34"
"NIFTY 500","15 Sep 2016","10774.29","10653.67"
"NIFTY 500","16 Sep 2016","10809.89","10688.87"
"NIFTY 500","19 Sep 2016","10848.37","10726.91"
"NIFTY 500","20 Sep 2016","10814.58","10693.5"
"NIFTY 500","21 Sep 2016","10816.64","10695.54"
"NIFTY 500","22 Sep 2016","10934.35","10811.94"
"NIFTY 500","23 Sep 2016","10908.21","10786.08"
"NIFTY 500","26 Sep 2016","10799.69","10678.77"
"NIFTY 500","27 Sep 2016","10785.63","10664.88"
"NIFTY 500","28 Sep 2016","10850.59","10727.23"
"NIFTY 500","29 Sep 2016","10593.48","10473.04"
"NIFTY 500","30 Sep 2016","10677.17","10555.78"
"NIFTY 500","03 Oct 2016","10875.55","10751.91"
"NIFTY 500","04 Oct 2016","10926.74","10802.51"
"NIFTY 500","05 Oct 2016","10923.62","10799.43"
"NIFTY 500","06 Oct 2016","10882.82","10759.09"
"NIFTY 500","07 Oct 2016","10868.26","10744.7"
"NIFTY 500","10 Oct 2016","10876.25","10752.52"
"NIFTY 500","13 Oct 2016","10711.11","10589.26"
"NIFTY 500","14 Oct 2016","10742.18","10619.98"
"NIFTY 500","17 Oct 2016","10662.28","10540.99"
"NIFTY 500","18 Oct 2016","10846.76","10716.89"
"NIFTY 500","19 Oct 2016","10840.51","10710.71"
"NIFTY 500","20 Oct 2016","10885.45","10755.11"
"NIFTY 500","21 Oct 2016","10894.59","10764.14"
"NIFTY 500","24 Oct 2016","10909.63","10779"
"NIFTY 500","25 Oct 2016","10895.14","10764.69"
"NIFTY 500","26 Oct 2016","10801.60","10672.27"
"NIFTY 500","27 Oct 2016","10766.87","10637.95"
"NIFTY 500","28 Oct 2016","10827.51","10697.87"
"NIFTY 500","30 Oct 2016","10838.16","10708.39"
"NIFTY 500","01 Nov 2016","10840.64","10710.84"
"NIFTY 500","02 Nov 2016","10681.16","10553.27"
"NIFTY 500","03 Nov 2016","10615.11","10488.01"
"NIFTY 500","04 Nov 2016","10514.14","10388.25"
"NIFTY 500","07 Nov 2016","10596.79","10469.9"
"NIFTY 500","08 Nov 2016","10647.68","10520.19"
"NIFTY 500","09 Nov 2016","10476.32","10350.88"
"NIFTY 500","10 Nov 2016","10613.46","10486.38"
"NIFTY 500","11 Nov 2016","10301.51","10178.17"
"NIFTY 500","15 Nov 2016","9997.98","9878.26"
"NIFTY 500","16 Nov 2016","10015.14","9895.22"
"NIFTY 500","17 Nov 2016","9979.70","9860.2"
"NIFTY 500","18 Nov 2016","9987.01","9867.43"
"NIFTY 500","21 Nov 2016","9774.60","9657.56"
"NIFTY 500","22 Nov 2016","9881.29","9762.98"
"NIFTY 500","23 Nov 2016","9949.77","9830.64"
"NIFTY 500","24 Nov 2016","9884.60","9766.25"
"NIFTY 500","25 Nov 2016","10062.81","9942.32"
"NIFTY 500","28 Nov 2016","10095.55","9974.67"
"NIFTY 500","29 Nov 2016","10124.81","10003.58"
"NIFTY 500","30 Nov 2016","10234.36","10111.82"
"NIFTY 500","01 Dec 2016","10177.83","10055.96"
"NIFTY 500","02 Dec 2016","10043.45","9923.2"
"NIFTY 500","05 Dec 2016","10096.81","9975.92"
"NIFTY 500","06 Dec 2016","10121.91","10000.71"
"NIFTY 500","07 Dec 2016","10077.98","9957.31"
"NIFTY 500","08 Dec 2016","10248.68","10125.97"
"NIFTY 500","09 Dec 2016","10265.87","10142.95"
"NIFTY 500","12 Dec 2016","10153.18","10031.61"
"NIFTY 500","13 Dec 2016","10185.20","10063.25"
"NIFTY 500","14 Dec 2016","10126.37","10005.12"
"NIFTY 500","15 Dec 2016","10104.18","9975.88"
"NIFTY 500","16 Dec 2016","10085.73","9957.67"
"NIFTY 500","19 Dec 2016","10037.84","9910.38"
"NIFTY 500","20 Dec 2016","9986.85","9860.04"
"NIFTY 500","21 Dec 2016","9969.41","9842.83"
"NIFTY 500","22 Dec 2016","9854.23","9729.11"
"NIFTY 500","23 Dec 2016","9852.15","9727.06"
"NIFTY 500","26 Dec 2016","9721.39","9597.65"
"NIFTY 500","27 Dec 2016","9876.89","9751.17"
"NIFTY 500","28 Dec 2016","9899.09","9773.09"
"NIFTY 500","29 Dec 2016","9997.47","9870.22"
"NIFTY 500","30 Dec 2016","10094.85","9965.54"
"NIFTY 500","02 Jan 2017","10123.35","9993.67"
"NIFTY 500","03 Jan 2017","10161.31","10031.15"
"NIFTY 500","04 Jan 2017","10164.19","10033.99"
"NIFTY 500","05 Jan 2017","10274.28","10142.66"
"NIFTY 500","06 Jan 2017","10239.87","10108.7"
"NIFTY 500","09 Jan 2017","10242.80","10111.59"
"NIFTY 500","10 Jan 2017","10310.82","10178.74"
"NIFTY 500","11 Jan 2017","10429.31","10295.71"
"NIFTY 500","12 Jan 2017","10454.93","10320.37"
"NIFTY 500","13 Jan 2017","10449.78","10315.29"
"NIFTY 500","16 Jan 2017","10478.19","10343.33"
"NIFTY 500","17 Jan 2017","10471.94","10337.17"
"NIFTY 500","18 Jan 2017","10508.63","10373.39"
"NIFTY 500","19 Jan 2017","10536.59","10400.98"
"NIFTY 500","20 Jan 2017","10413.71","10279.68"
"NIFTY 500","23 Jan 2017","10472.14","10337.36"
"NIFTY 500","24 Jan 2017","10577.27","10441.14"
"NIFTY 500","25 Jan 2017","10725.46","10587.43"
"NIFTY 500","27 Jan 2017","10779.67","10640.94"
"NIFTY 500","30 Jan 2017","10775.29","10636.61"
"NIFTY 500","31 Jan 2017","10670.20","10532.87"
"NIFTY 500","01 Feb 2017","10868.73","10728.85"
"NIFTY 500","02 Feb 2017","10915.20","10774.72"
"NIFTY 500","03 Feb 2017","10948.16","10807.25"
"NIFTY 500","06 Feb 2017","11032.65","10890.66"
"NIFTY 500","07 Feb 2017","10997.99","10856.45"
"NIFTY 500","08 Feb 2017","11014.74","10872.98"
"NIFTY 500","09 Feb 2017","11031.66","10889.68"
"NIFTY 500","10 Feb 2017","11042.84","10900.72"
"NIFTY 500","13 Feb 2017","11036.99","10894.94"
"NIFTY 500","14 Feb 2017","11005.75","10864.1"
"NIFTY 500","15 Feb 2017","10900.89","10760.59"
"NIFTY 500","16 Feb 2017","10999.92","10858.35"
"NIFTY 500","17 Feb 2017","11056.01","10913.19"
"NIFTY 500","20 Feb 2017","11133.95","10990.14"
"NIFTY 500","21 Feb 2017","11182.31","11037.87"
"NIFTY 500","22 Feb 2017","11177.66","11033.27"
"NIFTY 500","23 Feb 2017","11189.57","11045.03"
"NIFTY 500","27 Feb 2017","11157.30","11013.18"
"NIFTY 500","28 Feb 2017","11163.37","11019.17"
"NIFTY 500","01 Mar 2017","11231.97","11086.89"
"NIFTY 500","02 Mar 2017","11140.72","10996.81"
"NIFTY 500","03 Mar 2017","11147.38","11003.38"
"NIFTY 500","06 Mar 2017","11218.67","11073.76"
"NIFTY 500","07 Mar 2017","11204.10","11059.38"
"NIFTY 500","08 Mar 2017","11168.88","11024.61"
"NIFTY 500","09 Mar 2017","11168.88","11022.21"
"NIFTY 500","10 Mar 2017","11170.20","11023.51"
"NIFTY 500","14 Mar 2017","11356.47","11207.34"
"NIFTY 500","15 Mar 2017","11384.10","11234.31"
"NIFTY 500","16 Mar 2017","11493.89","11342.66"
"NIFTY 500","17 Mar 2017","11500.51","11349.18"
"NIFTY 500","20 Mar 2017","11479.48","11328.44"
"NIFTY 500","21 Mar 2017","11465.92","11315.05"
"NIFTY 500","22 Mar 2017","11351.31","11201.94"
"NIFTY 500","23 Mar 2017","11432.10","11281.68"
"NIFTY 500","24 Mar 2017","11463.91","11313.07"
"NIFTY 500","27 Mar 2017","11406.27","11256.19"
"NIFTY 500","28 Mar 2017","11474.13","11323.15"
"NIFTY 500","29 Mar 2017","11524.00","11372.37"
"NIFTY 500","30 Mar 2017","11570.97","11418.72"
"NIFTY 500","31 Mar 2017","11598.65","11446.03"
"NIFTY 500","03 Apr 2017","11682.98","11529.25"
"NIFTY 500","05 Apr 2017","11743.79","11588.39"
"NIFTY 500","06 Apr 2017","11739.48","11584.14"
"NIFTY 500","07 Apr 2017","11671.65","11517.21"
"NIFTY 500","10 Apr 2017","11681.59","11527.02"
"NIFTY 500","11 Apr 2017","11765.69","11610"
"NIFTY 500","12 Apr 2017","11724.71","11569.57"
"NIFTY 500","13 Apr 2017","11675.47","11520.98"
"NIFTY 500","17 Apr 2017","11672.13","11517.68"
"NIFTY 500","18 Apr 2017","11614.85","11461.16"
"NIFTY 500","19 Apr 2017","11641.62","11487.58"
"NIFTY 500","20 Apr 2017","11702.74","11547.89"
"NIFTY 500","21 Apr 2017","11694.88","11540.13"
"NIFTY 500","24 Apr 2017","11810.47","11654.19"
"NIFTY 500","25 Apr 2017","11925.74","11767.93"
"NIFTY 500","26 Apr 2017","11946.26","11788.18"
"NIFTY 500","27 Apr 2017","11933.70","11775.79"
"NIFTY 500","28 Apr 2017","11922.34","11764.58"
"NIFTY 500","02 May 2017","11947.10","11789.01"
"NIFTY 500","03 May 2017","11941.80","11783.78"
"NIFTY 500","04 May 2017","11997.73","11838.97"
"NIFTY 500","05 May 2017","11892.47","11735.11"
"NIFTY 500","08 May 2017","11940.14","11782.14"
"NIFTY 500","09 May 2017","11964.28","11805.96"
"NIFTY 500","10 May 2017","12076.74","11916.94"
"NIFTY 500","11 May 2017","12092.44","11932.43"
"NIFTY 500","12 May 2017","12046.33","11886.92"
"NIFTY 500","15 May 2017","12121.96","11961.56"
"NIFTY 500","16 May 2017","12191.44","12030.12"
"NIFTY 500","17 May 2017","12188.17","12026.89"
"NIFTY 500","18 May 2017","12018.60","11859.56"
"NIFTY 500","19 May 2017","11988.17","11829.54"
"NIFTY 500","22 May 2017","11954.78","11796.59"
"NIFTY 500","23 May 2017","11844.60","11687.86"
"NIFTY 500","24 May 2017","11769.11","11613.38"
"NIFTY 500","25 May 2017","11954.04","11795.86"
"NIFTY 500","26 May 2017","12098.08","11937.99"
"NIFTY 500","29 May 2017","12052.09","11892.61"
"NIFTY 500","30 May 2017","12094.79","11934.75"
"NIFTY 500","31 May 2017","12126.76","11966.29"
"NIFTY 500","01 Jun 2017","12156.89","11996.03"
"NIFTY 500","02 Jun 2017","12214.27","12052.65"
"NIFTY 500","05 Jun 2017","12265.94","12103.63"
"NIFTY 500","06 Jun 2017","12209.99","12048.42"
"NIFTY 500","07 Jun 2017","12259.86","12097.63"
"NIFTY 500","08 Jun 2017","12256.91","12094.72"
"NIFTY 500","09 Jun 2017","12291.31","12128.67"
"NIFTY 500","12 Jun 2017","12227.81","12066.01"
"NIFTY 500","13 Jun 2017","12230.10","12061.83"
"NIFTY 500","14 Jun 2017","12248.80","12080.28"
"NIFTY 500","15 Jun 2017","12219.65","12049.64"
"NIFTY 500","16 Jun 2017","12236.16","12065.92"
"NIFTY 500","19 Jun 2017","12296.81","12125.72"
"NIFTY 500","20 Jun 2017","12301.38","12123.54"
"NIFTY 500","21 Jun 2017","12286.83","12109.2"
"NIFTY 500","22 Jun 2017","12260.64","12078.54"
"NIFTY 500","23 Jun 2017","12160.56","11979.95"
"NIFTY 500","27 Jun 2017","12059.45","11880.34"
"NIFTY 500","28 Jun 2017","12051.07","11872.09"
"NIFTY 500","29 Jun 2017","12087.21","11907.69"
"NIFTY 500","30 Jun 2017","12132.60","11952.41"
"NIFTY 500","03 Jul 2017","12256.67","12072.11"
"NIFTY 500","04 Jul 2017","12248.50","12064.06"
"NIFTY 500","05 Jul 2017","12308.37","12119.92"
"NIFTY 500","06 Jul 2017","12357.06","12167.37"
"NIFTY 500","07 Jul 2017","12353.92","12164.28"
"NIFTY 500","10 Jul 2017","12467.16","12275.53"
"NIFTY 500","11 Jul 2017","12450.31","12255.62"
"NIFTY 500","12 Jul 2017","12510.04","12314.42"
"NIFTY 500","13 Jul 2017","12605.02","12383.91"
"NIFTY 500","14 Jul 2017","12602.52","12381.45"
"NIFTY 500","17 Jul 2017","12630.62","12409.06"
"NIFTY 500","18 Jul 2017","12529.83","12310.03"
"NIFTY 500","19 Jul 2017","12635.56","12413.91"
"NIFTY 500","20 Jul 2017","12608.51","12387.34"
"NIFTY 500","21 Jul 2017","12650.09","12428.18"
"NIFTY 500","24 Jul 2017","12700.15","12477.36"
"NIFTY 500","25 Jul 2017","12711.75","12488.76"
"NIFTY 500","26 Jul 2017","12767.91","12543.94"
"NIFTY 500","27 Jul 2017","12753.12","12529.41"
"NIFTY 500","28 Jul 2017","12768.97","12544.98"
"NIFTY 500","31 Jul 2017","12837.04","12611.86"
"NIFTY 500","01 Aug 2017","12865.27","12639.59"
"NIFTY 500","02 Aug 2017","12829.27","12604.22"
"NIFTY 500","03 Aug 2017","12745.70","12522.12"
"NIFTY 500","04 Aug 2017","12814.74","12589.95"
"NIFTY 500","07 Aug 2017","12859.07","12633.5"
"NIFTY 500","08 Aug 2017","12743.25","12519.72"
"NIFTY 500","09 Aug 2017","12612.37","12391.13"
"NIFTY 500","10 Aug 2017","12409.81","12192.12"
"NIFTY 500","11 Aug 2017","12311.40","12095.43"
"NIFTY 500","14 Aug 2017","12478.55","12259.65"
"NIFTY 500","16 Aug 2017","12616.44","12395.13"
"NIFTY 500","17 Aug 2017","12627.50","12405.99"
"NIFTY 500","18 Aug 2017","12556.61","12336.35"
"NIFTY 500","21 Aug 2017","12432.66","12214.57"
"NIFTY 500","22 Aug 2017","12418.09","12200.26"
"NIFTY 500","23 Aug 2017","12543.72","12323.68"
"NIFTY 500","24 Aug 2017","12576.34","12355.73"
"NIFTY 500","28 Aug 2017","12669.70","12447.45"
"NIFTY 500","29 Aug 2017","12526.74","12307"
"NIFTY 500","30 Aug 2017","12660.32","12438.24"
"NIFTY 500","31 Aug 2017","12707.41","12484.5"
"NIFTY 500","01 Sep 2017","12795.51","12571.06"
"NIFTY 500","04 Sep 2017","12715.31","12492.26"
"NIFTY 500","05 Sep 2017","12784.41","12560.15"
"NIFTY 500","06 Sep 2017","12762.86","12538.98"
"NIFTY 500","07 Sep 2017","12801.05","12523.27"
"NIFTY 500","08 Sep 2017","12790.55","12513"
"NIFTY 500","11 Sep 2017","12881.49","12601.97"
"NIFTY 500","12 Sep 2017","12998.27","12716.21"
"NIFTY 500","13 Sep 2017","12963.97","12682.65"
"NIFTY 500","14 Sep 2017","12992.19","12710.27"
"NIFTY 500","15 Sep 2017","12996.37","12714.35"
"NIFTY 500","18 Sep 2017","13084.03","12799.51"
"NIFTY 500","19 Sep 2017","13091.41","12806.73"
"NIFTY 500","20 Sep 2017","13072.23","12787.97"
"NIFTY 500","21 Sep 2017","13033.09","12749.68"
"NIFTY 500","22 Sep 2017","12779.76","12501.86"
"NIFTY 500","25 Sep 2017","12633.98","12359.24"
"NIFTY 500","26 Sep 2017","12657.77","12382.52"
"NIFTY 500","27 Sep 2017","12462.32","12190.61"
"NIFTY 500","28 Sep 2017","12515.16","12237.44"
"NIFTY 500","29 Sep 2017","12577.95","12298.83"
"NIFTY 500","03 Oct 2017","12669.17","12388.03"
"NIFTY 500","04 Oct 2017","12734.23","12451.65"
"NIFTY 500","05 Oct 2017","12733.64","12451.07"
"NIFTY 500","06 Oct 2017","12852.04","12566.85"
"NIFTY 500","09 Oct 2017","12867.94","12582.39"
"NIFTY 500","10 Oct 2017","12923.71","12636.92"
"NIFTY 500","11 Oct 2017","12859.33","12573.97"
"NIFTY 500","12 Oct 2017","13002.13","12713.6"
"NIFTY 500","13 Oct 2017","13071.12","12781.06"
"NIFTY 500","16 Oct 2017","13141.38","12849.76"
"NIFTY 500","17 Oct 2017","13166.39","12874.22"
"NIFTY 500","18 Oct 2017","13140.53","12848.93"
"NIFTY 500","19 Oct 2017","13071.76","12781.69"
"NIFTY 500","23 Oct 2017","13123.33","12832.12"
"NIFTY 500","24 Oct 2017","13153.91","12862.02"
"NIFTY 500","25 Oct 2017","13259.23","12965"
"NIFTY 500","26 Oct 2017","13320.16","13024.58"
"NIFTY 500","27 Oct 2017","13316.83","13021.32"
"NIFTY 500","30 Oct 2017","13405.53","13108.05"
"NIFTY 500","31 Oct 2017","13394.75","13097.51"
"NIFTY 500","01 Nov 2017","13515.96","13216.03"
"NIFTY 500","02 Nov 2017","13520.50","13220.47"
"NIFTY 500","03 Nov 2017","13556.06","13255.24"
"NIFTY 500","06 Nov 2017","13574.58","13273.35"
"NIFTY 500","07 Nov 2017","13423.23","13125.36"
"NIFTY 500","08 Nov 2017","13347.31","13051.12"
"NIFTY 500","09 Nov 2017","13390.89","13093.74"
"NIFTY 500","10 Nov 2017","13403.43","13106"
"NIFTY 500","13 Nov 2017","13297.47","13002.39"
"NIFTY 500","14 Nov 2017","13252.24","12958.17"
"NIFTY 500","15 Nov 2017","13138.35","12846.8"
"NIFTY 500","16 Nov 2017","13272.37","12977.85"
"NIFTY 500","17 Nov 2017","13377.94","13081.07"
"NIFTY 500","20 Nov 2017","13414.42","13116.75"
"NIFTY 500","21 Nov 2017","13448.92","13150.48"
"NIFTY 500","22 Nov 2017","13463.99","13165.22"
"NIFTY 500","23 Nov 2017","13481.09","13181.94"
"NIFTY 500","24 Nov 2017","13537.67","13237.26"
"NIFTY 500","27 Nov 2017","13569.12","13268.01"
"NIFTY 500","28 Nov 2017","13549.81","13249.14"
"NIFTY 500","29 Nov 2017","13535.77","13235.41"
"NIFTY 500","30 Nov 2017","13403.72","13106.28"
"NIFTY 500","01 Dec 2017","13265.94","12971.56"
"NIFTY 500","04 Dec 2017","13264.38","12970.03"
"NIFTY 500","05 Dec 2017","13260.34","12966.08"
"NIFTY 500","06 Dec 2017","13160.70","12868.65"
"NIFTY 500","07 Dec 2017","13328.38","13032.61"
"NIFTY 500","08 Dec 2017","13456.52","13157.91"
"NIFTY 500","11 Dec 2017","13517.03","13217.08"
"NIFTY 500","12 Dec 2017","13406.62","13109.12"
"NIFTY 500","13 Dec 2017","13326.52","13030.79"
"NIFTY 500","14 Dec 2017","13373.19","13076.43"
"NIFTY 500","15 Dec 2017","13494.85","13195.39"
"NIFTY 500","18 Dec 2017","13574.20","13272.98"
"NIFTY 500","19 Dec 2017","13705.34","13401.21"
"NIFTY 500","20 Dec 2017","13709.78","13405.55"
"NIFTY 500","21 Dec 2017","13745.34","13418.3"
"NIFTY 500","22 Dec 2017","13809.42","13480.85"
"NIFTY 500","26 Dec 2017","13866.27","13536.35"
"NIFTY 500","27 Dec 2017","13819.26","13490.45"
"NIFTY 500","28 Dec 2017","13815.80","13487.08"
"NIFTY 500","29 Dec 2017","13896.02","13565.4"
"NIFTY 500","01 Jan 2018","13813.81","13485.14"
"NIFTY 500","02 Jan 2018","13789.42","13461.32"
"NIFTY 500","03 Jan 2018","13820.88","13492.04"
"NIFTY 500","04 Jan 2018","13918.10","13586.95"
"NIFTY 500","05 Jan 2018","14017.23","13683.72"
"NIFTY 500","08 Jan 2018","14113.60","13777.8"
"NIFTY 500","09 Jan 2018","14115.81","13779.95"
"NIFTY 500","10 Jan 2018","14100.89","13765.39"
"NIFTY 500","11 Jan 2018","14129.78","13793.59"
"NIFTY 500","12 Jan 2018","14151.61","13814.9"
"NIFTY 500","15 Jan 2018","14202.30","13864.38"
"NIFTY 500","16 Jan 2018","14074.53","13739.66"
"NIFTY 500","17 Jan 2018","14182.88","13845.43"
"NIFTY 500","18 Jan 2018","14125.75","13789.66"
"NIFTY 500","19 Jan 2018","14237.54","13898.78"
"NIFTY 500","22 Jan 2018","14332.39","13991.38"
"NIFTY 500","23 Jan 2018","14464.05","14119.91"
"NIFTY 500","24 Jan 2018","14429.98","14086.65"
"NIFTY 500","25 Jan 2018","14365.84","14024.04"
"NIFTY 500","29 Jan 2018","14379.96","14037.82"
"NIFTY 500","30 Jan 2018","14268.94","13929.44"
"NIFTY 500","31 Jan 2018","14203.09","13865.16"
"NIFTY 500","01 Feb 2018","14188.25","13850.67"
"NIFTY 500","02 Feb 2018","13782.37","13454.45"
"NIFTY 500","05 Feb 2018","13686.64","13360.99"
"NIFTY 500","06 Feb 2018","13461.63","13141.34"
"NIFTY 500","07 Feb 2018","13486.61","13165.73"
"NIFTY 500","08 Feb 2018","13662.65","13337.58"
"NIFTY 500","09 Feb 2018","13558.03","13235.44"
"NIFTY 500","12 Feb 2018","13700.66","13374.68"
"NIFTY 500","14 Feb 2018","13668.94","13343.72"
"NIFTY 500","15 Feb 2018","13668.38","13343.17"
"NIFTY 500","16 Feb 2018","13540.46","13218.29"
"NIFTY 500","19 Feb 2018","13429.56","13110.03"
"NIFTY 500","20 Feb 2018","13417.24","13098"
"NIFTY 500","21 Feb 2018","13442.27","13122.44"
"NIFTY 500","22 Feb 2018","13402.06","13083.19"
"NIFTY 500","23 Feb 2018","13567.59","13244.78"
"NIFTY 500","26 Feb 2018","13686.80","13361.15"
"NIFTY 500","27 Feb 2018","13642.21","13317.62"
"NIFTY 500","28 Feb 2018","13585.49","13262.25"
"NIFTY 500","01 Mar 2018","13531.83","13209.86"
"NIFTY 500","05 Mar 2018","13400.93","13082.08"
"NIFTY 500","06 Mar 2018","13260.12","12944.62"
"NIFTY 500","07 Mar 2018","13109.11","12797.2"
"NIFTY 500","08 Mar 2018","13202.82","12888.68"
"NIFTY 500","09 Mar 2018","13181.83","12868.19"
"NIFTY 500","12 Mar 2018","13380.35","13062"
"NIFTY 500","13 Mar 2018","13434.83","13115.18"
"NIFTY 500","14 Mar 2018","13425.47","13106.04"
"NIFTY 500","15 Mar 2018","13399.61","13073.27"
"NIFTY 500","16 Mar 2018","13214.46","12892.63"
"NIFTY 500","19 Mar 2018","13052.85","12734.96"
"NIFTY 500","20 Mar 2018","13100.23","12781.19"
"NIFTY 500","21 Mar 2018","13142.31","12822.24"
"NIFTY 500","22 Mar 2018","13077.48","12759"
"NIFTY 500","23 Mar 2018","12926.25","12611.44"
"NIFTY 500","26 Mar 2018","13093.19","12774.32"
"NIFTY 500","27 Mar 2018","13187.90","12863.32"
"NIFTY 500","28 Mar 2018","13090.98","12768.79"
"NIFTY 500","02 Apr 2018","13254.74","12928.52"
"NIFTY 500","03 Apr 2018","13330.03","13001.96"
"NIFTY 500","04 Apr 2018","13184.34","12859.85"
"NIFTY 500","05 Apr 2018","13435.15","13104.49"
"NIFTY 500","06 Apr 2018","13473.25","13141.66"
"NIFTY 500","09 Apr 2018","13521.92","13189.12"
"NIFTY 500","10 Apr 2018","13542.43","13209.13"
"NIFTY 500","11 Apr 2018","13559.63","13225.9"
"NIFTY 500","12 Apr 2018","13583.70","13249.39"
"NIFTY 500","13 Apr 2018","13613.67","13278.62"
"NIFTY 500","16 Apr 2018","13677.80","13341.17"
"NIFTY 500","17 Apr 2018","13705.74","13368.42"
"NIFTY 500","18 Apr 2018","13678.25","13341.6"
"NIFTY 500","19 Apr 2018","13744.05","13405.79"
"NIFTY 500","20 Apr 2018","13731.17","13393.23"
"NIFTY 500","23 Apr 2018","13769.15","13430.27"
"NIFTY 500","24 Apr 2018","13794.14","13454.64"
"NIFTY 500","25 Apr 2018","13735.00","13396.96"
"NIFTY 500","26 Apr 2018","13781.25","13442.07"
"NIFTY 500","27 Apr 2018","13872.77","13531.34"
"NIFTY 500","30 Apr 2018","13950.42","13607.08"
"NIFTY 500","02 May 2018","13874.76","13533.28"
"NIFTY 500","03 May 2018","13792.81","13453.26"
"NIFTY 500","04 May 2018","13721.00","13383.22"
"NIFTY 500","07 May 2018","13837.10","13496.46"
"NIFTY 500","08 May 2018","13838.65","13497.97"
"NIFTY 500","09 May 2018","13837.48","13496.83"
"NIFTY 500","10 May 2018","13752.47","13413.91"
"NIFTY 500","11 May 2018","13833.86","13493.3"
"NIFTY 500","14 May 2018","13795.05","13455.45"
"NIFTY 500","15 May 2018","13760.15","13421.4"
"NIFTY 500","16 May 2018","13705.45","13368.05"
"NIFTY 500","17 May 2018","13670.14","13333.61"
"NIFTY 500","18 May 2018","13530.24","13197.16"
"NIFTY 500","21 May 2018","13382.60","13053.15"
"NIFTY 500","22 May 2018","13436.94","13106.15"
"NIFTY 500","23 May 2018","13325.63","12997.58"
"NIFTY 500","24 May 2018","13392.87","13063.16"
"NIFTY 500","25 May 2018","13549.37","13215.81"
"NIFTY 500","28 May 2018","13684.63","13347.75"
"NIFTY 500","29 May 2018","13630.69","13295.13"
"NIFTY 500","30 May 2018","13607.75","13272.75"
"NIFTY 500","31 May 2018","13705.62","13335.27"
"NIFTY 500","01 Jun 2018","13617.21","13249.25"
"NIFTY 500","04 Jun 2018","13501.53","13136.7"
"NIFTY 500","05 Jun 2018","13405.29","13043.05"
"NIFTY 500","06 Jun 2018","13545.67","13177.57"
"NIFTY 500","07 Jun 2018","13684.50","13312.62"
"NIFTY 500","08 Jun 2018","13708.40","13335.87"
"NIFTY 500","11 Jun 2018","13732.15","13358.98"
"NIFTY 500","12 Jun 2018","13811.73","13436.39"
"NIFTY 500","13 Jun 2018","13811.78","13436.44"
"NIFTY 500","14 Jun 2018","13781.18","13406.67"
"NIFTY 500","15 Jun 2018","13762.12","13388.13"
"NIFTY 500","18 Jun 2018","13725.35","13352.36"
"NIFTY 500","19 Jun 2018","13601.84","13232.21"
"NIFTY 500","20 Jun 2018","13663.75","13292.43"
"NIFTY 500","21 Jun 2018","13612.80","13239.76"
"NIFTY 500","22 Jun 2018","13695.90","13320.59"
"NIFTY 500","25 Jun 2018","13604.24","13231.44"
"NIFTY 500","26 Jun 2018","13600.44","13227.6"
"NIFTY 500","27 Jun 2018","13453.85","13085.03"
"NIFTY 500","28 Jun 2018","13318.37","12952.75"
"NIFTY 500","29 Jun 2018","13503.29","13132.58"
"NIFTY 500","02 Jul 2018","13424.54","13056"
"NIFTY 500","03 Jul 2018","13484.25","13114.07"
"NIFTY 500","04 Jul 2018","13551.84","13179.81"
"NIFTY 500","05 Jul 2018","13514.84","13143.82"
"NIFTY 500","06 Jul 2018","13556.77","13184.6"
"NIFTY 500","09 Jul 2018","13681.04","13305.46"
"NIFTY 500","10 Jul 2018","13801.46","13422.13"
"NIFTY 500","11 Jul 2018","13780.83","13401.27"
"NIFTY 500","12 Jul 2018","13837.41","13454.3"
"NIFTY 500","13 Jul 2018","13791.00","13409.17"
"NIFTY 500","16 Jul 2018","13618.67","13241.61"
"NIFTY 500","17 Jul 2018","13743.72","13363.2"
"NIFTY 500","18 Jul 2018","13677.65","13298.96"
"NIFTY 500","19 Jul 2018","13638.18","13260.58"
"NIFTY 500","20 Jul 2018","13712.17","13332.52"
"NIFTY 500","23 Jul 2018","13827.88","13445.03"
"NIFTY 500","24 Jul 2018","13955.93","13569.54"
"NIFTY 500","25 Jul 2018","13955.58","13569.19"
"NIFTY 500","26 Jul 2018","14015.05","13627.02"
"NIFTY 500","27 Jul 2018","14150.32","13758.54"
"NIFTY 500","30 Jul 2018","14209.48","13816.06"
"NIFTY 500","31 Jul 2018","14257.02","13862.29"
"NIFTY 500","01 Aug 2018","14258.89","13864.1"
"NIFTY 500","02 Aug 2018","14168.71","13776.42"
"NIFTY 500","03 Aug 2018","14312.09","13915.84"
"NIFTY 500","06 Aug 2018","14347.97","13950.73"
"NIFTY 500","07 Aug 2018","14341.27","13944.2"
"NIFTY 500","08 Aug 2018","14400.66","14001.96"
"NIFTY 500","09 Aug 2018","14438.00","14038.26"
"NIFTY 500","10 Aug 2018","14372.06","13974.14"
"NIFTY 500","13 Aug 2018","14272.70","13877.53"
"NIFTY 500","14 Aug 2018","14382.48","13984"
"NIFTY 500","16 Aug 2018","14322.64","13925.82"
"NIFTY 500","17 Aug 2018","14447.62","14047.34"
"NIFTY 500","20 Aug 2018","14551.95","14148.78"
"NIFTY 500","21 Aug 2018","14585.85","14181.74"
"NIFTY 500","23 Aug 2018","14601.32","14196.78"
"NIFTY 500","24 Aug 2018","14571.39","14167.68"
"NIFTY 500","27 Aug 2018","14731.17","14323.04"
"NIFTY 500","28 Aug 2018","14771.29","14362.04"
"NIFTY 500","29 Aug 2018","14753.44","14344.69"
"NIFTY 500","30 Aug 2018","14756.03","14347.21"
"NIFTY 500","31 Aug 2018","14782.95","14373.38"
"NIFTY 500","03 Sep 2018","14678.85","14272.17"
"NIFTY 500","04 Sep 2018","14507.89","14052.72"
"NIFTY 500","05 Sep 2018","14446.48","13993.24"
"NIFTY 500","06 Sep 2018","14524.31","14068.63"
"NIFTY 500","07 Sep 2018","14612.84","14154.38"
"NIFTY 500","10 Sep 2018","14414.37","13962.14"
"NIFTY 500","11 Sep 2018","14218.49","13771"
"NIFTY 500","12 Sep 2018","14299.56","13845.39"
"NIFTY 500","14 Sep 2018","14495.36","14034.97"
"NIFTY 500","17 Sep 2018","14353.62","13897.74"
"NIFTY 500","18 Sep 2018","14202.83","13751.73"
"NIFTY 500","19 Sep 2018","14132.44","13683.57"
"NIFTY 500","21 Sep 2018","13954.55","13511.34"
"NIFTY 500","24 Sep 2018","13684.55","13249.91"
"NIFTY 500","25 Sep 2018","13773.66","13336.19"
"NIFTY 500","26 Sep 2018","13772.06","13334.64"
"NIFTY 500","27 Sep 2018","13624.10","13191.38"
"NIFTY 500","28 Sep 2018","13496.26","13067.6"
"NIFTY 500","01 Oct 2018","13569.58","13138.6"
"NIFTY 500","03 Oct 2018","13408.52","12982.65"
"NIFTY 500","04 Oct 2018","13109.67","12693.29"
"NIFTY 500","05 Oct 2018","12769.28","12363.72"
"NIFTY 500","08 Oct 2018","12736.21","12331.69"
"NIFTY 500","09 Oct 2018","12677.49","12274.84"
"NIFTY 500","10 Oct 2018","12952.18","12540.81"
"NIFTY 500","11 Oct 2018","12681.39","12278.61"
"NIFTY 500","12 Oct 2018","12979.75","12567.5"
"NIFTY 500","15 Oct 2018","13046.23","12631.86"
"NIFTY 500","16 Oct 2018","13167.29","12749.08"
"NIFTY 500","17 Oct 2018","12967.17","12555.31"
"NIFTY 500","19 Oct 2018","12792.53","12386.22"
"NIFTY 500","22 Oct 2018","12698.20","12294.89"
"NIFTY 500","23 Oct 2018","12570.25","12171.01"
"NIFTY 500","24 Oct 2018","12667.65","12265.31"
"NIFTY 500","25 Oct 2018","12553.87","12155.14"
"NIFTY 500","26 Oct 2018","12470.57","12074.49"
"NIFTY 500","29 Oct 2018","12756.66","12351.5"
"NIFTY 500","30 Oct 2018","12742.59","12335.45"
"NIFTY 500","31 Oct 2018","12969.63","12555.24"
"NIFTY 500","01 Nov 2018","12999.37","12584.03"
"NIFTY 500","02 Nov 2018","13187.43","12766.08"
"NIFTY 500","05 Nov 2018","13156.88","12736.5"
"NIFTY 500","06 Nov 2018","13145.64","12725.63"
"NIFTY 500","07 Nov 2018","13239.33","12816.33"
"NIFTY 500","09 Nov 2018","13258.69","12835.06"
"NIFTY 500","12 Nov 2018","13129.95","12710.44"
"NIFTY 500","13 Nov 2018","13225.78","12803.2"
"NIFTY 500","14 Nov 2018","13222.75","12800.27"
"NIFTY 500","15 Nov 2018","13273.53","12849.43"
"NIFTY 500","16 Nov 2018","13330.69","12904.77"
"NIFTY 500","19 Nov 2018","13418.97","12990.22"
"NIFTY 500","20 Nov 2018","13282.16","12857.78"
"NIFTY 500","21 Nov 2018","13252.75","12829.31"
"NIFTY 500","22 Nov 2018","13161.85","12741.32"
"NIFTY 500","26 Nov 2018","13256.78","12833.22"
"NIFTY 500","27 Nov 2018","13317.44","12891.94"
"NIFTY 500","28 Nov 2018","13331.32","12905.37"
"NIFTY 500","29 Nov 2018","13462.63","13032.48"
"NIFTY 500","30 Nov 2018","13503.06","13071.63"
"NIFTY 500","03 Dec 2018","13529.42","13097.15"
"NIFTY 500","04 Dec 2018","13513.95","13082.16"
"NIFTY 500","05 Dec 2018","13384.98","12957.32"
"NIFTY 500","06 Dec 2018","13168.20","12747.46"
"NIFTY 500","07 Dec 2018","13253.29","12829.83"
"NIFTY 500","10 Dec 2018","12999.73","12584.38"
"NIFTY 500","11 Dec 2018","13111.79","12692.86"
"NIFTY 500","12 Dec 2018","13373.36","12946.07"
"NIFTY 500","13 Dec 2018","13455.91","13025.98"
"NIFTY 500","14 Dec 2018","13476.66","13046.07"
"NIFTY 500","17 Dec 2018","13569.56","13136"
"NIFTY 500","18 Dec 2018","13604.26","13169.6"
"NIFTY 500","19 Dec 2018","13707.21","13269.26"
"NIFTY 500","20 Dec 2018","13688.88","13251.51"
"NIFTY 500","21 Dec 2018","13466.86","13036.58"
"NIFTY 500","24 Dec 2018","13348.09","12921.61"
"NIFTY 500","26 Dec 2018","13406.24","12977.9"
"NIFTY 500","27 Dec 2018","13461.24","13031.14"
"NIFTY 500","28 Dec 2018","13573.23","13139.56"
"NIFTY 500","31 Dec 2018","13599.13","13164.62"
"NIFTY 500","01 Jan 2019","13640.46","13204.64"
"NIFTY 500","02 Jan 2019","13500.30","13068.96"
"NIFTY 500","03 Jan 2019","13368.91","12941.76"
"NIFTY 500","04 Jan 2019","13428.43","12999.39"
"NIFTY 500","07 Jan 2019","13467.36","13037.07"
"NIFTY 500","08 Jan 2019","13493.29","13062.16"
"NIFTY 500","09 Jan 2019","13536.01","13103.52"
"NIFTY 500","10 Jan 2019","13524.03","13091.93"
"NIFTY 500","11 Jan 2019","13492.62","13061.52"
"NIFTY 500","14 Jan 2019","13423.32","12994.43"
"NIFTY 500","15 Jan 2019","13580.01","13146.12"
"NIFTY 500","16 Jan 2019","13582.44","13148.47"
"NIFTY 500","17 Jan 2019","13587.51","13153.38"
"NIFTY 500","18 Jan 2019","13555.85","13122.73"
"NIFTY 500","21 Jan 2019","13578.37","13144.53"
"NIFTY 500","22 Jan 2019","13542.55","13109.86"
"NIFTY 500","23 Jan 2019","13450.22","13020.48"
"NIFTY 500","24 Jan 2019","13458.48","13028.47"
"NIFTY 500","25 Jan 2019","13343.00","12916.68"
"NIFTY 500","28 Jan 2019","13168.57","12747.83"
"NIFTY 500","29 Jan 2019","13167.46","12746.75"
"NIFTY 500","30 Jan 2019","13181.18","12760.03"
"NIFTY 500","31 Jan 2019","13357.80","12931.01"
"NIFTY 500","01 Feb 2019","13435.65","13006.37"
"NIFTY 500","04 Feb 2019","13414.64","12984.97"
"NIFTY 500","05 Feb 2019","13402.62","12973.34"
"NIFTY 500","06 Feb 2019","13531.56","13098.15"
"NIFTY 500","07 Feb 2019","13571.96","13137.26"
"NIFTY 500","08 Feb 2019","13410.58","12981.04"
"NIFTY 500","11 Feb 2019","13309.39","12883.1"
"NIFTY 500","12 Feb 2019","13249.12","12824.75"
"NIFTY 500","13 Feb 2019","13193.76","12771.17"
"NIFTY 500","14 Feb 2019","13167.36","12745.61"
"NIFTY 500","15 Feb 2019","13105.54","12685.77"
"NIFTY 500","18 Feb 2019","12998.01","12581.68"
"NIFTY 500","19 Feb 2019","12980.10","12564.35"
"NIFTY 500","20 Feb 2019","13133.49","12712.83"
"NIFTY 500","21 Feb 2019","13218.92","12795.52"
"NIFTY 500","22 Feb 2019","13245.74","12821.48"
"NIFTY 500","25 Feb 2019","13340.90","12913.59"
"NIFTY 500","26 Feb 2019","13295.32","12869.48"
"NIFTY 500","27 Feb 2019","13285.19","12859.67"
"NIFTY 500","28 Feb 2019","13303.20","12877.1"
"NIFTY 500","01 Mar 2019","13424.34","12994.36"
"NIFTY 500","05 Mar 2019","13626.72","13190.26"
"NIFTY 500","06 Mar 2019","13711.14","13268.08"
"NIFTY 500","07 Mar 2019","13703.58","13260.76"
"NIFTY 500","08 Mar 2019","13682.38","13240.25"
"NIFTY 500","11 Mar 2019","13882.22","13433.63"
"NIFTY 500","12 Mar 2019","14023.67","13570.51"
"NIFTY 500","13 Mar 2019","14038.41","13584.77"
"NIFTY 500","14 Mar 2019","14036.92","13583.33"
"NIFTY 500","15 Mar 2019","14115.72","13659.58"
"NIFTY 500","18 Mar 2019","14141.44","13684.47"
"NIFTY 500","19 Mar 2019","14221.02","13758.08"
"NIFTY 500","20 Mar 2019","14195.69","13733.58"
"NIFTY 500","22 Mar 2019","14120.15","13660.49"
"NIFTY 500","25 Mar 2019","13988.74","13533.36"
"NIFTY 500","26 Mar 2019","14138.82","13678.56"
"NIFTY 500","27 Mar 2019","14123.69","13663.92"
"NIFTY 500","28 Mar 2019","14272.79","13808.17"
"NIFTY 500","29 Mar 2019","14364.59","13896.98"
"NIFTY 500","01 Apr 2019","14421.49","13952.03"
"NIFTY 500","02 Apr 2019","14449.48","13979.11"
"NIFTY 500","03 Apr 2019","14356.79","13889.44"
"NIFTY 500","04 Apr 2019","14309.63","13843.81"
"NIFTY 500","05 Apr 2019","14396.45","13927.8"
"NIFTY 500","08 Apr 2019","14321.35","13855.15"
"NIFTY 500","09 Apr 2019","14385.80","13917.5"
"NIFTY 500","10 Apr 2019","14304.29","13838.64"
"NIFTY 500","11 Apr 2019","14321.82","13855.61"
"NIFTY 500","12 Apr 2019","14381.36","13913.2"
"NIFTY 500","15 Apr 2019","14443.67","13973.49"
"NIFTY 500","16 Apr 2019","14540.12","14066.79"
"NIFTY 500","18 Apr 2019","14476.63","14005.37"
"NIFTY 500","22 Apr 2019","14270.20","13805.66"
"NIFTY 500","23 Apr 2019","14251.64","13787.71"
"NIFTY 500","24 Apr 2019","14400.64","13931.85"
"NIFTY 500","25 Apr 2019","14313.53","13847.58"
"NIFTY 500","26 Apr 2019","14404.12","13935.22"
"NIFTY 500","30 Apr 2019","14366.33","13898.66"
"NIFTY 500","02 May 2019","14326.52","13860.15"
"NIFTY 500","03 May 2019","14307.21","13841.47"
"NIFTY 500","06 May 2019","14170.39","13709.1"
"NIFTY 500","07 May 2019","14051.08","13593.67"
"NIFTY 500","08 May 2019","13886.83","13434.77"
"NIFTY 500","09 May 2019","13826.96","13376.85"
"NIFTY 500","10 May 2019","13812.96","13363.31"
"NIFTY 500","13 May 2019","13619.29","13175.94"
"NIFTY 500","14 May 2019","13697.17","13251.28"
"NIFTY 500","15 May 2019","13619.46","13175.92"
"NIFTY 500","16 May 2019","13711.21","13264.68"
"NIFTY 500","17 May 2019","13871.89","13420.13"
"NIFTY 500","20 May 2019","14380.78","13912.44"
"NIFTY 500","21 May 2019","14242.53","13778.69"
"NIFTY 500","22 May 2019","14281.87","13816.75"
"NIFTY 500","23 May 2019","14214.30","13751.39"
"NIFTY 500","24 May 2019","14466.44","13995.31"
"NIFTY 500","27 May 2019","14589.90","14114.75"
"NIFTY 500","28 May 2019","14606.28","14130.6"
"NIFTY 500","29 May 2019","14519.50","14046.65"
"NIFTY 500","30 May 2019","14606.29","14130.61"
"NIFTY 500","31 May 2019","14591.01","14115.83"
"NIFTY 500","03 Jun 2019","14766.71","14285.8"
"NIFTY 500","04 Jun 2019","14702.41","14223.6"
"NIFTY 500","06 Jun 2019","14475.15","14003.74"
"NIFTY 500","07 Jun 2019","14495.06","14023"
"NIFTY 500","10 Jun 2019","14539.75","14066.24"
"NIFTY 500","11 Jun 2019","14598.20","14122.09"
"NIFTY 500","12 Jun 2019","14516.16","14040.67"
"NIFTY 500","13 Jun 2019","14521.38","14045.72"
"NIFTY 500","14 Jun 2019","14406.49","13934.58"
"NIFTY 500","17 Jun 2019","14218.31","13752.57"
"NIFTY 500","18 Jun 2019","14229.85","13763.73"
"NIFTY 500","19 Jun 2019","14192.79","13727.89"
"NIFTY 500","20 Jun 2019","14380.25","13909.2"
"NIFTY 500","21 Jun 2019","14284.21","13816.31"
"NIFTY 500","24 Jun 2019","14258.15","13791.11"
"NIFTY 500","25 Jun 2019","14360.63","13890.23"
"NIFTY 500","26 Jun 2019","14435.08","13961.72"
"NIFTY 500","27 Jun 2019","14449.59","13975.75"
"NIFTY 500","28 Jun 2019","14398.80","13926.63"
"NIFTY 500","01 Jul 2019","14481.11","14006.24"
"NIFTY 500","02 Jul 2019","14528.70","14047.86"
"NIFTY 500","03 Jul 2019","14547.48","14066.02"
"NIFTY 500","04 Jul 2019","14579.18","14096.67"
"NIFTY 500","05 Jul 2019","14401.47","13924.85"
"NIFTY 500","08 Jul 2019","14090.09","13623.77"
"NIFTY 500","09 Jul 2019","14102.22","13630.52"
"NIFTY 500","10 Jul 2019","14019.84","13550.9"
"NIFTY 500","11 Jul 2019","14122.25","13649.89"
"NIFTY 500","12 Jul 2019","14109.72","13637.77"
"NIFTY 500","15 Jul 2019","14128.30","13655.73"
"NIFTY 500","16 Jul 2019","14220.97","13745.31"
"NIFTY 500","17 Jul 2019","14242.02","13765.65"
"NIFTY 500","18 Jul 2019","14115.05","13642.92"
"NIFTY 500","19 Jul 2019","13896.06","13431.26"
"NIFTY 500","22 Jul 2019","13813.05","13351.03"
"NIFTY 500","23 Jul 2019","13793.16","13331.8"
"NIFTY 500","24 Jul 2019","13689.15","13231.27"
"NIFTY 500","25 Jul 2019","13690.06","13231.61"
"NIFTY 500","26 Jul 2019","13740.26","13280.13"
"NIFTY 500","29 Jul 2019","13616.28","13160.3"
"NIFTY 500","30 Jul 2019","13459.90","13009.15"
"NIFTY 500","31 Jul 2019","13522.10","13069.28"
"NIFTY 500","01 Aug 2019","13362.08","12914.62"
"NIFTY 500","02 Aug 2019","13379.19","12931.15"
"NIFTY 500","05 Aug 2019","13211.96","12769.52"
"NIFTY 500","06 Aug 2019","13341.72","12894.94"
"NIFTY 500","07 Aug 2019","13246.28","12802.69"
"NIFTY 500","08 Aug 2019","13436.18","12986.18"
"NIFTY 500","09 Aug 2019","13536.40","13083.04"
"NIFTY 500","13 Aug 2019","13304.77","12859.16"
"NIFTY 500","14 Aug 2019","13429.64","12979.85"
"NIFTY 500","16 Aug 2019","13456.71","13006.02"
"NIFTY 500","19 Aug 2019","13473.78","13022.51"
"NIFTY 500","20 Aug 2019","13414.23","12964.96"
"NIFTY 500","21 Aug 2019","13277.02","12832.35"
"NIFTY 500","22 Aug 2019","13061.91","12624.44"
"NIFTY 500","23 Aug 2019","13168.84","12727.79"
"NIFTY 500","26 Aug 2019","13429.74","12979.95"
"NIFTY 500","27 Aug 2019","13516.01","13063.33"
"NIFTY 500","28 Aug 2019","13439.14","12988.77"
"NIFTY 500","29 Aug 2019","13342.20","12895.08"
"NIFTY 500","30 Aug 2019","13449.30","12998.59"
"NIFTY 500","03 Sep 2019","13186.84","12744.92"
"NIFTY 500","04 Sep 2019","13232.93","12789.47"
"NIFTY 500","05 Sep 2019","13252.79","12808.67"
"NIFTY 500","06 Sep 2019","13363.98","12916.13"
"NIFTY 500","09 Sep 2019","13442.01","12991.55"
"NIFTY 500","11 Sep 2019","13506.72","13054.09"
"NIFTY 500","12 Sep 2019","13457.64","13006.65"
"NIFTY 500","13 Sep 2019","13561.51","13107.04"
"NIFTY 500","16 Sep 2019","13499.13","13046.23"
"NIFTY 500","17 Sep 2019","13266.59","12821.49"
"NIFTY 500","18 Sep 2019","13302.38","12856.08"
"NIFTY 500","19 Sep 2019","13136.23","12695.5"
"NIFTY 500","20 Sep 2019","13831.67","13367.61"
"NIFTY 500","23 Sep 2019","14215.41","13738.48"
"NIFTY 500","24 Sep 2019","14197.74","13721.41"
"NIFTY 500","25 Sep 2019","14002.03","13532.26"
"NIFTY 500","26 Sep 2019","14151.32","13676.54"
"NIFTY 500","27 Sep 2019","14079.08","13606.72"
"NIFTY 500","30 Sep 2019","13997.16","13527.55"
"NIFTY 500","01 Oct 2019","13840.55","13376.2"
"NIFTY 500","03 Oct 2019","13783.58","13321.14"
"NIFTY 500","04 Oct 2019","13623.62","13166.54"
"NIFTY 500","07 Oct 2019","13547.24","13092.73"
"NIFTY 500","09 Oct 2019","13752.94","13291.52"
"NIFTY 500","10 Oct 2019","13655.23","13197.1"
"NIFTY 500","11 Oct 2019","13728.17","13267.58"
"NIFTY 500","14 Oct 2019","13774.96","13312.81"
"NIFTY 500","15 Oct 2019","13866.69","13401.45"
"NIFTY 500","16 Oct 2019","13908.64","13442"
"NIFTY 500","17 Oct 2019","14082.13","13609.67"
"NIFTY 500","18 Oct 2019","14214.37","13737.48"
"NIFTY 500","22 Oct 2019","14167.96","13692.62"
"NIFTY 500","23 Oct 2019","14191.33","13715.21"
"NIFTY 500","24 Oct 2019","14159.98","13684.9"
"NIFTY 500","25 Oct 2019","14150.16","13675.42"
"NIFTY 500","27 Oct 2019","14221.03","13743.91"
"NIFTY 500","29 Oct 2019","14401.14","13917.97"
"NIFTY 500","30 Oct 2019","14475.42","13989.76"
"NIFTY 500","31 Oct 2019","14539.09","14051.3"
"NIFTY 500","01 Nov 2019","14560.64","14072.12"
"NIFTY 500","04 Nov 2019","14603.78","14113.82"
"NIFTY 500","05 Nov 2019","14546.54","14058.5"
"NIFTY 500","06 Nov 2019","14587.66","14098.24"
"NIFTY 500","07 Nov 2019","14653.33","14161.7"
"NIFTY 500","08 Nov 2019","14531.75","14044.21"
"NIFTY 500","11 Nov 2019","14550.59","14062.41"
"NIFTY 500","13 Nov 2019","14457.92","13972.85"
"NIFTY 500","14 Nov 2019","14482.84","13996.94"
"NIFTY 500","15 Nov 2019","14508.27","14021.52"
"NIFTY 500","18 Nov 2019","14510.92","14024.08"
"NIFTY 500","19 Nov 2019","14561.55","14073.01"
"NIFTY 500","20 Nov 2019","14625.80","14135.1"
"NIFTY 500","21 Nov 2019","14577.67","14088.58"
"NIFTY 500","22 Nov 2019","14528.11","14040.68"
"NIFTY 500","25 Nov 2019","14712.37","14218.77"
"NIFTY 500","26 Nov 2019","14653.52","14161.89"
"NIFTY 500","27 Nov 2019","14733.20","14238.9"
"NIFTY 500","28 Nov 2019","14814.01","14316.99"
"NIFTY 500","29 Nov 2019","14729.77","14235.59"
"NIFTY 500","02 Dec 2019","14706.31","14212.91"
"NIFTY 500","03 Dec 2019","14624.06","14133.42"
"NIFTY 500","04 Dec 2019","14682.49","14189.89"
"NIFTY 500","05 Dec 2019","14645.76","14143.37"
"NIFTY 500","06 Dec 2019","14513.39","14015.54"
"NIFTY 500","09 Dec 2019","14516.42","14018.47"
"NIFTY 500","10 Dec 2019","14402.73","13908.67"
"NIFTY 500","11 Dec 2019","14464.04","13967.89"
"NIFTY 500","12 Dec 2019","14546.39","14047.41"
"NIFTY 500","13 Dec 2019","14685.18","14181.44"
"NIFTY 500","16 Dec 2019","14639.27","14137.1"
"NIFTY 500","17 Dec 2019","14756.84","14250.64"
"NIFTY 500","18 Dec 2019","14806.69","14298.78"
"NIFTY 500","19 Dec 2019","14848.80","14339.45"
"NIFTY 500","20 Dec 2019","14868.41","14358.38"
"NIFTY 500","23 Dec 2019","14856.94","14347.3"
"NIFTY 500","24 Dec 2019","14813.00","14304.88"
"NIFTY 500","26 Dec 2019","14736.19","14230.6"
"NIFTY 500","27 Dec 2019","14873.50","14363.19"
"NIFTY 500","30 Dec 2019","14897.54","14386.41"
"NIFTY 500","31 Dec 2019","14819.29","14310.85"
"NIFTY 500","01 Jan 2020","14843.29","14334.03"
"NIFTY 500","02 Jan 2020","14980.54","14466.56"
"NIFTY 500","03 Jan 2020","14922.99","14410.98"
"NIFTY 500","06 Jan 2020","14631.41","14129.41"
"NIFTY 500","07 Jan 2020","14718.47","14213.48"
"NIFTY 500","08 Jan 2020","14698.65","14194.35"
"NIFTY 500","09 Jan 2020","14926.45","14414.33"
"NIFTY 500","10 Jan 2020","14977.61","14463.73"
"NIFTY 500","13 Jan 2020","15074.41","14557.21"
"NIFTY 500","14 Jan 2020","15124.47","14605.56"
"NIFTY 500","15 Jan 2020","15141.31","14621.82"
"NIFTY 500","16 Jan 2020","15175.81","14655.13"
"NIFTY 500","17 Jan 2020","15188.79","14667.67"
"NIFTY 500","20 Jan 2020","15049.24","14532.9"
"NIFTY 500","21 Jan 2020","14991.99","14477.62"
"NIFTY 500","22 Jan 2020","14931.11","14418.83"
"NIFTY 500","23 Jan 2020","15043.86","14527.71"
"NIFTY 500","24 Jan 2020","15138.19","14618.8"
"NIFTY 500","27 Jan 2020","15011.93","14496.88"
"NIFTY 500","28 Jan 2020","14947.90","14435.05"
"NIFTY 500","29 Jan 2020","15026.51","14510.96"
"NIFTY 500","30 Jan 2020","14891.25","14380.34"
"NIFTY 500","31 Jan 2020","14804.57","14296.63"
"NIFTY 500","01 Feb 2020","14421.13","13926.35"
"NIFTY 500","03 Feb 2020","14488.18","13991.1"
"NIFTY 500","04 Feb 2020","14792.21","14284.69"
"NIFTY 500","05 Feb 2020","14939.95","14427.37"
"NIFTY 500","06 Feb 2020","15019.88","14504.55"
"NIFTY 500","07 Feb 2020","15014.96","14499.81"
"NIFTY 500","10 Feb 2020","14932.29","14419.97"
"NIFTY 500","11 Feb 2020","14994.85","14480.38"
"NIFTY 500","12 Feb 2020","15070.16","14553.11"
"NIFTY 500","13 Feb 2020","15041.87","14525.79"
"NIFTY 500","14 Feb 2020","14956.99","14443.83"
"NIFTY 500","17 Feb 2020","14855.22","14345.54"
"NIFTY 500","18 Feb 2020","14789.34","14281.92"
"NIFTY 500","19 Feb 2020","14977.03","14463.17"
"NIFTY 500","20 Feb 2020","14959.29","14446.05"
"NIFTY 500","24 Feb 2020","14659.13","14156.18"
"NIFTY 500","25 Feb 2020","14609.32","14108.08"
"NIFTY 500","26 Feb 2020","14456.09","13960.11"
"NIFTY 500","27 Feb 2020","14391.08","13897.33"
"NIFTY 500","28 Feb 2020","13875.34","13399.28"
"NIFTY 500","02 Mar 2020","13790.70","13317.55"
"NIFTY 500","03 Mar 2020","14014.65","13533.81"
"NIFTY 500","04 Mar 2020","13915.97","13438.52"
"NIFTY 500","05 Mar 2020","13950.63","13471.99"
"NIFTY 500","06 Mar 2020","13620.11","13152.81"
"NIFTY 500","09 Mar 2020","12976.16","12530.96"
"NIFTY 500","11 Mar 2020","12956.37","12511.84"
"NIFTY 500","12 Mar 2020","11879.72","11472.13"
"NIFTY 500","13 Mar 2020","12273.36","11852.27"
"NIFTY 500","16 Mar 2020","11418.58","11026.81"
"NIFTY 500","17 Mar 2020","11157.03","10774.19"
"NIFTY 500","18 Mar 2020","10545.38","10183.52"
"NIFTY 500","19 Mar 2020","10243.87","9892.36"
"NIFTY 500","20 Mar 2020","10774.99","10405.26"
"NIFTY 500","23 Mar 2020","9400.96","9078.37"
"NIFTY 500","24 Mar 2020","9588.01","9259"
"NIFTY 500","25 Mar 2020","10128.06","9780.52"
"NIFTY 500","26 Mar 2020","10535.69","10174.17"
"NIFTY 500","27 Mar 2020","10550.20","10188.18"
"NIFTY 500","30 Mar 2020","10167.46","9818.57"
"NIFTY 500","31 Mar 2020","10540.43","10178.75"
"NIFTY 500","01 Apr 2020","10186.74","9837.19"
"NIFTY 500","03 Apr 2020","10000.86","9657.64"
"NIFTY 500","07 Apr 2020","10770.05","10400.43"
"NIFTY 500","08 Apr 2020","10788.81","10418.54"
"NIFTY 500","09 Apr 2020","11210.95","10826.2"
"NIFTY 500","13 Apr 2020","11088.47","10707.92"
"NIFTY 500","15 Apr 2020","11064.34","10684.61"
"NIFTY 500","16 Apr 2020","11166.67","10783.44"
"NIFTY 500","17 Apr 2020","11471.14","11077.46"
"NIFTY 500","20 Apr 2020","11471.44","11077.75"
"NIFTY 500","21 Apr 2020","11141.94","10759.55"
"NIFTY 500","22 Apr 2020","11349.73","10960.21"
"NIFTY 500","23 Apr 2020","11487.60","11093.34"
"NIFTY 500","24 Apr 2020","11288.98","10901.54"
"NIFTY 500","27 Apr 2020","11455.42","11062.27"
"NIFTY 500","28 Apr 2020","11558.67","11161.98"
"NIFTY 500","29 Apr 2020","11747.42","11344.06"
"NIFTY 500","30 Apr 2020","12072.43","11657.9"
"NIFTY 500","04 May 2020","11445.71","11052.69"
"NIFTY 500","05 May 2020","11335.14","10945.75"
"NIFTY 500","06 May 2020","11414.15","11021.81"
"NIFTY 500","07 May 2020","11331.86","10942.34"
"NIFTY 500","08 May 2020","11378.76","10987.64"
"NIFTY 500","11 May 2020","11385.39","10994.04"
"NIFTY 500","12 May 2020","11331.93","10942.42"
"NIFTY 500","13 May 2020","11551.54","11152.42"
"NIFTY 500","14 May 2020","11321.91","10930.72"
"NIFTY 500","15 May 2020","11306.13","10915.48"
"NIFTY 500","18 May 2020","10916.21","10539.03"
"NIFTY 500","19 May 2020","10975.77","10596.03"
"NIFTY 500","20 May 2020","11190.26","10803.09"
"NIFTY 500","21 May 2020","11256.18","10866.73"
"NIFTY 500","22 May 2020","11173.94","10787.33"
"NIFTY 500","26 May 2020","11186.72","10799.67"
"NIFTY 500","27 May 2020","11444.46","11048.49"
"NIFTY 500","28 May 2020","11650.41","11247.32"
"NIFTY 500","29 May 2020","11793.53","11383.82"
"NIFTY 500","01 Jun 2020","12092.03","11671.84"
"NIFTY 500","02 Jun 2020","12268.95","11842.61"
"NIFTY 500","03 Jun 2020","12369.15","11939.03"
"NIFTY 500","04 Jun 2020","12343.37","11914.14"
"NIFTY 500","05 Jun 2020","12514.41","12079.23"
"NIFTY 500","08 Jun 2020","12551.50","12115.03"
"NIFTY 500","09 Jun 2020","12422.12","11990.14"
"NIFTY 500","10 Jun 2020","12505.40","12070.53"
"NIFTY 500","11 Jun 2020","12270.08","11843.29"
"NIFTY 500","12 Jun 2020","12359.80","11929.87"
"NIFTY 500","15 Jun 2020","12193.99","11769.82"
"NIFTY 500","16 Jun 2020","12293.24","11865.62"
"NIFTY 500","17 Jun 2020","12275.42","11848.41"
"NIFTY 500","18 Jun 2020","12491.60","12057.01"
"NIFTY 500","19 Jun 2020","12674.39","12232.94"
"NIFTY 500","22 Jun 2020","12799.59","12353.78"
"NIFTY 500","23 Jun 2020","13002.86","12549.93"
"NIFTY 500","24 Jun 2020","12814.60","12368.23"
"NIFTY 500","25 Jun 2020","12820.09","12373.53"
"NIFTY 500","26 Jun 2020","12909.57","12459.82"
"NIFTY 500","29 Jun 2020","12803.28","12357.06"
"NIFTY 500","30 Jun 2020","12783.45","12337.88"
"NIFTY 500","01 Jul 2020","12904.08","12454.29"
"NIFTY 500","02 Jul 2020","13050.90","12594.53"
"NIFTY 500","03 Jul 2020","13123.96","12665.03"
"NIFTY 500","06 Jul 2020","13304.70","12835.12"
"NIFTY 500","07 Jul 2020","13356.96","12885.54"
"NIFTY 500","08 Jul 2020","13258.49","12790.53"
"NIFTY 500","09 Jul 2020","13366.65","12893.06"
"NIFTY 500","10 Jul 2020","13309.97","12838.39"
"NIFTY 500","13 Jul 2020","13341.27","12868.4"
"NIFTY 500","14 Jul 2020","13129.11","12663.5"
"NIFTY 500","15 Jul 2020","13124.91","12659.2"
"NIFTY 500","16 Jul 2020","13243.11","12772.65"
"NIFTY 500","17 Jul 2020","13437.95","12960.47"
"NIFTY 500","20 Jul 2020","13573.78","13091.44"
"NIFTY 500","21 Jul 2020","13702.98","13216.04"
"NIFTY 500","22 Jul 2020","13666.90","13181.2"
"NIFTY 500","23 Jul 2020","13770.13","13280.4"
"NIFTY 500","24 Jul 2020","13727.72","13239.48"
"NIFTY 500","27 Jul 2020","13635.55","13150.57"
"NIFTY 500","28 Jul 2020","13812.20","13320.92"
"NIFTY 500","29 Jul 2020","13743.53","13254.56"
"NIFTY 500","30 Jul 2020","13648.72","13162.56"
"NIFTY 500","31 Jul 2020","13654.79","13168.42"
"NIFTY 500","03 Aug 2020","13499.05","13018.01"
"NIFTY 500","04 Aug 2020","13715.13","13226.36"
"NIFTY 500","05 Aug 2020","13738.57","13248.37"
"NIFTY 500","06 Aug 2020","13862.69","13367.45"
"NIFTY 500","07 Aug 2020","13907.39","13410.54"
"NIFTY 500","10 Aug 2020","14013.13","13512.49"
"NIFTY 500","11 Aug 2020","14047.06","13545.21"
"NIFTY 500","12 Aug 2020","14037.70","13536.18"
"NIFTY 500","13 Aug 2020","14077.17","13573.18"
"NIFTY 500","14 Aug 2020","13935.92","13436.97"
"NIFTY 500","17 Aug 2020","14017.08","13515.16"
"NIFTY 500","18 Aug 2020","14189.88","13681.74"
"NIFTY 500","19 Aug 2020","14237.02","13726.96"
"NIFTY 500","20 Aug 2020","14171.02","13663.27"
"NIFTY 500","21 Aug 2020","14254.38","13743.54"
"NIFTY 500","24 Aug 2020","14367.48","13852.58"
"NIFTY 500","25 Aug 2020","14383.96","13868.48"
"NIFTY 500","26 Aug 2020","14474.10","13954.8"
"NIFTY 500","27 Aug 2020","14494.78","13974.7"
"NIFTY 500","28 Aug 2020","14586.35","14062.93"
"NIFTY 500","31 Aug 2020","14179.34","13670.51"
"NIFTY 500","01 Sep 2020","14285.55","13772.91"
"NIFTY 500","02 Sep 2020","14402.98","13885.63"
"NIFTY 500","03 Sep 2020","14427.92","13909.59"
"NIFTY 500","04 Sep 2020","14190.80","13680.99"
"NIFTY 500","07 Sep 2020","14192.59","13682.69"
"NIFTY 500","08 Sep 2020","14118.09","13610.87"
"NIFTY 500","09 Sep 2020","14058.29","13553.17"
"NIFTY 500","10 Sep 2020","14255.36","13743.07"
"NIFTY 500","11 Sep 2020","14295.07","13781.32"
"NIFTY 500","14 Sep 2020","14366.63","13850.11"
"NIFTY 500","15 Sep 2020","14488.25","13967.26"
"NIFTY 500","16 Sep 2020","14578.07","14053.77"
"NIFTY 500","17 Sep 2020","14479.79","13958.72"
"NIFTY 500","18 Sep 2020","14468.91","13948.21"
"NIFTY 500","21 Sep 2020","14096.20","13588.8"
"NIFTY 500","22 Sep 2020","13946.28","13444.27"
"NIFTY 500","23 Sep 2020","13916.67","13415.73"
"NIFTY 500","24 Sep 2020","13538.89","13051.06"
"NIFTY 500","25 Sep 2020","13858.78","13358.74"
"NIFTY 500","28 Sep 2020","14122.42","13612.86"
"NIFTY 500","29 Sep 2020","14106.45","13597.47"
"NIFTY 500","30 Sep 2020","14139.78","13628.94"
"NIFTY 500","01 Oct 2020","14321.32","13803.92"
"NIFTY 500","05 Oct 2020","14403.97","13883.58"
"NIFTY 500","06 Oct 2020","14564.50","14038.31"
"NIFTY 500","07 Oct 2020","14613.15","14085.2"
"NIFTY 500","08 Oct 2020","14699.94","14168.86"
"NIFTY 500","09 Oct 2020","14757.92","14224.75"
"NIFTY 500","12 Oct 2020","14750.66","14217.74"
"NIFTY 500","13 Oct 2020","14737.25","14204.82"
"NIFTY 500","14 Oct 2020","14780.59","14246"
"NIFTY 500","15 Oct 2020","14457.62","13934.71"
"NIFTY 500","16 Oct 2020","14572.95","14045.87"
"NIFTY 500","19 Oct 2020","14698.70","14167.07"
"NIFTY 500","20 Oct 2020","14734.59","14201.67"
"NIFTY 500","21 Oct 2020","14770.31","14236.09"
"NIFTY 500","22 Oct 2020","14753.69","14219.87"
"NIFTY 500","23 Oct 2020","14816.06","14277.92"
"NIFTY 500","26 Oct 2020","14615.15","14084.29"
"NIFTY 500","27 Oct 2020","14767.77","14231.08"
"NIFTY 500","28 Oct 2020","14594.96","14063.88"
"NIFTY 500","29 Oct 2020","14539.33","14009.51"
"NIFTY 500","30 Oct 2020","14521.56","13992.38"
"NIFTY 500","02 Nov 2020","14543.26","14013.28"
"NIFTY 500","03 Nov 2020","14695.59","14159.99"
"NIFTY 500","04 Nov 2020","14803.64","14263.07"
"NIFTY 500","05 Nov 2020","15063.26","14512.45"
"NIFTY 500","06 Nov 2020","15212.07","14655.81"
"NIFTY 500","09 Nov 2020","15428.84","14864.61"
"NIFTY 500","10 Nov 2020","15569.44","15000.04"
"NIFTY 500","11 Nov 2020","15702.39","15128.07"
"NIFTY 500","12 Nov 2020","15681.98","15108.28"
"NIFTY 500","13 Nov 2020","15749.74","15173.23"
"NIFTY 500","14 Nov 2020","15830.35","15250.89"
"NIFTY 500","17 Nov 2020","15957.28","15373.15"
"NIFTY 500","18 Nov 2020","16055.59","15467.68"
"NIFTY 500","19 Nov 2020","15887.85","15305.27"
"NIFTY 500","20 Nov 2020","16013.83","15426.63"
"NIFTY 500","23 Nov 2020","16129.46","15537.73"
"NIFTY 500","24 Nov 2020","16277.69","15680.48"
"NIFTY 500","25 Nov 2020","16037.11","15448.72"
"NIFTY 500","26 Nov 2020","16187.40","15593.5"
"NIFTY 500","27 Nov 2020","16255.62","15659.21"
"NIFTY 500","01 Dec 2020","16431.79","15828.9"
"NIFTY 500","02 Dec 2020","16466.70","15862.53"
"NIFTY 500","03 Dec 2020","16520.43","15914.29"
"NIFTY 500","04 Dec 2020","16649.76","16038.87"
"NIFTY 500","07 Dec 2020","16788.33","16172.35"
"NIFTY 500","08 Dec 2020","16816.26","16199.25"
"NIFTY 500","09 Dec 2020","16956.62","16334.04"
"NIFTY 500","10 Dec 2020","16896.14","16275.78"
"NIFTY 500","11 Dec 2020","16941.77","16319.73"
"NIFTY 500","14 Dec 2020","17008.25","16383.78"
"NIFTY 500","15 Dec 2020","17021.37","16396.41"
"NIFTY 500","16 Dec 2020","17167.23","16536.92"
"NIFTY 500","17 Dec 2020","17209.96","16577.41"
"NIFTY 500","18 Dec 2020","17223.02","16590"
"NIFTY 500","21 Dec 2020","16630.40","16019.15"
"NIFTY 500","22 Dec 2020","16799.49","16182.01"
"NIFTY 500","23 Dec 2020","17026.80","16400.95"
"NIFTY 500","24 Dec 2020","17178.02","16546.61"
"NIFTY 500","28 Dec 2020","17343.97","16706.47"
"NIFTY 500","29 Dec 2020","17392.96","16753.66"
"NIFTY 500","30 Dec 2020","17457.65","16815.97"
"NIFTY 500","31 Dec 2020","17470.79","16828.62"
"NIFTY 500","01 Jan 2021","17556.56","16911.25"
"NIFTY 500","04 Jan 2021","17733.95","17082.11"
"NIFTY 500","05 Jan 2021","17848.06","17192.03"
"NIFTY 500","06 Jan 2021","17803.92","17149.51"
"NIFTY 500","07 Jan 2021","17846.66","17190.68"
"NIFTY 500","08 Jan 2021","18088.64","17423.75"
"NIFTY 500","11 Jan 2021","18211.34","17541.94"
"NIFTY 500","12 Jan 2021","18290.03","17617.74"
"NIFTY 500","13 Jan 2021","18263.91","17592.57"
"NIFTY 500","14 Jan 2021","18308.29","17635.01"
"NIFTY 500","15 Jan 2021","18098.51","17432.95"
"NIFTY 500","18 Jan 2021","17863.35","17206.44"
"NIFTY 500","19 Jan 2021","18175.28","17506.9"
"NIFTY 500","20 Jan 2021","18321.73","17647.96"
"NIFTY 500","21 Jan 2021","18227.91","17557.39"
"NIFTY 500","22 Jan 2021","17983.28","17321.55"
"NIFTY 500","25 Jan 2021","17815.21","17159.66"
"NIFTY 500","27 Jan 2021","17516.93","16872.1"
"NIFTY 500","28 Jan 2021","17359.80","16720.68"
"NIFTY 500","29 Jan 2021","17147.27","16515.95"
"NIFTY 500","01 Feb 2021","17857.07","17199.59"
"NIFTY 500","02 Feb 2021","18286.87","17613.49"
"NIFTY 500","03 Feb 2021","18470.15","17789.53"
"NIFTY 500","04 Feb 2021","18640.59","17953.5"
"NIFTY 500","05 Feb 2021","18631.61","17944.83"
"NIFTY 500","08 Feb 2021","18876.94","18180.24"
"NIFTY 500","09 Feb 2021","18867.87","18170.22"
"NIFTY 500","10 Feb 2021","18896.00","18197.22"
"NIFTY 500","11 Feb 2021","18993.38","18290.12"
"NIFTY 500","12 Feb 2021","18984.95","18282"
"NIFTY 500","15 Feb 2021","19174.53","18464.06"
"NIFTY 500","16 Feb 2021","19197.73","18486.35"
"NIFTY 500","17 Feb 2021","19127.05","18417.12"
"NIFTY 500","18 Feb 2021","19079.01","18370.83"
"NIFTY 500","19 Feb 2021","18886.34","18185.3"
"NIFTY 500","22 Feb 2021","18551.85","17861"
"NIFTY 500","23 Feb 2021","18629.78","17935.93"
"NIFTY 500","24 Feb 2021","18920.72","18216.03"
"NIFTY 500","25 Feb 2021","19091.93","18380.84"
"NIFTY 500","26 Feb 2021","18504.86","17815.64"
"NIFTY 500","01 Mar 2021","18788.79","18089"
"NIFTY 500","02 Mar 2021","19018.35","18310"
"NIFTY 500","03 Mar 2021","19391.15","18668.92"
"NIFTY 500","04 Mar 2021","19275.76","18557.83"
"NIFTY 500","05 Mar 2021","19048.33","18338.81"
"NIFTY 500","08 Mar 2021","19080.72","18369.51"
"NIFTY 500","09 Mar 2021","19169.29","18454.77"
"NIFTY 500","10 Mar 2021","19282.39","18563.55"
"NIFTY 500","12 Mar 2021","19134.34","18421.02"
"NIFTY 500","15 Mar 2021","19009.24","18300.09"
"NIFTY 500","16 Mar 2021","19013.09","18303.8"
"NIFTY 500","17 Mar 2021","18720.14","18021.78"
"NIFTY 500","18 Mar 2021","18500.44","17808.64"
"NIFTY 500","19 Mar 2021","18713.40","18013.16"
"NIFTY 500","22 Mar 2021","18751.47","18049.15"
"NIFTY 500","23 Mar 2021","18872.96","18165.66"
"NIFTY 500","24 Mar 2021","18538.40","17843.64"
"NIFTY 500","25 Mar 2021","18229.33","17545.95"
"NIFTY 500","26 Mar 2021","18465.85","17773.61"
"NIFTY 500","30 Mar 2021","18830.03","18123.92"
"NIFTY 500","31 Mar 2021","18717.24","18015.37"
"NIFTY 500","01 Apr 2021","18968.55","18257.25"
"NIFTY 500","05 Apr 2021","18694.76","17993.63"
"NIFTY 500","06 Apr 2021","18785.23","18080.7"
"NIFTY 500","07 Apr 2021","18972.60","18261.02"
"NIFTY 500","08 Apr 2021","19065.82","18350.39"
"NIFTY 500","09 Apr 2021","19044.22","18329.6"
"NIFTY 500","12 Apr 2021","18279.05","17593.15"
"NIFTY 500","13 Apr 2021","18526.24","17831.06"
"NIFTY 500","15 Apr 2021","18603.68","17905.59"
"NIFTY 500","16 Apr 2021","18695.58","17994.04"
"NIFTY 500","19 Apr 2021","18359.48","17670.36"
"NIFTY 500","20 Apr 2021","18327.47","17639.56"
"NIFTY 500","22 Apr 2021","18444.73","17752.25"
"NIFTY 500","23 Apr 2021","18404.47","17713.51"
"NIFTY 500","26 Apr 2021","18573.67","17876.35"
"NIFTY 500","27 Apr 2021","18795.17","18089.53"
"NIFTY 500","28 Apr 2021","19031.44","18316.94"
"NIFTY 500","29 Apr 2021","19058.16","18341.69"
"NIFTY 500","30 Apr 2021","18802.03","18095.19"
"NIFTY 500","03 May 2021","18848.97","18140.37"
"NIFTY 500","04 May 2021","18704.85","18001.66"
"NIFTY 500","05 May 2021","18876.03","18166.4"
"NIFTY 500","06 May 2021","19011.17","18296.46"
"NIFTY 500","07 May 2021","19104.24","18386.03"
"NIFTY 500","10 May 2021","19266.67","18542.36"
"NIFTY 500","11 May 2021","19225.10","18502.24"
"NIFTY 500","12 May 2021","19066.54","18349.63"
"NIFTY 500","14 May 2021","18966.49","18253.34"
"NIFTY 500","17 May 2021","19270.53","18545.73"
"NIFTY 500","18 May 2021","19524.65","18790.27"
"NIFTY 500","19 May 2021","19478.90","18746.23"
"NIFTY 500","20 May 2021","19368.54","18639.8"
"NIFTY 500","21 May 2021","19644.37","18905.25"
"NIFTY 500","24 May 2021","19712.23","18970.56"
"NIFTY 500","25 May 2021","19717.29","18974.46"
"NIFTY 500","26 May 2021","19807.35","19061.13"
"NIFTY 500","27 May 2021","19874.32","19125.57"
"NIFTY 500","28 May 2021","19952.29","19200.44"
"NIFTY 500","31 May 2021","20138.10","19374.76"
"NIFTY 500","01 Jun 2021","20113.79","19351.36"
"NIFTY 500","02 Jun 2021","20210.99","19444.88"
"NIFTY 500","03 Jun 2021","20376.14","19602.99"
"NIFTY 500","04 Jun 2021","20396.67","19622.72"
"NIFTY 500","07 Jun 2021","20527.27","19748.36"
"NIFTY 500","08 Jun 2021","20553.02","19773.13"
"NIFTY 500","09 Jun 2021","20400.55","19626.43"
"NIFTY 500","10 Jun 2021","20596.64","19810.99"
"NIFTY 500","11 Jun 2021","20672.33","19882.73"
"NIFTY 500","14 Jun 2021","20660.97","19871.01"
"NIFTY 500","15 Jun 2021","20742.75","19949.67"
"NIFTY 500","16 Jun 2021","20595.05","19807.5"
"NIFTY 500","17 Jun 2021","20470.40","19686.33"
"NIFTY 500","18 Jun 2021","20411.66","19629.82"
"NIFTY 500","21 Jun 2021","20518.07","19732.07"
"NIFTY 500","22 Jun 2021","20571.44","19780.58"
"NIFTY 500","23 Jun 2021","20468.10","19681.21"
"NIFTY 500","24 Jun 2021","20537.58","19747.8"
"NIFTY 500","25 Jun 2021","20646.10","19852.13"
"NIFTY 500","28 Jun 2021","20636.45","19842.84"
"NIFTY 500","29 Jun 2021","20564.62","19772.37"
"NIFTY 500","30 Jun 2021","20552.20","19760.35"
"NIFTY 500","01 Jul 2021","20524.09","19732.95"
"NIFTY 500","02 Jul 2021","20585.64","19792.13"
"NIFTY 500","05 Jul 2021","20726.43","19927.15"
"NIFTY 500","06 Jul 2021","20709.59","19910.76"
"NIFTY 500","07 Jul 2021","20796.33","19994.15"
"NIFTY 500","08 Jul 2021","20651.57","19853.11"
"NIFTY 500","09 Jul 2021","20645.03","19846.67"
"NIFTY 500","12 Jul 2021","20677.41","19877.72"
"NIFTY 500","13 Jul 2021","20799.35","19994.92"
"NIFTY 500","14 Jul 2021","20849.70","20043.07"
"NIFTY 500","15 Jul 2021","20944.04","20132.87"
"NIFTY 500","16 Jul 2021","20977.88","20165.21"
"NIFTY 500","19 Jul 2021","20791.94","19986.23"
"NIFTY 500","20 Jul 2021","20602.80","19804.29"
"NIFTY 500","22 Jul 2021","20871.08","20061.78"
"NIFTY 500","23 Jul 2021","20900.63","20089.28"
"NIFTY 500","26 Jul 2021","20882.53","20071.88"
"NIFTY 500","27 Jul 2021","20785.77","19978.37"
"NIFTY 500","28 Jul 2021","20742.92","19936.1"
"NIFTY 500","29 Jul 2021","20845.17","20028.58"
"NIFTY 500","30 Jul 2021","20876.60","20058.76"
"NIFTY 500","02 Aug 2021","21060.19","20234.89"
"NIFTY 500","03 Aug 2021","21297.96","20463.31"
"NIFTY 500","04 Aug 2021","21344.42","20507.86"
"NIFTY 500","05 Aug 2021","21365.73","20527.72"
"NIFTY 500","06 Aug 2021","21324.85","20488.39"
"NIFTY 500","09 Aug 2021","21296.21","20460.57"
"NIFTY 500","10 Aug 2021","21232.02","20398.79"
"NIFTY 500","11 Aug 2021","21208.20","20375.69"
"NIFTY 500","12 Aug 2021","21355.83","20517.11"
"NIFTY 500","13 Aug 2021","21498.96","20654.52"
"NIFTY 500","16 Aug 2021","21507.33","20662.57"
"NIFTY 500","17 Aug 2021","21573.22","20725.59"
"NIFTY 500","18 Aug 2021","21547.14","20698.98"
"NIFTY 500","20 Aug 2021","21315.55","20476.47"
"NIFTY 500","23 Aug 2021","21296.00","20457.47"
"NIFTY 500","24 Aug 2021","21499.00","20652.45"
"NIFTY 500","25 Aug 2021","21545.48","20697.07"
"NIFTY 500","26 Aug 2021","21566.38","20717.05"
"NIFTY 500","27 Aug 2021","21697.34","20842.81"
"NIFTY 500","30 Aug 2021","22011.32","21144.42"
"NIFTY 500","31 Aug 2021","22253.61","21377"
"NIFTY 500","01 Sep 2021","22246.76","21370.4"
"NIFTY 500","02 Sep 2021","22452.00","21567.11"
"NIFTY 500","03 Sep 2021","22566.65","21677.24"
"NIFTY 500","06 Sep 2021","22637.89","21745.65"
"NIFTY 500","07 Sep 2021","22604.92","21713.98"
"NIFTY 500","08 Sep 2021","22641.43","21746.19"
"NIFTY 500","09 Sep 2021","22691.66","21794.43"
"NIFTY 500","13 Sep 2021","22716.99","21818.47"
"NIFTY 500","14 Sep 2021","22797.33","21895.51"
"NIFTY 500","15 Sep 2021","22975.20","22066.31"
"NIFTY 500","16 Sep 2021","23106.08","22186.91"
"NIFTY 500","17 Sep 2021","22987.76","22073.21"
"NIFTY 500","20 Sep 2021","22681.84","21779.28"
"NIFTY 500","21 Sep 2021","22865.10","21955.14"
"NIFTY 500","22 Sep 2021","22932.93","22020.25"
"NIFTY 500","23 Sep 2021","23261.84","22336.03"
"NIFTY 500","24 Sep 2021","23241.27","22316.26"
"NIFTY 500","27 Sep 2021","23236.80","22310.48"
"NIFTY 500","28 Sep 2021","23094.75","22173.88"
"NIFTY 500","29 Sep 2021","23081.51","22161.17"
"NIFTY 500","30 Sep 2021","23029.08","22110.84"
"NIFTY 500","01 Oct 2021","22969.86","22053.97"
"NIFTY 500","04 Oct 2021","23225.63","22299.54"
"NIFTY 500","05 Oct 2021","23377.08","22444.95"
"NIFTY 500","06 Oct 2021","23154.34","22231.09"
"NIFTY 500","07 Oct 2021","23392.45","22459.71"
"NIFTY 500","08 Oct 2021","23507.21","22569.9"
"NIFTY 500","11 Oct 2021","23603.30","22662.16"
"NIFTY 500","12 Oct 2021","23685.80","22741.36"
"NIFTY 500","13 Oct 2021","23914.47","22951.26"
"NIFTY 500","14 Oct 2021","24126.87","23154.77"
"NIFTY 500","18 Oct 2021","24305.72","23326.42"
"NIFTY 500","19 Oct 2021","24109.39","23138"
"NIFTY 500","20 Oct 2021","23820.00","22860.26"
"NIFTY 500","21 Oct 2021","23698.38","22743"
"NIFTY 500","22 Oct 2021","23563.80","22613.85"
"NIFTY 500","25 Oct 2021","23463.94","22517.99"
"NIFTY 500","26 Oct 2021","23731.73","22771.56"
"NIFTY 500","27 Oct 2021","23708.68","22749.36"
"NIFTY 500","28 Oct 2021","23259.72","22318.47"
"NIFTY 500","29 Oct 2021","23100.97","22166.05"
"NIFTY 500","01 Nov 2021","23431.96","22483.52"
"NIFTY 500","02 Nov 2021","23452.89","22502.99"
"NIFTY 500","03 Nov 2021","23404.31","22456.33"
"NIFTY 500","04 Nov 2021","23548.48","22594.66"
"NIFTY 500","08 Nov 2021","23768.47","22805.59"
"NIFTY 500","09 Nov 2021","23803.67","22838.96"
"NIFTY 500","10 Nov 2021","23772.02","22808.51"
"NIFTY 500","11 Nov 2021","23608.35","22650.38"
"NIFTY 500","12 Nov 2021","23865.63","22897.21"
"NIFTY 500","15 Nov 2021","23886.54","22917.25"
"NIFTY 500","16 Nov 2021","23783.60","22818.49"
"NIFTY 500","17 Nov 2021","23677.24","22716.07"
"NIFTY 500","18 Nov 2021","23443.76","22492.07"
"NIFTY 500","22 Nov 2021","22948.81","22016.23"
"NIFTY 500","23 Nov 2021","23150.31","22209.42"
"NIFTY 500","24 Nov 2021","23057.77","22120.32"
"NIFTY 500","25 Nov 2021","23217.37","22273.41"
"NIFTY 500","26 Nov 2021","22537.92","21621.58"
"NIFTY 500","29 Nov 2021","22460.10","21546.92"
"NIFTY 500","30 Nov 2021","22447.74","21535.06"
"NIFTY 500","01 Dec 2021","22656.71","21735.53"
"NIFTY 500","02 Dec 2021","22946.71","22013.74"
"NIFTY 500","03 Dec 2021","22766.46","21836.37"
"NIFTY 500","06 Dec 2021","22401.81","21485.75"
"NIFTY 500","07 Dec 2021","22733.04","21803.43"
"NIFTY 500","08 Dec 2021","23098.91","22154.34"
"NIFTY 500","09 Dec 2021","23180.65","22232.74"
"NIFTY 500","10 Dec 2021","23224.15","22274.46"
"NIFTY 500","13 Dec 2021","23085.13","22141.13"
"NIFTY 500","14 Dec 2021","23052.95","22109.58"
"NIFTY 500","15 Dec 2021","22914.80","21977.07"
"NIFTY 500","16 Dec 2021","22889.27","21952.58"
"NIFTY 500","17 Dec 2021","22489.29","21568.16"
"NIFTY 500","20 Dec 2021","21918.48","21020.74"
"NIFTY 500","21 Dec 2021","22164.77","21256.94"
"NIFTY 500","22 Dec 2021","22442.93","21522.61"
"NIFTY 500","23 Dec 2021","22614.17","21686.81"
"NIFTY 500","24 Dec 2021","22481.33","21559.42"
"NIFTY 500","27 Dec 2021","22577.60","21651.75"
"NIFTY 500","28 Dec 2021","22792.66","21857.98"
"NIFTY 500","29 Dec 2021","22785.85","21851.45"
"NIFTY 500","30 Dec 2021","22754.58","21821.13"
"NIFTY 500","31 Dec 2021","22990.88","22047.74"
"NIFTY 500","03 Jan 2022","23310.38","22354.13"
"NIFTY 500","04 Jan 2022","23485.37","22521.94"
"NIFTY 500","05 Jan 2022","23604.46","22636.15"
"NIFTY 500","06 Jan 2022","23441.51","22479.87"
"NIFTY 500","07 Jan 2022","23531.13","22565.82"
"NIFTY 500","10 Jan 2022","23756.45","22781.9"
"NIFTY 500","11 Jan 2022","23810.11","22833.35"
"NIFTY 500","12 Jan 2022","24020.69","23035.29"
"NIFTY 500","13 Jan 2022","24102.20","23113.46"
"NIFTY 500","14 Jan 2022","24116.52","23127.19"
"NIFTY 500","17 Jan 2022","24194.84","23202.22"
"NIFTY 500","18 Jan 2022","23875.70","22896.18"
"NIFTY 500","19 Jan 2022","23722.89","22749.3"
"NIFTY 500","20 Jan 2022","23554.44","22587.23"
"NIFTY 500","21 Jan 2022","23278.25","22322.31"
"NIFTY 500","24 Jan 2022","22560.17","21633.57"
"NIFTY 500","25 Jan 2022","22744.48","21810.3"
"NIFTY 500","27 Jan 2022","22510.82","21586.18"
"NIFTY 500","28 Jan 2022","22577.57","21650.19"
"NIFTY 500","31 Jan 2022","22881.58","21941.7"
"NIFTY 500","01 Feb 2022","23180.44","22228.24"
"NIFTY 500","02 Feb 2022","23452.49","22489.03"
"NIFTY 500","03 Feb 2022","23215.34","22260.63"
"NIFTY 500","04 Feb 2022","23138.74","22187"
"NIFTY 500","07 Feb 2022","22809.50","21871.24"
"NIFTY 500","08 Feb 2022","22788.92","21851.46"
"NIFTY 500","09 Feb 2022","23037.24","22088.65"
"NIFTY 500","10 Feb 2022","23186.39","22231.17"
"NIFTY 500","11 Feb 2022","22847.57","21906.3"
"NIFTY 500","14 Feb 2022","22103.72","21190.94"
"NIFTY 500","15 Feb 2022","22726.82","21788.03"
"NIFTY 500","16 Feb 2022","22706.70","21767.85"
"NIFTY 500","17 Feb 2022","22682.48","21743.89"
"NIFTY 500","18 Feb 2022","22588.37","21653.66"
"NIFTY 500","21 Feb 2022","22419.75","21490.69"
"NIFTY 500","22 Feb 2022","22254.97","21332.15"
"NIFTY 500","23 Feb 2022","22282.64","21358.64"
"NIFTY 500","24 Feb 2022","21159.69","20282.19"
"NIFTY 500","25 Feb 2022","21793.49","20889.39"
"NIFTY 500","28 Feb 2022","21978.65","21066.87"
"NIFTY 500","02 Mar 2022","21812.50","20907.62"
"NIFTY 500","03 Mar 2022","21714.47","20813.65"
"NIFTY 500","04 Mar 2022","21341.50","20456.15"
"NIFTY 500","07 Mar 2022","20836.23","19971.84"
"NIFTY 500","08 Mar 2022","21055.17","20181.69"
"NIFTY 500","09 Mar 2022","21477.68","20585.9"
"NIFTY 500","10 Mar 2022","21799.49","20894.32"
"NIFTY 500","11 Mar 2022","21873.99","20965.62"
"NIFTY 500","14 Mar 2022","22085.19","21167.54"
"NIFTY 500","15 Mar 2022","21841.28","20933.77"
"NIFTY 500","16 Mar 2022","22250.14","21325.59"
"NIFTY 500","17 Mar 2022","22618.83","21678.94"
"NIFTY 500","21 Mar 2022","22437.28","21501.6"
"NIFTY 500","22 Mar 2022","22624.23","21680.76"
"NIFTY 500","23 Mar 2022","22579.87","21638.25"
"NIFTY 500","24 Mar 2022","22586.94","21644.88"
"NIFTY 500","25 Mar 2022","22513.87","21574.83"
"NIFTY 500","28 Mar 2022","22551.67","21610.89"
"NIFTY 500","29 Mar 2022","22684.14","21737.76"
"NIFTY 500","30 Mar 2022","22892.81","21937.47"
"NIFTY 500","31 Mar 2022","22889.14","21933.94"
"NIFTY 500","01 Apr 2022","23185.39","22217.84"
"NIFTY 500","04 Apr 2022","23642.61","22655.75"
"NIFTY 500","05 Apr 2022","23653.78","22666.12"
"NIFTY 500","06 Apr 2022","23557.60","22573.95"
"NIFTY 500","07 Apr 2022","23362.93","22387.41"
"NIFTY 500","08 Apr 2022","23579.95","22595.35"
"NIFTY 500","11 Apr 2022","23553.95","22570.43"
"NIFTY 500","12 Apr 2022","23306.86","22333.45"
"NIFTY 500","13 Apr 2022","23266.65","22294.92"
"NIFTY 500","18 Apr 2022","22940.09","21981.99"
"NIFTY 500","19 Apr 2022","22634.01","21688.61"
"NIFTY 500","20 Apr 2022","22824.10","21870.76"
"NIFTY 500","21 Apr 2022","23137.67","22171.09"
"NIFTY 500","22 Apr 2022","22893.20","21936.83"
"NIFTY 500","25 Apr 2022","22552.63","21610.39"
"NIFTY 500","26 Apr 2022","22899.02","21942.3"
"NIFTY 500","27 Apr 2022","22680.26","21732.67"
"NIFTY 500","28 Apr 2022","22926.74","21967.99"
"NIFTY 500","29 Apr 2022","22726.01","21775.65"
"NIFTY 500","02 May 2022","22653.68","21706.34"
"NIFTY 500","04 May 2022","22126.53","21201.24"
"NIFTY 500","05 May 2022","22130.39","21204.81"
"NIFTY 500","06 May 2022","21746.45","20835.32"
"NIFTY 500","09 May 2022","21509.71","20608.49"
"NIFTY 500","10 May 2022","21301.05","20408.56"
"NIFTY 500","11 May 2022","21171.75","20284.66"
"NIFTY 500","12 May 2022","20714.03","19843.01"
"NIFTY 500","13 May 2022","20723.68","19851.64"
"NIFTY 500","16 May 2022","20877.04","19998.54"
"NIFTY 500","17 May 2022","21423.03","20521.53"
"NIFTY 500","18 May 2022","21410.98","20509.99"
"NIFTY 500","19 May 2022","20845.90","19968.69"
"NIFTY 500","20 May 2022","21375.43","20475.93"
"NIFTY 500","23 May 2022","21284.62","20388.86"
"NIFTY 500","24 May 2022","21148.40","20258.37"
"NIFTY 500","25 May 2022","20912.97","20030.56"
"NIFTY 500","26 May 2022","21131.35","20237.24"
"NIFTY 500","27 May 2022","21363.35","20459.39"
"NIFTY 500","30 May 2022","21797.25","20874.9"
"NIFTY 500","31 May 2022","21765.82","20839.57"
"NIFTY 500","01 Jun 2022","21709.49","20785.59"
"NIFTY 500","02 Jun 2022","21841.16","20911.53"
"NIFTY 500","03 Jun 2022","21702.58","20778.79"
"NIFTY 500","06 Jun 2022","21666.17","20741.96"
"NIFTY 500","07 Jun 2022","21483.60","20567.15"
"NIFTY 500","08 Jun 2022","21408.54","20495.29"
"NIFTY 500","09 Jun 2022","21551.00","20626.26"
"NIFTY 500","10 Jun 2022","21250.32","20338.37"
"NIFTY 500","13 Jun 2022","20687.80","19799.97"
"NIFTY 500","14 Jun 2022","20644.23","19758.15"
"NIFTY 500","15 Jun 2022","20646.77","19757.37"
"NIFTY 500","16 Jun 2022","20197.00","19326.91"
"NIFTY 500","17 Jun 2022","20052.33","19188.23"
"NIFTY 500","20 Jun 2022","19985.84","19124.29"
"NIFTY 500","21 Jun 2022","20435.50","19554.48"
"NIFTY 500","22 Jun 2022","20136.40","19267.52"
"NIFTY 500","23 Jun 2022","20339.15","19461.39"
"NIFTY 500","24 Jun 2022","20561.02","19673.51"
"NIFTY 500","27 Jun 2022","20749.40","19853.76"
"NIFTY 500","28 Jun 2022","20779.92","19882.94"
"NIFTY 500","29 Jun 2022","20708.33","19814.43"
"NIFTY 500","30 Jun 2022","20667.27","19770.12"
"NIFTY 500","01 Jul 2022","20678.08","19780.43"
"NIFTY 500","04 Jul 2022","20802.77","19898.79"
"NIFTY 500","05 Jul 2022","20787.26","19883.7"
"NIFTY 500","06 Jul 2022","21048.95","20134"
"NIFTY 500","07 Jul 2022","21257.79","20331.65"
"NIFTY 500","08 Jul 2022","21355.42","20422.37"
"NIFTY 500","11 Jul 2022","21446.79","20508.89"
"NIFTY 500","12 Jul 2022","21281.05","20350.2"
"NIFTY 500","13 Jul 2022","21200.87","20273.49"
"NIFTY 500","14 Jul 2022","21171.19","20243.31"
"NIFTY 500","15 Jul 2022","21306.94","20373.01"
"NIFTY 500","18 Jul 2022","21606.99","20659.89"
"NIFTY 500","19 Jul 2022","21714.15","20761.62"
"NIFTY 500","20 Jul 2022","21888.95","20928.38"
"NIFTY 500","21 Jul 2022","22064.83","21094.27"
"NIFTY 500","22 Jul 2022","22165.12","21190.12"
"NIFTY 500","25 Jul 2022","22077.13","21105.95"
"NIFTY 500","26 Jul 2022","21864.15","20901.23"
"NIFTY 500","27 Jul 2022","22053.68","21081.89"
"NIFTY 500","28 Jul 2022","22374.32","21388.1"
"NIFTY 500","29 Jul 2022","22678.29","21678.68"
"NIFTY 500","01 Aug 2022","22960.55","21948.03"
"NIFTY 500","02 Aug 2022","23008.71","21993.57"
"NIFTY 500","03 Aug 2022","23012.66","21996.96"
"NIFTY 500","04 Aug 2022","23035.97","22019.01"
"NIFTY 500","05 Aug 2022","23048.31","22030.71"
"NIFTY 500","08 Aug 2022","23199.97","22173.8"
"NIFTY 500","10 Aug 2022","23191.70","22165.11"
"NIFTY 500","11 Aug 2022","23369.29","22332.94"
"NIFTY 500","12 Aug 2022","23440.39","22400.7"
"NIFTY 500","16 Aug 2022","23657.00","22607.7"
"NIFTY 500","17 Aug 2022","23809.95","22752.66"
"NIFTY 500","18 Aug 2022","23858.77","22797.2"
"NIFTY 500","19 Aug 2022","23602.41","22551.4"
"NIFTY 500","22 Aug 2022","23238.86","22203.55"
"NIFTY 500","23 Aug 2022","23376.55","22335.06"
"NIFTY 500","24 Aug 2022","23453.99","22409.01"
"NIFTY 500","25 Aug 2022","23392.71","22350.39"
"NIFTY 500","26 Aug 2022","23465.33","22419.78"
"NIFTY 500","29 Aug 2022","23194.58","22161.09"
"NIFTY 500","30 Aug 2022","23740.37","22682.56"
"NIFTY 500","01 Sep 2022","23564.70","22514.55"
"NIFTY 500","02 Sep 2022","23550.07","22500.53"
"NIFTY 500","05 Sep 2022","23693.79","22637.83"
"NIFTY 500","06 Sep 2022","23722.71","22662.56"
"NIFTY 500","07 Sep 2022","23732.85","22672.17"
"NIFTY 500","08 Sep 2022","23921.00","22851.39"
"NIFTY 500","09 Sep 2022","23962.62","22891.09"
"NIFTY 500","12 Sep 2022","24133.13","23053.95"
"NIFTY 500","13 Sep 2022","24276.42","23172.3"
"NIFTY 500","14 Sep 2022","24215.82","23114.45"
"NIFTY 500","15 Sep 2022","24139.94","23032.39"
"NIFTY 500","16 Sep 2022","23618.75","22535.1"
"NIFTY 500","19 Sep 2022","23696.71","22609.22"
"NIFTY 500","20 Sep 2022","23971.12","22870.95"
"NIFTY 500","21 Sep 2022","23802.29","22709.41"
"NIFTY 500","22 Sep 2022","23763.44","22672.04"
"NIFTY 500","23 Sep 2022","23333.25","22261.59"
"NIFTY 500","26 Sep 2022","22818.87","21770.83"
"NIFTY 500","27 Sep 2022","22821.33","21773.18"
"NIFTY 500","28 Sep 2022","22656.00","21615.44"
"NIFTY 500","29 Sep 2022","22627.96","21588.69"
"NIFTY 500","30 Sep 2022","22979.45","21924.04"
"NIFTY 500","03 Oct 2022","22683.76","21640.13"
"NIFTY 500","04 Oct 2022","23190.95","22123.99"
"NIFTY 500","06 Oct 2022","23326.09","22252.92"
"NIFTY 500","07 Oct 2022","23300.77","22228.76"
"NIFTY 500","10 Oct 2022","23168.98","22103.03"
"NIFTY 500","11 Oct 2022","22812.98","21763.41"
"NIFTY 500","12 Oct 2022","22980.40","21923.12"
"NIFTY 500","13 Oct 2022","22825.98","21775.81"
"NIFTY 500","14 Oct 2022","22957.38","21901.17"
"NIFTY 500","17 Oct 2022","23100.15","22037"
"NIFTY 500","18 Oct 2022","23333.17","22259.29"
"NIFTY 500","19 Oct 2022","23354.01","22278.69"
"NIFTY 500","20 Oct 2022","23421.44","22343"
"NIFTY 500","21 Oct 2022","23373.43","22297.2"
"NIFTY 500","24 Oct 2022","23555.80","22471.17"
"NIFTY 500","25 Oct 2022","23492.95","22411.18"
"NIFTY 500","27 Oct 2022","23638.82","22547.51"
"NIFTY 500","28 Oct 2022","23634.83","22543.68"
"NIFTY 500","31 Oct 2022","23919.76","22814.98"
"NIFTY 500","01 Nov 2022","24098.84","22985.06"
"NIFTY 500","02 Nov 2022","24037.05","22926.11"
"NIFTY 500","03 Nov 2022","24017.67","22907.5"
"NIFTY 500","04 Nov 2022","24089.43","22975.9"
"NIFTY 500","07 Nov 2022","24220.28","23100.4"
"NIFTY 500","09 Nov 2022","24148.28","23031.22"
"NIFTY 500","10 Nov 2022","23950.94","22841"
"NIFTY 500","11 Nov 2022","24275.37","23150.39"
"NIFTY 500","14 Nov 2022","24277.12","23151.26"
"NIFTY 500","15 Nov 2022","24345.02","23214.55"
"NIFTY 500","16 Nov 2022","24297.65","23168.38"
"NIFTY 500","17 Nov 2022","24195.57","23070.83"
"NIFTY 500","18 Nov 2022","24124.30","23002.67"
"NIFTY 500","21 Nov 2022","23973.98","22857.36"
"NIFTY 500","22 Nov 2022","24060.50","22939.71"
"NIFTY 500","23 Nov 2022","24105.44","22982.38"
"NIFTY 500","24 Nov 2022","24326.89","23193.28"
"NIFTY 500","25 Nov 2022","24398.91","23261.94"
"NIFTY 500","28 Nov 2022","24487.63","23346.53"
"NIFTY 500","29 Nov 2022","24531.13","23387.12"
"NIFTY 500","30 Nov 2022","24738.49","23584.8"
"NIFTY 500","01 Dec 2022","24828.21","23670.33"
"NIFTY 500","02 Dec 2022","24765.44","23610.49"
"NIFTY 500","05 Dec 2022","24771.15","23615.94"
"NIFTY 500","06 Dec 2022","24702.36","23550.36"
"NIFTY 500","07 Dec 2022","24608.00","23460.4"
"NIFTY 500","08 Dec 2022","24684.18","23533.01"
"NIFTY 500","09 Dec 2022","24531.62","23387.57"
"NIFTY 500","12 Dec 2022","24555.31","23410.15"
"NIFTY 500","13 Dec 2022","24673.99","23523.3"
"NIFTY 500","14 Dec 2022","24765.99","23611"
"NIFTY 500","15 Dec 2022","24486.80","23344.81"
"NIFTY 500","16 Dec 2022","24258.00","23126.68"
"NIFTY 500","19 Dec 2022","24442.38","23302.46"
"NIFTY 500","20 Dec 2022","24397.44","23259.62"
"NIFTY 500","21 Dec 2022","24089.23","22965.2"
"NIFTY 500","22 Dec 2022","23940.18","22823.12"
"NIFTY 500","23 Dec 2022","23342.13","22252.96"
"NIFTY 500","26 Dec 2022","23733.97","22626.53"
"NIFTY 500","27 Dec 2022","23919.81","22803.7"
"NIFTY 500","28 Dec 2022","23942.23","22825.07"
"NIFTY 500","29 Dec 2022","24023.53","22902.57"
"NIFTY 500","30 Dec 2022","23967.12","22848.79"
"NIFTY 500","02 Jan 2023","24083.14","22959.41"
"NIFTY 500","03 Jan 2023","24136.79","23010.41"
"NIFTY 500","04 Jan 2023","23881.12","22766.67"
"NIFTY 500","05 Jan 2023","23870.50","22756.55"
"NIFTY 500","06 Jan 2023","23693.33","22587.65"
"NIFTY 500","09 Jan 2023","23969.66","22851.08"
"NIFTY 500","10 Jan 2023","23775.95","22666.4"
"NIFTY 500","11 Jan 2023","23738.93","22631.11"
"NIFTY 500","12 Jan 2023","23705.17","22598.93"
"NIFTY 500","13 Jan 2023","23808.34","22697.29"
"NIFTY 500","16 Jan 2023","23745.24","22633.65"
"NIFTY 500","17 Jan 2023","23885.99","22767.81"
"NIFTY 500","18 Jan 2023","23994.91","22871.63"
"NIFTY 500","19 Jan 2023","23924.61","22804.14"
"NIFTY 500","20 Jan 2023","23813.19","22697.94"
"NIFTY 500","23 Jan 2023","23899.01","22779.74"
"NIFTY 500","24 Jan 2023","23876.66","22758.35"
"NIFTY 500","25 Jan 2023","23541.16","22438.43"
"NIFTY 500","27 Jan 2023","23080.08","21998.94"
"NIFTY 500","30 Jan 2023","23048.29","21968.46"
"NIFTY 500","31 Jan 2023","23175.05","22089.15"
"NIFTY 500","01 Feb 2023","23038.80","21959.27"
"NIFTY 500","02 Feb 2023","23026.24","21947.24"
"NIFTY 500","03 Feb 2023","23217.58","22127.94"
"NIFTY 500","06 Feb 2023","23174.09","22086.43"
"NIFTY 500","07 Feb 2023","23125.02","22039.55"
"NIFTY 500","08 Feb 2023","23322.64","22226.18"
"NIFTY 500","09 Feb 2023","23325.42","22228.64"
"NIFTY 500","10 Feb 2023","23304.12","22208.11"
"NIFTY 500","13 Feb 2023","23125.41","22037.05"
"NIFTY 500","14 Feb 2023","23231.75","22138.35"
"NIFTY 500","15 Feb 2023","23352.25","22250.74"
"NIFTY 500","16 Feb 2023","23420.94","22316.13"
"NIFTY 500","17 Feb 2023","23298.25","22198.33"
"NIFTY 500","20 Feb 2023","23197.00","22101.82"
"NIFTY 500","21 Feb 2023","23158.96","22065.5"
"NIFTY 500","22 Feb 2023","22830.35","21751.93"
"NIFTY 500","23 Feb 2023","22775.81","21699.95"
"NIFTY 500","24 Feb 2023","22719.84","21645.52"
"NIFTY 500","27 Feb 2023","22592.89","21524.57"
"NIFTY 500","28 Feb 2023","22546.35","21480.23"
"NIFTY 500","01 Mar 2023","22773.28","21696.43"
"NIFTY 500","02 Mar 2023","22652.74","21580.47"
"NIFTY 500","03 Mar 2023","22943.96","21857.91"
"NIFTY 500","06 Mar 2023","23108.97","22015.1"
"NIFTY 500","08 Mar 2023","23172.99","22075.99"
"NIFTY 500","09 Mar 2023","22989.73","21901.4"
"NIFTY 500","10 Mar 2023","22797.01","21717.8"
"NIFTY 500","13 Mar 2023","22446.97","21384.34"
"NIFTY 500","14 Mar 2023","22298.04","21241.07"
"NIFTY 500","15 Mar 2023","22238.83","21184.62"
"NIFTY 500","16 Mar 2023","22254.68","21199.66"
"NIFTY 500","17 Mar 2023","22395.26","21333.58"
"NIFTY 500","20 Mar 2023","22234.47","21180.33"
"NIFTY 500","21 Mar 2023","22380.86","21319.17"
"NIFTY 500","22 Mar 2023","22456.46","21391.18"
"NIFTY 500","23 Mar 2023","22368.83","21307.72"
"NIFTY 500","24 Mar 2023","22176.11","21123.97"
"NIFTY 500","27 Mar 2023","22150.83","21099.88"
"NIFTY 500","28 Mar 2023","22071.73","21024.54"
"NIFTY 500","29 Mar 2023","22279.71","21222.32"
"NIFTY 500","31 Mar 2023","22609.54","21536.29"
"NIFTY 500","03 Apr 2023","22678.03","21601.53"
"NIFTY 500","05 Apr 2023","22844.93","21760.5"
"NIFTY 500","06 Apr 2023","22922.21","21833.05"
"NIFTY 500","10 Apr 2023","22970.96","21879.48"
"NIFTY 500","11 Apr 2023","23090.27","21993.08"
"NIFTY 500","12 Apr 2023","23205.72","22103.03"
"NIFTY 500","13 Apr 2023","23227.12","22123.03"
"NIFTY 500","17 Apr 2023","23149.56","22049.15"
"NIFTY 500","18 Apr 2023","23138.20","22038.23"
"NIFTY 500","19 Apr 2023","23075.89","21978.87"
"NIFTY 500","20 Apr 2023","23083.44","21986.06"
"NIFTY 500","21 Apr 2023","23061.48","21964.97"
"NIFTY 500","24 Apr 2023","23190.50","22087.85"
"NIFTY 500","25 Apr 2023","23230.20","22125.66"
"NIFTY 500","26 Apr 2023","23290.30","22182.9"
"NIFTY 500","27 Apr 2023","23415.66","22302.29"
"NIFTY 500","28 Apr 2023","23643.94","22518.68"
"NIFTY 500","02 May 2023","23770.12","22638.85"
"NIFTY 500","03 May 2023","23732.29","22602.83"
"NIFTY 500","04 May 2023","23932.90","22793.8"
"NIFTY 500","05 May 2023","23735.76","22606.04"
"NIFTY 500","08 May 2023","23966.42","22825.73"
"NIFTY 500","09 May 2023","23956.36","22815.91"
"NIFTY 500","10 May 2023","24027.20","22883.32"
"NIFTY 500","11 May 2023","24055.22","22910"
"NIFTY 500","12 May 2023","24044.99","22900.21"
"NIFTY 500","15 May 2023","24157.41","23007.28"
"NIFTY 500","16 May 2023","24100.95","22946.08"
"NIFTY 500","17 May 2023","23998.15","22848.21"
"NIFTY 500","18 May 2023","23897.44","22752.32"
"NIFTY 500","19 May 2023","23970.65","22821.64"
"NIFTY 500","22 May 2023","24120.68","22964.49"
"NIFTY 500","23 May 2023","24184.07","23024.8"
"NIFTY 500","24 May 2023","24139.55","22982.36"
"NIFTY 500","25 May 2023","24200.87","23040.69"
"NIFTY 500","26 May 2023","24420.97","23250.24"
"NIFTY 500","29 May 2023","24538.66","23362.28"
"NIFTY 500","30 May 2023","24580.88","23397.73"
"NIFTY 500","31 May 2023","24538.09","23352.8"
"NIFTY 500","01 Jun 2023","24528.90","23344"
"NIFTY 500","02 Jun 2023","24622.76","23429.96"
"NIFTY 500","05 Jun 2023","24698.02","23501.58"
"NIFTY 500","06 Jun 2023","24727.42","23529.55"
"NIFTY 500","07 Jun 2023","24927.81","23720.1"
"NIFTY 500","08 Jun 2023","24794.46","23593.21"
"NIFTY 500","09 Jun 2023","24728.83","23530.06"
"NIFTY 500","12 Jun 2023","24809.86","23606.92"
"NIFTY 500","13 Jun 2023","24995.38","23783.44"
"NIFTY 500","14 Jun 2023","25051.74","23836.58"
"NIFTY 500","15 Jun 2023","25016.49","23801.92"
"NIFTY 500","16 Jun 2023","25210.05","23985.26"
"NIFTY 500","19 Jun 2023","25152.76","23929.86"
"NIFTY 500","20 Jun 2023","25242.91","24013.99"
"NIFTY 500","21 Jun 2023","25307.38","24073.64"
"NIFTY 500","22 Jun 2023","25151.71","23924.14"
"NIFTY 500","23 Jun 2023","24951.37","23733.43"
"NIFTY 500","26 Jun 2023","25036.52","23814.32"
"NIFTY 500","27 Jun 2023","25188.25","23958.64"
"NIFTY 500","28 Jun 2023","25365.60","24127.29"
"NIFTY 500","30 Jun 2023","25605.81","24354.01"
"NIFTY 500","03 Jul 2023","25758.55","24499.26"
"NIFTY 500","04 Jul 2023","25802.39","24540.22"
"NIFTY 500","05 Jul 2023","25866.77","24601.22"
"NIFTY 500","06 Jul 2023","26019.50","24746.42"
"NIFTY 500","07 Jul 2023","25819.68","24555.5"
"NIFTY 500","10 Jul 2023","25802.98","24539.45"
"NIFTY 500","11 Jul 2023","25951.75","24680.51"
"NIFTY 500","12 Jul 2023","25941.03","24670.3"
"NIFTY 500","13 Jul 2023","25915.16","24645.49"
"NIFTY 500","14 Jul 2023","26140.06","24858.09"
"NIFTY 500","17 Jul 2023","26306.40","25016.25"
"NIFTY 500","18 Jul 2023","26306.44","25016.21"
"NIFTY 500","19 Jul 2023","26433.69","25137.18"
"NIFTY 500","20 Jul 2023","26576.66","25272.18"
"NIFTY 500","21 Jul 2023","26363.76","25068.04"
"NIFTY 500","24 Jul 2023","26302.90","25010.14"
"NIFTY 500","25 Jul 2023","26352.58","25057.33"
"NIFTY 500","26 Jul 2023","26474.86","25173.45"
"NIFTY 500","27 Jul 2023","26390.08","25092.33"
"NIFTY 500","28 Jul 2023","26439.89","25138.04"
"NIFTY 500","31 Jul 2023","26612.52","25302.17"
"NIFTY 500","01 Aug 2023","26600.66","25290.8"
"NIFTY 500","02 Aug 2023","26308.16","25011.04"
"NIFTY 500","03 Aug 2023","26176.98","24885.41"
"NIFTY 500","04 Aug 2023","26362.94","25061.82"
"NIFTY 500","07 Aug 2023","26465.57","25159.3"
"NIFTY 500","08 Aug 2023","26454.63","25148.09"
"NIFTY 500","09 Aug 2023","26551.16","25237.27"
"NIFTY 500","10 Aug 2023","26451.46","25142.45"
"NIFTY 500","11 Aug 2023","26335.87","25030.54"
"NIFTY 500","14 Aug 2023","26285.20","24981.62"
"NIFTY 500","16 Aug 2023","26328.16","25022.45"
"NIFTY 500","17 Aug 2023","26249.46","24947.5"
"NIFTY 500","18 Aug 2023","26183.37","24883.77"
"NIFTY 500","21 Aug 2023","26337.03","25028.39"
"NIFTY 500","22 Aug 2023","26420.68","25107.74"
"NIFTY 500","23 Aug 2023","26491.09","25174.63"
"NIFTY 500","24 Aug 2023","26459.92","25144.91"
"NIFTY 500","25 Aug 2023","26289.91","24983.08"
"NIFTY 500","28 Aug 2023","26374.96","25063.91"
"NIFTY 500","29 Aug 2023","26456.41","25141.28"
"NIFTY 500","30 Aug 2023","26521.52","25203.14"
"NIFTY 500","31 Aug 2023","26451.77","25136.7"
"NIFTY 500","01 Sep 2023","26687.23","25360.32"
"NIFTY 500","04 Sep 2023","26853.57","25518.38"
"NIFTY 500","05 Sep 2023","26964.77","25624.05"
"NIFTY 500","06 Sep 2023","27015.63","25672.37"
"NIFTY 500","07 Sep 2023","27173.35","25822.15"
"NIFTY 500","08 Sep 2023","27333.04","25973.67"
"NIFTY 500","11 Sep 2023","27592.63","26220.3"
"NIFTY 500","12 Sep 2023","27291.38","25926.57"
"NIFTY 500","13 Sep 2023","27394.90","26024.91"
"NIFTY 500","14 Sep 2023","27515.02","26138.99"
"NIFTY 500","15 Sep 2023","27612.99","26231.86"
"NIFTY 500","18 Sep 2023","27531.77","26154.46"
"NIFTY 500","20 Sep 2023","27275.34","25910.8"
"NIFTY 500","21 Sep 2023","27047.52","25692.05"
"NIFTY 500","22 Sep 2023","26981.05","25627.79"
"NIFTY 500","25 Sep 2023","26999.45","25645.26"
"NIFTY 500","26 Sep 2023","27006.00","25651.49"
"NIFTY 500","27 Sep 2023","27107.39","25747.79"
"NIFTY 500","28 Sep 2023","26840.81","25494.36"
"NIFTY 500","29 Sep 2023","27031.74","25675.71"
"NIFTY 500","03 Oct 2023","26972.02","25619"
"NIFTY 500","04 Oct 2023","26766.76","25424.03"
"NIFTY 500","05 Oct 2023","26880.39","25531.96"
"NIFTY 500","06 Oct 2023","27033.29","25677.18"
"NIFTY 500","09 Oct 2023","26773.95","25430.86"
"NIFTY 500","10 Oct 2023","27048.54","25691.68"
"NIFTY 500","11 Oct 2023","27211.10","25846.08"
"NIFTY 500","12 Oct 2023","27230.45","25864.46"
"NIFTY 500","13 Oct 2023","27184.52","25820.84"
"NIFTY 500","16 Oct 2023","27188.68","25824.79"
"NIFTY 500","17 Oct 2023","27305.47","25935.69"
"NIFTY 500","18 Oct 2023","27112.09","25752.01"
"NIFTY 500","19 Oct 2023","27061.52","25703.56"
"NIFTY 500","20 Oct 2023","26905.17","25554.45"
"NIFTY 500","23 Oct 2023","26404.83","25079.23"
"NIFTY 500","25 Oct 2023","26217.58","24898.48"
"NIFTY 500","26 Oct 2023","25896.34","24593.4"
"NIFTY 500","27 Oct 2023","26225.88","24906.13"
"NIFTY 500","30 Oct 2023","26320.74","24996.21"
"NIFTY 500","31 Oct 2023","26281.76","24959.18"
"NIFTY 500","01 Nov 2023","26176.34","24858.8"
"NIFTY 500","02 Nov 2023","26428.25","25096.88"
"NIFTY 500","03 Nov 2023","26603.20","25262.43"
"NIFTY 500","06 Nov 2023","26852.91","25499.16"
"NIFTY 500","07 Nov 2023","26897.88","25541.74"
"NIFTY 500","08 Nov 2023","27010.76","25648.85"
"NIFTY 500","09 Nov 2023","26947.40","25588.56"
"NIFTY 500","10 Nov 2023","27007.31","25644.19"
"NIFTY 500","12 Nov 2023","27170.84","25799.47"
"NIFTY 500","13 Nov 2023","27105.14","25736.89"
"NIFTY 500","15 Nov 2023","27402.22","26018.84"
"NIFTY 500","16 Nov 2023","27539.17","26147.95"
"NIFTY 500","17 Nov 2023","27551.74","26159.67"
"NIFTY 500","20 Nov 2023","27510.09","26120.03"
"NIFTY 500","21 Nov 2023","27594.87","26197.84"
"NIFTY 500","22 Nov 2023","27595.66","26198.44"
"NIFTY 500","23 Nov 2023","27614.05","26215.89"
"NIFTY 500","24 Nov 2023","27621.90","26223.02"
"NIFTY 500","28 Nov 2023","27775.75","26369.07"
"NIFTY 500","29 Nov 2023","28029.82","26610.28"
"NIFTY 500","30 Nov 2023","28161.16","26734.96"
"NIFTY 500","01 Dec 2023","28360.55","26924.25"
"NIFTY 500","04 Dec 2023","28882.17","27419.46"
"NIFTY 500","05 Dec 2023","29101.40","27627.58"
"NIFTY 500","06 Dec 2023","29244.57","27763.5"
"NIFTY 500","07 Dec 2023","29281.91","27798.95"
"NIFTY 500","08 Dec 2023","29281.34","27798.42"
"NIFTY 500","11 Dec 2023","29385.81","27897.59"
"NIFTY 500","12 Dec 2023","29255.20","27769.55"
"NIFTY 500","13 Dec 2023","29356.39","27865.58"
"NIFTY 500","14 Dec 2023","29704.91","28196.33"
"NIFTY 500","15 Dec 2023","29972.97","28450.77"
"NIFTY 500","18 Dec 2023","29989.39","28466.36"
"NIFTY 500","19 Dec 2023","30010.85","28486.73"
"NIFTY 500","20 Dec 2023","29400.59","27907.46"
"NIFTY 500","21 Dec 2023","29654.71","28148.68"
"NIFTY 500","22 Dec 2023","29831.49","28316.47"
"NIFTY 500","26 Dec 2023","29978.90","28456.4"
"NIFTY 500","27 Dec 2023","30210.78","28675.91"
"NIFTY 500","28 Dec 2023","30370.94","28827.93"
"NIFTY 500","29 Dec 2023","30417.80","28872.4"
"NIFTY 500","01 Jan 2024","30480.99","28932.38"
"NIFTY 500","02 Jan 2024","30400.92","28855.71"
"NIFTY 500","03 Jan 2024","30320.70","28779.57"
"NIFTY 500","04 Jan 2024","30593.27","29038.28"
"NIFTY 500","05 Jan 2024","30670.51","29111.6"
"NIFTY 500","08 Jan 2024","30399.86","28854.7"
"NIFTY 500","09 Jan 2024","30465.39","28916.91"
"NIFTY 500","10 Jan 2024","30556.65","29003.39"
"NIFTY 500","11 Jan 2024","30660.78","29102.22"
"NIFTY 500","12 Jan 2024","30913.19","29341.81"
"NIFTY 500","15 Jan 2024","31132.31","29549.79"
"NIFTY 500","16 Jan 2024","31041.51","29463.6"
"NIFTY 500","17 Jan 2024","30509.29","28958.44"
"NIFTY 500","18 Jan 2024","30395.29","28850.23"
"NIFTY 500","19 Jan 2024","30703.17","29140.67"
"NIFTY 500","20 Jan 2024","30696.16","29134.01"
"NIFTY 500","23 Jan 2024","30076.99","28546.32"
"NIFTY 500","24 Jan 2024","30460.23","28909.99"
"NIFTY 500","25 Jan 2024","30369.59","28823.93"
"NIFTY 500","29 Jan 2024","30868.87","29297.73"
"NIFTY 500","30 Jan 2024","30654.14","29093.82"
"NIFTY 500","31 Jan 2024","31011.17","29432.64"
"NIFTY 500","01 Feb 2024","30972.56","29395.36"
"NIFTY 500","02 Feb 2024","31181.94","29594"
"NIFTY 500","05 Feb 2024","31092.89","29509.32"
"NIFTY 500","06 Feb 2024","31378.02","29778.63"
"NIFTY 500","07 Feb 2024","31497.14","29891.14"
"NIFTY 500","08 Feb 2024","31317.58","29718.13"
"NIFTY 500","09 Feb 2024","31279.68","29681.5"
"NIFTY 500","12 Feb 2024","30831.81","29256.35"
"NIFTY 500","13 Feb 2024","31000.76","29416.61"
"NIFTY 500","14 Feb 2024","31219.36","29623.94"
"NIFTY 500","15 Feb 2024","31403.73","29797.85"
"NIFTY 500","16 Feb 2024","31609.27","29991.72"
"NIFTY 500","19 Feb 2024","31728.70","30105.04"
"NIFTY 500","20 Feb 2024","31781.65","30154.21"
"NIFTY 500","21 Feb 2024","31557.54","29940.77"
"NIFTY 500","22 Feb 2024","31802.39","30172.9"
"NIFTY 500","23 Feb 2024","31849.62","30217.5"
"NIFTY 500","26 Feb 2024","31759.23","30131.72"
"NIFTY 500","27 Feb 2024","31817.30","30186.53"
"NIFTY 500","28 Feb 2024","31390.09","29781.22"
"NIFTY 500","29 Feb 2024","31499.31","29884.84"
"NIFTY 500","01 Mar 2024","31906.58","30271.23"
"NIFTY 500","02 Mar 2024","32018.73","30377.63"
"NIFTY 500","04 Mar 2024","32035.51","30393.55"
"NIFTY 500","05 Mar 2024","31957.10","30317.95"
"NIFTY 500","06 Mar 2024","31953.91","30314.77"
"NIFTY 500","07 Mar 2024","32040.62","30397.01"
"NIFTY 500","11 Mar 2024","31811.65","30179.78"
"NIFTY 500","12 Mar 2024","31627.67","30005.24"
"NIFTY 500","13 Mar 2024","30804.35","29224.16"
"NIFTY 500","14 Mar 2024","31227.76","29625.85"
"NIFTY 500","15 Mar 2024","31085.07","29490"
"NIFTY 500","18 Mar 2024","31113.75","29517.08"
"NIFTY 500","19 Mar 2024","30749.48","29171.41"
"NIFTY 500","20 Mar 2024","30783.19","29203.39"
"NIFTY 500","21 Mar 2024","31199.42","29598.13"
"NIFTY 500","22 Mar 2024","31353.21","29743.72"
"NIFTY 500","26 Mar 2024","31369.91","29759.56"
"NIFTY 500","27 Mar 2024","31499.32","29882.33"
"NIFTY 500","28 Mar 2024","31763.25","30132.37"
"NIFTY 500","01 Apr 2024","32135.55","30485.55"
"NIFTY 500","02 Apr 2024","32256.66","30600.42"
"NIFTY 500","03 Apr 2024","32313.03","30653.59"
"NIFTY 500","04 Apr 2024","32405.59","30741.37"
"NIFTY 500","05 Apr 2024","32484.71","30816.42"
"NIFTY 500","08 Apr 2024","32647.88","30971.2"
"NIFTY 500","09 Apr 2024","32603.32","30928.94"
"NIFTY 500","10 Apr 2024","32798.55","31114.13"
"NIFTY 500","12 Apr 2024","32532.43","30861.68"
"NIFTY 500","15 Apr 2024","32114.13","30464.87"
"NIFTY 500","16 Apr 2024","32026.71","30381.93"
"NIFTY 500","18 Apr 2024","31872.54","30235.68"
"NIFTY 500","19 Apr 2024","31967.61","30325.82"
"NIFTY 500","22 Apr 2024","32265.09","30608.02"
"NIFTY 500","23 Apr 2024","32387.08","30723.14"
"NIFTY 500","24 Apr 2024","32509.43","30839.2"
"NIFTY 500","25 Apr 2024","32724.61","31043.33"
"NIFTY 500","26 Apr 2024","32679.86","31000.82"
"NIFTY 500","29 Apr 2024","32919.57","31228.21"
"NIFTY 500","30 Apr 2024","32927.38","31235.62"
"NIFTY 500","02 May 2024","33063.00","31364.26"
"NIFTY 500","03 May 2024","32868.94","31180.05"
"NIFTY 500","06 May 2024","32720.60","31039.34"
"NIFTY 500","07 May 2024","32365.34","30701.24"
"NIFTY 500","08 May 2024","32473.36","30803.69"
"NIFTY 500","09 May 2024","31908.53","30267.91"
"NIFTY 500","10 May 2024","32132.23","30473.53"
"NIFTY 500","13 May 2024","32197.97","30535.88"
"NIFTY 500","14 May 2024","32469.95","30793.66"
"NIFTY 500","15 May 2024","32561.48","30880.27"
"NIFTY 500","16 May 2024","32860.88","31162.95"
"NIFTY 500","17 May 2024","33073.63","31364.71"
"NIFTY 500","18 May 2024","33199.10","31483.69"
"NIFTY 500","21 May 2024","33266.91","31548"
"NIFTY 500","22 May 2024","33357.18","31630.97"
"NIFTY 500","23 May 2024","33752.67","32006"
"NIFTY 500","24 May 2024","33744.48","31995"
"NIFTY 500","27 May 2024","33759.03","32008.79"
"NIFTY 500","28 May 2024","33593.17","31851.51"
"NIFTY 500","29 May 2024","33387.37","31656.39"
"NIFTY 500","30 May 2024","33045.31","31332.06"
"NIFTY 500","31 May 2024","33168.20","31443.79"
"NIFTY 500","03 Jun 2024","34259.21","32478.05"
"NIFTY 500","04 Jun 2024","31956.22","30291.84"
"NIFTY 500","05 Jun 2024","33104.99","31380.76"
"NIFTY 500","06 Jun 2024","33593.36","31843.69"
"NIFTY 500","07 Jun 2024","34221.81","32439.01"
"NIFTY 500","10 Jun 2024","34291.15","32502.38"
"NIFTY 500","11 Jun 2024","34365.13","32571.32"
"NIFTY 500","12 Jun 2024","34536.95","32734.08"
"NIFTY 500","13 Jun 2024","34715.59","32903.3"
"NIFTY 500","14 Jun 2024","34943.92","33117.38"
"NIFTY 500","18 Jun 2024","35127.10","33290.42"
"NIFTY 500","19 Jun 2024","34963.41","33134.98"
"NIFTY 500","20 Jun 2024","35096.03","33259.2"
"NIFTY 500","21 Jun 2024","34991.85","33144.82"
"NIFTY 500","24 Jun 2024","35075.14","33223.7"
"NIFTY 500","25 Jun 2024","35204.26","33345.82"
"NIFTY 500","26 Jun 2024","35308.41","33444.46"
"NIFTY 500","27 Jun 2024","35467.61","33595.05"
"NIFTY 500","28 Jun 2024","35506.97","33630.76"
"NIFTY 500","01 Jul 2024","35771.61","33881.32"
"NIFTY 500","02 Jul 2024","35693.16","33804.16"
"NIFTY 500","03 Jul 2024","35966.18","34062.7"
"NIFTY 500","04 Jul 2024","36066.06","34156.99"
"NIFTY 500","05 Jul 2024","36187.04","34270.12"
"NIFTY 500","08 Jul 2024","36161.20","34245.62"
"NIFTY 500","09 Jul 2024","36314.78","34390.57"
"NIFTY 500","10 Jul 2024","36173.97","34256.93"
"NIFTY 500","11 Jul 2024","36217.50","34298.14"
"NIFTY 500","12 Jul 2024","36362.30","34433.38"
"NIFTY 500","15 Jul 2024","36542.56","34604.04"
"NIFTY 500","16 Jul 2024","36536.66","34597.63"
"NIFTY 500","18 Jul 2024","36546.20","34606.49"
"NIFTY 500","19 Jul 2024","35989.82","34077.32"
"NIFTY 500","22 Jul 2024","36130.29","34210.28"
"NIFTY 500","23 Jul 2024","36011.83","34097.31"
"NIFTY 500","24 Jul 2024","36101.16","34181.73"
"NIFTY 500","25 Jul 2024","36094.83","34175.67"
"NIFTY 500","26 Jul 2024","36686.77","34735.78"
"NIFTY 500","29 Jul 2024","36848.02","34888.37"
"NIFTY 500","30 Jul 2024","36923.23","34959.19"
"NIFTY 500","31 Jul 2024","37066.08","35094.17"
"NIFTY 500","01 Aug 2024","37029.53","35059.22"
"NIFTY 500","02 Aug 2024","36647.21","34695.64"
"NIFTY 500","05 Aug 2024","35519.50","33627.53"
"NIFTY 500","06 Aug 2024","35364.14","33480.26"
"NIFTY 500","07 Aug 2024","36012.32","34091.85"
"NIFTY 500","08 Aug 2024","35786.64","33878.2"
"NIFTY 500","09 Aug 2024","36133.36","34204.29"
"NIFTY 500","12 Aug 2024","36135.49","34203.1"
"NIFTY 500","13 Aug 2024","35804.66","33889.86"
"NIFTY 500","14 Aug 2024","35754.30","33841.77"
"NIFTY 500","16 Aug 2024","36365.97","34419.28"
"NIFTY 500","19 Aug 2024","36503.86","34548.3"
"NIFTY 500","20 Aug 2024","36726.55","34758.86"
"NIFTY 500","21 Aug 2024","36866.43","34891.12"
"NIFTY 500","22 Aug 2024","36980.53","34999.01"
"NIFTY 500","23 Aug 2024","36949.74","34962.82"
"NIFTY 500","26 Aug 2024","37175.56","35176.48"
"NIFTY 500","27 Aug 2024","37243.60","35240.85"
"NIFTY 500","28 Aug 2024","37261.15","35257.24"
"NIFTY 500","29 Aug 2024","37285.57","35280.35"
"NIFTY 500","30 Aug 2024","37449.92","35435.48"
"NIFTY 500","02 Sep 2024","37491.24","35474.58"
"NIFTY 500","03 Sep 2024","37535.12","35516.07"
"NIFTY 500","04 Sep 2024","37472.70","35457"
"NIFTY 500","05 Sep 2024","37494.75","35477.84"
"NIFTY 500","06 Sep 2024","37045.67","35052.68"
"NIFTY 500","09 Sep 2024","37084.59","35089.43"
"NIFTY 500","10 Sep 2024","37307.88","35299.22"
"NIFTY 500","11 Sep 2024","37130.71","35131.45"
"NIFTY 500","12 Sep 2024","37724.21","35692.97"
"NIFTY 500","13 Sep 2024","37757.92","35724.69"
"NIFTY 500","16 Sep 2024","37821.03","35784.4"
"NIFTY 500","17 Sep 2024","37824.52","35787.52"
"NIFTY 500","18 Sep 2024","37712.14","35681.19"
"NIFTY 500","19 Sep 2024","37642.28","35614.93"
"NIFTY 500","20 Sep 2024","38179.29","36114.11"
"NIFTY 500","23 Sep 2024","38472.29","36391.16"
"NIFTY 500","24 Sep 2024","38488.87","36406.85"
"NIFTY 500","25 Sep 2024","38460.31","36379.71"
"NIFTY 500","26 Sep 2024","38658.58","36567.25"
"NIFTY 500","27 Sep 2024","38646.95","36556.25"
"NIFTY 500","30 Sep 2024","38261.39","36191.55"
"NIFTY 500","01 Oct 2024","38302.54","36230.48"
"NIFTY 500","03 Oct 2024","37488.51","35460.48"
"NIFTY 500","04 Oct 2024","37140.49","35131.29"
"NIFTY 500","07 Oct 2024","36583.47","34602.65"
"NIFTY 500","08 Oct 2024","37105.17","35096.11"
"NIFTY 500","09 Oct 2024","37242.54","35226.04"
"NIFTY 500","10 Oct 2024","37240.29","35223.91"
"NIFTY 500","11 Oct 2024","37261.17","35243.61"
"NIFTY 500","14 Oct 2024","37443.97","35416.5"
"NIFTY 500","15 Oct 2024","37457.60","35429.4"
"NIFTY 500","16 Oct 2024","37358.90","35336.05"
"NIFTY 500","17 Oct 2024","36891.53","34893.98"
"NIFTY 500","18 Oct 2024","36994.04","34990.48"
"NIFTY 500","21 Oct 2024","36713.97","34725.58"
"NIFTY 500","22 Oct 2024","36008.15","34057.44"
"NIFTY 500","23 Oct 2024","36050.23","34097.24"
"NIFTY 500","24 Oct 2024","35966.15","34017.71"
"NIFTY 500","25 Oct 2024","35510.88","33586.99"
"NIFTY 500","28 Oct 2024","35749.31","33614.99"
"NIFTY 500","29 Oct 2024","35992.90","33840.76"
"NIFTY 500","30 Oct 2024","35921.77","33773.8"
"NIFTY 500","31 Oct 2024","35830.98","33687.39"
"NIFTY 500","01 Nov 2024","36042.89","33886.63"
"NIFTY 500","04 Nov 2024","35561.76","33434.08"
"NIFTY 500","05 Nov 2024","35816.90","33672.39"
"NIFTY 500","06 Nov 2024","36377.55","34198.19"
"NIFTY 500","07 Nov 2024","36023.67","33865.19"
"NIFTY 500","08 Nov 2024","35771.65","33627.66"
"NIFTY 500","11 Nov 2024","35685.95","33547.1"
"NIFTY 500","12 Nov 2024","35275.39","33161"
"NIFTY 500","13 Nov 2024","34618.08","32543.09"
"NIFTY 500","14 Nov 2024","34699.38","32618.33"
"NIFTY 500","18 Nov 2024","34599.09","32523.99"
"NIFTY 500","19 Nov 2024","34766.49","32679.92"
"NIFTY 500","21 Nov 2024","34476.59","32407.43"
"NIFTY 500","22 Nov 2024","35116.00","33008.46"
"NIFTY 500","25 Nov 2024","35635.18","33496.25"
"NIFTY 500","26 Nov 2024","35649.51","33509.17"
"NIFTY 500","27 Nov 2024","35853.83","33701.2"
"NIFTY 500","28 Nov 2024","35573.80","33437.93"
"NIFTY 500","29 Nov 2024","35847.40","33694.46"
"NIFTY 500","02 Dec 2024","36082.61","33915.54"
"NIFTY 500","03 Dec 2024","36374.88","34172.36"
"NIFTY 500","04 Dec 2024","36499.26","34289.19"
"NIFTY 500","05 Dec 2024","36781.26","34554.11"
"NIFTY 500","06 Dec 2024","36835.17","34604.76"
"NIFTY 500","09 Dec 2024","36803.45","34574.95"
"NIFTY 500","10 Dec 2024","36839.60","34608.92"
"NIFTY 500","11 Dec 2024","36907.95","34673.13"
"NIFTY 500","12 Dec 2024","36747.20","34522.11"
"NIFTY 500","13 Dec 2024","36909.23","34674.34"
"NIFTY 500","16 Dec 2024","36898.98","34664.7"
"NIFTY 500","17 Dec 2024","36493.34","34283.62"
"NIFTY 500","18 Dec 2024","36238.39","34044.11"
"NIFTY 500","19 Dec 2024","35950.45","33773.61"
"NIFTY 500","20 Dec 2024","35266.62","33131.18"
"NIFTY 500","23 Dec 2024","35413.41","33269.09"
"NIFTY 500","24 Dec 2024","35401.02","33256.82"
"NIFTY 500","26 Dec 2024","35444.76","33297.92"
"NIFTY 500","27 Dec 2024","35468.25","33313.05"
"NIFTY 500","30 Dec 2024","35329.04","33182.31"
"NIFTY 500","31 Dec 2024","35357.90","33209.41"
"NIFTY 500","01 Jan 2025","35526.08","33367.38"
"NIFTY 500","02 Jan 2025","36060.05","33868.9"
"NIFTY 500","03 Jan 2025","35883.72","33703.28"
"NIFTY 500","06 Jan 2025","35120.87","32986.78"
"NIFTY 500","07 Jan 2025","35304.55","33159.31"
"NIFTY 500","08 Jan 2025","35131.01","32996.31"
"NIFTY 500","09 Jan 2025","34838.29","32721.38"
"NIFTY 500","10 Jan 2025","34447.06","32353.92"
"NIFTY 500","13 Jan 2025","33569.22","31529.42"
"NIFTY 500","14 Jan 2025","33944.68","31882.07"
"NIFTY 500","15 Jan 2025","34055.47","31986.13"
"NIFTY 500","16 Jan 2025","34313.80","32228.59"
"NIFTY 500","17 Jan 2025","34278.13","32190.92"
"NIFTY 500","20 Jan 2025","34481.71","32382.1"
"NIFTY 500","21 Jan 2025","33887.69","31824.23"
"NIFTY 500","22 Jan 2025","33829.92","31769.94"
"NIFTY 500","23 Jan 2025","34053.66","31980.05"
"NIFTY 500","24 Jan 2025","33707.25","31654.72"
"NIFTY 500","27 Jan 2025","33062.34","31049.05"
"NIFTY 500","28 Jan 2025","33084.22","31068.86"
"NIFTY 500","29 Jan 2025","33593.20","31546.41"
"NIFTY 500","30 Jan 2025","33676.11","31624.11"
"NIFTY 500","31 Jan 2025","34130.93","32046.68"
"NIFTY 500","01 Feb 2025","34132.24","32047.91"
"NIFTY 500","03 Feb 2025","33849.51","31782.29"
"NIFTY 500","04 Feb 2025","34363.72","32265.03"
"NIFTY 500","05 Feb 2025","34453.97","32349.66"
"NIFTY 500","06 Feb 2025","34279.63","32185.41"
"NIFTY 500","07 Feb 2025","34246.84","32151.89"
"NIFTY 500","10 Feb 2025","33812.23","31743.82"
"NIFTY 500","11 Feb 2025","33146.32","31118.65"
"NIFTY 500","12 Feb 2025","33091.14","31063.54"
"NIFTY 500","13 Feb 2025","33086.76","31059.17"
"NIFTY 500","14 Feb 2025","32659.90","30657.77"
"NIFTY 500","17 Feb 2025","32691.24","30686.99"
"NIFTY 500","18 Feb 2025","32627.75","30627.1"
"NIFTY 500","19 Feb 2025","32817.74","30805.44"
"NIFTY 500","20 Feb 2025","32975.85","30953.77"
"NIFTY 500","21 Feb 2025","32753.50","30744.93"
"NIFTY 500","24 Feb 2025","32402.38","30415.34"
"NIFTY 500","25 Feb 2025","32323.82","30341.56"
"NIFTY 500","27 Feb 2025","32160.49","30188.25"
"NIFTY 500","28 Feb 2025","31473.37","29543.05"
"NIFTY 500","03 Mar 2025","31498.76","29566.88"
"NIFTY 500","04 Mar 2025","31531.88","29597.97"
"NIFTY 500","05 Mar 2025","32068.00","30099.76"
"NIFTY 500","06 Mar 2025","32369.70","30382.95"
"NIFTY 500","07 Mar 2025","32364.23","30377.74"
"NIFTY 500","10 Mar 2025","32084.18","30114.87"
"NIFTY 500","11 Mar 2025","32142.17","30169.07"
"NIFTY 500","12 Mar 2025","32081.82","30112.43"
"NIFTY 500","13 Mar 2025","31942.25","29981.37"
"NIFTY 500","17 Mar 2025","32119.96","30148.18"
"NIFTY 500","18 Mar 2025","32703.97","30696.14"
"NIFTY 500","19 Mar 2025","33033.14","31004.88"
"NIFTY 500","20 Mar 2025","33358.70","31310.42"
"NIFTY 500","21 Mar 2025","33681.84","31613.28"
"NIFTY 500","24 Mar 2025","34100.12","32005.87"
"NIFTY 500","25 Mar 2025","33941.26","31856.77"
"NIFTY 500","26 Mar 2025","33685.64","31616.56"
"NIFTY 500","27 Mar 2025","33895.46","31813.48"
"NIFTY 500","28 Mar 2025","33787.56","31712.11"
"NIFTY 500","01 Apr 2025","33361.96","31312.65"
"NIFTY 500","02 Apr 2025","33670.61","31602.34"
"NIFTY 500","03 Apr 2025","33635.56","31569.39"
"NIFTY 500","04 Apr 2025","32942.09","30918.49"
"NIFTY 500","07 Apr 2025","31834.33","29878.78"
"NIFTY 500","08 Apr 2025","32428.26","30436.23"
"NIFTY 500","09 Apr 2025","32231.86","30251.9"
"NIFTY 500","11 Apr 2025","32859.13","30840.61"
"NIFTY 500","15 Apr 2025","33692.80","31623.06"
"NIFTY 500","16 Apr 2025","33890.74","31808.83"
"NIFTY 500","17 Apr 2025","34329.58","32220.72"
"NIFTY 500","21 Apr 2025","34842.91","32702.51"
"NIFTY 500","22 Apr 2025","34968.69","32820.56"
"NIFTY 500","23 Apr 2025","35210.27","33047.26"
"NIFTY 500","24 Apr 2025","35120.10","32962.62"
"NIFTY 500","25 Apr 2025","34594.15","32468.86"
"NIFTY 500","28 Apr 2025","34999.51","32848.5"
"NIFTY 500","29 Apr 2025","35016.37","32864.29"
"NIFTY 500","30 Apr 2025","34886.08","32741.98"
"NIFTY 500","02 May 2025","34848.28","32706.44"
"NIFTY 500","05 May 2025","35147.86","32987.59"
"NIFTY 500","06 May 2025","34770.10","32633.05"
"NIFTY 500","07 May 2025","34953.84","32805.44"
"NIFTY 500","08 May 2025","34590.60","32464.25"
"NIFTY 500","09 May 2025","34326.37","32215.94"
"NIFTY 500","12 May 2025","35650.00","33458.19"
"NIFTY 500","13 May 2025","35393.94","33217.77"
"NIFTY 500","14 May 2025","35632.27","33441.31"
"NIFTY 500","15 May 2025","36090.63","33871.44"
"NIFTY 500","16 May 2025","36232.61","34002"
"NIFTY 500","19 May 2025","36224.52","33994.4"
"NIFTY 500","20 May 2025","35780.62","33577.83"
"NIFTY 500","21 May 2025","36010.70","33793.69"
"NIFTY 500","22 May 2025","35797.03","33592.91"
"NIFTY 500","23 May 2025","36092.88","33841.81"
"NIFTY 500","26 May 2025","36294.53","34030.88"
"NIFTY 500","27 May 2025","36149.56","33894.83"
"NIFTY 500","28 May 2025","36105.43","33850.17"
"NIFTY 500","29 May 2025","36236.36","33972.69"
"NIFTY 500","30 May 2025","36160.26","33897.29"
"NIFTY 500","02 Jun 2025","36211.90","33945.69"
"NIFTY 500","03 Jun 2025","36024.39","33768.17"
"NIFTY 500","04 Jun 2025","36185.79","33917.61"
"NIFTY 500","05 Jun 2025","36386.82","34106.02"
"NIFTY 500","06 Jun 2025","36753.75","34447.31"
"NIFTY 500","09 Jun 2025","37016.25","34693.34"
"NIFTY 500","10 Jun 2025","37032.96","34708.35"
"NIFTY 500","11 Jun 2025","37030.15","34705.59"
"NIFTY 500","12 Jun 2025","36568.42","34272.71"
"NIFTY 500","13 Jun 2025","36348.18","34065.16"
"NIFTY 500","16 Jun 2025","36648.19","34262.11"
"NIFTY 500","17 Jun 2025","36468.69","34094.14"
"NIFTY 500","18 Jun 2025","36379.40","34010.66"
"NIFTY 500","19 Jun 2025","36123.39","33771.18"
"NIFTY 500","20 Jun 2025","36565.82","34182.75"
"NIFTY 500","23 Jun 2025","36507.74","34127.39"
"NIFTY 500","24 Jun 2025","36687.65","34294.98"
"NIFTY 500","25 Jun 2025","36979.23","34567.52"
"NIFTY 500","26 Jun 2025","37329.53","34894.98"
"NIFTY 500","27 Jun 2025","37526.73","35071.65"
"NIFTY 500","30 Jun 2025","37522.38","35067.49"
"NIFTY 500","01 Jul 2025","37519.71","35064.98"
"NIFTY 500","02 Jul 2025","37411.42","34963.77"
"NIFTY 500","03 Jul 2025","37371.00","34926"
"NIFTY 500","04 Jul 2025","37443.20","34989"
"NIFTY 500","07 Jul 2025","37426.49","34973.13"
"NIFTY 500","08 Jul 2025","37461.97","35005.95"
"NIFTY 500","09 Jul 2025","37438.19","34983.28"
"NIFTY 500","10 Jul 2025","37302.43","34856.21"
"NIFTY 500","11 Jul 2025","37005.03","34577.75"
"NIFTY 500","14 Jul 2025","37047.20","34617.09"
"NIFTY 500","15 Jul 2025","37270.09","34825.07"
"NIFTY 500","16 Jul 2025","37309.40","34853.7"
"NIFTY 500","17 Jul 2025","37225.68","34775.41"
"NIFTY 500","18 Jul 2025","37010.28","34563.05"
"NIFTY 500","21 Jul 2025","37174.68","34716.54"
"NIFTY 500","22 Jul 2025","37083.15","34631.07"
"NIFTY 500","23 Jul 2025","37254.92","34791.22"
"NIFTY 500","24 Jul 2025","37054.58","34603.57"
"NIFTY 500","25 Jul 2025","36612.62","34187.48"
"NIFTY 500","28 Jul 2025","36349.32","33940.79"
"NIFTY 500","29 Jul 2025","36605.74","34179.94"
"NIFTY 500","30 Jul 2025","36647.67","34219.05"
"NIFTY 500","31 Jul 2025","36461.71","34044.79"
"NIFTY 500","01 Aug 2025","36086.49","33692.5"
"NIFTY 500","04 Aug 2025","36386.17","33971.75"
"NIFTY 500","05 Aug 2025","36288.64","33880.46"
"NIFTY 500","06 Aug 2025","36081.74","33686.7"
"NIFTY 500","07 Aug 2025","36126.45","33728.15"
"NIFTY 500","08 Aug 2025","35729.39","33339.62"
"NIFTY 500","11 Aug 2025","36032.97","33622.75"
"NIFTY 500","12 Aug 2025","35945.46","33537.57"
"NIFTY 500","13 Aug 2025","36153.37","33731.2"
"NIFTY 500","14 Aug 2025","36135.65","33711.83"
"NIFTY 500","18 Aug 2025","36537.05","34086.07"
"NIFTY 500","19 Aug 2025","36753.67","34287.81"
"NIFTY 500","20 Aug 2025","36875.67","34401.63"
"NIFTY 500","21 Aug 2025","36869.09","34394.82"
"NIFTY 500","22 Aug 2025","36639.05","34179.7"
"NIFTY 500","25 Aug 2025","36737.52","34271.16"
"NIFTY 500","26 Aug 2025","36286.08","33529.77"
"NIFTY 500","28 Aug 2025","35924.50","33195.56"
"NIFTY 500","29 Aug 2025","35799.38","33079.79"
"NIFTY 500","01 Sep 2025","36198.88","33448.92"
"NIFTY 500","02 Sep 2025","36216.30","33464.92"
"NIFTY 500","03 Sep 2025","36439.98","33671.56"
"NIFTY 500","04 Sep 2025","36373.30","33608.67"
"NIFTY 500","05 Sep 2025","36388.38","33622.6"
"NIFTY 500","08 Sep 2025","36467.99","33696"
"NIFTY 500","09 Sep 2025","36580.32","33799.79"
"NIFTY 500","10 Sep 2025","36780.00","33984.23"
"NIFTY 500","11 Sep 2025","36825.45","34020.57"
"NIFTY 500","12 Sep 2025","36965.52","34149.87"
"NIFTY 500","15 Sep 2025","37006.74","34187.87"
"NIFTY 500","16 Sep 2025","37251.37","34409.66"
"NIFTY 500","17 Sep 2025","37372.44","34521.48"
"NIFTY 500","18 Sep 2025","37490.10","34630.09"
"NIFTY 500","19 Sep 2025","37439.30","34583.03"
"NIFTY 500","22 Sep 2025","37272.18","34428.53"
"NIFTY 500","23 Sep 2025","37182.63","34336.06"
"NIFTY 500","24 Sep 2025","36948.25","34119.62"
"NIFTY 500","25 Sep 2025","36699.82","33890.22"
"NIFTY 500","26 Sep 2025","36206.84","33434.97"
"NIFTY 500","29 Sep 2025","36248.22","33473.18"
"NIFTY 500","30 Sep 2025","36240.26","33465.84"
"NIFTY 500","01 Oct 2025","36549.80","33751.68"
"NIFTY 500","03 Oct 2025","36708.39","33898.11"
"NIFTY 500","06 Oct 2025","36934.66","34107.06"
"NIFTY 500","07 Oct 2025","36998.14","34165.67"
"NIFTY 500","08 Oct 2025","36838.50","34018.26"
"NIFTY 500","09 Oct 2025","37049.58","34213.18"
"NIFTY 500","10 Oct 2025","37202.44","34354.3"
"NIFTY 500","13 Oct 2025","37134.35","34291.42"
"NIFTY 500","14 Oct 2025","36957.77","34128.36"
"NIFTY 500","15 Oct 2025","37268.03","34414.39"
"NIFTY 500","16 Oct 2025","37565.29","34688.89"
"NIFTY 500","17 Oct 2025","37622.31","34741"
"NIFTY 500","20 Oct 2025","37812.39","34916.12"
"NIFTY 500","21 Oct 2025","37881.08","34979.55"
"NIFTY 500","23 Oct 2025","37876.13","34974.91"
"NIFTY 500","24 Oct 2025","37766.89","34873.77"
"NIFTY 500","27 Oct 2025","38030.32","35113.01"
"NIFTY 500","28 Oct 2025","37985.14","35071.3"
"NIFTY 500","29 Oct 2025","38208.18","35277.23"
"NIFTY 500","30 Oct 2025","38030.97","35113.62"
"NIFTY 500","31 Oct 2025","37822.45","34921.01"
"NIFTY 500","03 Nov 2025","37983.99","35069.82"
"NIFTY 500","04 Nov 2025","37768.49","34869.83"
"NIFTY 500","06 Nov 2025","37510.82","34631.67"
"NIFTY 500","07 Nov 2025","37532.20","34649.02"
"NIFTY 500","10 Nov 2025","37656.69","34763.02"
"NIFTY 500","11 Nov 2025","37794.11","34889.76"
"NIFTY 500","12 Nov 2025","38040.22","35116.96"
"NIFTY 500","13 Nov 2025","38007.30","35086.49"
"NIFTY 500","14 Nov 2025","38041.15","35116.23"
"NIFTY 500","17 Nov 2025","38229.80","35289.52"
"NIFTY 500","18 Nov 2025","38023.56","35098.92"
"NIFTY 500","19 Nov 2025","38154.25","35219.47"
"NIFTY 500","20 Nov 2025","38264.88","35321.53"
"NIFTY 500","21 Nov 2025","37970.16","35049.29"
"NIFTY 500","24 Nov 2025","37785.50","34878.83"
"NIFTY 500","25 Nov 2025","37754.36","34850.09"
"NIFTY 500","26 Nov 2025","38234.47","35281.61"
"NIFTY 500","27 Nov 2025","38222.54","35270.61"
"NIFTY 500","28 Nov 2025","38199.35","35249.21"
"NIFTY 500","01 Dec 2025","38182.16","35233.34"
"NIFTY 500","02 Dec 2025","38022.20","35085.74"
"NIFTY 500","03 Dec 2025","37853.13","34929.72"
"NIFTY 500","04 Dec 2025","37892.73","34966.26"
"NIFTY 500","05 Dec 2025","38043.05","35104.97"
"NIFTY 500","08 Dec 2025","37549.77","34649.78"
"NIFTY 500","09 Dec 2025","37533.89","34635.12"
"NIFTY 500","10 Dec 2025","37362.36","34476.84"
"NIFTY 500","11 Dec 2025","37589.10","34686.07"
"NIFTY 500","12 Dec 2025","37869.00","34944.36"
"NIFTY 500","15 Dec 2025","37867.37","34942.85"
"NIFTY 500","16 Dec 2025","37619.88","34714.48"
"NIFTY 500","17 Dec 2025","37501.66","34605.39"
"NIFTY 500","18 Dec 2025","37494.35","34597.86"
"NIFTY 500","19 Dec 2025","37791.42","34869.71"
"NIFTY 500","22 Dec 2025","38094.83","35149.67"
"NIFTY 500","23 Dec 2025","38138.72","35190.17"
"NIFTY 500","24 Dec 2025","38067.12","35124.11"
"NIFTY 500","26 Dec 2025","37955.38","35021"
"NIFTY 500","29 Dec 2025","37798.74","34876.47"
"NIFTY 500","30 Dec 2025","37777.45","34856.83"
"NIFTY 500","31 Dec 2025","38101.06","35155.42"
"NIFTY 500","01 Jan 2026","38161.77","35211.44"
"NIFTY 500","02 Jan 2026","38464.10","35490.4"
"NIFTY 500","05 Jan 2026","38399.37","35430.66"
"NIFTY 500","06 Jan 2026","38322.83","35360.05"
"NIFTY 500","07 Jan 2026","38332.63","35369.09"
"NIFTY 500","08 Jan 2026","37795.55","34873.53"
"NIFTY 500","09 Jan 2026","37455.92","34560.15"
"NIFTY 500","12 Jan 2026","37524.71","34623.63"
"NIFTY 500","13 Jan 2026","37477.21","34573.88"
"NIFTY 500","14 Jan 2026","37469.50","34566.77"
"NIFTY 500","16 Jan 2026","37498.02","34590.11"
"NIFTY 500","19 Jan 2026","37319.93","34425.83"
"NIFTY 500","20 Jan 2026","36638.57","33797.18"
"NIFTY 500","21 Jan 2026","36460.89","33633.21"
"NIFTY 500","22 Jan 2026","36738.03","33888.86"
"NIFTY 500","23 Jan 2026","36255.23","33443.44"
"NIFTY 500","27 Jan 2026","36436.73","33609.94"
"NIFTY 500","28 Jan 2026","36856.46","33997.09"
"NIFTY 500","29 Jan 2026","36940.90","34074.91"
"NIFTY 500","30 Jan 2026","36853.92","33994.39"
"NIFTY 500","01 Feb 2026","36106.27","33304.75"
"NIFTY 500","02 Feb 2026","36466.76","33636.44"
"NIFTY 500","03 Feb 2026","37439.87","34534"
"NIFTY 500","04 Feb 2026","37582.10","34662.35"
"NIFTY 500","05 Feb 2026","37388.00","34482.17"
"NIFTY 500","06 Feb 2026","37429.30","34519"
"NIFTY 500","09 Feb 2026","37830.83","34888.62"
"NIFTY 500","10 Feb 2026","37944.59","34993.21"
"NIFTY 500","11 Feb 2026","37995.17","35039.04"
"NIFTY 500","12 Feb 2026","37785.12","34845.32"
"NIFTY 500","13 Feb 2026","37245.02","34346.76"
"NIFTY 500","16 Feb 2026","37500.33","34582.03"
"NIFTY 500","17 Feb 2026","37608.58","34681.8"
"NIFTY 500","18 Feb 2026","37783.04","34840.44"
"NIFTY 500","19 Feb 2026","37226.45","34327.2"
"NIFTY 500","20 Feb 2026","37384.87","34472.72"
"NIFTY 500","23 Feb 2026","37528.69","34605.32"
"NIFTY 500","24 Feb 2026","37240.51","34339.59"
"NIFTY 500","25 Feb 2026","37399.02","34485.75"
"NIFTY 500","26 Feb 2026","37470.48","34551.64"
"NIFTY 500","27 Feb 2026","37020.38","34136.6"
"NIFTY 500","02 Mar 2026","36491.59","33649"
"NIFTY 500","04 Mar 2026","35810.62","33021.08"
"NIFTY 500","05 Mar 2026","36270.84","33445.45"
"NIFTY 500","06 Mar 2026","35926.53","33127.59"
"NIFTY 500","09 Mar 2026","35247.72","32501.67"
"NIFTY 500","10 Mar 2026","35705.47","32923.76"
"NIFTY 500","11 Mar 2026","35225.15","32480.8"
"NIFTY 500","12 Mar 2026","34995.14","32268.39"
"NIFTY 500","13 Mar 2026","34186.38","31521.16"
"NIFTY 500","16 Mar 2026","34358.33","31679.7"
"NIFTY 500","17 Mar 2026","34630.88","31931"
"NIFTY 500","18 Mar 2026","35027.36","32296.58"
"NIFTY 500","19 Mar 2026","33922.06","31277.45"
"NIFTY 500","20 Mar 2026","34085.99","31426.99"
"NIFTY 500","23 Mar 2026","33026.22","30449.59"
"NIFTY 500","24 Mar 2026","33669.94","31043.08"
"NIFTY 500","25 Mar 2026","34327.17","31649.03"
"NIFTY 500","27 Mar 2026","33599.22","30976.96"
"NIFTY 500","30 Mar 2026","32813.14","30250.3"
"NIFTY 500","01 Apr 2026","33463.88","30850.21"
"NIFTY 500","02 Apr 2026","33469.45","30855.26"
"NIFTY 500","06 Apr 2026","33878.17","31232.05"
"NIFTY 500","07 Apr 2026","34041.84","31382.93"
"NIFTY 500","08 Apr 2026","35385.76","32621.86"
"NIFTY 500","09 Apr 2026","35226.51","32475.05"
"NIFTY 500","10 Apr 2026","35720.91","32930.83"
"NIFTY 500","13 Apr 2026","35452.78","32683.64"
"NIFTY 500","15 Apr 2026","36118.56","33297.43"
"NIFTY 500","16 Apr 2026","36215.69","33386.96"
"NIFTY 500","17 Apr 2026","36556.94","33701.43"
"NIFTY 500","20 Apr 2026","36551.14","33696.08"
"NIFTY 500","21 Apr 2026","36833.40","33956.3"
"NIFTY 500","22 Apr 2026","36752.07","33881.32"
"NIFTY 500","23 Apr 2026","36463.65","33615.36"
"NIFTY 500","24 Apr 2026","36083.57","33263.89"
"NIFTY 500","27 Apr 2026","36485.68","33634.53"
"NIFTY 500","28 Apr 2026","36396.49","33552.3"
"NIFTY 500","29 Apr 2026","36565.03","33707.67"
"NIFTY 500","30 Apr 2026","36266.61","33432.28"
"NIFTY 500","04 May 2026","36502.09","33649.34"
"NIFTY 500","05 May 2026","36466.32","33616.31"
"NIFTY 500","06 May 2026","36986.18","34095.54"
"NIFTY 500","07 May 2026","37115.08","34214.1"
"NIFTY 500","08 May 2026","36958.37","34069.51"
"NIFTY 500","11 May 2026","36446.95","33598.06"
"NIFTY 500","12 May 2026","35654.54","32867.5"
"NIFTY 500","13 May 2026","35778.40","32981.68"
"NIFTY 500","14 May 2026","36155.38","33329.18"
"NIFTY 500","15 May 2026","36038.48","33218.29"
"NIFTY 500","18 May 2026","35926.38","33114.97"
"NIFTY 500","19 May 2026","36023.49","33204.48"
"NIFTY 500","20 May 2026","36113.93","33287.8"
"NIFTY 500","21 May 2026","36153.60","33324.31"
"NIFTY 500","22 May 2026","36240.55","33402.36"
"NIFTY 500","25 May 2026","36693.58","33818.14"
"NIFTY 500","26 May 2026","36642.00","33770.58"
"NIFTY 500","27 May 2026","36754.51","33871.06"
"NIFTY 500","29 May 2026","36261.80","33412.02"
"NIFTY 500","01 Jun 2026","35911.81","33089.41"
"NIFTY 500","02 Jun 2026","36044.91","33212.04"
"NIFTY 500","03 Jun 2026","35935.37","33107.67"
"NIFTY 500","04 Jun 2026","36008.82","33162.35"
"NIFTY 500","05 Jun 2026","35966.78","33120.38"
"NIFTY 500","08 Jun 2026","35499.82","32690.37"
"NIFTY 500","09 Jun 2026","35814.34","32980"
"NIFTY 500","10 Jun 2026","35597.05","32775.82"
"NIFTY 500","11 Jun 2026","35405.87","32599.79"
"NIFTY 500","12 Jun 2026","36193.53","33319.67"
"NIFTY 500","15 Jun 2026","36660.37","33749.44"
"NIFTY 500","16 Jun 2026","36830.10","33905.69"
"NIFTY 500","17 Jun 2026","37010.19","34070.39"
"NIFTY 500","18 Jun 2026","37165.62","34213.37"
"NIFTY 500","19 Jun 2026","37106.05","34149.63"
"NIFTY 500","22 Jun 2026","37294.64","34323.2"
"NIFTY 500","23 Jun 2026","36899.44","33957.92"
"NIFTY 500","24 Jun 2026","37084.41","34123.98"
"NIFTY 500","25 Jun 2026","37065.43","34106.06"
"NIFTY 500","29 Jun 2026","36883.37","33938.48"
"NIFTY 500","30 Jun 2026","36880.75","33935.11"
"NIFTY 500","01 Jul 2026","37066.84","34106.33"
"NIFTY 500","02 Jul 2026","37312.46","34332.34"
"NIFTY 500","03 Jul 2026","37379.33","34390.47"
"NIFTY 500","06 Jul 2026","37592.68","34586.69"
"NIFTY 500","07 Jul 2026","37490.53","34492.22"
"NIFTY 500","08 Jul 2026","36751.90","33812.18"
"NIFTY 500","09 Jul 2026","37030.72","34068.45"
"NIFTY 500","10 Jul 2026","37465.01","34466.78"
"NIFTY 500","13 Jul 2026","37462.83","34464.57"
"NIFTY 500","14 Jul 2026","37226.58","34247.02"
"NIFTY 500","15 Jul 2026","37332.65","34344.04"
"NIFTY 500","16 Jul 2026","37282.57","34297.94"
"NIFTY 500","17 Jul 2026","37457.95","34457.24"
"NIFTY 500","20 Jul 2026","37460.92","34459.94"
"NIFTY 500","21 Jul 2026","37483.71","34480.85"
"NIFTY 500","22 Jul 2026","37151.40","34175.07"
"NIFTY 500","23 Jul 2026","36891.09","33935.45"
"NIFTY 500","24 Jul 2026","36798.25","33845.92"
"NIFTY 500","27 Jul 2026","37186.11","34202.07"
"NIFTY 500","28 Jul 2026","37125.15","34145.9"
"NIFTY 500","29 Jul 2026","37507.21","34497.24"
"NIFTY 500","30 Jul 2026","37509.35","34497.89"
"NIFTY 500","31 Jul 2026","37692.09","34663.62"
